<?xml version="1.0" encoding="UTF-8"?>
<gpx version="1.1" creator="salvaged from gpx.studio export"
     xmlns="http://www.topografix.com/GPX/1/1">
  <metadata><name>Tokaido — Nihonbashi to Higechaya Oiwake (densified)</name></metadata>
  <trk><name>Tokaido — Nihonbashi to Higechaya Oiwake (densified)</name><trkseg>
      <trkpt lat="35.684112" lon="139.774533"></trkpt>
      <trkpt lat="35.683575" lon="139.774359"></trkpt>
      <trkpt lat="35.682538" lon="139.773699"></trkpt>
      <trkpt lat="35.674938" lon="139.768957"></trkpt>
      <trkpt lat="35.667556" lon="139.761146"></trkpt>
      <trkpt lat="35.660304" lon="139.755181"></trkpt>
      <trkpt lat="35.651107" lon="139.753861"></trkpt>
      <trkpt lat="35.649006" lon="139.752971"></trkpt>
      <trkpt lat="35.648029" lon="139.749709"></trkpt>
      <trkpt lat="35.646477" lon="139.746426"></trkpt>
      <trkpt lat="35.644899" lon="139.743884"></trkpt>
      <trkpt lat="35.643408" lon="139.742510"></trkpt>
      <trkpt lat="35.640749" lon="139.741094"></trkpt>
      <trkpt lat="35.637558" lon="139.739367"></trkpt>
      <trkpt lat="35.634593" lon="139.738272"></trkpt>
      <trkpt lat="35.632291" lon="139.737650"></trkpt>
      <trkpt lat="35.629527" lon="139.737489"></trkpt>
      <trkpt lat="35.627277" lon="139.737575"></trkpt>
      <trkpt lat="35.626287" lon="139.737833"></trkpt>
      <trkpt lat="35.624787" lon="139.738407"></trkpt>
      <trkpt lat="35.624678" lon="139.738455"></trkpt>
      <trkpt lat="35.624342" lon="139.738927"></trkpt>
      <trkpt lat="35.624006" lon="139.738889"></trkpt>
      <trkpt lat="35.623998" lon="139.739120"></trkpt>
      <trkpt lat="35.623828" lon="139.739152"></trkpt>
      <trkpt lat="35.623723" lon="139.739088"></trkpt>
      <trkpt lat="35.622341" lon="139.739785"></trkpt>
      <trkpt lat="35.622014" lon="139.740070"></trkpt>
      <trkpt lat="35.620767" lon="139.741142"></trkpt>
      <trkpt lat="35.620248" lon="139.741706"></trkpt>
      <trkpt lat="35.619764" lon="139.742349"></trkpt>
      <trkpt lat="35.618782" lon="139.743460"></trkpt>
      <trkpt lat="35.618294" lon="139.743851"></trkpt>
      <trkpt lat="35.617195" lon="139.744490"></trkpt>
      <trkpt lat="35.617086" lon="139.744533"></trkpt>
      <trkpt lat="35.616672" lon="139.744474"></trkpt>
      <trkpt lat="35.614844" lon="139.744093"></trkpt>
      <trkpt lat="35.614644" lon="139.744082"></trkpt>
      <trkpt lat="35.613392" lon="139.744055"></trkpt>
      <trkpt lat="35.612913" lon="139.744066"></trkpt>
      <trkpt lat="35.612660" lon="139.744157"></trkpt>
      <trkpt lat="35.610985" lon="139.744141"></trkpt>
      <trkpt lat="35.610636" lon="139.744130"></trkpt>
      <trkpt lat="35.609493" lon="139.744281"></trkpt>
      <trkpt lat="35.609136" lon="139.744286"></trkpt>
      <trkpt lat="35.606824" lon="139.744028"></trkpt>
      <trkpt lat="35.606144" lon="139.743878"></trkpt>
      <trkpt lat="35.605603" lon="139.743497"></trkpt>
      <trkpt lat="35.605158" lon="139.743272"></trkpt>
      <trkpt lat="35.604425" lon="139.742945"></trkpt>
      <trkpt lat="35.602956" lon="139.742194"></trkpt>
      <trkpt lat="35.601211" lon="139.741277"></trkpt>
      <trkpt lat="35.600927" lon="139.741223"></trkpt>
      <trkpt lat="35.600618" lon="139.741260"></trkpt>
      <trkpt lat="35.599100" lon="139.740719"></trkpt>
      <trkpt lat="35.598345" lon="139.740375"></trkpt>
      <trkpt lat="35.598031" lon="139.740150"></trkpt>
      <trkpt lat="35.597159" lon="139.739560"></trkpt>
      <trkpt lat="35.596496" lon="139.739378"></trkpt>
      <trkpt lat="35.595911" lon="139.739174"></trkpt>
      <trkpt lat="35.595261" lon="139.738863"></trkpt>
      <trkpt lat="35.593673" lon="139.737843"></trkpt>
      <trkpt lat="35.593163" lon="139.737452"></trkpt>
      <trkpt lat="35.592578" lon="139.737049"></trkpt>
      <trkpt lat="35.591872" lon="139.736631"></trkpt>
      <trkpt lat="35.591104" lon="139.736309"></trkpt>
      <trkpt lat="35.590812" lon="139.736143"></trkpt>
      <trkpt lat="35.589608" lon="139.736041"></trkpt>
      <trkpt lat="35.588173" lon="139.735971"></trkpt>
      <trkpt lat="35.587239" lon="139.735928"></trkpt>
      <trkpt lat="35.586663" lon="139.735955"></trkpt>
      <trkpt lat="35.585734" lon="139.736137"></trkpt>
      <trkpt lat="35.584429" lon="139.736443"></trkpt>
      <trkpt lat="35.582972" lon="139.736631"></trkpt>
      <trkpt lat="35.582401" lon="139.736701"></trkpt>
      <trkpt lat="35.581986" lon="139.736631"></trkpt>
      <trkpt lat="35.581864" lon="139.736760"></trkpt>
      <trkpt lat="35.581284" lon="139.736797"></trkpt>
      <trkpt lat="35.580900" lon="139.736765"></trkpt>
      <trkpt lat="35.579796" lon="139.736776"></trkpt>
      <trkpt lat="35.579212" lon="139.736679"></trkpt>
      <trkpt lat="35.578623" lon="139.736534"></trkpt>
      <trkpt lat="35.577584" lon="139.736164"></trkpt>
      <trkpt lat="35.576306" lon="139.735692"></trkpt>
      <trkpt lat="35.575285" lon="139.735231"></trkpt>
      <trkpt lat="35.574779" lon="139.734941"></trkpt>
      <trkpt lat="35.574307" lon="139.734625"></trkpt>
      <trkpt lat="35.573592" lon="139.734002"></trkpt>
      <trkpt lat="35.573103" lon="139.733616"></trkpt>
      <trkpt lat="35.571541" lon="139.732415"></trkpt>
      <trkpt lat="35.570507" lon="139.731631"></trkpt>
      <trkpt lat="35.568718" lon="139.730269"></trkpt>
      <trkpt lat="35.566802" lon="139.728799"></trkpt>
      <trkpt lat="35.564568" lon="139.727190"></trkpt>
      <trkpt lat="35.562526" lon="139.725634"></trkpt>
      <trkpt lat="35.559846" lon="139.723606"></trkpt>
      <trkpt lat="35.557778" lon="139.722190"></trkpt>
      <trkpt lat="35.555482" lon="139.720323"></trkpt>
      <trkpt lat="35.553483" lon="139.718714"></trkpt>
      <trkpt lat="35.551345" lon="139.717169"></trkpt>
      <trkpt lat="35.548700" lon="139.715195"></trkpt>
      <trkpt lat="35.545976" lon="139.713113"></trkpt>
      <trkpt lat="35.544545" lon="139.712051"></trkpt>
      <trkpt lat="35.544431" lon="139.712019"></trkpt>
      <trkpt lat="35.543375" lon="139.711289"></trkpt>
      <trkpt lat="35.542371" lon="139.710538"></trkpt>
      <trkpt lat="35.540669" lon="139.709390"></trkpt>
      <trkpt lat="35.540206" lon="139.709230"></trkpt>
      <trkpt lat="35.539813" lon="139.709004"></trkpt>
      <trkpt lat="35.535981" lon="139.708360"></trkpt>
      <trkpt lat="35.535863" lon="139.708414"></trkpt>
      <trkpt lat="35.535348" lon="139.708296"></trkpt>
      <trkpt lat="35.535461" lon="139.707824"></trkpt>
      <trkpt lat="35.535238" lon="139.707277"></trkpt>
      <trkpt lat="35.534605" lon="139.706140"></trkpt>
      <trkpt lat="35.533344" lon="139.703972"></trkpt>
      <trkpt lat="35.532397" lon="139.702465"></trkpt>
      <trkpt lat="35.531720" lon="139.701612"></trkpt>
      <trkpt lat="35.531135" lon="139.701312"></trkpt>
      <trkpt lat="35.530463" lon="139.701086"></trkpt>
      <trkpt lat="35.529362" lon="139.700716"></trkpt>
      <trkpt lat="35.528179" lon="139.700368"></trkpt>
      <trkpt lat="35.526739" lon="139.697658"></trkpt>
      <trkpt lat="35.525682" lon="139.695700"></trkpt>
      <trkpt lat="35.523888" lon="139.692428"></trkpt>
      <trkpt lat="35.523696" lon="139.692273"></trkpt>
      <trkpt lat="35.523403" lon="139.692203"></trkpt>
      <trkpt lat="35.523460" lon="139.691715"></trkpt>
      <trkpt lat="35.521892" lon="139.689306"></trkpt>
      <trkpt lat="35.521386" lon="139.688593"></trkpt>
      <trkpt lat="35.520325" lon="139.687321"></trkpt>
      <trkpt lat="35.518744" lon="139.685508"></trkpt>
      <trkpt lat="35.517146" lon="139.683711"></trkpt>
      <trkpt lat="35.515605" lon="139.681994"></trkpt>
      <trkpt lat="35.514972" lon="139.681463"></trkpt>
      <trkpt lat="35.513946" lon="139.680744"></trkpt>
      <trkpt lat="35.513238" lon="139.680208"></trkpt>
      <trkpt lat="35.510754" lon="139.678352"></trkpt>
      <trkpt lat="35.509977" lon="139.677778"></trkpt>
      <trkpt lat="35.509579" lon="139.677832"></trkpt>
      <trkpt lat="35.508649" lon="139.678148"></trkpt>
      <trkpt lat="35.508221" lon="139.678234"></trkpt>
      <trkpt lat="35.507841" lon="139.678191"></trkpt>
      <trkpt lat="35.507806" lon="139.678738"></trkpt>
      <trkpt lat="35.507453" lon="139.678373"></trkpt>
      <trkpt lat="35.506771" lon="139.678153"></trkpt>
      <trkpt lat="35.505496" lon="139.677510"></trkpt>
      <trkpt lat="35.504977" lon="139.677252"></trkpt>
      <trkpt lat="35.503863" lon="139.676812"></trkpt>
      <trkpt lat="35.502627" lon="139.676260"></trkpt>
      <trkpt lat="35.502448" lon="139.676254"></trkpt>
      <trkpt lat="35.501741" lon="139.676335"></trkpt>
      <trkpt lat="35.501505" lon="139.676271"></trkpt>
      <trkpt lat="35.498989" lon="139.675332"></trkpt>
      <trkpt lat="35.498221" lon="139.675090"></trkpt>
      <trkpt lat="35.496338" lon="139.674345"></trkpt>
      <trkpt lat="35.495779" lon="139.674050"></trkpt>
      <trkpt lat="35.495456" lon="139.673701"></trkpt>
      <trkpt lat="35.494731" lon="139.672312"></trkpt>
      <trkpt lat="35.493971" lon="139.670804"></trkpt>
      <trkpt lat="35.493460" lon="139.669560"></trkpt>
      <trkpt lat="35.492897" lon="139.667784"></trkpt>
      <trkpt lat="35.492154" lon="139.665746"></trkpt>
      <trkpt lat="35.491626" lon="139.664066"></trkpt>
      <trkpt lat="35.491678" lon="139.663761"></trkpt>
      <trkpt lat="35.490809" lon="139.662420"></trkpt>
      <trkpt lat="35.489538" lon="139.660821"></trkpt>
      <trkpt lat="35.488883" lon="139.659786"></trkpt>
      <trkpt lat="35.487817" lon="139.657897"></trkpt>
      <trkpt lat="35.487319" lon="139.657345"></trkpt>
      <trkpt lat="35.486790" lon="139.656787"></trkpt>
      <trkpt lat="35.486314" lon="139.655682"></trkpt>
      <trkpt lat="35.485414" lon="139.652554"></trkpt>
      <trkpt lat="35.485139" lon="139.650505"></trkpt>
      <trkpt lat="35.484580" lon="139.646954"></trkpt>
      <trkpt lat="35.484082" lon="139.645570"></trkpt>
      <trkpt lat="35.483265" lon="139.644122"></trkpt>
      <trkpt lat="35.482448" lon="139.642979"></trkpt>
      <trkpt lat="35.481169" lon="139.640994"></trkpt>
      <trkpt lat="35.480168" lon="139.639825"></trkpt>
      <trkpt lat="35.478438" lon="139.638189"></trkpt>
      <trkpt lat="35.475813" lon="139.635657"></trkpt>
      <trkpt lat="35.472139" lon="139.632336"></trkpt>
      <trkpt lat="35.471370" lon="139.631644"></trkpt>
      <trkpt lat="35.470745" lon="139.630829"></trkpt>
      <trkpt lat="35.470741" lon="139.630115"></trkpt>
      <trkpt lat="35.470684" lon="139.628758"></trkpt>
      <trkpt lat="35.470675" lon="139.627202"></trkpt>
      <trkpt lat="35.470627" lon="139.627068"></trkpt>
      <trkpt lat="35.470815" lon="139.626880"></trkpt>
      <trkpt lat="35.471025" lon="139.626403"></trkpt>
      <trkpt lat="35.470645" lon="139.626086"></trkpt>
      <trkpt lat="35.470627" lon="139.625507"></trkpt>
      <trkpt lat="35.470535" lon="139.624429"></trkpt>
      <trkpt lat="35.470413" lon="139.623093"></trkpt>
      <trkpt lat="35.470256" lon="139.622058"></trkpt>
      <trkpt lat="35.470024" lon="139.621065"></trkpt>
      <trkpt lat="35.469845" lon="139.619778"></trkpt>
      <trkpt lat="35.469797" lon="139.618775"></trkpt>
      <trkpt lat="35.469649" lon="139.617954"></trkpt>
      <trkpt lat="35.469295" lon="139.616436"></trkpt>
      <trkpt lat="35.469185" lon="139.615958"></trkpt>
      <trkpt lat="35.469085" lon="139.615755"></trkpt>
      <trkpt lat="35.469094" lon="139.615653"></trkpt>
      <trkpt lat="35.468932" lon="139.615647"></trkpt>
      <trkpt lat="35.468827" lon="139.615213"></trkpt>
      <trkpt lat="35.468648" lon="139.614859"></trkpt>
      <trkpt lat="35.468224" lon="139.614242"></trkpt>
      <trkpt lat="35.467897" lon="139.613920"></trkpt>
      <trkpt lat="35.467464" lon="139.613603"></trkpt>
      <trkpt lat="35.466800" lon="139.613185"></trkpt>
      <trkpt lat="35.466193" lon="139.612777"></trkpt>
      <trkpt lat="35.465441" lon="139.611989"></trkpt>
      <trkpt lat="35.465022" lon="139.611592"></trkpt>
      <trkpt lat="35.465131" lon="139.611313"></trkpt>
      <trkpt lat="35.464851" lon="139.610868"></trkpt>
      <trkpt lat="35.464537" lon="139.610433"></trkpt>
      <trkpt lat="35.463930" lon="139.609784"></trkpt>
      <trkpt lat="35.462872" lon="139.608647"></trkpt>
      <trkpt lat="35.462409" lon="139.608314"></trkpt>
      <trkpt lat="35.461343" lon="139.607810"></trkpt>
      <trkpt lat="35.460425" lon="139.607230"></trkpt>
      <trkpt lat="35.459709" lon="139.606619"></trkpt>
      <trkpt lat="35.458730" lon="139.606018"></trkpt>
      <trkpt lat="35.457122" lon="139.605095"></trkpt>
      <trkpt lat="35.455156" lon="139.603958"></trkpt>
      <trkpt lat="35.453906" lon="139.603196"></trkpt>
      <trkpt lat="35.453613" lon="139.602966"></trkpt>
      <trkpt lat="35.453382" lon="139.602896"></trkpt>
      <trkpt lat="35.453255" lon="139.602966"></trkpt>
      <trkpt lat="35.452258" lon="139.602172"></trkpt>
      <trkpt lat="35.450838" lon="139.601008"></trkpt>
      <trkpt lat="35.447937" lon="139.598604"></trkpt>
      <trkpt lat="35.446346" lon="139.597371"></trkpt>
      <trkpt lat="35.444073" lon="139.595461"></trkpt>
      <trkpt lat="35.444982" lon="139.590890"></trkpt>
      <trkpt lat="35.445280" lon="139.589646"></trkpt>
      <trkpt lat="35.445516" lon="139.588262"></trkpt>
      <trkpt lat="35.445463" lon="139.586878"></trkpt>
      <trkpt lat="35.445620" lon="139.586706"></trkpt>
      <trkpt lat="35.445944" lon="139.584035"></trkpt>
      <trkpt lat="35.445970" lon="139.581728"></trkpt>
      <trkpt lat="35.446669" lon="139.578853"></trkpt>
      <trkpt lat="35.446359" lon="139.578563"></trkpt>
      <trkpt lat="35.445647" lon="139.578112"></trkpt>
      <trkpt lat="35.445585" lon="139.577533"></trkpt>
      <trkpt lat="35.445070" lon="139.576530"></trkpt>
      <trkpt lat="35.444821" lon="139.576283"></trkpt>
      <trkpt lat="35.444209" lon="139.575870"></trkpt>
      <trkpt lat="35.443658" lon="139.575720"></trkpt>
      <trkpt lat="35.443461" lon="139.575575"></trkpt>
      <trkpt lat="35.442579" lon="139.574207"></trkpt>
      <trkpt lat="35.442268" lon="139.573875"></trkpt>
      <trkpt lat="35.441394" lon="139.572893"></trkpt>
      <trkpt lat="35.441084" lon="139.572673"></trkpt>
      <trkpt lat="35.440708" lon="139.572560"></trkpt>
      <trkpt lat="35.440061" lon="139.572507"></trkpt>
      <trkpt lat="35.439808" lon="139.572319"></trkpt>
      <trkpt lat="35.439633" lon="139.572002"></trkpt>
      <trkpt lat="35.439296" lon="139.571139"></trkpt>
      <trkpt lat="35.439069" lon="139.570860"></trkpt>
      <trkpt lat="35.438658" lon="139.570125"></trkpt>
      <trkpt lat="35.438221" lon="139.569701"></trkpt>
      <trkpt lat="35.437972" lon="139.569551"></trkpt>
      <trkpt lat="35.437338" lon="139.569336"></trkpt>
      <trkpt lat="35.437072" lon="139.569207"></trkpt>
      <trkpt lat="35.437015" lon="139.568768"></trkpt>
      <trkpt lat="35.437085" lon="139.568306"></trkpt>
      <trkpt lat="35.436923" lon="139.567716"></trkpt>
      <trkpt lat="35.436862" lon="139.567244"></trkpt>
      <trkpt lat="35.436552" lon="139.566879"></trkpt>
      <trkpt lat="35.436469" lon="139.566643"></trkpt>
      <trkpt lat="35.436324" lon="139.566681"></trkpt>
      <trkpt lat="35.435577" lon="139.566321"></trkpt>
      <trkpt lat="35.434987" lon="139.565806"></trkpt>
      <trkpt lat="35.434489" lon="139.565442"></trkpt>
      <trkpt lat="35.434052" lon="139.564948"></trkpt>
      <trkpt lat="35.433588" lon="139.564707"></trkpt>
      <trkpt lat="35.433121" lon="139.564573"></trkpt>
      <trkpt lat="35.432399" lon="139.564299"></trkpt>
      <trkpt lat="35.431984" lon="139.564160"></trkpt>
      <trkpt lat="35.431722" lon="139.563940"></trkpt>
      <trkpt lat="35.431259" lon="139.563344"></trkpt>
      <trkpt lat="35.430660" lon="139.563167"></trkpt>
      <trkpt lat="35.430319" lon="139.563038"></trkpt>
      <trkpt lat="35.429729" lon="139.563156"></trkpt>
      <trkpt lat="35.428924" lon="139.562926"></trkpt>
      <trkpt lat="35.428299" lon="139.563221"></trkpt>
      <trkpt lat="35.428107" lon="139.563178"></trkpt>
      <trkpt lat="35.427902" lon="139.562979"></trkpt>
      <trkpt lat="35.427792" lon="139.562786"></trkpt>
      <trkpt lat="35.427701" lon="139.562271"></trkpt>
      <trkpt lat="35.427639" lon="139.562137"></trkpt>
      <trkpt lat="35.427709" lon="139.561606"></trkpt>
      <trkpt lat="35.427530" lon="139.561558"></trkpt>
      <trkpt lat="35.427486" lon="139.561279"></trkpt>
      <trkpt lat="35.427272" lon="139.561198"></trkpt>
      <trkpt lat="35.427224" lon="139.560903"></trkpt>
      <trkpt lat="35.426516" lon="139.560356"></trkpt>
      <trkpt lat="35.426188" lon="139.560168"></trkpt>
      <trkpt lat="35.425655" lon="139.560050"></trkpt>
      <trkpt lat="35.424829" lon="139.559739"></trkpt>
      <trkpt lat="35.424571" lon="139.559573"></trkpt>
      <trkpt lat="35.424374" lon="139.559267"></trkpt>
      <trkpt lat="35.424155" lon="139.558838"></trkpt>
      <trkpt lat="35.423858" lon="139.558677"></trkpt>
      <trkpt lat="35.423307" lon="139.558522"></trkpt>
      <trkpt lat="35.422682" lon="139.558194"></trkpt>
      <trkpt lat="35.422184" lon="139.557819"></trkpt>
      <trkpt lat="35.421830" lon="139.557540"></trkpt>
      <trkpt lat="35.421305" lon="139.557234"></trkpt>
      <trkpt lat="35.421200" lon="139.557170"></trkpt>
      <trkpt lat="35.420886" lon="139.556606"></trkpt>
      <trkpt lat="35.420851" lon="139.556344"></trkpt>
      <trkpt lat="35.420855" lon="139.555973"></trkpt>
      <trkpt lat="35.420925" lon="139.555603"></trkpt>
      <trkpt lat="35.420886" lon="139.553924"></trkpt>
      <trkpt lat="35.421012" lon="139.553742"></trkpt>
      <trkpt lat="35.420929" lon="139.553248"></trkpt>
      <trkpt lat="35.420886" lon="139.553152"></trkpt>
      <trkpt lat="35.420711" lon="139.553130"></trkpt>
      <trkpt lat="35.420199" lon="139.552374"></trkpt>
      <trkpt lat="35.420020" lon="139.551698"></trkpt>
      <trkpt lat="35.419959" lon="139.551446"></trkpt>
      <trkpt lat="35.419924" lon="139.550781"></trkpt>
      <trkpt lat="35.419893" lon="139.550276"></trkpt>
      <trkpt lat="35.419430" lon="139.549708"></trkpt>
      <trkpt lat="35.418980" lon="139.549279"></trkpt>
      <trkpt lat="35.418468" lon="139.548876"></trkpt>
      <trkpt lat="35.418166" lon="139.548458"></trkpt>
      <trkpt lat="35.417537" lon="139.547449"></trkpt>
      <trkpt lat="35.416960" lon="139.546570"></trkpt>
      <trkpt lat="35.415884" lon="139.544992"></trkpt>
      <trkpt lat="35.415058" lon="139.543324"></trkpt>
      <trkpt lat="35.414909" lon="139.542959"></trkpt>
      <trkpt lat="35.414783" lon="139.542965"></trkpt>
      <trkpt lat="35.414354" lon="139.542525"></trkpt>
      <trkpt lat="35.413948" lon="139.542214"></trkpt>
      <trkpt lat="35.413580" lon="139.542026"></trkpt>
      <trkpt lat="35.413113" lon="139.541908"></trkpt>
      <trkpt lat="35.412723" lon="139.541726"></trkpt>
      <trkpt lat="35.411989" lon="139.541956"></trkpt>
      <trkpt lat="35.411561" lon="139.541972"></trkpt>
      <trkpt lat="35.411250" lon="139.541881"></trkpt>
      <trkpt lat="35.411136" lon="139.540438"></trkpt>
      <trkpt lat="35.411058" lon="139.539982"></trkpt>
      <trkpt lat="35.410612" lon="139.539848"></trkpt>
      <trkpt lat="35.409134" lon="139.539360"></trkpt>
      <trkpt lat="35.408671" lon="139.539140"></trkpt>
      <trkpt lat="35.408233" lon="139.538561"></trkpt>
      <trkpt lat="35.407910" lon="139.538233"></trkpt>
      <trkpt lat="35.406935" lon="139.538083"></trkpt>
      <trkpt lat="35.406598" lon="139.537890"></trkpt>
      <trkpt lat="35.405509" lon="139.536721"></trkpt>
      <trkpt lat="35.405190" lon="139.536468"></trkpt>
      <trkpt lat="35.404958" lon="139.536592"></trkpt>
      <trkpt lat="35.404539" lon="139.536586"></trkpt>
      <trkpt lat="35.403948" lon="139.536946"></trkpt>
      <trkpt lat="35.403437" lon="139.536855"></trkpt>
      <trkpt lat="35.403118" lon="139.536533"></trkpt>
      <trkpt lat="35.402562" lon="139.535626"></trkpt>
      <trkpt lat="35.402278" lon="139.534446"></trkpt>
      <trkpt lat="35.402090" lon="139.534076"></trkpt>
      <trkpt lat="35.401753" lon="139.533277"></trkpt>
      <trkpt lat="35.401530" lon="139.533405"></trkpt>
      <trkpt lat="35.401526" lon="139.533379"></trkpt>
      <trkpt lat="35.401692" lon="139.533282"></trkpt>
      <trkpt lat="35.401474" lon="139.532735"></trkpt>
      <trkpt lat="35.401224" lon="139.532413"></trkpt>
      <trkpt lat="35.401251" lon="139.532075"></trkpt>
      <trkpt lat="35.400171" lon="139.531463"></trkpt>
      <trkpt lat="35.399969" lon="139.531340"></trkpt>
      <trkpt lat="35.398426" lon="139.530852"></trkpt>
      <trkpt lat="35.397324" lon="139.530530"></trkpt>
      <trkpt lat="35.396852" lon="139.530573"></trkpt>
      <trkpt lat="35.395806" lon="139.530176"></trkpt>
      <trkpt lat="35.395002" lon="139.530036"></trkpt>
      <trkpt lat="35.393388" lon="139.529119"></trkpt>
      <trkpt lat="35.393231" lon="139.528851"></trkpt>
      <trkpt lat="35.392938" lon="139.527392"></trkpt>
      <trkpt lat="35.392881" lon="139.526233"></trkpt>
      <trkpt lat="35.392579" lon="139.525246"></trkpt>
      <trkpt lat="35.392050" lon="139.524146"></trkpt>
      <trkpt lat="35.391420" lon="139.523642"></trkpt>
      <trkpt lat="35.390773" lon="139.522913"></trkpt>
      <trkpt lat="35.389216" lon="139.521529"></trkpt>
      <trkpt lat="35.388578" lon="139.520702"></trkpt>
      <trkpt lat="35.388298" lon="139.519887"></trkpt>
      <trkpt lat="35.388070" lon="139.519329"></trkpt>
      <trkpt lat="35.387231" lon="139.518401"></trkpt>
      <trkpt lat="35.386758" lon="139.518026"></trkpt>
      <trkpt lat="35.386710" lon="139.518095"></trkpt>
      <trkpt lat="35.386605" lon="139.518133"></trkpt>
      <trkpt lat="35.386509" lon="139.518278"></trkpt>
      <trkpt lat="35.386330" lon="139.518229"></trkpt>
      <trkpt lat="35.386343" lon="139.517924"></trkpt>
      <trkpt lat="35.386255" lon="139.517725"></trkpt>
      <trkpt lat="35.386304" lon="139.517645"></trkpt>
      <trkpt lat="35.385997" lon="139.517430"></trkpt>
      <trkpt lat="35.385350" lon="139.516915"></trkpt>
      <trkpt lat="35.384900" lon="139.516368"></trkpt>
      <trkpt lat="35.384537" lon="139.515440"></trkpt>
      <trkpt lat="35.384187" lon="139.515086"></trkpt>
      <trkpt lat="35.383268" lon="139.514743"></trkpt>
      <trkpt lat="35.382337" lon="139.514045"></trkpt>
      <trkpt lat="35.381361" lon="139.512908"></trkpt>
      <trkpt lat="35.380780" lon="139.512275"></trkpt>
      <trkpt lat="35.380194" lon="139.511722"></trkpt>
      <trkpt lat="35.379673" lon="139.510639"></trkpt>
      <trkpt lat="35.378672" lon="139.508477"></trkpt>
      <trkpt lat="35.378112" lon="139.507463"></trkpt>
      <trkpt lat="35.377504" lon="139.506133"></trkpt>
      <trkpt lat="35.376747" lon="139.505156"></trkpt>
      <trkpt lat="35.375745" lon="139.504454"></trkpt>
      <trkpt lat="35.374643" lon="139.503665"></trkpt>
      <trkpt lat="35.372697" lon="139.502415"></trkpt>
      <trkpt lat="35.370925" lon="139.501219"></trkpt>
      <trkpt lat="35.369836" lon="139.500554"></trkpt>
      <trkpt lat="35.368725" lon="139.500028"></trkpt>
      <trkpt lat="35.367312" lon="139.499234"></trkpt>
      <trkpt lat="35.365527" lon="139.498102"></trkpt>
      <trkpt lat="35.364136" lon="139.497292"></trkpt>
      <trkpt lat="35.363917" lon="139.497308"></trkpt>
      <trkpt lat="35.362701" lon="139.496353"></trkpt>
      <trkpt lat="35.361152" lon="139.494932"></trkpt>
      <trkpt lat="35.360702" lon="139.494588"></trkpt>
      <trkpt lat="35.359192" lon="139.493859"></trkpt>
      <trkpt lat="35.357666" lon="139.493124"></trkpt>
      <trkpt lat="35.355465" lon="139.492357"></trkpt>
      <trkpt lat="35.354126" lon="139.491499"></trkpt>
      <trkpt lat="35.352485" lon="139.490855"></trkpt>
      <trkpt lat="35.352118" lon="139.490758"></trkpt>
      <trkpt lat="35.350635" lon="139.490699"></trkpt>
      <trkpt lat="35.349493" lon="139.490233"></trkpt>
      <trkpt lat="35.347808" lon="139.489009"></trkpt>
      <trkpt lat="35.346189" lon="139.487684"></trkpt>
      <trkpt lat="35.346535" lon="139.487078"></trkpt>
      <trkpt lat="35.346277" lon="139.486697"></trkpt>
      <trkpt lat="35.346102" lon="139.486392"></trkpt>
      <trkpt lat="35.346517" lon="139.485796"></trkpt>
      <trkpt lat="35.347244" lon="139.484112"></trkpt>
      <trkpt lat="35.347729" lon="139.482368"></trkpt>
      <trkpt lat="35.347896" lon="139.481092"></trkpt>
      <trkpt lat="35.347734" lon="139.479927"></trkpt>
      <trkpt lat="35.347655" lon="139.478372"></trkpt>
      <trkpt lat="35.347375" lon="139.477068"></trkpt>
      <trkpt lat="35.347187" lon="139.476269"></trkpt>
      <trkpt lat="35.346776" lon="139.474890"></trkpt>
      <trkpt lat="35.346596" lon="139.472600"></trkpt>
      <trkpt lat="35.346806" lon="139.470851"></trkpt>
      <trkpt lat="35.347253" lon="139.469419"></trkpt>
      <trkpt lat="35.347471" lon="139.468442"></trkpt>
      <trkpt lat="35.347616" lon="139.468281"></trkpt>
      <trkpt lat="35.347869" lon="139.467203"></trkpt>
      <trkpt lat="35.347384" lon="139.466790"></trkpt>
      <trkpt lat="35.347296" lon="139.465288"></trkpt>
      <trkpt lat="35.347091" lon="139.464789"></trkpt>
      <trkpt lat="35.346548" lon="139.463942"></trkpt>
      <trkpt lat="35.346509" lon="139.463437"></trkpt>
      <trkpt lat="35.347266" lon="139.461190"></trkpt>
      <trkpt lat="35.347629" lon="139.458727"></trkpt>
      <trkpt lat="35.347489" lon="139.457794"></trkpt>
      <trkpt lat="35.347082" lon="139.456662"></trkpt>
      <trkpt lat="35.346601" lon="139.454398"></trkpt>
      <trkpt lat="35.346303" lon="139.453481"></trkpt>
      <trkpt lat="35.346023" lon="139.452623"></trkpt>
      <trkpt lat="35.346023" lon="139.451700"></trkpt>
      <trkpt lat="35.346312" lon="139.450343"></trkpt>
      <trkpt lat="35.346334" lon="139.449844"></trkpt>
      <trkpt lat="35.346137" lon="139.449109"></trkpt>
      <trkpt lat="35.345441" lon="139.447982"></trkpt>
      <trkpt lat="35.344890" lon="139.447054"></trkpt>
      <trkpt lat="35.344443" lon="139.445885"></trkpt>
      <trkpt lat="35.344181" lon="139.444715"></trkpt>
      <trkpt lat="35.344023" lon="139.442800"></trkpt>
      <trkpt lat="35.343485" lon="139.441003"></trkpt>
      <trkpt lat="35.343192" lon="139.440360"></trkpt>
      <trkpt lat="35.342715" lon="139.439474"></trkpt>
      <trkpt lat="35.341726" lon="139.438273"></trkpt>
      <trkpt lat="35.340842" lon="139.437012"></trkpt>
      <trkpt lat="35.340094" lon="139.436004"></trkpt>
      <trkpt lat="35.338654" lon="139.434056"></trkpt>
      <trkpt lat="35.337529" lon="139.432265"></trkpt>
      <trkpt lat="35.337289" lon="139.431449"></trkpt>
      <trkpt lat="35.337044" lon="139.429722"></trkpt>
      <trkpt lat="35.337026" lon="139.428998"></trkpt>
      <trkpt lat="35.337188" lon="139.427549"></trkpt>
      <trkpt lat="35.337473" lon="139.425945"></trkpt>
      <trkpt lat="35.337718" lon="139.424953"></trkpt>
      <trkpt lat="35.337770" lon="139.424320"></trkpt>
      <trkpt lat="35.337643" lon="139.422491"></trkpt>
      <trkpt lat="35.337582" lon="139.421069"></trkpt>
      <trkpt lat="35.337394" lon="139.420162"></trkpt>
      <trkpt lat="35.336974" lon="139.418618"></trkpt>
      <trkpt lat="35.336549" lon="139.416606"></trkpt>
      <trkpt lat="35.336422" lon="139.415560"></trkpt>
      <trkpt lat="35.336322" lon="139.414347"></trkpt>
      <trkpt lat="35.336129" lon="139.413554"></trkpt>
      <trkpt lat="35.335670" lon="139.412663"></trkpt>
      <trkpt lat="35.335188" lon="139.411451"></trkpt>
      <trkpt lat="35.334838" lon="139.410769"></trkpt>
      <trkpt lat="35.334190" lon="139.409638"></trkpt>
      <trkpt lat="35.334055" lon="139.409155"></trkpt>
      <trkpt lat="35.333884" lon="139.408044"></trkpt>
      <trkpt lat="35.333473" lon="139.406977"></trkpt>
      <trkpt lat="35.333298" lon="139.405979"></trkpt>
      <trkpt lat="35.333074" lon="139.405206"></trkpt>
      <trkpt lat="35.332304" lon="139.402798"></trkpt>
      <trkpt lat="35.331889" lon="139.401897"></trkpt>
      <trkpt lat="35.331197" lon="139.400872"></trkpt>
      <trkpt lat="35.330422" lon="139.399086"></trkpt>
      <trkpt lat="35.330151" lon="139.398453"></trkpt>
      <trkpt lat="35.329565" lon="139.396280"></trkpt>
      <trkpt lat="35.328619" lon="139.393088"></trkpt>
      <trkpt lat="35.328545" lon="139.392268"></trkpt>
      <trkpt lat="35.329105" lon="139.390647"></trkpt>
      <trkpt lat="35.329464" lon="139.390175"></trkpt>
      <trkpt lat="35.331713" lon="139.388201"></trkpt>
      <trkpt lat="35.332519" lon="139.387161"></trkpt>
      <trkpt lat="35.332729" lon="139.386313"></trkpt>
      <trkpt lat="35.332729" lon="139.384393"></trkpt>
      <trkpt lat="35.332956" lon="139.383137"></trkpt>
      <trkpt lat="35.333158" lon="139.381667"></trkpt>
      <trkpt lat="35.333166" lon="139.380691"></trkpt>
      <trkpt lat="35.332878" lon="139.378996"></trkpt>
      <trkpt lat="35.332860" lon="139.377236"></trkpt>
      <trkpt lat="35.332913" lon="139.375606"></trkpt>
      <trkpt lat="35.332667" lon="139.374265"></trkpt>
      <trkpt lat="35.332352" lon="139.372376"></trkpt>
      <trkpt lat="35.332055" lon="139.371411"></trkpt>
      <trkpt lat="35.331976" lon="139.370681"></trkpt>
      <trkpt lat="35.331705" lon="139.365735"></trkpt>
      <trkpt lat="35.331591" lon="139.362162"></trkpt>
      <trkpt lat="35.331547" lon="139.361454"></trkpt>
      <trkpt lat="35.331696" lon="139.360918"></trkpt>
      <trkpt lat="35.331442" lon="139.360628"></trkpt>
      <trkpt lat="35.331433" lon="139.359984"></trkpt>
      <trkpt lat="35.331153" lon="139.357452"></trkpt>
      <trkpt lat="35.330969" lon="139.356251"></trkpt>
      <trkpt lat="35.330401" lon="139.353225"></trkpt>
      <trkpt lat="35.330033" lon="139.350243"></trkpt>
      <trkpt lat="35.329639" lon="139.347442"></trkpt>
      <trkpt lat="35.329096" lon="139.345157"></trkpt>
      <trkpt lat="35.328177" lon="139.340844"></trkpt>
      <trkpt lat="35.327424" lon="139.337711"></trkpt>
      <trkpt lat="35.326921" lon="139.336209"></trkpt>
      <trkpt lat="35.327026" lon="139.336102"></trkpt>
      <trkpt lat="35.326694" lon="139.334498"></trkpt>
      <trkpt lat="35.326610" lon="139.334267"></trkpt>
      <trkpt lat="35.326357" lon="139.332905"></trkpt>
      <trkpt lat="35.326217" lon="139.332390"></trkpt>
      <trkpt lat="35.325280" lon="139.331853"></trkpt>
      <trkpt lat="35.325017" lon="139.331601"></trkpt>
      <trkpt lat="35.324488" lon="139.330947"></trkpt>
      <trkpt lat="35.323656" lon="139.329525"></trkpt>
      <trkpt lat="35.322873" lon="139.328458"></trkpt>
      <trkpt lat="35.322181" lon="139.327503"></trkpt>
      <trkpt lat="35.321542" lon="139.326730"></trkpt>
      <trkpt lat="35.320724" lon="139.325717"></trkpt>
      <trkpt lat="35.319931" lon="139.324300"></trkpt>
      <trkpt lat="35.319467" lon="139.323689"></trkpt>
      <trkpt lat="35.319179" lon="139.323270"></trkpt>
      <trkpt lat="35.318728" lon="139.322755"></trkpt>
      <trkpt lat="35.318220" lon="139.322316"></trkpt>
      <trkpt lat="35.317607" lon="139.321747"></trkpt>
      <trkpt lat="35.316999" lon="139.321264"></trkpt>
      <trkpt lat="35.316338" lon="139.320776"></trkpt>
      <trkpt lat="35.316250" lon="139.320599"></trkpt>
      <trkpt lat="35.316228" lon="139.320524"></trkpt>
      <trkpt lat="35.315764" lon="139.320379"></trkpt>
      <trkpt lat="35.315580" lon="139.320245"></trkpt>
      <trkpt lat="35.315427" lon="139.320159"></trkpt>
      <trkpt lat="35.314639" lon="139.319665"></trkpt>
      <trkpt lat="35.313768" lon="139.319102"></trkpt>
      <trkpt lat="35.312884" lon="139.318475"></trkpt>
      <trkpt lat="35.312731" lon="139.318485"></trkpt>
      <trkpt lat="35.312030" lon="139.317536"></trkpt>
      <trkpt lat="35.311571" lon="139.316962"></trkpt>
      <trkpt lat="35.311278" lon="139.316618"></trkpt>
      <trkpt lat="35.310844" lon="139.316270"></trkpt>
      <trkpt lat="35.309969" lon="139.315792"></trkpt>
      <trkpt lat="35.308450" lon="139.314934"></trkpt>
      <trkpt lat="35.307937" lon="139.314559"></trkpt>
      <trkpt lat="35.307688" lon="139.314323"></trkpt>
      <trkpt lat="35.307578" lon="139.314285"></trkpt>
      <trkpt lat="35.307241" lon="139.314038"></trkpt>
      <trkpt lat="35.307198" lon="139.313877"></trkpt>
      <trkpt lat="35.307268" lon="139.313448"></trkpt>
      <trkpt lat="35.307377" lon="139.313330"></trkpt>
      <trkpt lat="35.307395" lon="139.312810"></trkpt>
      <trkpt lat="35.307648" lon="139.311656"></trkpt>
      <trkpt lat="35.307824" lon="139.310213"></trkpt>
      <trkpt lat="35.307972" lon="139.308545"></trkpt>
      <trkpt lat="35.307933" lon="139.307333"></trkpt>
      <trkpt lat="35.307710" lon="139.306142"></trkpt>
      <trkpt lat="35.307246" lon="139.303771"></trkpt>
      <trkpt lat="35.307018" lon="139.302907"></trkpt>
      <trkpt lat="35.306440" lon="139.300557"></trkpt>
      <trkpt lat="35.305753" lon="139.297779"></trkpt>
      <trkpt lat="35.305092" lon="139.294978"></trkpt>
      <trkpt lat="35.304794" lon="139.293680"></trkpt>
      <trkpt lat="35.304391" lon="139.292715"></trkpt>
      <trkpt lat="35.303962" lon="139.291674"></trkpt>
      <trkpt lat="35.303857" lon="139.290730"></trkpt>
      <trkpt lat="35.304059" lon="139.290397"></trkpt>
      <trkpt lat="35.304908" lon="139.288895"></trkpt>
      <trkpt lat="35.305512" lon="139.287865"></trkpt>
      <trkpt lat="35.305731" lon="139.287189"></trkpt>
      <trkpt lat="35.305679" lon="139.286760"></trkpt>
      <trkpt lat="35.305407" lon="139.285537"></trkpt>
      <trkpt lat="35.305118" lon="139.284883"></trkpt>
      <trkpt lat="35.304891" lon="139.283488"></trkpt>
      <trkpt lat="35.304724" lon="139.282211"></trkpt>
      <trkpt lat="35.304680" lon="139.280988"></trkpt>
      <trkpt lat="35.304610" lon="139.279550"></trkpt>
      <trkpt lat="35.304558" lon="139.278424"></trkpt>
      <trkpt lat="35.304479" lon="139.277673"></trkpt>
      <trkpt lat="35.304374" lon="139.277244"></trkpt>
      <trkpt lat="35.304006" lon="139.274197"></trkpt>
      <trkpt lat="35.303770" lon="139.272630"></trkpt>
      <trkpt lat="35.303463" lon="139.271836"></trkpt>
      <trkpt lat="35.302229" lon="139.269004"></trkpt>
      <trkpt lat="35.301108" lon="139.266676"></trkpt>
      <trkpt lat="35.300530" lon="139.265270"></trkpt>
      <trkpt lat="35.299873" lon="139.263350"></trkpt>
      <trkpt lat="35.299234" lon="139.262427"></trkpt>
      <trkpt lat="35.298735" lon="139.260979"></trkpt>
      <trkpt lat="35.297894" lon="139.258114"></trkpt>
      <trkpt lat="35.297597" lon="139.257213"></trkpt>
      <trkpt lat="35.297028" lon="139.255099"></trkpt>
      <trkpt lat="35.296161" lon="139.252503"></trkpt>
      <trkpt lat="35.295793" lon="139.251452"></trkpt>
      <trkpt lat="35.295373" lon="139.250357"></trkpt>
      <trkpt lat="35.295311" lon="139.249327"></trkpt>
      <trkpt lat="35.295539" lon="139.248780"></trkpt>
      <trkpt lat="35.295250" lon="139.248093"></trkpt>
      <trkpt lat="35.294865" lon="139.247160"></trkpt>
      <trkpt lat="35.294584" lon="139.246752"></trkpt>
      <trkpt lat="35.293936" lon="139.245969"></trkpt>
      <trkpt lat="35.293744" lon="139.245733"></trkpt>
      <trkpt lat="35.292929" lon="139.244038"></trkpt>
      <trkpt lat="35.292474" lon="139.242879"></trkpt>
      <trkpt lat="35.292071" lon="139.241624"></trkpt>
      <trkpt lat="35.291843" lon="139.241313"></trkpt>
      <trkpt lat="35.291213" lon="139.240165"></trkpt>
      <trkpt lat="35.291073" lon="139.239661"></trkpt>
      <trkpt lat="35.290911" lon="139.239017"></trkpt>
      <trkpt lat="35.290841" lon="139.238523"></trkpt>
      <trkpt lat="35.290591" lon="139.238175"></trkpt>
      <trkpt lat="35.290512" lon="139.237998"></trkpt>
      <trkpt lat="35.289781" lon="139.237365"></trkpt>
      <trkpt lat="35.289514" lon="139.236796"></trkpt>
      <trkpt lat="35.289256" lon="139.235879"></trkpt>
      <trkpt lat="35.288341" lon="139.234006"></trkpt>
      <trkpt lat="35.287618" lon="139.232526"></trkpt>
      <trkpt lat="35.286475" lon="139.230959"></trkpt>
      <trkpt lat="35.286024" lon="139.229962"></trkpt>
      <trkpt lat="35.285630" lon="139.228739"></trkpt>
      <trkpt lat="35.284859" lon="139.227086"></trkpt>
      <trkpt lat="35.284325" lon="139.225949"></trkpt>
      <trkpt lat="35.283914" lon="139.224066"></trkpt>
      <trkpt lat="35.283638" lon="139.222913"></trkpt>
      <trkpt lat="35.283340" lon="139.222355"></trkpt>
      <trkpt lat="35.281790" lon="139.219651"></trkpt>
      <trkpt lat="35.281514" lon="139.218777"></trkpt>
      <trkpt lat="35.281111" lon="139.217870"></trkpt>
      <trkpt lat="35.281010" lon="139.217157"></trkpt>
      <trkpt lat="35.280796" lon="139.215655"></trkpt>
      <trkpt lat="35.280445" lon="139.214426"></trkpt>
      <trkpt lat="35.280134" lon="139.212651"></trkpt>
      <trkpt lat="35.279451" lon="139.208225"></trkpt>
      <trkpt lat="35.279224" lon="139.207184"></trkpt>
      <trkpt lat="35.278479" lon="139.205092"></trkpt>
      <trkpt lat="35.278032" lon="139.204330"></trkpt>
      <trkpt lat="35.277463" lon="139.203848"></trkpt>
      <trkpt lat="35.276535" lon="139.203268"></trkpt>
      <trkpt lat="35.275300" lon="139.202464"></trkpt>
      <trkpt lat="35.274196" lon="139.201595"></trkpt>
      <trkpt lat="35.273049" lon="139.200382"></trkpt>
      <trkpt lat="35.271402" lon="139.198076"></trkpt>
      <trkpt lat="35.269519" lon="139.195211"></trkpt>
      <trkpt lat="35.268266" lon="139.193044"></trkpt>
      <trkpt lat="35.267486" lon="139.191274"></trkpt>
      <trkpt lat="35.266654" lon="139.189063"></trkpt>
      <trkpt lat="35.265752" lon="139.186263"></trkpt>
      <trkpt lat="35.264876" lon="139.183377"></trkpt>
      <trkpt lat="35.264236" lon="139.182261"></trkpt>
      <trkpt lat="35.262554" lon="139.180470"></trkpt>
      <trkpt lat="35.261013" lon="139.178925"></trkpt>
      <trkpt lat="35.260325" lon="139.178168"></trkpt>
      <trkpt lat="35.259699" lon="139.178345"></trkpt>
      <trkpt lat="35.259427" lon="139.177573"></trkpt>
      <trkpt lat="35.259230" lon="139.177117"></trkpt>
      <trkpt lat="35.259208" lon="139.176929"></trkpt>
      <trkpt lat="35.258652" lon="139.176140"></trkpt>
      <trkpt lat="35.257973" lon="139.175100"></trkpt>
      <trkpt lat="35.257552" lon="139.174413"></trkpt>
      <trkpt lat="35.256681" lon="139.172670"></trkpt>
      <trkpt lat="35.256330" lon="139.171768"></trkpt>
      <trkpt lat="35.256058" lon="139.170690"></trkpt>
      <trkpt lat="35.255761" lon="139.169950"></trkpt>
      <trkpt lat="35.254810" lon="139.168260"></trkpt>
      <trkpt lat="35.254254" lon="139.167332"></trkpt>
      <trkpt lat="35.253671" lon="139.166485"></trkpt>
      <trkpt lat="35.252900" lon="139.165320"></trkpt>
      <trkpt lat="35.252629" lon="139.165058"></trkpt>
      <trkpt lat="35.251954" lon="139.165911"></trkpt>
      <trkpt lat="35.250591" lon="139.164151"></trkpt>
      <trkpt lat="35.249610" lon="139.162874"></trkpt>
      <trkpt lat="35.249404" lon="139.162547"></trkpt>
      <trkpt lat="35.249212" lon="139.162166"></trkpt>
      <trkpt lat="35.248997" lon="139.161603"></trkpt>
      <trkpt lat="35.248449" lon="139.160010"></trkpt>
      <trkpt lat="35.247862" lon="139.158288"></trkpt>
      <trkpt lat="35.247455" lon="139.157150"></trkpt>
      <trkpt lat="35.247332" lon="139.156496"></trkpt>
      <trkpt lat="35.247262" lon="139.155289"></trkpt>
      <trkpt lat="35.247223" lon="139.154264"></trkpt>
      <trkpt lat="35.247082" lon="139.153014"></trkpt>
      <trkpt lat="35.246833" lon="139.151357"></trkpt>
      <trkpt lat="35.246627" lon="139.149898"></trkpt>
      <trkpt lat="35.246416" lon="139.148948"></trkpt>
      <trkpt lat="35.246136" lon="139.147613"></trkpt>
      <trkpt lat="35.246487" lon="139.147409"></trkpt>
      <trkpt lat="35.246754" lon="139.146432"></trkpt>
      <trkpt lat="35.246982" lon="139.145494"></trkpt>
      <trkpt lat="35.247214" lon="139.144126"></trkpt>
      <trkpt lat="35.247591" lon="139.141969"></trkpt>
      <trkpt lat="35.247577" lon="139.141776"></trkpt>
      <trkpt lat="35.247188" lon="139.140987"></trkpt>
      <trkpt lat="35.247078" lon="139.140886"></trkpt>
      <trkpt lat="35.246912" lon="139.140156"></trkpt>
      <trkpt lat="35.246841" lon="139.140065"></trkpt>
      <trkpt lat="35.246863" lon="139.139405"></trkpt>
      <trkpt lat="35.246614" lon="139.137608"></trkpt>
      <trkpt lat="35.246609" lon="139.136261"></trkpt>
      <trkpt lat="35.246495" lon="139.135162"></trkpt>
      <trkpt lat="35.246925" lon="139.133005"></trkpt>
      <trkpt lat="35.246933" lon="139.132705"></trkpt>
      <trkpt lat="35.247100" lon="139.132635"></trkpt>
      <trkpt lat="35.247192" lon="139.132297"></trkpt>
      <trkpt lat="35.247358" lon="139.131948"></trkpt>
      <trkpt lat="35.247109" lon="139.131358"></trkpt>
      <trkpt lat="35.246780" lon="139.130409"></trkpt>
      <trkpt lat="35.246732" lon="139.130049"></trkpt>
      <trkpt lat="35.246771" lon="139.129711"></trkpt>
      <trkpt lat="35.246609" lon="139.129003"></trkpt>
      <trkpt lat="35.246583" lon="139.128499"></trkpt>
      <trkpt lat="35.246110" lon="139.127533"></trkpt>
      <trkpt lat="35.245864" lon="139.127303"></trkpt>
      <trkpt lat="35.245369" lon="139.127040"></trkpt>
      <trkpt lat="35.244708" lon="139.125972"></trkpt>
      <trkpt lat="35.244572" lon="139.125801"></trkpt>
      <trkpt lat="35.244248" lon="139.125179"></trkpt>
      <trkpt lat="35.243867" lon="139.124680"></trkpt>
      <trkpt lat="35.243499" lon="139.123993"></trkpt>
      <trkpt lat="35.243468" lon="139.123741"></trkpt>
      <trkpt lat="35.242995" lon="139.122824"></trkpt>
      <trkpt lat="35.242903" lon="139.122475"></trkpt>
      <trkpt lat="35.242530" lon="139.122099"></trkpt>
      <trkpt lat="35.242079" lon="139.121735"></trkpt>
      <trkpt lat="35.241606" lon="139.121134"></trkpt>
      <trkpt lat="35.240625" lon="139.120206"></trkpt>
      <trkpt lat="35.240257" lon="139.120114"></trkpt>
      <trkpt lat="35.240002" lon="139.119841"></trkpt>
      <trkpt lat="35.239805" lon="139.119583"></trkpt>
      <trkpt lat="35.239507" lon="139.118934"></trkpt>
      <trkpt lat="35.239192" lon="139.118618"></trkpt>
      <trkpt lat="35.239030" lon="139.118634"></trkpt>
      <trkpt lat="35.238692" lon="139.118146"></trkpt>
      <trkpt lat="35.237877" lon="139.117175"></trkpt>
      <trkpt lat="35.237233" lon="139.116220"></trkpt>
      <trkpt lat="35.236708" lon="139.115544"></trkpt>
      <trkpt lat="35.235923" lon="139.114922"></trkpt>
      <trkpt lat="35.235126" lon="139.114214"></trkpt>
      <trkpt lat="35.234499" lon="139.113050"></trkpt>
      <trkpt lat="35.233995" lon="139.111821"></trkpt>
      <trkpt lat="35.233645" lon="139.110260"></trkpt>
      <trkpt lat="35.233640" lon="139.109439"></trkpt>
      <trkpt lat="35.233754" lon="139.108844"></trkpt>
      <trkpt lat="35.233080" lon="139.108533"></trkpt>
      <trkpt lat="35.232523" lon="139.108661"></trkpt>
      <trkpt lat="35.232225" lon="139.108495"></trkpt>
      <trkpt lat="35.231625" lon="139.107615"></trkpt>
      <trkpt lat="35.231222" lon="139.107379"></trkpt>
      <trkpt lat="35.230604" lon="139.106473"></trkpt>
      <trkpt lat="35.229841" lon="139.105786"></trkpt>
      <trkpt lat="35.229447" lon="139.104397"></trkpt>
      <trkpt lat="35.229224" lon="139.103077"></trkpt>
      <trkpt lat="35.228965" lon="139.102004"></trkpt>
      <trkpt lat="35.228851" lon="139.100851"></trkpt>
      <trkpt lat="35.228764" lon="139.100202"></trkpt>
      <trkpt lat="35.228330" lon="139.099102"></trkpt>
      <trkpt lat="35.228133" lon="139.098657"></trkpt>
      <trkpt lat="35.228076" lon="139.097943"></trkpt>
      <trkpt lat="35.228273" lon="139.097621"></trkpt>
      <trkpt lat="35.228251" lon="139.097241"></trkpt>
      <trkpt lat="35.228097" lon="139.096795"></trkpt>
      <trkpt lat="35.228185" lon="139.096264"></trkpt>
      <trkpt lat="35.228093" lon="139.095642"></trkpt>
      <trkpt lat="35.228097" lon="139.095170"></trkpt>
      <trkpt lat="35.227896" lon="139.094859"></trkpt>
      <trkpt lat="35.227699" lon="139.094827"></trkpt>
      <trkpt lat="35.227313" lon="139.094853"></trkpt>
      <trkpt lat="35.227164" lon="139.094617"></trkpt>
      <trkpt lat="35.227234" lon="139.094269"></trkpt>
      <trkpt lat="35.227182" lon="139.093915"></trkpt>
      <trkpt lat="35.226980" lon="139.093641"></trkpt>
      <trkpt lat="35.226757" lon="139.093480"></trkpt>
      <trkpt lat="35.226226" lon="139.093148"></trkpt>
      <trkpt lat="35.225766" lon="139.093083"></trkpt>
      <trkpt lat="35.225197" lon="139.092858"></trkpt>
      <trkpt lat="35.224807" lon="139.092702"></trkpt>
      <trkpt lat="35.224723" lon="139.092450"></trkpt>
      <trkpt lat="35.224771" lon="139.091790"></trkpt>
      <trkpt lat="35.224631" lon="139.091377"></trkpt>
      <trkpt lat="35.224855" lon="139.090937"></trkpt>
      <trkpt lat="35.225004" lon="139.090653"></trkpt>
      <trkpt lat="35.224850" lon="139.090213"></trkpt>
      <trkpt lat="35.223851" lon="139.088159"></trkpt>
      <trkpt lat="35.223768" lon="139.087874"></trkpt>
      <trkpt lat="35.223575" lon="139.086834"></trkpt>
      <trkpt lat="35.223422" lon="139.086710"></trkpt>
      <trkpt lat="35.223119" lon="139.086587"></trkpt>
      <trkpt lat="35.222948" lon="139.086335"></trkpt>
      <trkpt lat="35.222826" lon="139.085857"></trkpt>
      <trkpt lat="35.222721" lon="139.085503"></trkpt>
      <trkpt lat="35.222791" lon="139.084693"></trkpt>
      <trkpt lat="35.222874" lon="139.084382"></trkpt>
      <trkpt lat="35.222716" lon="139.083744"></trkpt>
      <trkpt lat="35.222374" lon="139.083100"></trkpt>
      <trkpt lat="35.222396" lon="139.082494"></trkpt>
      <trkpt lat="35.222046" lon="139.081351"></trkpt>
      <trkpt lat="35.221949" lon="139.080901"></trkpt>
      <trkpt lat="35.221875" lon="139.080021"></trkpt>
      <trkpt lat="35.221621" lon="139.079420"></trkpt>
      <trkpt lat="35.221432" lon="139.079125"></trkpt>
      <trkpt lat="35.221309" lon="139.078653"></trkpt>
      <trkpt lat="35.221445" lon="139.077956"></trkpt>
      <trkpt lat="35.221178" lon="139.077237"></trkpt>
      <trkpt lat="35.220880" lon="139.076770"></trkpt>
      <trkpt lat="35.220845" lon="139.076459"></trkpt>
      <trkpt lat="35.221020" lon="139.074662"></trkpt>
      <trkpt lat="35.220551" lon="139.074050"></trkpt>
      <trkpt lat="35.220021" lon="139.073830"></trkpt>
      <trkpt lat="35.219613" lon="139.073364"></trkpt>
      <trkpt lat="35.219504" lon="139.072655"></trkpt>
      <trkpt lat="35.219649" lon="139.072505"></trkpt>
      <trkpt lat="35.220236" lon="139.072537"></trkpt>
      <trkpt lat="35.220328" lon="139.072264"></trkpt>
      <trkpt lat="35.220078" lon="139.072022"></trkpt>
      <trkpt lat="35.219486" lon="139.071717"></trkpt>
      <trkpt lat="35.218566" lon="139.070832"></trkpt>
      <trkpt lat="35.218567" lon="139.070831"></trkpt>
      <trkpt lat="35.218441" lon="139.070682"></trkpt>
      <trkpt lat="35.218067" lon="139.070063"></trkpt>
      <trkpt lat="35.217952" lon="139.069880"></trkpt>
      <trkpt lat="35.217823" lon="139.069693"></trkpt>
      <trkpt lat="35.217837" lon="139.069649"></trkpt>
      <trkpt lat="35.217826" lon="139.069552"></trkpt>
      <trkpt lat="35.217785" lon="139.069474"></trkpt>
      <trkpt lat="35.217624" lon="139.069264"></trkpt>
      <trkpt lat="35.217539" lon="139.069112"></trkpt>
      <trkpt lat="35.217479" lon="139.068976"></trkpt>
      <trkpt lat="35.217439" lon="139.068839"></trkpt>
      <trkpt lat="35.217413" lon="139.068618"></trkpt>
      <trkpt lat="35.217396" lon="139.068391"></trkpt>
      <trkpt lat="35.217362" lon="139.068294"></trkpt>
      <trkpt lat="35.217227" lon="139.067975"></trkpt>
      <trkpt lat="35.217091" lon="139.067656"></trkpt>
      <trkpt lat="35.217147" lon="139.067558"></trkpt>
      <trkpt lat="35.217119" lon="139.067384"></trkpt>
      <trkpt lat="35.217098" lon="139.067312"></trkpt>
      <trkpt lat="35.217055" lon="139.067237"></trkpt>
      <trkpt lat="35.216773" lon="139.067013"></trkpt>
      <trkpt lat="35.216745" lon="139.066991"></trkpt>
      <trkpt lat="35.216667" lon="139.066980"></trkpt>
      <trkpt lat="35.216399" lon="139.066534"></trkpt>
      <trkpt lat="35.216241" lon="139.066268"></trkpt>
      <trkpt lat="35.216230" lon="139.066277"></trkpt>
      <trkpt lat="35.216241" lon="139.066268"></trkpt>
      <trkpt lat="35.216188" lon="139.066206"></trkpt>
      <trkpt lat="35.216141" lon="139.066168"></trkpt>
      <trkpt lat="35.216096" lon="139.066152"></trkpt>
      <trkpt lat="35.215754" lon="139.066135"></trkpt>
      <trkpt lat="35.215654" lon="139.066112"></trkpt>
      <trkpt lat="35.215587" lon="139.066086"></trkpt>
      <trkpt lat="35.215527" lon="139.066052"></trkpt>
      <trkpt lat="35.215471" lon="139.065992"></trkpt>
      <trkpt lat="35.215431" lon="139.065912"></trkpt>
      <trkpt lat="35.215343" lon="139.065898"></trkpt>
      <trkpt lat="35.215263" lon="139.065885"></trkpt>
      <trkpt lat="35.215198" lon="139.065859"></trkpt>
      <trkpt lat="35.215105" lon="139.065791"></trkpt>
      <trkpt lat="35.215009" lon="139.065731"></trkpt>
      <trkpt lat="35.214934" lon="139.065699"></trkpt>
      <trkpt lat="35.214823" lon="139.065673"></trkpt>
      <trkpt lat="35.214778" lon="139.065668"></trkpt>
      <trkpt lat="35.214753" lon="139.065679"></trkpt>
      <trkpt lat="35.214744" lon="139.065650"></trkpt>
      <trkpt lat="35.214600" lon="139.066009"></trkpt>
      <trkpt lat="35.214477" lon="139.066336"></trkpt>
      <trkpt lat="35.214480" lon="139.066339"></trkpt>
      <trkpt lat="35.214456" lon="139.066349"></trkpt>
      <trkpt lat="35.214439" lon="139.066342"></trkpt>
      <trkpt lat="35.214279" lon="139.066117"></trkpt>
      <trkpt lat="35.214175" lon="139.066007"></trkpt>
      <trkpt lat="35.214146" lon="139.065997"></trkpt>
      <trkpt lat="35.214088" lon="139.066006"></trkpt>
      <trkpt lat="35.213948" lon="139.066052"></trkpt>
      <trkpt lat="35.213891" lon="139.066057"></trkpt>
      <trkpt lat="35.213866" lon="139.066051"></trkpt>
      <trkpt lat="35.213827" lon="139.066025"></trkpt>
      <trkpt lat="35.213808" lon="139.065995"></trkpt>
      <trkpt lat="35.213791" lon="139.065968"></trkpt>
      <trkpt lat="35.213750" lon="139.065836"></trkpt>
      <trkpt lat="35.213725" lon="139.065688"></trkpt>
      <trkpt lat="35.213703" lon="139.065498"></trkpt>
      <trkpt lat="35.213691" lon="139.064874"></trkpt>
      <trkpt lat="35.213660" lon="139.064859"></trkpt>
      <trkpt lat="35.213621" lon="139.064818"></trkpt>
      <trkpt lat="35.213600" lon="139.064781"></trkpt>
      <trkpt lat="35.213502" lon="139.064460"></trkpt>
      <trkpt lat="35.213436" lon="139.064220"></trkpt>
      <trkpt lat="35.213343" lon="139.063929"></trkpt>
      <trkpt lat="35.213299" lon="139.063846"></trkpt>
      <trkpt lat="35.213298" lon="139.063847"></trkpt>
      <trkpt lat="35.213299" lon="139.063846"></trkpt>
      <trkpt lat="35.213212" lon="139.063713"></trkpt>
      <trkpt lat="35.213113" lon="139.063615"></trkpt>
      <trkpt lat="35.212973" lon="139.063529"></trkpt>
      <trkpt lat="35.212606" lon="139.063336"></trkpt>
      <trkpt lat="35.212496" lon="139.063249"></trkpt>
      <trkpt lat="35.211986" lon="139.062669"></trkpt>
      <trkpt lat="35.211956" lon="139.062630"></trkpt>
      <trkpt lat="35.211943" lon="139.062567"></trkpt>
      <trkpt lat="35.211938" lon="139.062566"></trkpt>
      <trkpt lat="35.211852" lon="139.062537"></trkpt>
      <trkpt lat="35.211681" lon="139.062497"></trkpt>
      <trkpt lat="35.211531" lon="139.062443"></trkpt>
      <trkpt lat="35.211406" lon="139.062366"></trkpt>
      <trkpt lat="35.211184" lon="139.062227"></trkpt>
      <trkpt lat="35.211117" lon="139.062129"></trkpt>
      <trkpt lat="35.211041" lon="139.061962"></trkpt>
      <trkpt lat="35.210978" lon="139.061930"></trkpt>
      <trkpt lat="35.210855" lon="139.061946"></trkpt>
      <trkpt lat="35.210772" lon="139.061899"></trkpt>
      <trkpt lat="35.210678" lon="139.061754"></trkpt>
      <trkpt lat="35.210667" lon="139.061714"></trkpt>
      <trkpt lat="35.210597" lon="139.061681"></trkpt>
      <trkpt lat="35.210482" lon="139.061683"></trkpt>
      <trkpt lat="35.210352" lon="139.061662"></trkpt>
      <trkpt lat="35.210224" lon="139.061606"></trkpt>
      <trkpt lat="35.209987" lon="139.061472"></trkpt>
      <trkpt lat="35.209883" lon="139.061424"></trkpt>
      <trkpt lat="35.209845" lon="139.061258"></trkpt>
      <trkpt lat="35.209850" lon="139.061179"></trkpt>
      <trkpt lat="35.209881" lon="139.061048"></trkpt>
      <trkpt lat="35.209867" lon="139.061017"></trkpt>
      <trkpt lat="35.209858" lon="139.060984"></trkpt>
      <trkpt lat="35.209903" lon="139.060945"></trkpt>
      <trkpt lat="35.209893" lon="139.060918"></trkpt>
      <trkpt lat="35.209901" lon="139.060913"></trkpt>
      <trkpt lat="35.209893" lon="139.060918"></trkpt>
      <trkpt lat="35.209874" lon="139.060868"></trkpt>
      <trkpt lat="35.209646" lon="139.061066"></trkpt>
      <trkpt lat="35.209598" lon="139.061087"></trkpt>
      <trkpt lat="35.209557" lon="139.061081"></trkpt>
      <trkpt lat="35.209521" lon="139.061055"></trkpt>
      <trkpt lat="35.209501" lon="139.061008"></trkpt>
      <trkpt lat="35.209496" lon="139.060944"></trkpt>
      <trkpt lat="35.209514" lon="139.060878"></trkpt>
      <trkpt lat="35.209544" lon="139.060830"></trkpt>
      <trkpt lat="35.209600" lon="139.060778"></trkpt>
      <trkpt lat="35.209752" lon="139.060438"></trkpt>
      <trkpt lat="35.209700" lon="139.060476"></trkpt>
      <trkpt lat="35.209704" lon="139.060484"></trkpt>
      <trkpt lat="35.209240" lon="139.060757"></trkpt>
      <trkpt lat="35.209143" lon="139.060725"></trkpt>
      <trkpt lat="35.208880" lon="139.060371"></trkpt>
      <trkpt lat="35.208889" lon="139.060258"></trkpt>
      <trkpt lat="35.208906" lon="139.060267"></trkpt>
      <trkpt lat="35.208915" lon="139.060243"></trkpt>
      <trkpt lat="35.208969" lon="139.060193"></trkpt>
      <trkpt lat="35.209187" lon="139.060057"></trkpt>
      <trkpt lat="35.209516" lon="139.059851"></trkpt>
      <trkpt lat="35.209664" lon="139.059751"></trkpt>
      <trkpt lat="35.209730" lon="139.059658"></trkpt>
      <trkpt lat="35.209749" lon="139.059601"></trkpt>
      <trkpt lat="35.209753" lon="139.059546"></trkpt>
      <trkpt lat="35.209739" lon="139.059545"></trkpt>
      <trkpt lat="35.209753" lon="139.059546"></trkpt>
      <trkpt lat="35.209756" lon="139.059503"></trkpt>
      <trkpt lat="35.209740" lon="139.059434"></trkpt>
      <trkpt lat="35.209702" lon="139.059385"></trkpt>
      <trkpt lat="35.209653" lon="139.059364"></trkpt>
      <trkpt lat="35.209599" lon="139.059368"></trkpt>
      <trkpt lat="35.209474" lon="139.059452"></trkpt>
      <trkpt lat="35.209326" lon="139.059534"></trkpt>
      <trkpt lat="35.208959" lon="139.059644"></trkpt>
      <trkpt lat="35.208895" lon="139.059644"></trkpt>
      <trkpt lat="35.208832" lon="139.059623"></trkpt>
      <trkpt lat="35.208803" lon="139.059606"></trkpt>
      <trkpt lat="35.208772" lon="139.059558"></trkpt>
      <trkpt lat="35.208751" lon="139.059494"></trkpt>
      <trkpt lat="35.208747" lon="139.059418"></trkpt>
      <trkpt lat="35.208763" lon="139.059342"></trkpt>
      <trkpt lat="35.208803" lon="139.059290"></trkpt>
      <trkpt lat="35.208855" lon="139.059266"></trkpt>
      <trkpt lat="35.209309" lon="139.059248"></trkpt>
      <trkpt lat="35.209352" lon="139.059232"></trkpt>
      <trkpt lat="35.209390" lon="139.059201"></trkpt>
      <trkpt lat="35.209418" lon="139.059150"></trkpt>
      <trkpt lat="35.209428" lon="139.059076"></trkpt>
      <trkpt lat="35.209417" lon="139.059028"></trkpt>
      <trkpt lat="35.209419" lon="139.058992"></trkpt>
      <trkpt lat="35.209417" lon="139.059028"></trkpt>
      <trkpt lat="35.209391" lon="139.058979"></trkpt>
      <trkpt lat="35.209361" lon="139.058952"></trkpt>
      <trkpt lat="35.209325" lon="139.058925"></trkpt>
      <trkpt lat="35.209252" lon="139.058902"></trkpt>
      <trkpt lat="35.208912" lon="139.058810"></trkpt>
      <trkpt lat="35.208876" lon="139.058801"></trkpt>
      <trkpt lat="35.208824" lon="139.058772"></trkpt>
      <trkpt lat="35.208794" lon="139.058723"></trkpt>
      <trkpt lat="35.208780" lon="139.058669"></trkpt>
      <trkpt lat="35.208787" lon="139.058598"></trkpt>
      <trkpt lat="35.208792" lon="139.058481"></trkpt>
      <trkpt lat="35.208803" lon="139.058420"></trkpt>
      <trkpt lat="35.208806" lon="139.058337"></trkpt>
      <trkpt lat="35.208780" lon="139.058291"></trkpt>
      <trkpt lat="35.208655" lon="139.058202"></trkpt>
      <trkpt lat="35.208625" lon="139.058139"></trkpt>
      <trkpt lat="35.208603" lon="139.058032"></trkpt>
      <trkpt lat="35.208562" lon="139.057931"></trkpt>
      <trkpt lat="35.208506" lon="139.057874"></trkpt>
      <trkpt lat="35.208519" lon="139.057806"></trkpt>
      <trkpt lat="35.208554" lon="139.057744"></trkpt>
      <trkpt lat="35.208619" lon="139.057606"></trkpt>
      <trkpt lat="35.208680" lon="139.057522"></trkpt>
      <trkpt lat="35.208692" lon="139.057485"></trkpt>
      <trkpt lat="35.208698" lon="139.057403"></trkpt>
      <trkpt lat="35.208672" lon="139.057377"></trkpt>
      <trkpt lat="35.208679" lon="139.057367"></trkpt>
      <trkpt lat="35.208672" lon="139.057377"></trkpt>
      <trkpt lat="35.208660" lon="139.057365"></trkpt>
      <trkpt lat="35.208625" lon="139.057354"></trkpt>
      <trkpt lat="35.208532" lon="139.057382"></trkpt>
      <trkpt lat="35.208485" lon="139.057411"></trkpt>
      <trkpt lat="35.208414" lon="139.057418"></trkpt>
      <trkpt lat="35.208342" lon="139.057408"></trkpt>
      <trkpt lat="35.208298" lon="139.057375"></trkpt>
      <trkpt lat="35.208229" lon="139.057265"></trkpt>
      <trkpt lat="35.208198" lon="139.057248"></trkpt>
      <trkpt lat="35.208153" lon="139.057302"></trkpt>
      <trkpt lat="35.208058" lon="139.057365"></trkpt>
      <trkpt lat="35.207888" lon="139.057519"></trkpt>
      <trkpt lat="35.207744" lon="139.057581"></trkpt>
      <trkpt lat="35.207509" lon="139.057567"></trkpt>
      <trkpt lat="35.207449" lon="139.057536"></trkpt>
      <trkpt lat="35.207435" lon="139.057521"></trkpt>
      <trkpt lat="35.207404" lon="139.057487"></trkpt>
      <trkpt lat="35.207358" lon="139.057363"></trkpt>
      <trkpt lat="35.207294" lon="139.057296"></trkpt>
      <trkpt lat="35.207254" lon="139.057215"></trkpt>
      <trkpt lat="35.207168" lon="139.057123"></trkpt>
      <trkpt lat="35.207089" lon="139.057054"></trkpt>
      <trkpt lat="35.206962" lon="139.056969"></trkpt>
      <trkpt lat="35.206796" lon="139.056876"></trkpt>
      <trkpt lat="35.206634" lon="139.056813"></trkpt>
      <trkpt lat="35.206357" lon="139.056700"></trkpt>
      <trkpt lat="35.206364" lon="139.056680"></trkpt>
      <trkpt lat="35.206357" lon="139.056700"></trkpt>
      <trkpt lat="35.206328" lon="139.056684"></trkpt>
      <trkpt lat="35.206257" lon="139.056577"></trkpt>
      <trkpt lat="35.206166" lon="139.056501"></trkpt>
      <trkpt lat="35.206163" lon="139.056498"></trkpt>
      <trkpt lat="35.206144" lon="139.056481"></trkpt>
      <trkpt lat="35.205869" lon="139.056293"></trkpt>
      <trkpt lat="35.205711" lon="139.056141"></trkpt>
      <trkpt lat="35.205591" lon="139.056045"></trkpt>
      <trkpt lat="35.205602" lon="139.055968"></trkpt>
      <trkpt lat="35.205597" lon="139.055937"></trkpt>
      <trkpt lat="35.205591" lon="139.055904"></trkpt>
      <trkpt lat="35.205552" lon="139.055826"></trkpt>
      <trkpt lat="35.205459" lon="139.055731"></trkpt>
      <trkpt lat="35.205440" lon="139.055686"></trkpt>
      <trkpt lat="35.205416" lon="139.055659"></trkpt>
      <trkpt lat="35.205287" lon="139.055454"></trkpt>
      <trkpt lat="35.205100" lon="139.055161"></trkpt>
      <trkpt lat="35.205060" lon="139.055100"></trkpt>
      <trkpt lat="35.205037" lon="139.055064"></trkpt>
      <trkpt lat="35.205024" lon="139.055045"></trkpt>
      <trkpt lat="35.204995" lon="139.055000"></trkpt>
      <trkpt lat="35.204965" lon="139.054956"></trkpt>
      <trkpt lat="35.204725" lon="139.054770"></trkpt>
      <trkpt lat="35.204647" lon="139.054681"></trkpt>
      <trkpt lat="35.204626" lon="139.054657"></trkpt>
      <trkpt lat="35.204559" lon="139.054581"></trkpt>
      <trkpt lat="35.204466" lon="139.054458"></trkpt>
      <trkpt lat="35.204100" lon="139.054114"></trkpt>
      <trkpt lat="35.204124" lon="139.054095"></trkpt>
      <trkpt lat="35.204100" lon="139.054114"></trkpt>
      <trkpt lat="35.203885" lon="139.053707"></trkpt>
      <trkpt lat="35.203842" lon="139.053632"></trkpt>
      <trkpt lat="35.203923" lon="139.053505"></trkpt>
      <trkpt lat="35.203891" lon="139.053465"></trkpt>
      <trkpt lat="35.203789" lon="139.053339"></trkpt>
      <trkpt lat="35.203939" lon="139.053122"></trkpt>
      <trkpt lat="35.203945" lon="139.053065"></trkpt>
      <trkpt lat="35.203933" lon="139.053016"></trkpt>
      <trkpt lat="35.203945" lon="139.053011"></trkpt>
      <trkpt lat="35.203498" lon="139.052362"></trkpt>
      <trkpt lat="35.203287" lon="139.052196"></trkpt>
      <trkpt lat="35.202695" lon="139.051369"></trkpt>
      <trkpt lat="35.202722" lon="139.051096"></trkpt>
      <trkpt lat="35.202647" lon="139.050790"></trkpt>
      <trkpt lat="35.202542" lon="139.050329"></trkpt>
      <trkpt lat="35.202454" lon="139.049712"></trkpt>
      <trkpt lat="35.202503" lon="139.049508"></trkpt>
      <trkpt lat="35.202362" lon="139.048714"></trkpt>
      <trkpt lat="35.202305" lon="139.048467"></trkpt>
      <trkpt lat="35.202542" lon="139.047491"></trkpt>
      <trkpt lat="35.202595" lon="139.046745"></trkpt>
      <trkpt lat="35.202792" lon="139.045817"></trkpt>
      <trkpt lat="35.202866" lon="139.045490"></trkpt>
      <trkpt lat="35.202868" lon="139.045491"></trkpt>
      <trkpt lat="35.202981" lon="139.045218"></trkpt>
      <trkpt lat="35.203189" lon="139.044901"></trkpt>
      <trkpt lat="35.203284" lon="139.044773"></trkpt>
      <trkpt lat="35.203377" lon="139.044631"></trkpt>
      <trkpt lat="35.203393" lon="139.044551"></trkpt>
      <trkpt lat="35.203422" lon="139.044312"></trkpt>
      <trkpt lat="35.203429" lon="139.044196"></trkpt>
      <trkpt lat="35.203636" lon="139.043986"></trkpt>
      <trkpt lat="35.203660" lon="139.043963"></trkpt>
      <trkpt lat="35.203756" lon="139.043797"></trkpt>
      <trkpt lat="35.203718" lon="139.043133"></trkpt>
      <trkpt lat="35.203718" lon="139.043021"></trkpt>
      <trkpt lat="35.203664" lon="139.042861"></trkpt>
      <trkpt lat="35.203662" lon="139.042808"></trkpt>
      <trkpt lat="35.203664" lon="139.042808"></trkpt>
      <trkpt lat="35.203662" lon="139.042808"></trkpt>
      <trkpt lat="35.203661" lon="139.042789"></trkpt>
      <trkpt lat="35.203684" lon="139.042729"></trkpt>
      <trkpt lat="35.203767" lon="139.042587"></trkpt>
      <trkpt lat="35.203937" lon="139.042374"></trkpt>
      <trkpt lat="35.203996" lon="139.042287"></trkpt>
      <trkpt lat="35.204054" lon="139.042134"></trkpt>
      <trkpt lat="35.204095" lon="139.042074"></trkpt>
      <trkpt lat="35.204121" lon="139.042049"></trkpt>
      <trkpt lat="35.204109" lon="139.041993"></trkpt>
      <trkpt lat="35.203975" lon="139.041975"></trkpt>
      <trkpt lat="35.203894" lon="139.041944"></trkpt>
      <trkpt lat="35.203859" lon="139.041887"></trkpt>
      <trkpt lat="35.203841" lon="139.041804"></trkpt>
      <trkpt lat="35.203807" lon="139.041579"></trkpt>
      <trkpt lat="35.203802" lon="139.041407"></trkpt>
      <trkpt lat="35.203840" lon="139.041249"></trkpt>
      <trkpt lat="35.203805" lon="139.040980"></trkpt>
      <trkpt lat="35.203776" lon="139.040721"></trkpt>
      <trkpt lat="35.203781" lon="139.040620"></trkpt>
      <trkpt lat="35.203819" lon="139.040548"></trkpt>
      <trkpt lat="35.203924" lon="139.040464"></trkpt>
      <trkpt lat="35.203940" lon="139.040422"></trkpt>
      <trkpt lat="35.203922" lon="139.040310"></trkpt>
      <trkpt lat="35.203823" lon="139.040085"></trkpt>
      <trkpt lat="35.203767" lon="139.039926"></trkpt>
      <trkpt lat="35.203767" lon="139.039911"></trkpt>
      <trkpt lat="35.203756" lon="139.039911"></trkpt>
      <trkpt lat="35.203767" lon="139.039911"></trkpt>
      <trkpt lat="35.203768" lon="139.039792"></trkpt>
      <trkpt lat="35.203850" lon="139.039589"></trkpt>
      <trkpt lat="35.203951" lon="139.039407"></trkpt>
      <trkpt lat="35.204040" lon="139.039283"></trkpt>
      <trkpt lat="35.204062" lon="139.039197"></trkpt>
      <trkpt lat="35.204059" lon="139.039154"></trkpt>
      <trkpt lat="35.204053" lon="139.039035"></trkpt>
      <trkpt lat="35.203903" lon="139.038360"></trkpt>
      <trkpt lat="35.203908" lon="139.038310"></trkpt>
      <trkpt lat="35.203990" lon="139.038116"></trkpt>
      <trkpt lat="35.203992" lon="139.038006"></trkpt>
      <trkpt lat="35.204010" lon="139.037958"></trkpt>
      <trkpt lat="35.204138" lon="139.037814"></trkpt>
      <trkpt lat="35.204241" lon="139.037714"></trkpt>
      <trkpt lat="35.204265" lon="139.037669"></trkpt>
      <trkpt lat="35.204278" lon="139.037679"></trkpt>
      <trkpt lat="35.204265" lon="139.037669"></trkpt>
      <trkpt lat="35.204271" lon="139.037604"></trkpt>
      <trkpt lat="35.204205" lon="139.037152"></trkpt>
      <trkpt lat="35.204192" lon="139.036997"></trkpt>
      <trkpt lat="35.204194" lon="139.036733"></trkpt>
      <trkpt lat="35.204165" lon="139.036405"></trkpt>
      <trkpt lat="35.204132" lon="139.036211"></trkpt>
      <trkpt lat="35.204039" lon="139.035768"></trkpt>
      <trkpt lat="35.204014" lon="139.035686"></trkpt>
      <trkpt lat="35.203870" lon="139.035499"></trkpt>
      <trkpt lat="35.203831" lon="139.035413"></trkpt>
      <trkpt lat="35.203748" lon="139.034876"></trkpt>
      <trkpt lat="35.203726" lon="139.034723"></trkpt>
      <trkpt lat="35.203692" lon="139.034561"></trkpt>
      <trkpt lat="35.203690" lon="139.034486"></trkpt>
      <trkpt lat="35.203707" lon="139.034388"></trkpt>
      <trkpt lat="35.203760" lon="139.034198"></trkpt>
      <trkpt lat="35.203766" lon="139.034120"></trkpt>
      <trkpt lat="35.203737" lon="139.034035"></trkpt>
      <trkpt lat="35.203747" lon="139.034026"></trkpt>
      <trkpt lat="35.203737" lon="139.034035"></trkpt>
      <trkpt lat="35.203714" lon="139.033999"></trkpt>
      <trkpt lat="35.203523" lon="139.033861"></trkpt>
      <trkpt lat="35.203411" lon="139.033779"></trkpt>
      <trkpt lat="35.203388" lon="139.033754"></trkpt>
      <trkpt lat="35.203376" lon="139.033699"></trkpt>
      <trkpt lat="35.203418" lon="139.033602"></trkpt>
      <trkpt lat="35.203418" lon="139.033602"></trkpt>
      <trkpt lat="35.203376" lon="139.033502"></trkpt>
      <trkpt lat="35.203330" lon="139.033423"></trkpt>
      <trkpt lat="35.203161" lon="139.033257"></trkpt>
      <trkpt lat="35.203035" lon="139.033178"></trkpt>
      <trkpt lat="35.202981" lon="139.033167"></trkpt>
      <trkpt lat="35.202917" lon="139.033171"></trkpt>
      <trkpt lat="35.202846" lon="139.033114"></trkpt>
      <trkpt lat="35.202786" lon="139.033053"></trkpt>
      <trkpt lat="35.202783" lon="139.032948"></trkpt>
      <trkpt lat="35.202732" lon="139.032798"></trkpt>
      <trkpt lat="35.202734" lon="139.032638"></trkpt>
      <trkpt lat="35.202734" lon="139.032638"></trkpt>
      <trkpt lat="35.202737" lon="139.032301"></trkpt>
      <trkpt lat="35.202665" lon="139.032268"></trkpt>
      <trkpt lat="35.202712" lon="139.031825"></trkpt>
      <trkpt lat="35.202738" lon="139.031663"></trkpt>
      <trkpt lat="35.202734" lon="139.031662"></trkpt>
      <trkpt lat="35.202652" lon="139.031620"></trkpt>
      <trkpt lat="35.202196" lon="139.031290"></trkpt>
      <trkpt lat="35.202020" lon="139.031205"></trkpt>
      <trkpt lat="35.202020" lon="139.031205"></trkpt>
      <trkpt lat="35.201936" lon="139.031164"></trkpt>
      <trkpt lat="35.201015" lon="139.030939"></trkpt>
      <trkpt lat="35.201036" lon="139.030839"></trkpt>
      <trkpt lat="35.201068" lon="139.030657"></trkpt>
      <trkpt lat="35.201042" lon="139.030661"></trkpt>
      <trkpt lat="35.200942" lon="139.030618"></trkpt>
      <trkpt lat="35.200658" lon="139.030479"></trkpt>
      <trkpt lat="35.200594" lon="139.030360"></trkpt>
      <trkpt lat="35.200197" lon="139.030159"></trkpt>
      <trkpt lat="35.199898" lon="139.029838"></trkpt>
      <trkpt lat="35.199487" lon="139.029555"></trkpt>
      <trkpt lat="35.199361" lon="139.029418"></trkpt>
      <trkpt lat="35.199289" lon="139.029521"></trkpt>
      <trkpt lat="35.199206" lon="139.029750"></trkpt>
      <trkpt lat="35.199145" lon="139.029680"></trkpt>
      <trkpt lat="35.199104" lon="139.029652"></trkpt>
      <trkpt lat="35.199088" lon="139.029687"></trkpt>
      <trkpt lat="35.199104" lon="139.029652"></trkpt>
      <trkpt lat="35.199145" lon="139.029680"></trkpt>
      <trkpt lat="35.199239" lon="139.029782"></trkpt>
      <trkpt lat="35.199220" lon="139.029851"></trkpt>
      <trkpt lat="35.199118" lon="139.029766"></trkpt>
      <trkpt lat="35.199077" lon="139.029799"></trkpt>
      <trkpt lat="35.198890" lon="139.029769"></trkpt>
      <trkpt lat="35.198294" lon="139.029665"></trkpt>
      <trkpt lat="35.198127" lon="139.029624"></trkpt>
      <trkpt lat="35.198025" lon="139.029569"></trkpt>
      <trkpt lat="35.197807" lon="139.029404"></trkpt>
      <trkpt lat="35.197572" lon="139.029207"></trkpt>
      <trkpt lat="35.197396" lon="139.029083"></trkpt>
      <trkpt lat="35.197362" lon="139.029074"></trkpt>
      <trkpt lat="35.197272" lon="139.029050"></trkpt>
      <trkpt lat="35.197052" lon="139.029014"></trkpt>
      <trkpt lat="35.196280" lon="139.028956"></trkpt>
      <trkpt lat="35.196177" lon="139.028919"></trkpt>
      <trkpt lat="35.196035" lon="139.028852"></trkpt>
      <trkpt lat="35.195940" lon="139.028773"></trkpt>
      <trkpt lat="35.195936" lon="139.028780"></trkpt>
      <trkpt lat="35.195940" lon="139.028773"></trkpt>
      <trkpt lat="35.195831" lon="139.028685"></trkpt>
      <trkpt lat="35.195704" lon="139.028531"></trkpt>
      <trkpt lat="35.195268" lon="139.028164"></trkpt>
      <trkpt lat="35.194969" lon="139.027994"></trkpt>
      <trkpt lat="35.194871" lon="139.027910"></trkpt>
      <trkpt lat="35.194527" lon="139.027822"></trkpt>
      <trkpt lat="35.194532" lon="139.027704"></trkpt>
      <trkpt lat="35.194530" lon="139.027662"></trkpt>
      <trkpt lat="35.194467" lon="139.027514"></trkpt>
      <trkpt lat="35.194410" lon="139.027461"></trkpt>
      <trkpt lat="35.194112" lon="139.027222"></trkpt>
      <trkpt lat="35.194179" lon="139.027099"></trkpt>
      <trkpt lat="35.193920" lon="139.026880"></trkpt>
      <trkpt lat="35.193734" lon="139.026770"></trkpt>
      <trkpt lat="35.193678" lon="139.026733"></trkpt>
      <trkpt lat="35.193325" lon="139.026501"></trkpt>
      <trkpt lat="35.193178" lon="139.026402"></trkpt>
      <trkpt lat="35.193162" lon="139.026398"></trkpt>
      <trkpt lat="35.193071" lon="139.026377"></trkpt>
      <trkpt lat="35.192727" lon="139.026368"></trkpt>
      <trkpt lat="35.192557" lon="139.026353"></trkpt>
      <trkpt lat="35.192307" lon="139.026370"></trkpt>
      <trkpt lat="35.192224" lon="139.026403"></trkpt>
      <trkpt lat="35.192219" lon="139.026393"></trkpt>
      <trkpt lat="35.192039" lon="139.026613"></trkpt>
      <trkpt lat="35.191504" lon="139.027391"></trkpt>
      <trkpt lat="35.191496" lon="139.027404"></trkpt>
      <trkpt lat="35.191475" lon="139.027386"></trkpt>
      <trkpt lat="35.191452" lon="139.027427"></trkpt>
      <trkpt lat="35.191197" lon="139.027214"></trkpt>
      <trkpt lat="35.190722" lon="139.026773"></trkpt>
      <trkpt lat="35.190233" lon="139.026279"></trkpt>
      <trkpt lat="35.190148" lon="139.026243"></trkpt>
      <trkpt lat="35.190021" lon="139.026108"></trkpt>
      <trkpt lat="35.189988" lon="139.026036"></trkpt>
      <trkpt lat="35.189127" lon="139.025175"></trkpt>
      <trkpt lat="35.189068" lon="139.025161"></trkpt>
      <trkpt lat="35.188961" lon="139.025045"></trkpt>
      <trkpt lat="35.188946" lon="139.024987"></trkpt>
      <trkpt lat="35.188612" lon="139.024660"></trkpt>
      <trkpt lat="35.187966" lon="139.024066"></trkpt>
      <trkpt lat="35.187865" lon="139.023948"></trkpt>
      <trkpt lat="35.187872" lon="139.023936"></trkpt>
      <trkpt lat="35.187887" lon="139.023909"></trkpt>
      <trkpt lat="35.187916" lon="139.023497"></trkpt>
      <trkpt lat="35.188090" lon="139.022479"></trkpt>
      <trkpt lat="35.188126" lon="139.022148"></trkpt>
      <trkpt lat="35.188133" lon="139.021725"></trkpt>
      <trkpt lat="35.188103" lon="139.021435"></trkpt>
      <trkpt lat="35.188115" lon="139.021333"></trkpt>
      <trkpt lat="35.188109" lon="139.021236"></trkpt>
      <trkpt lat="35.188087" lon="139.021125"></trkpt>
      <trkpt lat="35.187989" lon="139.020883"></trkpt>
      <trkpt lat="35.187951" lon="139.020705"></trkpt>
      <trkpt lat="35.187879" lon="139.020554"></trkpt>
      <trkpt lat="35.187860" lon="139.020447"></trkpt>
      <trkpt lat="35.187854" lon="139.020330"></trkpt>
      <trkpt lat="35.187780" lon="139.020035"></trkpt>
      <trkpt lat="35.187766" lon="139.019853"></trkpt>
      <trkpt lat="35.187737" lon="139.019752"></trkpt>
      <trkpt lat="35.187710" lon="139.019702"></trkpt>
      <trkpt lat="35.187721" lon="139.019693"></trkpt>
      <trkpt lat="35.187710" lon="139.019702"></trkpt>
      <trkpt lat="35.187625" lon="139.019558"></trkpt>
      <trkpt lat="35.187080" lon="139.019195"></trkpt>
      <trkpt lat="35.186604" lon="139.018925"></trkpt>
      <trkpt lat="35.186378" lon="139.018714"></trkpt>
      <trkpt lat="35.186153" lon="139.018502"></trkpt>
      <trkpt lat="35.186110" lon="139.018423"></trkpt>
      <trkpt lat="35.186072" lon="139.018351"></trkpt>
      <trkpt lat="35.186063" lon="139.018225"></trkpt>
      <trkpt lat="35.186112" lon="139.017761"></trkpt>
      <trkpt lat="35.186110" lon="139.017702"></trkpt>
      <trkpt lat="35.186116" lon="139.017702"></trkpt>
      <trkpt lat="35.186110" lon="139.017702"></trkpt>
      <trkpt lat="35.186109" lon="139.017635"></trkpt>
      <trkpt lat="35.185978" lon="139.017482"></trkpt>
      <trkpt lat="35.185688" lon="139.017408"></trkpt>
      <trkpt lat="35.185647" lon="139.017322"></trkpt>
      <trkpt lat="35.185636" lon="139.016908"></trkpt>
      <trkpt lat="35.185601" lon="139.016678"></trkpt>
      <trkpt lat="35.185603" lon="139.016655"></trkpt>
      <trkpt lat="35.185603" lon="139.016655"></trkpt>
      <trkpt lat="35.185617" lon="139.016472"></trkpt>
      <trkpt lat="35.185506" lon="139.016477"></trkpt>
      <trkpt lat="35.185022" lon="139.016553"></trkpt>
      <trkpt lat="35.184568" lon="139.016638"></trkpt>
      <trkpt lat="35.184420" lon="139.016639"></trkpt>
      <trkpt lat="35.184274" lon="139.016596"></trkpt>
      <trkpt lat="35.184123" lon="139.016529"></trkpt>
      <trkpt lat="35.184123" lon="139.016529"></trkpt>
      <trkpt lat="35.184040" lon="139.016450"></trkpt>
      <trkpt lat="35.183950" lon="139.016316"></trkpt>
      <trkpt lat="35.183883" lon="139.016187"></trkpt>
      <trkpt lat="35.183827" lon="139.016038"></trkpt>
      <trkpt lat="35.183786" lon="139.015824"></trkpt>
      <trkpt lat="35.183788" lon="139.015682"></trkpt>
      <trkpt lat="35.183721" lon="139.015630"></trkpt>
      <trkpt lat="35.183597" lon="139.015366"></trkpt>
      <trkpt lat="35.183538" lon="139.015290"></trkpt>
      <trkpt lat="35.183516" lon="139.015315"></trkpt>
      <trkpt lat="35.182955" lon="139.015235"></trkpt>
      <trkpt lat="35.182740" lon="139.014967"></trkpt>
      <trkpt lat="35.182823" lon="139.014591"></trkpt>
      <trkpt lat="35.182679" lon="139.014371"></trkpt>
      <trkpt lat="35.182074" lon="139.014146"></trkpt>
      <trkpt lat="35.181938" lon="139.014216"></trkpt>
      <trkpt lat="35.181867" lon="139.013910"></trkpt>
      <trkpt lat="35.181280" lon="139.013765"></trkpt>
      <trkpt lat="35.181254" lon="139.013507"></trkpt>
      <trkpt lat="35.181162" lon="139.013395"></trkpt>
      <trkpt lat="35.180438" lon="139.013266"></trkpt>
      <trkpt lat="35.180307" lon="139.013143"></trkpt>
      <trkpt lat="35.179701" lon="139.013105"></trkpt>
      <trkpt lat="35.179605" lon="139.013164"></trkpt>
      <trkpt lat="35.179386" lon="139.013116"></trkpt>
      <trkpt lat="35.179245" lon="139.013282"></trkpt>
      <trkpt lat="35.179035" lon="139.012987"></trkpt>
      <trkpt lat="35.178487" lon="139.012585"></trkpt>
      <trkpt lat="35.178013" lon="139.012086"></trkpt>
      <trkpt lat="35.177619" lon="139.011388"></trkpt>
      <trkpt lat="35.177470" lon="139.010916"></trkpt>
      <trkpt lat="35.177321" lon="139.010761"></trkpt>
      <trkpt lat="35.177027" lon="139.010739"></trkpt>
      <trkpt lat="35.176869" lon="139.010600"></trkpt>
      <trkpt lat="35.176716" lon="139.010305"></trkpt>
      <trkpt lat="35.176194" lon="139.009683"></trkpt>
      <trkpt lat="35.176023" lon="139.009586"></trkpt>
      <trkpt lat="35.175852" lon="139.009597"></trkpt>
      <trkpt lat="35.175790" lon="139.009312"></trkpt>
      <trkpt lat="35.175575" lon="139.009055"></trkpt>
      <trkpt lat="35.174861" lon="139.008953"></trkpt>
      <trkpt lat="35.174681" lon="139.008840"></trkpt>
      <trkpt lat="35.174576" lon="139.008851"></trkpt>
      <trkpt lat="35.174479" lon="139.008744"></trkpt>
      <trkpt lat="35.173835" lon="139.008808"></trkpt>
      <trkpt lat="35.173624" lon="139.008567"></trkpt>
      <trkpt lat="35.173155" lon="139.008191"></trkpt>
      <trkpt lat="35.172953" lon="139.008159"></trkpt>
      <trkpt lat="35.172778" lon="139.007226"></trkpt>
      <trkpt lat="35.172449" lon="139.007011"></trkpt>
      <trkpt lat="35.172195" lon="139.006995"></trkpt>
      <trkpt lat="35.172054" lon="139.007075"></trkpt>
      <trkpt lat="35.171743" lon="139.006609"></trkpt>
      <trkpt lat="35.171379" lon="139.005992"></trkpt>
      <trkpt lat="35.170568" lon="139.005327"></trkpt>
      <trkpt lat="35.170296" lon="139.005053"></trkpt>
      <trkpt lat="35.170191" lon="139.004839"></trkpt>
      <trkpt lat="35.169963" lon="139.004833"></trkpt>
      <trkpt lat="35.169358" lon="139.004066"></trkpt>
      <trkpt lat="35.168897" lon="139.003519"></trkpt>
      <trkpt lat="35.168586" lon="139.003438"></trkpt>
      <trkpt lat="35.168257" lon="139.003256"></trkpt>
      <trkpt lat="35.168016" lon="139.003159"></trkpt>
      <trkpt lat="35.167823" lon="139.002999"></trkpt>
      <trkpt lat="35.167625" lon="139.003020"></trkpt>
      <trkpt lat="35.167419" lon="139.003197"></trkpt>
      <trkpt lat="35.167047" lon="139.003063"></trkpt>
      <trkpt lat="35.166661" lon="139.003176"></trkpt>
      <trkpt lat="35.166384" lon="139.003090"></trkpt>
      <trkpt lat="35.166222" lon="139.002661"></trkpt>
      <trkpt lat="35.165985" lon="139.002457"></trkpt>
      <trkpt lat="35.165889" lon="139.002478"></trkpt>
      <trkpt lat="35.165599" lon="139.002274"></trkpt>
      <trkpt lat="35.164731" lon="139.001985"></trkpt>
      <trkpt lat="35.163889" lon="139.002156"></trkpt>
      <trkpt lat="35.163179" lon="139.001266"></trkpt>
      <trkpt lat="35.162810" lon="139.001663"></trkpt>
      <trkpt lat="35.162249" lon="139.001223"></trkpt>
      <trkpt lat="35.161889" lon="139.000440"></trkpt>
      <trkpt lat="35.161881" lon="139.000118"></trkpt>
      <trkpt lat="35.161381" lon="138.999302"></trkpt>
      <trkpt lat="35.160582" lon="138.998519"></trkpt>
      <trkpt lat="35.160328" lon="138.998433"></trkpt>
      <trkpt lat="35.159179" lon="138.997436"></trkpt>
      <trkpt lat="35.158644" lon="138.997328"></trkpt>
      <trkpt lat="35.158039" lon="138.996878"></trkpt>
      <trkpt lat="35.157837" lon="138.996910"></trkpt>
      <trkpt lat="35.157530" lon="138.996545"></trkpt>
      <trkpt lat="35.157591" lon="138.996095"></trkpt>
      <trkpt lat="35.157249" lon="138.995794"></trkpt>
      <trkpt lat="35.156986" lon="138.995912"></trkpt>
      <trkpt lat="35.156898" lon="138.995891"></trkpt>
      <trkpt lat="35.154811" lon="138.994775"></trkpt>
      <trkpt lat="35.154267" lon="138.994464"></trkpt>
      <trkpt lat="35.153732" lon="138.994260"></trkpt>
      <trkpt lat="35.152811" lon="138.993187"></trkpt>
      <trkpt lat="35.152232" lon="138.992575"></trkpt>
      <trkpt lat="35.152065" lon="138.991975"></trkpt>
      <trkpt lat="35.151565" lon="138.991492"></trkpt>
      <trkpt lat="35.151118" lon="138.990634"></trkpt>
      <trkpt lat="35.151144" lon="138.990269"></trkpt>
      <trkpt lat="35.151039" lon="138.990043"></trkpt>
      <trkpt lat="35.150907" lon="138.989239"></trkpt>
      <trkpt lat="35.150504" lon="138.988670"></trkpt>
      <trkpt lat="35.150232" lon="138.988305"></trkpt>
      <trkpt lat="35.150161" lon="138.987490"></trkpt>
      <trkpt lat="35.150082" lon="138.986932"></trkpt>
      <trkpt lat="35.150126" lon="138.986439"></trkpt>
      <trkpt lat="35.150556" lon="138.985999"></trkpt>
      <trkpt lat="35.150258" lon="138.985698"></trkpt>
      <trkpt lat="35.150337" lon="138.985291"></trkpt>
      <trkpt lat="35.150258" lon="138.984464"></trkpt>
      <trkpt lat="35.149670" lon="138.983692"></trkpt>
      <trkpt lat="35.149433" lon="138.983413"></trkpt>
      <trkpt lat="35.148916" lon="138.982555"></trkpt>
      <trkpt lat="35.148802" lon="138.982351"></trkpt>
      <trkpt lat="35.148740" lon="138.981782"></trkpt>
      <trkpt lat="35.148188" lon="138.981010"></trkpt>
      <trkpt lat="35.147091" lon="138.978928"></trkpt>
      <trkpt lat="35.146845" lon="138.978413"></trkpt>
      <trkpt lat="35.146442" lon="138.977394"></trkpt>
      <trkpt lat="35.146100" lon="138.976257"></trkpt>
      <trkpt lat="35.146187" lon="138.975130"></trkpt>
      <trkpt lat="35.145880" lon="138.974680"></trkpt>
      <trkpt lat="35.145529" lon="138.973950"></trkpt>
      <trkpt lat="35.144898" lon="138.973414"></trkpt>
      <trkpt lat="35.144486" lon="138.972609"></trkpt>
      <trkpt lat="35.143757" lon="138.971847"></trkpt>
      <trkpt lat="35.142862" lon="138.970699"></trkpt>
      <trkpt lat="35.141950" lon="138.970013"></trkpt>
      <trkpt lat="35.140897" lon="138.968468"></trkpt>
      <trkpt lat="35.140388" lon="138.967803"></trkpt>
      <trkpt lat="35.140213" lon="138.966966"></trkpt>
      <trkpt lat="35.139494" lon="138.966301"></trkpt>
      <trkpt lat="35.138800" lon="138.964273"></trkpt>
      <trkpt lat="35.138169" lon="138.962964"></trkpt>
      <trkpt lat="35.138011" lon="138.962460"></trkpt>
      <trkpt lat="35.137476" lon="138.961462"></trkpt>
      <trkpt lat="35.137247" lon="138.961076"></trkpt>
      <trkpt lat="35.137616" lon="138.960142"></trkpt>
      <trkpt lat="35.137660" lon="138.959413"></trkpt>
      <trkpt lat="35.137827" lon="138.958662"></trkpt>
      <trkpt lat="35.137704" lon="138.957943"></trkpt>
      <trkpt lat="35.136888" lon="138.955979"></trkpt>
      <trkpt lat="35.136730" lon="138.955808"></trkpt>
      <trkpt lat="35.136625" lon="138.954799"></trkpt>
      <trkpt lat="35.136730" lon="138.953415"></trkpt>
      <trkpt lat="35.136835" lon="138.952900"></trkpt>
      <trkpt lat="35.136589" lon="138.952417"></trkpt>
      <trkpt lat="35.136396" lon="138.952063"></trkpt>
      <trkpt lat="35.136221" lon="138.951817"></trkpt>
      <trkpt lat="35.135484" lon="138.950894"></trkpt>
      <trkpt lat="35.134861" lon="138.949939"></trkpt>
      <trkpt lat="35.134063" lon="138.948898"></trkpt>
      <trkpt lat="35.133562" lon="138.947836"></trkpt>
      <trkpt lat="35.132913" lon="138.946034"></trkpt>
      <trkpt lat="35.132509" lon="138.944950"></trkpt>
      <trkpt lat="35.132088" lon="138.944199"></trkpt>
      <trkpt lat="35.131965" lon="138.944156"></trkpt>
      <trkpt lat="35.131790" lon="138.943813"></trkpt>
      <trkpt lat="35.131378" lon="138.943716"></trkpt>
      <trkpt lat="35.130877" lon="138.943266"></trkpt>
      <trkpt lat="35.129544" lon="138.942493"></trkpt>
      <trkpt lat="35.129079" lon="138.941742"></trkpt>
      <trkpt lat="35.128113" lon="138.940766"></trkpt>
      <trkpt lat="35.127657" lon="138.940219"></trkpt>
      <trkpt lat="35.127148" lon="138.939543"></trkpt>
      <trkpt lat="35.126429" lon="138.938459"></trkpt>
      <trkpt lat="35.125648" lon="138.937365"></trkpt>
      <trkpt lat="35.124849" lon="138.936217"></trkpt>
      <trkpt lat="35.124244" lon="138.935262"></trkpt>
      <trkpt lat="35.123884" lon="138.935005"></trkpt>
      <trkpt lat="35.124077" lon="138.934758"></trkpt>
      <trkpt lat="35.123866" lon="138.934060"></trkpt>
      <trkpt lat="35.123831" lon="138.933717"></trkpt>
      <trkpt lat="35.123998" lon="138.933063"></trkpt>
      <trkpt lat="35.123708" lon="138.932215"></trkpt>
      <trkpt lat="35.123507" lon="138.931775"></trkpt>
      <trkpt lat="35.123287" lon="138.931078"></trkpt>
      <trkpt lat="35.123252" lon="138.930702"></trkpt>
      <trkpt lat="35.122642" lon="138.929259"></trkpt>
      <trkpt lat="35.121791" lon="138.926604"></trkpt>
      <trkpt lat="35.121335" lon="138.925198"></trkpt>
      <trkpt lat="35.120799" lon="138.923648"></trkpt>
      <trkpt lat="35.120238" lon="138.919973"></trkpt>
      <trkpt lat="35.120154" lon="138.919228"></trkpt>
      <trkpt lat="35.120040" lon="138.918461"></trkpt>
      <trkpt lat="35.119610" lon="138.916004"></trkpt>
      <trkpt lat="35.119386" lon="138.914593"></trkpt>
      <trkpt lat="35.118812" lon="138.911621"></trkpt>
      <trkpt lat="35.118509" lon="138.910645"></trkpt>
      <trkpt lat="35.118189" lon="138.909985"></trkpt>
      <trkpt lat="35.117565" lon="138.908826"></trkpt>
      <trkpt lat="35.116223" lon="138.906021"></trkpt>
      <trkpt lat="35.115938" lon="138.905371"></trkpt>
      <trkpt lat="35.115042" lon="138.903912"></trkpt>
      <trkpt lat="35.113265" lon="138.900758"></trkpt>
      <trkpt lat="35.112993" lon="138.900425"></trkpt>
      <trkpt lat="35.109035" lon="138.896595"></trkpt>
      <trkpt lat="35.107560" lon="138.895254"></trkpt>
      <trkpt lat="35.107086" lon="138.893645"></trkpt>
      <trkpt lat="35.106718" lon="138.892336"></trkpt>
      <trkpt lat="35.105928" lon="138.890308"></trkpt>
      <trkpt lat="35.105349" lon="138.889021"></trkpt>
      <trkpt lat="35.105296" lon="138.886403"></trkpt>
      <trkpt lat="35.105147" lon="138.885158"></trkpt>
      <trkpt lat="35.104532" lon="138.882026"></trkpt>
      <trkpt lat="35.104418" lon="138.881425"></trkpt>
      <trkpt lat="35.104506" lon="138.880910"></trkpt>
      <trkpt lat="35.103567" lon="138.878989"></trkpt>
      <trkpt lat="35.102303" lon="138.877133"></trkpt>
      <trkpt lat="35.100986" lon="138.875223"></trkpt>
      <trkpt lat="35.100591" lon="138.874322"></trkpt>
      <trkpt lat="35.100433" lon="138.874247"></trkpt>
      <trkpt lat="35.099748" lon="138.872809"></trkpt>
      <trkpt lat="35.099389" lon="138.871737"></trkpt>
      <trkpt lat="35.099257" lon="138.870513"></trkpt>
      <trkpt lat="35.099187" lon="138.869537"></trkpt>
      <trkpt lat="35.099327" lon="138.868754"></trkpt>
      <trkpt lat="35.099608" lon="138.868003"></trkpt>
      <trkpt lat="35.099678" lon="138.867112"></trkpt>
      <trkpt lat="35.099766" lon="138.866801"></trkpt>
      <trkpt lat="35.099696" lon="138.865203"></trkpt>
      <trkpt lat="35.099564" lon="138.862789"></trkpt>
      <trkpt lat="35.099292" lon="138.861136"></trkpt>
      <trkpt lat="35.098528" lon="138.860536"></trkpt>
      <trkpt lat="35.097984" lon="138.859205"></trkpt>
      <trkpt lat="35.098107" lon="138.858540"></trkpt>
      <trkpt lat="35.096983" lon="138.858089"></trkpt>
      <trkpt lat="35.096281" lon="138.857832"></trkpt>
      <trkpt lat="35.096448" lon="138.856802"></trkpt>
      <trkpt lat="35.094078" lon="138.856158"></trkpt>
      <trkpt lat="35.094245" lon="138.855676"></trkpt>
      <trkpt lat="35.096149" lon="138.852489"></trkpt>
      <trkpt lat="35.097888" lon="138.849968"></trkpt>
      <trkpt lat="35.098353" lon="138.849378"></trkpt>
      <trkpt lat="35.099485" lon="138.847339"></trkpt>
      <trkpt lat="35.100574" lon="138.845054"></trkpt>
      <trkpt lat="35.101381" lon="138.843466"></trkpt>
      <trkpt lat="35.102171" lon="138.842050"></trkpt>
      <trkpt lat="35.105024" lon="138.838509"></trkpt>
      <trkpt lat="35.106964" lon="138.835881"></trkpt>
      <trkpt lat="35.109044" lon="138.833059"></trkpt>
      <trkpt lat="35.111519" lon="138.829637"></trkpt>
      <trkpt lat="35.113827" lon="138.824959"></trkpt>
      <trkpt lat="35.116153" lon="138.819670"></trkpt>
      <trkpt lat="35.117741" lon="138.816000"></trkpt>
      <trkpt lat="35.119496" lon="138.812363"></trkpt>
      <trkpt lat="35.120400" lon="138.810378"></trkpt>
      <trkpt lat="35.120848" lon="138.810411"></trkpt>
      <trkpt lat="35.121120" lon="138.810228"></trkpt>
      <trkpt lat="35.120997" lon="138.809928"></trkpt>
      <trkpt lat="35.120734" lon="138.809670"></trkpt>
      <trkpt lat="35.121479" lon="138.808136"></trkpt>
      <trkpt lat="35.123068" lon="138.804617"></trkpt>
      <trkpt lat="35.123884" lon="138.802664"></trkpt>
      <trkpt lat="35.124981" lon="138.798941"></trkpt>
      <trkpt lat="35.126692" lon="138.793180"></trkpt>
      <trkpt lat="35.128184" lon="138.788148"></trkpt>
      <trkpt lat="35.129842" lon="138.781807"></trkpt>
      <trkpt lat="35.131597" lon="138.774405"></trkpt>
      <trkpt lat="35.132738" lon="138.768804"></trkpt>
      <trkpt lat="35.133580" lon="138.763483"></trkpt>
      <trkpt lat="35.134124" lon="138.758826"></trkpt>
      <trkpt lat="35.134256" lon="138.756509"></trkpt>
      <trkpt lat="35.134155" lon="138.756332"></trkpt>
      <trkpt lat="35.134273" lon="138.752421"></trkpt>
      <trkpt lat="35.134282" lon="138.750769"></trkpt>
      <trkpt lat="35.134229" lon="138.749825"></trkpt>
      <trkpt lat="35.134896" lon="138.747003"></trkpt>
      <trkpt lat="35.135326" lon="138.745222"></trkpt>
      <trkpt lat="35.135852" lon="138.742476"></trkpt>
      <trkpt lat="35.136475" lon="138.739911"></trkpt>
      <trkpt lat="35.137291" lon="138.735191"></trkpt>
      <trkpt lat="35.137905" lon="138.730631"></trkpt>
      <trkpt lat="35.138151" lon="138.729183"></trkpt>
      <trkpt lat="35.138818" lon="138.726811"></trkpt>
      <trkpt lat="35.138607" lon="138.726447"></trkpt>
      <trkpt lat="35.138809" lon="138.725921"></trkpt>
      <trkpt lat="35.139099" lon="138.725127"></trkpt>
      <trkpt lat="35.139713" lon="138.723067"></trkpt>
      <trkpt lat="35.140222" lon="138.720192"></trkpt>
      <trkpt lat="35.140853" lon="138.717392"></trkpt>
      <trkpt lat="35.140897" lon="138.715246"></trkpt>
      <trkpt lat="35.141573" lon="138.713121"></trkpt>
      <trkpt lat="35.141704" lon="138.711544"></trkpt>
      <trkpt lat="35.142310" lon="138.709431"></trkpt>
      <trkpt lat="35.142529" lon="138.707510"></trkpt>
      <trkpt lat="35.143178" lon="138.707489"></trkpt>
      <trkpt lat="35.143301" lon="138.706684"></trkpt>
      <trkpt lat="35.144117" lon="138.704528"></trkpt>
      <trkpt lat="35.145749" lon="138.703551"></trkpt>
      <trkpt lat="35.147117" lon="138.703122"></trkpt>
      <trkpt lat="35.148310" lon="138.701266"></trkpt>
      <trkpt lat="35.149284" lon="138.700107"></trkpt>
      <trkpt lat="35.149889" lon="138.698959"></trkpt>
      <trkpt lat="35.150302" lon="138.698638"></trkpt>
      <trkpt lat="35.150811" lon="138.697951"></trkpt>
      <trkpt lat="35.152232" lon="138.697275"></trkpt>
      <trkpt lat="35.153100" lon="138.697254"></trkpt>
      <trkpt lat="35.155363" lon="138.698380"></trkpt>
      <trkpt lat="35.155960" lon="138.698198"></trkpt>
      <trkpt lat="35.156653" lon="138.697500"></trkpt>
      <trkpt lat="35.158600" lon="138.696384"></trkpt>
      <trkpt lat="35.160232" lon="138.692297"></trkpt>
      <trkpt lat="35.160626" lon="138.691181"></trkpt>
      <trkpt lat="35.160995" lon="138.690044"></trkpt>
      <trkpt lat="35.161863" lon="138.689400"></trkpt>
      <trkpt lat="35.163648" lon="138.683832"></trkpt>
      <trkpt lat="35.162280" lon="138.683183"></trkpt>
      <trkpt lat="35.162416" lon="138.682115"></trkpt>
      <trkpt lat="35.161854" lon="138.679047"></trkpt>
      <trkpt lat="35.161468" lon="138.678564"></trkpt>
      <trkpt lat="35.160530" lon="138.678349"></trkpt>
      <trkpt lat="35.160556" lon="138.678006"></trkpt>
      <trkpt lat="35.159188" lon="138.676922"></trkpt>
      <trkpt lat="35.156758" lon="138.675066"></trkpt>
      <trkpt lat="35.156276" lon="138.674659"></trkpt>
      <trkpt lat="35.156223" lon="138.672438"></trkpt>
      <trkpt lat="35.156346" lon="138.672347"></trkpt>
      <trkpt lat="35.156846" lon="138.671660"></trkpt>
      <trkpt lat="35.156648" lon="138.671166"></trkpt>
      <trkpt lat="35.156240" lon="138.670571"></trkpt>
      <trkpt lat="35.156469" lon="138.669766"></trkpt>
      <trkpt lat="35.156881" lon="138.668565"></trkpt>
      <trkpt lat="35.156955" lon="138.667669"></trkpt>
      <trkpt lat="35.156938" lon="138.666875"></trkpt>
      <trkpt lat="35.156969" lon="138.665990"></trkpt>
      <trkpt lat="35.156977" lon="138.665636"></trkpt>
      <trkpt lat="35.157214" lon="138.664107"></trkpt>
      <trkpt lat="35.157411" lon="138.662916"></trkpt>
      <trkpt lat="35.157438" lon="138.662197"></trkpt>
      <trkpt lat="35.157411" lon="138.660620"></trkpt>
      <trkpt lat="35.157276" lon="138.659649"></trkpt>
      <trkpt lat="35.157004" lon="138.658319"></trkpt>
      <trkpt lat="35.156898" lon="138.657530"></trkpt>
      <trkpt lat="35.156846" lon="138.656119"></trkpt>
      <trkpt lat="35.156644" lon="138.655942"></trkpt>
      <trkpt lat="35.156355" lon="138.655497"></trkpt>
      <trkpt lat="35.156214" lon="138.655255"></trkpt>
      <trkpt lat="35.155942" lon="138.654891"></trkpt>
      <trkpt lat="35.155876" lon="138.653930"></trkpt>
      <trkpt lat="35.155789" lon="138.652611"></trkpt>
      <trkpt lat="35.155990" lon="138.651774"></trkpt>
      <trkpt lat="35.156083" lon="138.651382"></trkpt>
      <trkpt lat="35.156284" lon="138.650342"></trkpt>
      <trkpt lat="35.156381" lon="138.650079"></trkpt>
      <trkpt lat="35.156802" lon="138.649462"></trkpt>
      <trkpt lat="35.157109" lon="138.648899"></trkpt>
      <trkpt lat="35.157157" lon="138.648319"></trkpt>
      <trkpt lat="35.157078" lon="138.647665"></trkpt>
      <trkpt lat="35.156916" lon="138.646941"></trkpt>
      <trkpt lat="35.156920" lon="138.646393"></trkpt>
      <trkpt lat="35.157056" lon="138.645262"></trkpt>
      <trkpt lat="35.157056" lon="138.644741"></trkpt>
      <trkpt lat="35.156885" lon="138.644216"></trkpt>
      <trkpt lat="35.156841" lon="138.643760"></trkpt>
      <trkpt lat="35.156850" lon="138.643309"></trkpt>
      <trkpt lat="35.157083" lon="138.642821"></trkpt>
      <trkpt lat="35.157293" lon="138.641780"></trkpt>
      <trkpt lat="35.157390" lon="138.641152"></trkpt>
      <trkpt lat="35.157666" lon="138.640385"></trkpt>
      <trkpt lat="35.157776" lon="138.640203"></trkpt>
      <trkpt lat="35.157833" lon="138.638502"></trkpt>
      <trkpt lat="35.157771" lon="138.637408"></trkpt>
      <trkpt lat="35.157574" lon="138.636518"></trkpt>
      <trkpt lat="35.157381" lon="138.635885"></trkpt>
      <trkpt lat="35.157635" lon="138.634747"></trkpt>
      <trkpt lat="35.157433" lon="138.634549"></trkpt>
      <trkpt lat="35.157205" lon="138.633546"></trkpt>
      <trkpt lat="35.156872" lon="138.632746"></trkpt>
      <trkpt lat="35.156596" lon="138.632387"></trkpt>
      <trkpt lat="35.155903" lon="138.632178"></trkpt>
      <trkpt lat="35.155561" lon="138.630166"></trkpt>
      <trkpt lat="35.155460" lon="138.628133"></trkpt>
      <trkpt lat="35.155394" lon="138.627554"></trkpt>
      <trkpt lat="35.155131" lon="138.625606"></trkpt>
      <trkpt lat="35.154749" lon="138.622795"></trkpt>
      <trkpt lat="35.154578" lon="138.621433"></trkpt>
      <trkpt lat="35.155170" lon="138.621406"></trkpt>
      <trkpt lat="35.155135" lon="138.621030"></trkpt>
      <trkpt lat="35.154626" lon="138.620864"></trkpt>
      <trkpt lat="35.154578" lon="138.620730"></trkpt>
      <trkpt lat="35.154710" lon="138.620178"></trkpt>
      <trkpt lat="35.153548" lon="138.619378"></trkpt>
      <trkpt lat="35.153578" lon="138.619196"></trkpt>
      <trkpt lat="35.152346" lon="138.618633"></trkpt>
      <trkpt lat="35.152162" lon="138.618633"></trkpt>
      <trkpt lat="35.150587" lon="138.618885"></trkpt>
      <trkpt lat="35.149561" lon="138.619051"></trkpt>
      <trkpt lat="35.148552" lon="138.619271"></trkpt>
      <trkpt lat="35.148262" lon="138.619405"></trkpt>
      <trkpt lat="35.148030" lon="138.618504"></trkpt>
      <trkpt lat="35.147644" lon="138.617447"></trkpt>
      <trkpt lat="35.147446" lon="138.617340"></trkpt>
      <trkpt lat="35.145328" lon="138.617072"></trkpt>
      <trkpt lat="35.145122" lon="138.617072"></trkpt>
      <trkpt lat="35.144025" lon="138.617216"></trkpt>
      <trkpt lat="35.143836" lon="138.617206"></trkpt>
      <trkpt lat="35.143845" lon="138.616331"></trkpt>
      <trkpt lat="35.142770" lon="138.614996"></trkpt>
      <trkpt lat="35.142204" lon="138.614808"></trkpt>
      <trkpt lat="35.141871" lon="138.614330"></trkpt>
      <trkpt lat="35.141792" lon="138.613633"></trkpt>
      <trkpt lat="35.140897" lon="138.613724"></trkpt>
      <trkpt lat="35.140603" lon="138.612812"></trkpt>
      <trkpt lat="35.139458" lon="138.612319"></trkpt>
      <trkpt lat="35.139037" lon="138.612217"></trkpt>
      <trkpt lat="35.138134" lon="138.611873"></trkpt>
      <trkpt lat="35.137002" lon="138.611337"></trkpt>
      <trkpt lat="35.136436" lon="138.611455"></trkpt>
      <trkpt lat="35.135936" lon="138.611847"></trkpt>
      <trkpt lat="35.135172" lon="138.612206"></trkpt>
      <trkpt lat="35.134475" lon="138.612217"></trkpt>
      <trkpt lat="35.133966" lon="138.611922"></trkpt>
      <trkpt lat="35.133826" lon="138.611922"></trkpt>
      <trkpt lat="35.133540" lon="138.612174"></trkpt>
      <trkpt lat="35.132948" lon="138.612716"></trkpt>
      <trkpt lat="35.132606" lon="138.612941"></trkpt>
      <trkpt lat="35.131961" lon="138.612919"></trkpt>
      <trkpt lat="35.131641" lon="138.612807"></trkpt>
      <trkpt lat="35.131167" lon="138.613231"></trkpt>
      <trkpt lat="35.130671" lon="138.613215"></trkpt>
      <trkpt lat="35.130412" lon="138.613445"></trkpt>
      <trkpt lat="35.130110" lon="138.613322"></trkpt>
      <trkpt lat="35.129180" lon="138.612839"></trkpt>
      <trkpt lat="35.128552" lon="138.612447"></trkpt>
      <trkpt lat="35.128298" lon="138.612941"></trkpt>
      <trkpt lat="35.128223" lon="138.613086"></trkpt>
      <trkpt lat="35.127596" lon="138.613257"></trkpt>
      <trkpt lat="35.127078" lon="138.613290"></trkpt>
      <trkpt lat="35.126455" lon="138.613306"></trkpt>
      <trkpt lat="35.125964" lon="138.613386"></trkpt>
      <trkpt lat="35.124981" lon="138.613386"></trkpt>
      <trkpt lat="35.124248" lon="138.613558"></trkpt>
      <trkpt lat="35.124042" lon="138.613536"></trkpt>
      <trkpt lat="35.123673" lon="138.612726"></trkpt>
      <trkpt lat="35.123445" lon="138.612356"></trkpt>
      <trkpt lat="35.122269" lon="138.611042"></trkpt>
      <trkpt lat="35.122089" lon="138.610908"></trkpt>
      <trkpt lat="35.120734" lon="138.609164"></trkpt>
      <trkpt lat="35.120396" lon="138.608183"></trkpt>
      <trkpt lat="35.120273" lon="138.607609"></trkpt>
      <trkpt lat="35.120189" lon="138.607051"></trkpt>
      <trkpt lat="35.120146" lon="138.606257"></trkpt>
      <trkpt lat="35.120168" lon="138.606032"></trkpt>
      <trkpt lat="35.120132" lon="138.605661"></trkpt>
      <trkpt lat="35.119931" lon="138.604288"></trkpt>
      <trkpt lat="35.119768" lon="138.603489"></trkpt>
      <trkpt lat="35.119360" lon="138.602185"></trkpt>
      <trkpt lat="35.119154" lon="138.601563"></trkpt>
      <trkpt lat="35.118408" lon="138.601579"></trkpt>
      <trkpt lat="35.117688" lon="138.601552"></trkpt>
      <trkpt lat="35.117390" lon="138.599466"></trkpt>
      <trkpt lat="35.117276" lon="138.598098"></trkpt>
      <trkpt lat="35.116872" lon="138.596070"></trkpt>
      <trkpt lat="35.116495" lon="138.594375"></trkpt>
      <trkpt lat="35.116205" lon="138.592304"></trkpt>
      <trkpt lat="35.115635" lon="138.589783"></trkpt>
      <trkpt lat="35.115450" lon="138.587884"></trkpt>
      <trkpt lat="35.115135" lon="138.586178"></trkpt>
      <trkpt lat="35.114880" lon="138.584096"></trkpt>
      <trkpt lat="35.114661" lon="138.582240"></trkpt>
      <trkpt lat="35.114283" lon="138.580320"></trkpt>
      <trkpt lat="35.113607" lon="138.578163"></trkpt>
      <trkpt lat="35.112598" lon="138.575631"></trkpt>
      <trkpt lat="35.111773" lon="138.574226"></trkpt>
      <trkpt lat="35.111475" lon="138.573775"></trkpt>
      <trkpt lat="35.110606" lon="138.572445"></trkpt>
      <trkpt lat="35.109623" lon="138.570975"></trkpt>
      <trkpt lat="35.109412" lon="138.570364"></trkpt>
      <trkpt lat="35.108728" lon="138.569505"></trkpt>
      <trkpt lat="35.108578" lon="138.569387"></trkpt>
      <trkpt lat="35.107279" lon="138.566984"></trkpt>
      <trkpt lat="35.106235" lon="138.564956"></trkpt>
      <trkpt lat="35.105331" lon="138.563025"></trkpt>
      <trkpt lat="35.104480" lon="138.561083"></trkpt>
      <trkpt lat="35.103637" lon="138.558852"></trkpt>
      <trkpt lat="35.103277" lon="138.558058"></trkpt>
      <trkpt lat="35.102794" lon="138.556899"></trkpt>
      <trkpt lat="35.101925" lon="138.555837"></trkpt>
      <trkpt lat="35.101153" lon="138.555032"></trkpt>
      <trkpt lat="35.100056" lon="138.554539"></trkpt>
      <trkpt lat="35.099740" lon="138.554431"></trkpt>
      <trkpt lat="35.098370" lon="138.553444"></trkpt>
      <trkpt lat="35.097888" lon="138.552897"></trkpt>
      <trkpt lat="35.096316" lon="138.551846"></trkpt>
      <trkpt lat="35.095807" lon="138.551449"></trkpt>
      <trkpt lat="35.095798" lon="138.551041"></trkpt>
      <trkpt lat="35.095421" lon="138.550816"></trkpt>
      <trkpt lat="35.094613" lon="138.550633"></trkpt>
      <trkpt lat="35.093814" lon="138.550311"></trkpt>
      <trkpt lat="35.093411" lon="138.550097"></trkpt>
      <trkpt lat="35.093174" lon="138.549936"></trkpt>
      <trkpt lat="35.092928" lon="138.549593"></trkpt>
      <trkpt lat="35.091988" lon="138.548906"></trkpt>
      <trkpt lat="35.091857" lon="138.548691"></trkpt>
      <trkpt lat="35.091313" lon="138.548520"></trkpt>
      <trkpt lat="35.090882" lon="138.548327"></trkpt>
      <trkpt lat="35.090321" lon="138.548251"></trkpt>
      <trkpt lat="35.089785" lon="138.548198"></trkpt>
      <trkpt lat="35.089381" lon="138.548380"></trkpt>
      <trkpt lat="35.088890" lon="138.548294"></trkpt>
      <trkpt lat="35.088530" lon="138.548037"></trkpt>
      <trkpt lat="35.088354" lon="138.548155"></trkpt>
      <trkpt lat="35.087783" lon="138.548101"></trkpt>
      <trkpt lat="35.087529" lon="138.548155"></trkpt>
      <trkpt lat="35.087011" lon="138.548005"></trkpt>
      <trkpt lat="35.086203" lon="138.547629"></trkpt>
      <trkpt lat="35.085483" lon="138.547157"></trkpt>
      <trkpt lat="35.084658" lon="138.546900"></trkpt>
      <trkpt lat="35.084237" lon="138.547028"></trkpt>
      <trkpt lat="35.082744" lon="138.546717"></trkpt>
      <trkpt lat="35.082393" lon="138.546546"></trkpt>
      <trkpt lat="35.081769" lon="138.546610"></trkpt>
      <trkpt lat="35.081076" lon="138.546503"></trkpt>
      <trkpt lat="35.080716" lon="138.546213"></trkpt>
      <trkpt lat="35.080005" lon="138.546095"></trkpt>
      <trkpt lat="35.079689" lon="138.546020"></trkpt>
      <trkpt lat="35.079487" lon="138.545752"></trkpt>
      <trkpt lat="35.078512" lon="138.545591"></trkpt>
      <trkpt lat="35.078135" lon="138.545387"></trkpt>
      <trkpt lat="35.078126" lon="138.545387"></trkpt>
      <trkpt lat="35.077836" lon="138.545398"></trkpt>
      <trkpt lat="35.077538" lon="138.544754"></trkpt>
      <trkpt lat="35.077248" lon="138.544464"></trkpt>
      <trkpt lat="35.077020" lon="138.544464"></trkpt>
      <trkpt lat="35.076870" lon="138.544325"></trkpt>
      <trkpt lat="35.076809" lon="138.544217"></trkpt>
      <trkpt lat="35.076528" lon="138.544014"></trkpt>
      <trkpt lat="35.076291" lon="138.544024"></trkpt>
      <trkpt lat="35.075843" lon="138.543702"></trkpt>
      <trkpt lat="35.075659" lon="138.543466"></trkpt>
      <trkpt lat="35.075316" lon="138.543391"></trkpt>
      <trkpt lat="35.074684" lon="138.542737"></trkpt>
      <trkpt lat="35.074289" lon="138.542683"></trkpt>
      <trkpt lat="35.073823" lon="138.542286"></trkpt>
      <trkpt lat="35.073657" lon="138.542072"></trkpt>
      <trkpt lat="35.073384" lon="138.542136"></trkpt>
      <trkpt lat="35.073077" lon="138.542029"></trkpt>
      <trkpt lat="35.072691" lon="138.541664"></trkpt>
      <trkpt lat="35.072269" lon="138.541557"></trkpt>
      <trkpt lat="35.072023" lon="138.540891"></trkpt>
      <trkpt lat="35.071619" lon="138.541063"></trkpt>
      <trkpt lat="35.071470" lon="138.541353"></trkpt>
      <trkpt lat="35.070777" lon="138.541181"></trkpt>
      <trkpt lat="35.070083" lon="138.541224"></trkpt>
      <trkpt lat="35.069740" lon="138.540827"></trkpt>
      <trkpt lat="35.068906" lon="138.540355"></trkpt>
      <trkpt lat="35.068529" lon="138.539786"></trkpt>
      <trkpt lat="35.068002" lon="138.539636"></trkpt>
      <trkpt lat="35.067624" lon="138.539336"></trkpt>
      <trkpt lat="35.067185" lon="138.539228"></trkpt>
      <trkpt lat="35.066676" lon="138.538971"></trkpt>
      <trkpt lat="35.066158" lon="138.539100"></trkpt>
      <trkpt lat="35.065938" lon="138.539271"></trkpt>
      <trkpt lat="35.065622" lon="138.539110"></trkpt>
      <trkpt lat="35.065350" lon="138.539186"></trkpt>
      <trkpt lat="35.065130" lon="138.538874"></trkpt>
      <trkpt lat="35.064849" lon="138.538703"></trkpt>
      <trkpt lat="35.064603" lon="138.538199"></trkpt>
      <trkpt lat="35.063435" lon="138.536986"></trkpt>
      <trkpt lat="35.065152" lon="138.534760"></trkpt>
      <trkpt lat="35.064911" lon="138.534223"></trkpt>
      <trkpt lat="35.065310" lon="138.533703"></trkpt>
      <trkpt lat="35.065293" lon="138.532882"></trkpt>
      <trkpt lat="35.065503" lon="138.532609"></trkpt>
      <trkpt lat="35.065367" lon="138.532115"></trkpt>
      <trkpt lat="35.064919" lon="138.531831"></trkpt>
      <trkpt lat="35.064652" lon="138.531520"></trkpt>
      <trkpt lat="35.063936" lon="138.531418"></trkpt>
      <trkpt lat="35.063282" lon="138.531176"></trkpt>
      <trkpt lat="35.062768" lon="138.531182"></trkpt>
      <trkpt lat="35.062663" lon="138.531236"></trkpt>
      <trkpt lat="35.061776" lon="138.532287"></trkpt>
      <trkpt lat="35.061055" lon="138.532888"></trkpt>
      <trkpt lat="35.059984" lon="138.534186"></trkpt>
      <trkpt lat="35.059773" lon="138.534862"></trkpt>
      <trkpt lat="35.058553" lon="138.532780"></trkpt>
      <trkpt lat="35.058557" lon="138.532679"></trkpt>
      <trkpt lat="35.058588" lon="138.532566"></trkpt>
      <trkpt lat="35.058750" lon="138.532721"></trkpt>
      <trkpt lat="35.058926" lon="138.532523"></trkpt>
      <trkpt lat="35.058333" lon="138.531380"></trkpt>
      <trkpt lat="35.057793" lon="138.531219"></trkpt>
      <trkpt lat="35.057165" lon="138.530527"></trkpt>
      <trkpt lat="35.056585" lon="138.530152"></trkpt>
      <trkpt lat="35.055545" lon="138.530409"></trkpt>
      <trkpt lat="35.055132" lon="138.529846"></trkpt>
      <trkpt lat="35.054214" lon="138.528543"></trkpt>
      <trkpt lat="35.053186" lon="138.526837"></trkpt>
      <trkpt lat="35.052168" lon="138.524353"></trkpt>
      <trkpt lat="35.051351" lon="138.522320"></trkpt>
      <trkpt lat="35.050345" lon="138.520533"></trkpt>
      <trkpt lat="35.049476" lon="138.518913"></trkpt>
      <trkpt lat="35.048294" lon="138.516762"></trkpt>
      <trkpt lat="35.047767" lon="138.516011"></trkpt>
      <trkpt lat="35.047192" lon="138.515244"></trkpt>
      <trkpt lat="35.046911" lon="138.514429"></trkpt>
      <trkpt lat="35.046841" lon="138.513726"></trkpt>
      <trkpt lat="35.046902" lon="138.512036"></trkpt>
      <trkpt lat="35.046770" lon="138.511071"></trkpt>
      <trkpt lat="35.046450" lon="138.509402"></trkpt>
      <trkpt lat="35.046305" lon="138.508158"></trkpt>
      <trkpt lat="35.046116" lon="138.507326"></trkpt>
      <trkpt lat="35.046112" lon="138.506253"></trkpt>
      <trkpt lat="35.046015" lon="138.505964"></trkpt>
      <trkpt lat="35.045817" lon="138.506071"></trkpt>
      <trkpt lat="35.045558" lon="138.506082"></trkpt>
      <trkpt lat="35.045176" lon="138.506162"></trkpt>
      <trkpt lat="35.044794" lon="138.505122"></trkpt>
      <trkpt lat="35.044737" lon="138.504762"></trkpt>
      <trkpt lat="35.044715" lon="138.504301"></trkpt>
      <trkpt lat="35.044899" lon="138.503459"></trkpt>
      <trkpt lat="35.044917" lon="138.502938"></trkpt>
      <trkpt lat="35.044140" lon="138.500921"></trkpt>
      <trkpt lat="35.043485" lon="138.499478"></trkpt>
      <trkpt lat="35.042984" lon="138.498706"></trkpt>
      <trkpt lat="35.042273" lon="138.498035"></trkpt>
      <trkpt lat="35.041759" lon="138.497799"></trkpt>
      <trkpt lat="35.040679" lon="138.497268"></trkpt>
      <trkpt lat="35.039778" lon="138.496844"></trkpt>
      <trkpt lat="35.039036" lon="138.496222"></trkpt>
      <trkpt lat="35.038061" lon="138.495331"></trkpt>
      <trkpt lat="35.037288" lon="138.494570"></trkpt>
      <trkpt lat="35.036054" lon="138.493508"></trkpt>
      <trkpt lat="35.034415" lon="138.491689"></trkpt>
      <trkpt lat="35.033326" lon="138.490616"></trkpt>
      <trkpt lat="35.031692" lon="138.489275"></trkpt>
      <trkpt lat="35.031165" lon="138.488889"></trkpt>
      <trkpt lat="35.030111" lon="138.488256"></trkpt>
      <trkpt lat="35.028846" lon="138.487687"></trkpt>
      <trkpt lat="35.027484" lon="138.486990"></trkpt>
      <trkpt lat="35.026078" lon="138.486271"></trkpt>
      <trkpt lat="35.025156" lon="138.486078"></trkpt>
      <trkpt lat="35.024092" lon="138.485917"></trkpt>
      <trkpt lat="35.023319" lon="138.485777"></trkpt>
      <trkpt lat="35.022107" lon="138.485724"></trkpt>
      <trkpt lat="35.020973" lon="138.485735"></trkpt>
      <trkpt lat="35.018601" lon="138.485574"></trkpt>
      <trkpt lat="35.019093" lon="138.483707"></trkpt>
      <trkpt lat="35.019673" lon="138.481529"></trkpt>
      <trkpt lat="35.017389" lon="138.480370"></trkpt>
      <trkpt lat="35.016835" lon="138.478664"></trkpt>
      <trkpt lat="35.016053" lon="138.476411"></trkpt>
      <trkpt lat="35.015350" lon="138.474426"></trkpt>
      <trkpt lat="35.014076" lon="138.470854"></trkpt>
      <trkpt lat="35.013338" lon="138.468783"></trkpt>
      <trkpt lat="35.012600" lon="138.466691"></trkpt>
      <trkpt lat="35.012090" lon="138.464921"></trkpt>
      <trkpt lat="35.011440" lon="138.463869"></trkpt>
      <trkpt lat="35.010825" lon="138.462356"></trkpt>
      <trkpt lat="35.010719" lon="138.461444"></trkpt>
      <trkpt lat="35.010394" lon="138.460264"></trkpt>
      <trkpt lat="35.010517" lon="138.459749"></trkpt>
      <trkpt lat="35.011123" lon="138.458462"></trkpt>
      <trkpt lat="35.011088" lon="138.457700"></trkpt>
      <trkpt lat="35.010464" lon="138.456917"></trkpt>
      <trkpt lat="35.008900" lon="138.455554"></trkpt>
      <trkpt lat="35.007028" lon="138.453945"></trkpt>
      <trkpt lat="35.006396" lon="138.453569"></trkpt>
      <trkpt lat="35.006035" lon="138.453387"></trkpt>
      <trkpt lat="35.005025" lon="138.451896"></trkpt>
      <trkpt lat="35.003997" lon="138.450383"></trkpt>
      <trkpt lat="35.003557" lon="138.449214"></trkpt>
      <trkpt lat="35.003047" lon="138.446853"></trkpt>
      <trkpt lat="35.002555" lon="138.445754"></trkpt>
      <trkpt lat="35.001927" lon="138.444632"></trkpt>
      <trkpt lat="35.001175" lon="138.443629"></trkpt>
      <trkpt lat="35.000868" lon="138.443973"></trkpt>
      <trkpt lat="35.000042" lon="138.442959"></trkpt>
      <trkpt lat="34.999159" lon="138.442379"></trkpt>
      <trkpt lat="34.998411" lon="138.441789"></trkpt>
      <trkpt lat="34.997765" lon="138.441172"></trkpt>
      <trkpt lat="34.997537" lon="138.440834"></trkpt>
      <trkpt lat="34.996957" lon="138.439772"></trkpt>
      <trkpt lat="34.996285" lon="138.438909"></trkpt>
      <trkpt lat="34.995542" lon="138.437927"></trkpt>
      <trkpt lat="34.995225" lon="138.437664"></trkpt>
      <trkpt lat="34.994988" lon="138.437305"></trkpt>
      <trkpt lat="34.994434" lon="138.436269"></trkpt>
      <trkpt lat="34.994048" lon="138.435229"></trkpt>
      <trkpt lat="34.993762" lon="138.434236"></trkpt>
      <trkpt lat="34.993516" lon="138.433592"></trkpt>
      <trkpt lat="34.993063" lon="138.432922"></trkpt>
      <trkpt lat="34.992835" lon="138.432562"></trkpt>
      <trkpt lat="34.992619" lon="138.431806"></trkpt>
      <trkpt lat="34.992505" lon="138.431382"></trkpt>
      <trkpt lat="34.992211" lon="138.430744"></trkpt>
      <trkpt lat="34.992637" lon="138.430390"></trkpt>
      <trkpt lat="34.993138" lon="138.429875"></trkpt>
      <trkpt lat="34.992852" lon="138.428716"></trkpt>
      <trkpt lat="34.992839" lon="138.427289"></trkpt>
      <trkpt lat="34.993019" lon="138.427364"></trkpt>
      <trkpt lat="34.993714" lon="138.426914"></trkpt>
      <trkpt lat="34.993723" lon="138.426785"></trkpt>
      <trkpt lat="34.993578" lon="138.426640"></trkpt>
      <trkpt lat="34.993309" lon="138.426254"></trkpt>
      <trkpt lat="34.992927" lon="138.425519"></trkpt>
      <trkpt lat="34.992707" lon="138.425186"></trkpt>
      <trkpt lat="34.992712" lon="138.424317"></trkpt>
      <trkpt lat="34.992606" lon="138.423700"></trkpt>
      <trkpt lat="34.992272" lon="138.422391"></trkpt>
      <trkpt lat="34.991938" lon="138.421533"></trkpt>
      <trkpt lat="34.991815" lon="138.421040"></trkpt>
      <trkpt lat="34.991666" lon="138.419591"></trkpt>
      <trkpt lat="34.990752" lon="138.418089"></trkpt>
      <trkpt lat="34.990857" lon="138.417842"></trkpt>
      <trkpt lat="34.990690" lon="138.416576"></trkpt>
      <trkpt lat="34.989662" lon="138.414624"></trkpt>
      <trkpt lat="34.988291" lon="138.411952"></trkpt>
      <trkpt lat="34.987702" lon="138.411083"></trkpt>
      <trkpt lat="34.986172" lon="138.409452"></trkpt>
      <trkpt lat="34.985689" lon="138.409045"></trkpt>
      <trkpt lat="34.984906" lon="138.408734"></trkpt>
      <trkpt lat="34.984608" lon="138.408723"></trkpt>
      <trkpt lat="34.983852" lon="138.407875"></trkpt>
      <trkpt lat="34.982920" lon="138.407199"></trkpt>
      <trkpt lat="34.982129" lon="138.406577"></trkpt>
      <trkpt lat="34.981206" lon="138.406802"></trkpt>
      <trkpt lat="34.980054" lon="138.407704"></trkpt>
      <trkpt lat="34.979404" lon="138.406824"></trkpt>
      <trkpt lat="34.978700" lon="138.405815"></trkpt>
      <trkpt lat="34.977953" lon="138.404549"></trkpt>
      <trkpt lat="34.977470" lon="138.402908"></trkpt>
      <trkpt lat="34.977549" lon="138.402532"></trkpt>
      <trkpt lat="34.977602" lon="138.401674"></trkpt>
      <trkpt lat="34.977540" lon="138.401374"></trkpt>
      <trkpt lat="34.977672" lon="138.399668"></trkpt>
      <trkpt lat="34.977751" lon="138.398391"></trkpt>
      <trkpt lat="34.977733" lon="138.396910"></trkpt>
      <trkpt lat="34.977224" lon="138.395323"></trkpt>
      <trkpt lat="34.976591" lon="138.393493"></trkpt>
      <trkpt lat="34.976239" lon="138.392463"></trkpt>
      <trkpt lat="34.975707" lon="138.390865"></trkpt>
      <trkpt lat="34.975329" lon="138.389652"></trkpt>
      <trkpt lat="34.974806" lon="138.388091"></trkpt>
      <trkpt lat="34.974709" lon="138.387716"></trkpt>
      <trkpt lat="34.974643" lon="138.387115"></trkpt>
      <trkpt lat="34.974837" lon="138.385844"></trkpt>
      <trkpt lat="34.974876" lon="138.385549"></trkpt>
      <trkpt lat="34.973663" lon="138.384723"></trkpt>
      <trkpt lat="34.974489" lon="138.382781"></trkpt>
      <trkpt lat="34.974920" lon="138.381740"></trkpt>
      <trkpt lat="34.972459" lon="138.380173"></trkpt>
      <trkpt lat="34.971645" lon="138.379669"></trkpt>
      <trkpt lat="34.972472" lon="138.377647"></trkpt>
      <trkpt lat="34.970731" lon="138.376536"></trkpt>
      <trkpt lat="34.968423" lon="138.375056"></trkpt>
      <trkpt lat="34.966937" lon="138.374069"></trkpt>
      <trkpt lat="34.965707" lon="138.373178"></trkpt>
      <trkpt lat="34.964256" lon="138.372116"></trkpt>
      <trkpt lat="34.963649" lon="138.371494"></trkpt>
      <trkpt lat="34.963438" lon="138.371183"></trkpt>
      <trkpt lat="34.962928" lon="138.370625"></trkpt>
      <trkpt lat="34.962260" lon="138.369938"></trkpt>
      <trkpt lat="34.961759" lon="138.369434"></trkpt>
      <trkpt lat="34.961477" lon="138.369209"></trkpt>
      <trkpt lat="34.958031" lon="138.365754"></trkpt>
      <trkpt lat="34.956826" lon="138.364563"></trkpt>
      <trkpt lat="34.953660" lon="138.363329"></trkpt>
      <trkpt lat="34.949932" lon="138.360347"></trkpt>
      <trkpt lat="34.949448" lon="138.359960"></trkpt>
      <trkpt lat="34.948243" lon="138.357782"></trkpt>
      <trkpt lat="34.947487" lon="138.357369"></trkpt>
      <trkpt lat="34.946709" lon="138.356999"></trkpt>
      <trkpt lat="34.945979" lon="138.356232"></trkpt>
      <trkpt lat="34.945218" lon="138.355240"></trkpt>
      <trkpt lat="34.945016" lon="138.355218"></trkpt>
      <trkpt lat="34.945007" lon="138.354558"></trkpt>
      <trkpt lat="34.945143" lon="138.354065"></trkpt>
      <trkpt lat="34.945552" lon="138.353142"></trkpt>
      <trkpt lat="34.945755" lon="138.352203"></trkpt>
      <trkpt lat="34.946163" lon="138.351350"></trkpt>
      <trkpt lat="34.946801" lon="138.349999"></trkpt>
      <trkpt lat="34.947082" lon="138.349714"></trkpt>
      <trkpt lat="34.947153" lon="138.349350"></trkpt>
      <trkpt lat="34.948129" lon="138.348121"></trkpt>
      <trkpt lat="34.948419" lon="138.347359"></trkpt>
      <trkpt lat="34.948485" lon="138.346463"></trkpt>
      <trkpt lat="34.948960" lon="138.345149"></trkpt>
      <trkpt lat="34.949057" lon="138.344109"></trkpt>
      <trkpt lat="34.949140" lon="138.342682"></trkpt>
      <trkpt lat="34.949321" lon="138.341603"></trkpt>
      <trkpt lat="34.949536" lon="138.340611"></trkpt>
      <trkpt lat="34.950006" lon="138.338267"></trkpt>
      <trkpt lat="34.950182" lon="138.337966"></trkpt>
      <trkpt lat="34.950015" lon="138.337258"></trkpt>
      <trkpt lat="34.949932" lon="138.336448"></trkpt>
      <trkpt lat="34.949822" lon="138.335118"></trkpt>
      <trkpt lat="34.949901" lon="138.333616"></trkpt>
      <trkpt lat="34.949782" lon="138.333240"></trkpt>
      <trkpt lat="34.949000" lon="138.332908"></trkpt>
      <trkpt lat="34.948151" lon="138.332677"></trkpt>
      <trkpt lat="34.947755" lon="138.332441"></trkpt>
      <trkpt lat="34.947245" lon="138.331760"></trkpt>
      <trkpt lat="34.946761" lon="138.331170"></trkpt>
      <trkpt lat="34.946001" lon="138.330478"></trkpt>
      <trkpt lat="34.945702" lon="138.330633"></trkpt>
      <trkpt lat="34.945618" lon="138.330596"></trkpt>
      <trkpt lat="34.945711" lon="138.330370"></trkpt>
      <trkpt lat="34.945130" lon="138.330166"></trkpt>
      <trkpt lat="34.944959" lon="138.330016"></trkpt>
      <trkpt lat="34.944774" lon="138.329984"></trkpt>
      <trkpt lat="34.944453" lon="138.329769"></trkpt>
      <trkpt lat="34.944163" lon="138.329539"></trkpt>
      <trkpt lat="34.944035" lon="138.329442"></trkpt>
      <trkpt lat="34.943617" lon="138.329324"></trkpt>
      <trkpt lat="34.943371" lon="138.329051"></trkpt>
      <trkpt lat="34.942887" lon="138.328171"></trkpt>
      <trkpt lat="34.942641" lon="138.327672"></trkpt>
      <trkpt lat="34.942162" lon="138.326899"></trkpt>
      <trkpt lat="34.942087" lon="138.326401"></trkpt>
      <trkpt lat="34.941999" lon="138.325703"></trkpt>
      <trkpt lat="34.941608" lon="138.325081"></trkpt>
      <trkpt lat="34.941260" lon="138.324544"></trkpt>
      <trkpt lat="34.941199" lon="138.324174"></trkpt>
      <trkpt lat="34.941309" lon="138.323563"></trkpt>
      <trkpt lat="34.941190" lon="138.323144"></trkpt>
      <trkpt lat="34.941296" lon="138.322994"></trkpt>
      <trkpt lat="34.941291" lon="138.323273"></trkpt>
      <trkpt lat="34.941256" lon="138.323134"></trkpt>
      <trkpt lat="34.941705" lon="138.323118"></trkpt>
      <trkpt lat="34.941678" lon="138.323273"></trkpt>
      <trkpt lat="34.941661" lon="138.323053"></trkpt>
      <trkpt lat="34.941634" lon="138.322957"></trkpt>
      <trkpt lat="34.941837" lon="138.322903"></trkpt>
      <trkpt lat="34.941902" lon="138.322704"></trkpt>
      <trkpt lat="34.941951" lon="138.322114"></trkpt>
      <trkpt lat="34.941788" lon="138.321857"></trkpt>
      <trkpt lat="34.941621" lon="138.321025"></trkpt>
      <trkpt lat="34.941401" lon="138.320537"></trkpt>
      <trkpt lat="34.941129" lon="138.320189"></trkpt>
      <trkpt lat="34.940979" lon="138.320130"></trkpt>
      <trkpt lat="34.940777" lon="138.319904"></trkpt>
      <trkpt lat="34.940517" lon="138.319561"></trkpt>
      <trkpt lat="34.940346" lon="138.319282"></trkpt>
      <trkpt lat="34.940337" lon="138.318917"></trkpt>
      <trkpt lat="34.940196" lon="138.318531"></trkpt>
      <trkpt lat="34.939554" lon="138.317957"></trkpt>
      <trkpt lat="34.939207" lon="138.317222"></trkpt>
      <trkpt lat="34.939093" lon="138.317024"></trkpt>
      <trkpt lat="34.938983" lon="138.316240"></trkpt>
      <trkpt lat="34.938974" lon="138.315285"></trkpt>
      <trkpt lat="34.938969" lon="138.314427"></trkpt>
      <trkpt lat="34.938965" lon="138.313703"></trkpt>
      <trkpt lat="34.938903" lon="138.312866"></trkpt>
      <trkpt lat="34.938873" lon="138.312550"></trkpt>
      <trkpt lat="34.938525" lon="138.312609"></trkpt>
      <trkpt lat="34.938556" lon="138.312990"></trkpt>
      <trkpt lat="34.938600" lon="138.312898"></trkpt>
      <trkpt lat="34.938534" lon="138.312458"></trkpt>
      <trkpt lat="34.938319" lon="138.312153"></trkpt>
      <trkpt lat="34.938077" lon="138.311032"></trkpt>
      <trkpt lat="34.937927" lon="138.310817"></trkpt>
      <trkpt lat="34.937707" lon="138.310114"></trkpt>
      <trkpt lat="34.937769" lon="138.309894"></trkpt>
      <trkpt lat="34.937320" lon="138.309251"></trkpt>
      <trkpt lat="34.937118" lon="138.309358"></trkpt>
      <trkpt lat="34.936933" lon="138.309234"></trkpt>
      <trkpt lat="34.936771" lon="138.308945"></trkpt>
      <trkpt lat="34.936744" lon="138.308655"></trkpt>
      <trkpt lat="34.936859" lon="138.308296"></trkpt>
      <trkpt lat="34.937347" lon="138.307534"></trkpt>
      <trkpt lat="34.937426" lon="138.307121"></trkpt>
      <trkpt lat="34.937307" lon="138.306799"></trkpt>
      <trkpt lat="34.936964" lon="138.306541"></trkpt>
      <trkpt lat="34.936779" lon="138.306364"></trkpt>
      <trkpt lat="34.936625" lon="138.306021"></trkpt>
      <trkpt lat="34.936590" lon="138.305613"></trkpt>
      <trkpt lat="34.936599" lon="138.305356"></trkpt>
      <trkpt lat="34.936520" lon="138.305120"></trkpt>
      <trkpt lat="34.936467" lon="138.304857"></trkpt>
      <trkpt lat="34.936124" lon="138.304482"></trkpt>
      <trkpt lat="34.935627" lon="138.303993"></trkpt>
      <trkpt lat="34.935711" lon="138.303747"></trkpt>
      <trkpt lat="34.935702" lon="138.303564"></trkpt>
      <trkpt lat="34.935746" lon="138.303258"></trkpt>
      <trkpt lat="34.935640" lon="138.303328"></trkpt>
      <trkpt lat="34.935583" lon="138.303564"></trkpt>
      <trkpt lat="34.935403" lon="138.303709"></trkpt>
      <trkpt lat="34.935319" lon="138.303704"></trkpt>
      <trkpt lat="34.935464" lon="138.303242"></trkpt>
      <trkpt lat="34.935442" lon="138.303130"></trkpt>
      <trkpt lat="34.935412" lon="138.303183"></trkpt>
      <trkpt lat="34.935306" lon="138.303119"></trkpt>
      <trkpt lat="34.935157" lon="138.302819"></trkpt>
      <trkpt lat="34.935077" lon="138.302872"></trkpt>
      <trkpt lat="34.934976" lon="138.303124"></trkpt>
      <trkpt lat="34.934712" lon="138.303103"></trkpt>
      <trkpt lat="34.934435" lon="138.302990"></trkpt>
      <trkpt lat="34.934229" lon="138.303033"></trkpt>
      <trkpt lat="34.933974" lon="138.303189"></trkpt>
      <trkpt lat="34.933657" lon="138.303280"></trkpt>
      <trkpt lat="34.933424" lon="138.303226"></trkpt>
      <trkpt lat="34.932980" lon="138.302969"></trkpt>
      <trkpt lat="34.933046" lon="138.302867"></trkpt>
      <trkpt lat="34.933015" lon="138.302770"></trkpt>
      <trkpt lat="34.932835" lon="138.302808"></trkpt>
      <trkpt lat="34.932505" lon="138.302931"></trkpt>
      <trkpt lat="34.932078" lon="138.302819"></trkpt>
      <trkpt lat="34.931823" lon="138.302829"></trkpt>
      <trkpt lat="34.931493" lon="138.302958"></trkpt>
      <trkpt lat="34.931269" lon="138.303081"></trkpt>
      <trkpt lat="34.931031" lon="138.303065"></trkpt>
      <trkpt lat="34.930706" lon="138.303511"></trkpt>
      <trkpt lat="34.930420" lon="138.303554"></trkpt>
      <trkpt lat="34.930372" lon="138.303950"></trkpt>
      <trkpt lat="34.930205" lon="138.304149"></trkpt>
      <trkpt lat="34.930156" lon="138.304444"></trkpt>
      <trkpt lat="34.929888" lon="138.304036"></trkpt>
      <trkpt lat="34.929580" lon="138.303704"></trkpt>
      <trkpt lat="34.929347" lon="138.303151"></trkpt>
      <trkpt lat="34.929285" lon="138.302963"></trkpt>
      <trkpt lat="34.928872" lon="138.302749"></trkpt>
      <trkpt lat="34.928379" lon="138.302593"></trkpt>
      <trkpt lat="34.928331" lon="138.302384"></trkpt>
      <trkpt lat="34.926783" lon="138.302003"></trkpt>
      <trkpt lat="34.925499" lon="138.301338"></trkpt>
      <trkpt lat="34.925063" lon="138.300855"></trkpt>
      <trkpt lat="34.924795" lon="138.300367"></trkpt>
      <trkpt lat="34.924720" lon="138.300152"></trkpt>
      <trkpt lat="34.924637" lon="138.300276"></trkpt>
      <trkpt lat="34.924808" lon="138.300512"></trkpt>
      <trkpt lat="34.924786" lon="138.300383"></trkpt>
      <trkpt lat="34.924984" lon="138.300195"></trkpt>
      <trkpt lat="34.924852" lon="138.299943"></trkpt>
      <trkpt lat="34.925129" lon="138.299627"></trkpt>
      <trkpt lat="34.925358" lon="138.298532"></trkpt>
      <trkpt lat="34.925362" lon="138.298152"></trkpt>
      <trkpt lat="34.925103" lon="138.297857"></trkpt>
      <trkpt lat="34.925041" lon="138.297363"></trkpt>
      <trkpt lat="34.924707" lon="138.296805"></trkpt>
      <trkpt lat="34.924975" lon="138.296161"></trkpt>
      <trkpt lat="34.924966" lon="138.295287"></trkpt>
      <trkpt lat="34.924878" lon="138.294820"></trkpt>
      <trkpt lat="34.924830" lon="138.292996"></trkpt>
      <trkpt lat="34.924659" lon="138.292492"></trkpt>
      <trkpt lat="34.923981" lon="138.291854"></trkpt>
      <trkpt lat="34.923541" lon="138.290985"></trkpt>
      <trkpt lat="34.923216" lon="138.290014"></trkpt>
      <trkpt lat="34.923040" lon="138.289815"></trkpt>
      <trkpt lat="34.922798" lon="138.288571"></trkpt>
      <trkpt lat="34.922341" lon="138.287487"></trkpt>
      <trkpt lat="34.921866" lon="138.286248"></trkpt>
      <trkpt lat="34.920797" lon="138.283528"></trkpt>
      <trkpt lat="34.920766" lon="138.282520"></trkpt>
      <trkpt lat="34.920251" lon="138.282423"></trkpt>
      <trkpt lat="34.919803" lon="138.282520"></trkpt>
      <trkpt lat="34.919178" lon="138.282412"></trkpt>
      <trkpt lat="34.917423" lon="138.282037"></trkpt>
      <trkpt lat="34.916781" lon="138.282407"></trkpt>
      <trkpt lat="34.916636" lon="138.282386"></trkpt>
      <trkpt lat="34.915729" lon="138.281581"></trkpt>
      <trkpt lat="34.915514" lon="138.281704"></trkpt>
      <trkpt lat="34.915109" lon="138.281618"></trkpt>
      <trkpt lat="34.914533" lon="138.281581"></trkpt>
      <trkpt lat="34.913851" lon="138.281634"></trkpt>
      <trkpt lat="34.913499" lon="138.281522"></trkpt>
      <trkpt lat="34.911621" lon="138.280792"></trkpt>
      <trkpt lat="34.911251" lon="138.280696"></trkpt>
      <trkpt lat="34.910833" lon="138.280674"></trkpt>
      <trkpt lat="34.910798" lon="138.280385"></trkpt>
      <trkpt lat="34.909826" lon="138.280835"></trkpt>
      <trkpt lat="34.908524" lon="138.281468"></trkpt>
      <trkpt lat="34.907446" lon="138.281860"></trkpt>
      <trkpt lat="34.905458" lon="138.282745"></trkpt>
      <trkpt lat="34.904437" lon="138.283281"></trkpt>
      <trkpt lat="34.902334" lon="138.284687"></trkpt>
      <trkpt lat="34.902114" lon="138.284547"></trkpt>
      <trkpt lat="34.901252" lon="138.284515"></trkpt>
      <trkpt lat="34.900055" lon="138.284193"></trkpt>
      <trkpt lat="34.899122" lon="138.284000"></trkpt>
      <trkpt lat="34.898322" lon="138.283711"></trkpt>
      <trkpt lat="34.896773" lon="138.283142"></trkpt>
      <trkpt lat="34.895198" lon="138.282573"></trkpt>
      <trkpt lat="34.895066" lon="138.282605"></trkpt>
      <trkpt lat="34.894912" lon="138.282514"></trkpt>
      <trkpt lat="34.894278" lon="138.282380"></trkpt>
      <trkpt lat="34.894080" lon="138.282418"></trkpt>
      <trkpt lat="34.893759" lon="138.282230"></trkpt>
      <trkpt lat="34.893543" lon="138.282294"></trkpt>
      <trkpt lat="34.892663" lon="138.282010"></trkpt>
      <trkpt lat="34.892377" lon="138.281838"></trkpt>
      <trkpt lat="34.891889" lon="138.281318"></trkpt>
      <trkpt lat="34.891493" lon="138.280932"></trkpt>
      <trkpt lat="34.891405" lon="138.280647"></trkpt>
      <trkpt lat="34.890938" lon="138.280406"></trkpt>
      <trkpt lat="34.890604" lon="138.280352"></trkpt>
      <trkpt lat="34.890164" lon="138.280256"></trkpt>
      <trkpt lat="34.888941" lon="138.280470"></trkpt>
      <trkpt lat="34.887990" lon="138.281018"></trkpt>
      <trkpt lat="34.887506" lon="138.281018"></trkpt>
      <trkpt lat="34.886353" lon="138.280503"></trkpt>
      <trkpt lat="34.885896" lon="138.280546"></trkpt>
      <trkpt lat="34.885060" lon="138.279355"></trkpt>
      <trkpt lat="34.883942" lon="138.278024"></trkpt>
      <trkpt lat="34.883291" lon="138.276866"></trkpt>
      <trkpt lat="34.882296" lon="138.276222"></trkpt>
      <trkpt lat="34.881214" lon="138.275567"></trkpt>
      <trkpt lat="34.881583" lon="138.274709"></trkpt>
      <trkpt lat="34.881663" lon="138.273829"></trkpt>
      <trkpt lat="34.880888" lon="138.273218"></trkpt>
      <trkpt lat="34.880316" lon="138.272467"></trkpt>
      <trkpt lat="34.879392" lon="138.271930"></trkpt>
      <trkpt lat="34.879621" lon="138.271303"></trkpt>
      <trkpt lat="34.878996" lon="138.270723"></trkpt>
      <trkpt lat="34.878195" lon="138.269924"></trkpt>
      <trkpt lat="34.877684" lon="138.269146"></trkpt>
      <trkpt lat="34.877108" lon="138.268100"></trkpt>
      <trkpt lat="34.876456" lon="138.266941"></trkpt>
      <trkpt lat="34.875493" lon="138.265418"></trkpt>
      <trkpt lat="34.874758" lon="138.264399"></trkpt>
      <trkpt lat="34.874326" lon="138.263465"></trkpt>
      <trkpt lat="34.873754" lon="138.262162"></trkpt>
      <trkpt lat="34.872738" lon="138.259807"></trkpt>
      <trkpt lat="34.871818" lon="138.256910"></trkpt>
      <trkpt lat="34.871329" lon="138.255542"></trkpt>
      <trkpt lat="34.870788" lon="138.254517"></trkpt>
      <trkpt lat="34.870647" lon="138.253809"></trkpt>
      <trkpt lat="34.870541" lon="138.253144"></trkpt>
      <trkpt lat="34.870313" lon="138.252790"></trkpt>
      <trkpt lat="34.869842" lon="138.252398"></trkpt>
      <trkpt lat="34.869133" lon="138.251873"></trkpt>
      <trkpt lat="34.868636" lon="138.251717"></trkpt>
      <trkpt lat="34.867210" lon="138.251063"></trkpt>
      <trkpt lat="34.865365" lon="138.250451"></trkpt>
      <trkpt lat="34.864463" lon="138.250076"></trkpt>
      <trkpt lat="34.862927" lon="138.249228"></trkpt>
      <trkpt lat="34.861981" lon="138.249019"></trkpt>
      <trkpt lat="34.861281" lon="138.248981"></trkpt>
      <trkpt lat="34.859163" lon="138.248777"></trkpt>
      <trkpt lat="34.857693" lon="138.248692"></trkpt>
      <trkpt lat="34.856478" lon="138.248702"></trkpt>
      <trkpt lat="34.855501" lon="138.248509"></trkpt>
      <trkpt lat="34.854779" lon="138.248187"></trkpt>
      <trkpt lat="34.854374" lon="138.247705"></trkpt>
      <trkpt lat="34.853952" lon="138.247039"></trkpt>
      <trkpt lat="34.853617" lon="138.246567"></trkpt>
      <trkpt lat="34.853652" lon="138.245462"></trkpt>
      <trkpt lat="34.853476" lon="138.245140"></trkpt>
      <trkpt lat="34.852578" lon="138.244443"></trkpt>
      <trkpt lat="34.850984" lon="138.243499"></trkpt>
      <trkpt lat="34.850324" lon="138.242909"></trkpt>
      <trkpt lat="34.849655" lon="138.242447"></trkpt>
      <trkpt lat="34.849083" lon="138.241546"></trkpt>
      <trkpt lat="34.848458" lon="138.241128"></trkpt>
      <trkpt lat="34.847920" lon="138.240688"></trkpt>
      <trkpt lat="34.847269" lon="138.239508"></trkpt>
      <trkpt lat="34.846362" lon="138.237780"></trkpt>
      <trkpt lat="34.846001" lon="138.236439"></trkpt>
      <trkpt lat="34.845851" lon="138.235914"></trkpt>
      <trkpt lat="34.844909" lon="138.234948"></trkpt>
      <trkpt lat="34.844759" lon="138.234186"></trkpt>
      <trkpt lat="34.844504" lon="138.233467"></trkpt>
      <trkpt lat="34.844302" lon="138.231751"></trkpt>
      <trkpt lat="34.844354" lon="138.230174"></trkpt>
      <trkpt lat="34.844214" lon="138.229283"></trkpt>
      <trkpt lat="34.843835" lon="138.227599"></trkpt>
      <trkpt lat="34.843351" lon="138.226247"></trkpt>
      <trkpt lat="34.843016" lon="138.225431"></trkpt>
      <trkpt lat="34.842884" lon="138.223490"></trkpt>
      <trkpt lat="34.842761" lon="138.222470"></trkpt>
      <trkpt lat="34.842039" lon="138.219638"></trkpt>
      <trkpt lat="34.841889" lon="138.218758"></trkpt>
      <trkpt lat="34.841457" lon="138.217503"></trkpt>
      <trkpt lat="34.841246" lon="138.216301"></trkpt>
      <trkpt lat="34.841299" lon="138.215926"></trkpt>
      <trkpt lat="34.839591" lon="138.211570"></trkpt>
      <trkpt lat="34.838754" lon="138.209617"></trkpt>
      <trkpt lat="34.838094" lon="138.206323"></trkpt>
      <trkpt lat="34.837838" lon="138.204982"></trkpt>
      <trkpt lat="34.837777" lon="138.204081"></trkpt>
      <trkpt lat="34.837671" lon="138.202397"></trkpt>
      <trkpt lat="34.837354" lon="138.201088"></trkpt>
      <trkpt lat="34.837019" lon="138.200154"></trkpt>
      <trkpt lat="34.836509" lon="138.199124"></trkpt>
      <trkpt lat="34.836271" lon="138.198738"></trkpt>
      <trkpt lat="34.836051" lon="138.198234"></trkpt>
      <trkpt lat="34.835989" lon="138.197789"></trkpt>
      <trkpt lat="34.835967" lon="138.197274"></trkpt>
      <trkpt lat="34.835580" lon="138.195498"></trkpt>
      <trkpt lat="34.835192" lon="138.193578"></trkpt>
      <trkpt lat="34.835060" lon="138.192784"></trkpt>
      <trkpt lat="34.834985" lon="138.192312"></trkpt>
      <trkpt lat="34.834849" lon="138.191861"></trkpt>
      <trkpt lat="34.834809" lon="138.191003"></trkpt>
      <trkpt lat="34.834642" lon="138.189769"></trkpt>
      <trkpt lat="34.834347" lon="138.188176"></trkpt>
      <trkpt lat="34.834179" lon="138.187661"></trkpt>
      <trkpt lat="34.833576" lon="138.186100"></trkpt>
      <trkpt lat="34.833387" lon="138.185338"></trkpt>
      <trkpt lat="34.833145" lon="138.184163"></trkpt>
      <trkpt lat="34.832665" lon="138.182881"></trkpt>
      <trkpt lat="34.832198" lon="138.181486"></trkpt>
      <trkpt lat="34.832458" lon="138.179104"></trkpt>
      <trkpt lat="34.832616" lon="138.177854"></trkpt>
      <trkpt lat="34.832761" lon="138.176143"></trkpt>
      <trkpt lat="34.832938" lon="138.174121"></trkpt>
      <trkpt lat="34.832955" lon="138.173740"></trkpt>
      <trkpt lat="34.832621" lon="138.172887"></trkpt>
      <trkpt lat="34.832524" lon="138.171723"></trkpt>
      <trkpt lat="34.832572" lon="138.169813"></trkpt>
      <trkpt lat="34.832713" lon="138.168440"></trkpt>
      <trkpt lat="34.832898" lon="138.166305"></trkpt>
      <trkpt lat="34.833065" lon="138.164175"></trkpt>
      <trkpt lat="34.833171" lon="138.163081"></trkpt>
      <trkpt lat="34.833444" lon="138.161509"></trkpt>
      <trkpt lat="34.833316" lon="138.161144"></trkpt>
      <trkpt lat="34.833277" lon="138.160479"></trkpt>
      <trkpt lat="34.833083" lon="138.159610"></trkpt>
      <trkpt lat="34.832929" lon="138.158746"></trkpt>
      <trkpt lat="34.832378" lon="138.157277"></trkpt>
      <trkpt lat="34.831890" lon="138.156434"></trkpt>
      <trkpt lat="34.831295" lon="138.155699"></trkpt>
      <trkpt lat="34.830991" lon="138.155077"></trkpt>
      <trkpt lat="34.830652" lon="138.154321"></trkpt>
      <trkpt lat="34.830503" lon="138.154063"></trkpt>
      <trkpt lat="34.832211" lon="138.152170"></trkpt>
      <trkpt lat="34.833783" lon="138.150448"></trkpt>
      <trkpt lat="34.834272" lon="138.150013"></trkpt>
      <trkpt lat="34.832783" lon="138.147368"></trkpt>
      <trkpt lat="34.830815" lon="138.143903"></trkpt>
      <trkpt lat="34.828961" lon="138.140588"></trkpt>
      <trkpt lat="34.828759" lon="138.140770"></trkpt>
      <trkpt lat="34.827927" lon="138.141452"></trkpt>
      <trkpt lat="34.827451" lon="138.141811"></trkpt>
      <trkpt lat="34.826953" lon="138.140684"></trkpt>
      <trkpt lat="34.826892" lon="138.140309"></trkpt>
      <trkpt lat="34.826773" lon="138.139654"></trkpt>
      <trkpt lat="34.826694" lon="138.138791"></trkpt>
      <trkpt lat="34.826724" lon="138.137986"></trkpt>
      <trkpt lat="34.826786" lon="138.137224"></trkpt>
      <trkpt lat="34.826821" lon="138.136355"></trkpt>
      <trkpt lat="34.827011" lon="138.135459"></trkpt>
      <trkpt lat="34.827033" lon="138.134607"></trkpt>
      <trkpt lat="34.826967" lon="138.133153"></trkpt>
      <trkpt lat="34.826698" lon="138.132294"></trkpt>
      <trkpt lat="34.826214" lon="138.131812"></trkpt>
      <trkpt lat="34.825122" lon="138.131136"></trkpt>
      <trkpt lat="34.824382" lon="138.130717"></trkpt>
      <trkpt lat="34.823721" lon="138.130202"></trkpt>
      <trkpt lat="34.822629" lon="138.128711"></trkpt>
      <trkpt lat="34.821916" lon="138.127906"></trkpt>
      <trkpt lat="34.821088" lon="138.127188"></trkpt>
      <trkpt lat="34.819903" lon="138.126109"></trkpt>
      <trkpt lat="34.819599" lon="138.126496"></trkpt>
      <trkpt lat="34.819154" lon="138.126104"></trkpt>
      <trkpt lat="34.819022" lon="138.126018"></trkpt>
      <trkpt lat="34.818705" lon="138.125712"></trkpt>
      <trkpt lat="34.818080" lon="138.125836"></trkpt>
      <trkpt lat="34.817727" lon="138.125900"></trkpt>
      <trkpt lat="34.817450" lon="138.125841"></trkpt>
      <trkpt lat="34.817199" lon="138.125728"></trkpt>
      <trkpt lat="34.817313" lon="138.125433"></trkpt>
      <trkpt lat="34.817291" lon="138.125364"></trkpt>
      <trkpt lat="34.817036" lon="138.125637"></trkpt>
      <trkpt lat="34.816701" lon="138.125278"></trkpt>
      <trkpt lat="34.816715" lon="138.124870"></trkpt>
      <trkpt lat="34.816582" lon="138.124436"></trkpt>
      <trkpt lat="34.816111" lon="138.124119"></trkpt>
      <trkpt lat="34.815807" lon="138.123985"></trkpt>
      <trkpt lat="34.815578" lon="138.123792"></trkpt>
      <trkpt lat="34.815235" lon="138.123304"></trkpt>
      <trkpt lat="34.815041" lon="138.123100"></trkpt>
      <trkpt lat="34.814816" lon="138.123025"></trkpt>
      <trkpt lat="34.814675" lon="138.122799"></trkpt>
      <trkpt lat="34.814719" lon="138.122301"></trkpt>
      <trkpt lat="34.814675" lon="138.121936"></trkpt>
      <trkpt lat="34.814759" lon="138.121625"></trkpt>
      <trkpt lat="34.815226" lon="138.121002"></trkpt>
      <trkpt lat="34.815569" lon="138.120262"></trkpt>
      <trkpt lat="34.815820" lon="138.119366"></trkpt>
      <trkpt lat="34.815851" lon="138.118578"></trkpt>
      <trkpt lat="34.816050" lon="138.117564"></trkpt>
      <trkpt lat="34.816036" lon="138.117338"></trkpt>
      <trkpt lat="34.816001" lon="138.116942"></trkpt>
      <trkpt lat="34.816133" lon="138.116394"></trkpt>
      <trkpt lat="34.816138" lon="138.116153"></trkpt>
      <trkpt lat="34.816274" lon="138.115965"></trkpt>
      <trkpt lat="34.816486" lon="138.115681"></trkpt>
      <trkpt lat="34.816675" lon="138.115445"></trkpt>
      <trkpt lat="34.817071" lon="138.115123"></trkpt>
      <trkpt lat="34.817987" lon="138.114533"></trkpt>
      <trkpt lat="34.818159" lon="138.114265"></trkpt>
      <trkpt lat="34.818296" lon="138.113905"></trkpt>
      <trkpt lat="34.818414" lon="138.113557"></trkpt>
      <trkpt lat="34.818287" lon="138.113165"></trkpt>
      <trkpt lat="34.818221" lon="138.112999"></trkpt>
      <trkpt lat="34.818287" lon="138.112596"></trkpt>
      <trkpt lat="34.818238" lon="138.112355"></trkpt>
      <trkpt lat="34.818300" lon="138.112097"></trkpt>
      <trkpt lat="34.818234" lon="138.111979"></trkpt>
      <trkpt lat="34.818040" lon="138.111062"></trkpt>
      <trkpt lat="34.817895" lon="138.110526"></trkpt>
      <trkpt lat="34.817939" lon="138.110290"></trkpt>
      <trkpt lat="34.818207" lon="138.109796"></trkpt>
      <trkpt lat="34.818591" lon="138.109351"></trkpt>
      <trkpt lat="34.819146" lon="138.108525"></trkpt>
      <trkpt lat="34.819251" lon="138.108096"></trkpt>
      <trkpt lat="34.819286" lon="138.107640"></trkpt>
      <trkpt lat="34.819163" lon="138.107527"></trkpt>
      <trkpt lat="34.818912" lon="138.107967"></trkpt>
      <trkpt lat="34.818357" lon="138.108498"></trkpt>
      <trkpt lat="34.818190" lon="138.108246"></trkpt>
      <trkpt lat="34.818084" lon="138.107860"></trkpt>
      <trkpt lat="34.818260" lon="138.107076"></trkpt>
      <trkpt lat="34.818428" lon="138.106679"></trkpt>
      <trkpt lat="34.818481" lon="138.106239"></trkpt>
      <trkpt lat="34.818626" lon="138.105660"></trkpt>
      <trkpt lat="34.818890" lon="138.104689"></trkpt>
      <trkpt lat="34.818895" lon="138.104013"></trkpt>
      <trkpt lat="34.819040" lon="138.103514"></trkpt>
      <trkpt lat="34.818974" lon="138.102586"></trkpt>
      <trkpt lat="34.818806" lon="138.101594"></trkpt>
      <trkpt lat="34.818604" lon="138.100215"></trkpt>
      <trkpt lat="34.818216" lon="138.098939"></trkpt>
      <trkpt lat="34.817899" lon="138.098252"></trkpt>
      <trkpt lat="34.817683" lon="138.097919"></trkpt>
      <trkpt lat="34.816922" lon="138.097608"></trkpt>
      <trkpt lat="34.816164" lon="138.097367"></trkpt>
      <trkpt lat="34.815741" lon="138.096626"></trkpt>
      <trkpt lat="34.815160" lon="138.095806"></trkpt>
      <trkpt lat="34.814460" lon="138.094481"></trkpt>
      <trkpt lat="34.814002" lon="138.093612"></trkpt>
      <trkpt lat="34.813169" lon="138.092233"></trkpt>
      <trkpt lat="34.812359" lon="138.091750"></trkpt>
      <trkpt lat="34.811526" lon="138.091514"></trkpt>
      <trkpt lat="34.811271" lon="138.091155"></trkpt>
      <trkpt lat="34.810597" lon="138.090441"></trkpt>
      <trkpt lat="34.809593" lon="138.089390"></trkpt>
      <trkpt lat="34.808509" lon="138.088301"></trkpt>
      <trkpt lat="34.808130" lon="138.088108"></trkpt>
      <trkpt lat="34.807879" lon="138.088102"></trkpt>
      <trkpt lat="34.807523" lon="138.088135"></trkpt>
      <trkpt lat="34.807201" lon="138.087882"></trkpt>
      <trkpt lat="34.806483" lon="138.086745"></trkpt>
      <trkpt lat="34.806003" lon="138.085281"></trkpt>
      <trkpt lat="34.805448" lon="138.084154"></trkpt>
      <trkpt lat="34.804897" lon="138.082770"></trkpt>
      <trkpt lat="34.804373" lon="138.081654"></trkpt>
      <trkpt lat="34.804017" lon="138.081070"></trkpt>
      <trkpt lat="34.804043" lon="138.080356"></trkpt>
      <trkpt lat="34.803787" lon="138.079932"></trkpt>
      <trkpt lat="34.803576" lon="138.079664"></trkpt>
      <trkpt lat="34.803453" lon="138.079031"></trkpt>
      <trkpt lat="34.803501" lon="138.078865"></trkpt>
      <trkpt lat="34.803607" lon="138.078736"></trkpt>
      <trkpt lat="34.803532" lon="138.078473"></trkpt>
      <trkpt lat="34.803550" lon="138.078007"></trkpt>
      <trkpt lat="34.803431" lon="138.077792"></trkpt>
      <trkpt lat="34.803492" lon="138.077556"></trkpt>
      <trkpt lat="34.803307" lon="138.077674"></trkpt>
      <trkpt lat="34.803343" lon="138.077416"></trkpt>
      <trkpt lat="34.803285" lon="138.077288"></trkpt>
      <trkpt lat="34.803409" lon="138.077154"></trkpt>
      <trkpt lat="34.803924" lon="138.077084"></trkpt>
      <trkpt lat="34.804210" lon="138.076885"></trkpt>
      <trkpt lat="34.804365" lon="138.076628"></trkpt>
      <trkpt lat="34.804660" lon="138.076864"></trkpt>
      <trkpt lat="34.804827" lon="138.076585"></trkpt>
      <trkpt lat="34.804735" lon="138.076091"></trkpt>
      <trkpt lat="34.804475" lon="138.075426"></trkpt>
      <trkpt lat="34.804184" lon="138.075137"></trkpt>
      <trkpt lat="34.803942" lon="138.074992"></trkpt>
      <trkpt lat="34.803497" lon="138.075094"></trkpt>
      <trkpt lat="34.803246" lon="138.075271"></trkpt>
      <trkpt lat="34.803034" lon="138.075501"></trkpt>
      <trkpt lat="34.802492" lon="138.076193"></trkpt>
      <trkpt lat="34.802365" lon="138.076258"></trkpt>
      <trkpt lat="34.801603" lon="138.076097"></trkpt>
      <trkpt lat="34.801114" lon="138.075850"></trkpt>
      <trkpt lat="34.800598" lon="138.075668"></trkpt>
      <trkpt lat="34.800264" lon="138.075378"></trkpt>
      <trkpt lat="34.799418" lon="138.074573"></trkpt>
      <trkpt lat="34.799145" lon="138.074579"></trkpt>
      <trkpt lat="34.798770" lon="138.074761"></trkpt>
      <trkpt lat="34.797735" lon="138.074284"></trkpt>
      <trkpt lat="34.795268" lon="138.073232"></trkpt>
      <trkpt lat="34.793118" lon="138.072460"></trkpt>
      <trkpt lat="34.791162" lon="138.071591"></trkpt>
      <trkpt lat="34.789629" lon="138.071097"></trkpt>
      <trkpt lat="34.788810" lon="138.070625"></trkpt>
      <trkpt lat="34.788413" lon="138.070625"></trkpt>
      <trkpt lat="34.787559" lon="138.070121"></trkpt>
      <trkpt lat="34.787065" lon="138.069477"></trkpt>
      <trkpt lat="34.786025" lon="138.067750"></trkpt>
      <trkpt lat="34.786043" lon="138.067310"></trkpt>
      <trkpt lat="34.786290" lon="138.065121"></trkpt>
      <trkpt lat="34.785973" lon="138.064188"></trkpt>
      <trkpt lat="34.785611" lon="138.063544"></trkpt>
      <trkpt lat="34.785444" lon="138.063576"></trkpt>
      <trkpt lat="34.784342" lon="138.062654"></trkpt>
      <trkpt lat="34.784043" lon="138.061999"></trkpt>
      <trkpt lat="34.783884" lon="138.061216"></trkpt>
      <trkpt lat="34.784149" lon="138.060025"></trkpt>
      <trkpt lat="34.784254" lon="138.057697"></trkpt>
      <trkpt lat="34.784219" lon="138.055337"></trkpt>
      <trkpt lat="34.784536" lon="138.053448"></trkpt>
      <trkpt lat="34.784483" lon="138.052708"></trkpt>
      <trkpt lat="34.784246" lon="138.051345"></trkpt>
      <trkpt lat="34.784351" lon="138.049618"></trkpt>
      <trkpt lat="34.784483" lon="138.047891"></trkpt>
      <trkpt lat="34.784325" lon="138.047183"></trkpt>
      <trkpt lat="34.783655" lon="138.044833"></trkpt>
      <trkpt lat="34.783162" lon="138.044061"></trkpt>
      <trkpt lat="34.782289" lon="138.042676"></trkpt>
      <trkpt lat="34.782131" lon="138.042226"></trkpt>
      <trkpt lat="34.781646" lon="138.040080"></trkpt>
      <trkpt lat="34.781338" lon="138.039984"></trkpt>
      <trkpt lat="34.779716" lon="138.037269"></trkpt>
      <trkpt lat="34.778544" lon="138.034952"></trkpt>
      <trkpt lat="34.777769" lon="138.033814"></trkpt>
      <trkpt lat="34.776914" lon="138.030918"></trkpt>
      <trkpt lat="34.776156" lon="138.027860"></trkpt>
      <trkpt lat="34.773442" lon="138.024019"></trkpt>
      <trkpt lat="34.773301" lon="138.023697"></trkpt>
      <trkpt lat="34.773094" lon="138.023794"></trkpt>
      <trkpt lat="34.772375" lon="138.023890"></trkpt>
      <trkpt lat="34.772204" lon="138.022651"></trkpt>
      <trkpt lat="34.772063" lon="138.022710"></trkpt>
      <trkpt lat="34.771723" lon="138.022683"></trkpt>
      <trkpt lat="34.771662" lon="138.021712"></trkpt>
      <trkpt lat="34.771657" lon="138.020940"></trkpt>
      <trkpt lat="34.772032" lon="138.020918"></trkpt>
      <trkpt lat="34.772111" lon="138.020779"></trkpt>
      <trkpt lat="34.772336" lon="138.020725"></trkpt>
      <trkpt lat="34.772314" lon="138.019626"></trkpt>
      <trkpt lat="34.773089" lon="138.019567"></trkpt>
      <trkpt lat="34.773036" lon="138.018574"></trkpt>
      <trkpt lat="34.772931" lon="138.016466"></trkpt>
      <trkpt lat="34.772825" lon="138.014395"></trkpt>
      <trkpt lat="34.772798" lon="138.012550"></trkpt>
      <trkpt lat="34.772719" lon="138.010705"></trkpt>
      <trkpt lat="34.772622" lon="138.008194"></trkpt>
      <trkpt lat="34.772913" lon="138.004932"></trkpt>
      <trkpt lat="34.773160" lon="138.004959"></trkpt>
      <trkpt lat="34.774667" lon="138.003109"></trkpt>
      <trkpt lat="34.774737" lon="138.002840"></trkpt>
      <trkpt lat="34.775275" lon="138.002293"></trkpt>
      <trkpt lat="34.776491" lon="138.001832"></trkpt>
      <trkpt lat="34.776566" lon="138.000212"></trkpt>
      <trkpt lat="34.776442" lon="137.999477"></trkpt>
      <trkpt lat="34.775909" lon="137.996902"></trkpt>
      <trkpt lat="34.775698" lon="137.995770"></trkpt>
      <trkpt lat="34.774394" lon="137.995325"></trkpt>
      <trkpt lat="34.773336" lon="137.994987"></trkpt>
      <trkpt lat="34.771970" lon="137.994365"></trkpt>
      <trkpt lat="34.771582" lon="137.993957"></trkpt>
      <trkpt lat="34.770692" lon="137.991618"></trkpt>
      <trkpt lat="34.770093" lon="137.989901"></trkpt>
      <trkpt lat="34.769476" lon="137.988292"></trkpt>
      <trkpt lat="34.768824" lon="137.985234"></trkpt>
      <trkpt lat="34.768824" lon="137.984462"></trkpt>
      <trkpt lat="34.768982" lon="137.983722"></trkpt>
      <trkpt lat="34.769088" lon="137.982928"></trkpt>
      <trkpt lat="34.769635" lon="137.982144"></trkpt>
      <trkpt lat="34.770181" lon="137.980921"></trkpt>
      <trkpt lat="34.770410" lon="137.979902"></trkpt>
      <trkpt lat="34.770243" lon="137.979033"></trkpt>
      <trkpt lat="34.769599" lon="137.977928"></trkpt>
      <trkpt lat="34.769837" lon="137.977188"></trkpt>
      <trkpt lat="34.769643" lon="137.976995"></trkpt>
      <trkpt lat="34.769009" lon="137.976791"></trkpt>
      <trkpt lat="34.768595" lon="137.975847"></trkpt>
      <trkpt lat="34.768233" lon="137.974688"></trkpt>
      <trkpt lat="34.767616" lon="137.973551"></trkpt>
      <trkpt lat="34.766770" lon="137.972467"></trkpt>
      <trkpt lat="34.766294" lon="137.971952"></trkpt>
      <trkpt lat="34.766162" lon="137.970321"></trkpt>
      <trkpt lat="34.765915" lon="137.969570"></trkpt>
      <trkpt lat="34.765219" lon="137.967703"></trkpt>
      <trkpt lat="34.764787" lon="137.966534"></trkpt>
      <trkpt lat="34.763932" lon="137.965236"></trkpt>
      <trkpt lat="34.763148" lon="137.963798"></trkpt>
      <trkpt lat="34.763205" lon="137.963240"></trkpt>
      <trkpt lat="34.762698" lon="137.963106"></trkpt>
      <trkpt lat="34.762707" lon="137.963187"></trkpt>
      <trkpt lat="34.762830" lon="137.963337"></trkpt>
      <trkpt lat="34.762901" lon="137.961534"></trkpt>
      <trkpt lat="34.762782" lon="137.961443"></trkpt>
      <trkpt lat="34.762725" lon="137.961234"></trkpt>
      <trkpt lat="34.762504" lon="137.961084"></trkpt>
      <trkpt lat="34.762579" lon="137.960869"></trkpt>
      <trkpt lat="34.762024" lon="137.960311"></trkpt>
      <trkpt lat="34.761623" lon="137.959737"></trkpt>
      <trkpt lat="34.761032" lon="137.958970"></trkpt>
      <trkpt lat="34.760645" lon="137.958257"></trkpt>
      <trkpt lat="34.760526" lon="137.957720"></trkpt>
      <trkpt lat="34.760473" lon="137.957093"></trkpt>
      <trkpt lat="34.760089" lon="137.955794"></trkpt>
      <trkpt lat="34.760010" lon="137.954421"></trkpt>
      <trkpt lat="34.759913" lon="137.953407"></trkpt>
      <trkpt lat="34.759895" lon="137.952533"></trkpt>
      <trkpt lat="34.759516" lon="137.951095"></trkpt>
      <trkpt lat="34.759485" lon="137.950468"></trkpt>
      <trkpt lat="34.759516" lon="137.949030"></trkpt>
      <trkpt lat="34.759314" lon="137.948402"></trkpt>
      <trkpt lat="34.758952" lon="137.947624"></trkpt>
      <trkpt lat="34.758873" lon="137.946600"></trkpt>
      <trkpt lat="34.758639" lon="137.945146"></trkpt>
      <trkpt lat="34.758520" lon="137.944685"></trkpt>
      <trkpt lat="34.758639" lon="137.943537"></trkpt>
      <trkpt lat="34.758626" lon="137.943054"></trkpt>
      <trkpt lat="34.758238" lon="137.942035"></trkpt>
      <trkpt lat="34.757842" lon="137.941058"></trkpt>
      <trkpt lat="34.757423" lon="137.939744"></trkpt>
      <trkpt lat="34.757229" lon="137.939031"></trkpt>
      <trkpt lat="34.756929" lon="137.938204"></trkpt>
      <trkpt lat="34.756890" lon="137.936992"></trkpt>
      <trkpt lat="34.756612" lon="137.935812"></trkpt>
      <trkpt lat="34.756224" lon="137.934927"></trkpt>
      <trkpt lat="34.755753" lon="137.933977"></trkpt>
      <trkpt lat="34.754986" lon="137.932743"></trkpt>
      <trkpt lat="34.754532" lon="137.931976"></trkpt>
      <trkpt lat="34.753505" lon="137.930265"></trkpt>
      <trkpt lat="34.753073" lon="137.929224"></trkpt>
      <trkpt lat="34.753165" lon="137.928951"></trkpt>
      <trkpt lat="34.752698" lon="137.928216"></trkpt>
      <trkpt lat="34.752363" lon="137.928377"></trkpt>
      <trkpt lat="34.752178" lon="137.927894"></trkpt>
      <trkpt lat="34.751416" lon="137.927148"></trkpt>
      <trkpt lat="34.751103" lon="137.926853"></trkpt>
      <trkpt lat="34.750058" lon="137.926081"></trkpt>
      <trkpt lat="34.749965" lon="137.925786"></trkpt>
      <trkpt lat="34.749375" lon="137.926016"></trkpt>
      <trkpt lat="34.749159" lon="137.925400"></trkpt>
      <trkpt lat="34.748916" lon="137.925550"></trkpt>
      <trkpt lat="34.748700" lon="137.925416"></trkpt>
      <trkpt lat="34.748269" lon="137.925190"></trkpt>
      <trkpt lat="34.748017" lon="137.924740"></trkpt>
      <trkpt lat="34.747647" lon="137.923774"></trkpt>
      <trkpt lat="34.747180" lon="137.922283"></trkpt>
      <trkpt lat="34.746642" lon="137.920615"></trkpt>
      <trkpt lat="34.746642" lon="137.919906"></trkpt>
      <trkpt lat="34.746748" lon="137.919048"></trkpt>
      <trkpt lat="34.747435" lon="137.918099"></trkpt>
      <trkpt lat="34.747466" lon="137.917627"></trkpt>
      <trkpt lat="34.747290" lon="137.916988"></trkpt>
      <trkpt lat="34.746823" lon="137.915524"></trkpt>
      <trkpt lat="34.746364" lon="137.914274"></trkpt>
      <trkpt lat="34.745871" lon="137.912756"></trkpt>
      <trkpt lat="34.745527" lon="137.911533"></trkpt>
      <trkpt lat="34.744363" lon="137.908008"></trkpt>
      <trkpt lat="34.743790" lon="137.905959"></trkpt>
      <trkpt lat="34.743896" lon="137.905278"></trkpt>
      <trkpt lat="34.743940" lon="137.904291"></trkpt>
      <trkpt lat="34.743892" lon="137.903899"></trkpt>
      <trkpt lat="34.743583" lon="137.902955"></trkpt>
      <trkpt lat="34.743358" lon="137.902070"></trkpt>
      <trkpt lat="34.742653" lon="137.900493"></trkpt>
      <trkpt lat="34.742252" lon="137.898755"></trkpt>
      <trkpt lat="34.741480" lon="137.895455"></trkpt>
      <trkpt lat="34.740775" lon="137.893052"></trkpt>
      <trkpt lat="34.740123" lon="137.890939"></trkpt>
      <trkpt lat="34.739814" lon="137.890155"></trkpt>
      <trkpt lat="34.739550" lon="137.889496"></trkpt>
      <trkpt lat="34.739356" lon="137.889549"></trkpt>
      <trkpt lat="34.739320" lon="137.889356"></trkpt>
      <trkpt lat="34.739206" lon="137.889367"></trkpt>
      <trkpt lat="34.738968" lon="137.888669"></trkpt>
      <trkpt lat="34.738716" lon="137.888267"></trkpt>
      <trkpt lat="34.738020" lon="137.887135"></trkpt>
      <trkpt lat="34.737363" lon="137.885998"></trkpt>
      <trkpt lat="34.736953" lon="137.885199"></trkpt>
      <trkpt lat="34.737041" lon="137.884920"></trkpt>
      <trkpt lat="34.736883" lon="137.884898"></trkpt>
      <trkpt lat="34.736719" lon="137.884941"></trkpt>
      <trkpt lat="34.736164" lon="137.885193"></trkpt>
      <trkpt lat="34.735877" lon="137.884469"></trkpt>
      <trkpt lat="34.735291" lon="137.883359"></trkpt>
      <trkpt lat="34.734859" lon="137.882452"></trkpt>
      <trkpt lat="34.734612" lon="137.881637"></trkpt>
      <trkpt lat="34.734211" lon="137.880526"></trkpt>
      <trkpt lat="34.733537" lon="137.878804"></trkpt>
      <trkpt lat="34.733131" lon="137.877393"></trkpt>
      <trkpt lat="34.732769" lon="137.876471"></trkpt>
      <trkpt lat="34.732320" lon="137.875591"></trkpt>
      <trkpt lat="34.731531" lon="137.874202"></trkpt>
      <trkpt lat="34.731032" lon="137.873504"></trkpt>
      <trkpt lat="34.730887" lon="137.873070"></trkpt>
      <trkpt lat="34.730913" lon="137.872185"></trkpt>
      <trkpt lat="34.730755" lon="137.871493"></trkpt>
      <trkpt lat="34.730741" lon="137.871160"></trkpt>
      <trkpt lat="34.730358" lon="137.870597"></trkpt>
      <trkpt lat="34.729930" lon="137.870076"></trkpt>
      <trkpt lat="34.729666" lon="137.869502"></trkpt>
      <trkpt lat="34.729242" lon="137.868751"></trkpt>
      <trkpt lat="34.728744" lon="137.867834"></trkpt>
      <trkpt lat="34.728339" lon="137.867174"></trkpt>
      <trkpt lat="34.728030" lon="137.866498"></trkpt>
      <trkpt lat="34.727351" lon="137.864830"></trkpt>
      <trkpt lat="34.727104" lon="137.864170"></trkpt>
      <trkpt lat="34.727038" lon="137.863741"></trkpt>
      <trkpt lat="34.726937" lon="137.863553"></trkpt>
      <trkpt lat="34.727113" lon="137.862909"></trkpt>
      <trkpt lat="34.727104" lon="137.861853"></trkpt>
      <trkpt lat="34.726994" lon="137.859385"></trkpt>
      <trkpt lat="34.726985" lon="137.858151"></trkpt>
      <trkpt lat="34.726915" lon="137.857561"></trkpt>
      <trkpt lat="34.726333" lon="137.853919"></trkpt>
      <trkpt lat="34.726006" lon="137.853093"></trkpt>
      <trkpt lat="34.725627" lon="137.853350"></trkpt>
      <trkpt lat="34.725292" lon="137.853355"></trkpt>
      <trkpt lat="34.723824" lon="137.853087"></trkpt>
      <trkpt lat="34.722982" lon="137.852916"></trkpt>
      <trkpt lat="34.722206" lon="137.853270"></trkpt>
      <trkpt lat="34.721791" lon="137.853372"></trkpt>
      <trkpt lat="34.721549" lon="137.853264"></trkpt>
      <trkpt lat="34.721355" lon="137.853060"></trkpt>
      <trkpt lat="34.721099" lon="137.852615"></trkpt>
      <trkpt lat="34.719344" lon="137.852621"></trkpt>
      <trkpt lat="34.718758" lon="137.852610"></trkpt>
      <trkpt lat="34.717153" lon="137.852556"></trkpt>
      <trkpt lat="34.715826" lon="137.852481"></trkpt>
      <trkpt lat="34.713325" lon="137.852325"></trkpt>
      <trkpt lat="34.711729" lon="137.852191"></trkpt>
      <trkpt lat="34.711835" lon="137.850164"></trkpt>
      <trkpt lat="34.711949" lon="137.848839"></trkpt>
      <trkpt lat="34.712324" lon="137.847755"></trkpt>
      <trkpt lat="34.712739" lon="137.846832"></trkpt>
      <trkpt lat="34.713519" lon="137.844831"></trkpt>
      <trkpt lat="34.714150" lon="137.843190"></trkpt>
      <trkpt lat="34.714635" lon="137.841334"></trkpt>
      <trkpt lat="34.715049" lon="137.840400"></trkpt>
      <trkpt lat="34.715305" lon="137.839961"></trkpt>
      <trkpt lat="34.716897" lon="137.836114"></trkpt>
      <trkpt lat="34.718599" lon="137.831941"></trkpt>
      <trkpt lat="34.719631" lon="137.828711"></trkpt>
      <trkpt lat="34.720751" lon="137.826201"></trkpt>
      <trkpt lat="34.721809" lon="137.823325"></trkpt>
      <trkpt lat="34.722197" lon="137.822628"></trkpt>
      <trkpt lat="34.722206" lon="137.822306"></trkpt>
      <trkpt lat="34.722938" lon="137.820343"></trkpt>
      <trkpt lat="34.723167" lon="137.819356"></trkpt>
      <trkpt lat="34.723229" lon="137.817521"></trkpt>
      <trkpt lat="34.723264" lon="137.816277"></trkpt>
      <trkpt lat="34.723202" lon="137.814624"></trkpt>
      <trkpt lat="34.723141" lon="137.813165"></trkpt>
      <trkpt lat="34.724860" lon="137.813348"></trkpt>
      <trkpt lat="34.725751" lon="137.814002"></trkpt>
      <trkpt lat="34.726531" lon="137.814345"></trkpt>
      <trkpt lat="34.727691" lon="137.814265"></trkpt>
      <trkpt lat="34.728974" lon="137.814313"></trkpt>
      <trkpt lat="34.729569" lon="137.814238"></trkpt>
      <trkpt lat="34.731623" lon="137.813342"></trkpt>
      <trkpt lat="34.732703" lon="137.813353"></trkpt>
      <trkpt lat="34.733488" lon="137.813466"></trkpt>
      <trkpt lat="34.734110" lon="137.813262"></trkpt>
      <trkpt lat="34.735688" lon="137.813058"></trkpt>
      <trkpt lat="34.736719" lon="137.813101"></trkpt>
      <trkpt lat="34.737041" lon="137.813031"></trkpt>
      <trkpt lat="34.737222" lon="137.812613"></trkpt>
      <trkpt lat="34.734841" lon="137.811969"></trkpt>
      <trkpt lat="34.730318" lon="137.811352"></trkpt>
      <trkpt lat="34.728678" lon="137.811406"></trkpt>
      <trkpt lat="34.727554" lon="137.811207"></trkpt>
      <trkpt lat="34.726540" lon="137.810703"></trkpt>
      <trkpt lat="34.728308" lon="137.811052"></trkpt>
      <trkpt lat="34.729533" lon="137.806331"></trkpt>
      <trkpt lat="34.730636" lon="137.801857"></trkpt>
      <trkpt lat="34.730737" lon="137.801219"></trkpt>
      <trkpt lat="34.730521" lon="137.801127"></trkpt>
      <trkpt lat="34.730420" lon="137.801026"></trkpt>
      <trkpt lat="34.730230" lon="137.801052"></trkpt>
      <trkpt lat="34.729384" lon="137.800714"></trkpt>
      <trkpt lat="34.729088" lon="137.800607"></trkpt>
      <trkpt lat="34.729110" lon="137.800301"></trkpt>
      <trkpt lat="34.728806" lon="137.800178"></trkpt>
      <trkpt lat="34.728766" lon="137.798815"></trkpt>
      <trkpt lat="34.728740" lon="137.796573"></trkpt>
      <trkpt lat="34.728705" lon="137.795731"></trkpt>
      <trkpt lat="34.728718" lon="137.794202"></trkpt>
      <trkpt lat="34.728634" lon="137.792979"></trkpt>
      <trkpt lat="34.728453" lon="137.791740"></trkpt>
      <trkpt lat="34.728176" lon="137.790726"></trkpt>
      <trkpt lat="34.727805" lon="137.789723"></trkpt>
      <trkpt lat="34.727259" lon="137.788623"></trkpt>
      <trkpt lat="34.726147" lon="137.787405"></trkpt>
      <trkpt lat="34.724966" lon="137.785635"></trkpt>
      <trkpt lat="34.723934" lon="137.783951"></trkpt>
      <trkpt lat="34.722955" lon="137.782513"></trkpt>
      <trkpt lat="34.721121" lon="137.780324"></trkpt>
      <trkpt lat="34.720433" lon="137.777900"></trkpt>
      <trkpt lat="34.718467" lon="137.772031"></trkpt>
      <trkpt lat="34.716624" lon="137.767106"></trkpt>
      <trkpt lat="34.715292" lon="137.764628"></trkpt>
      <trkpt lat="34.713211" lon="137.759854"></trkpt>
      <trkpt lat="34.711597" lon="137.755787"></trkpt>
      <trkpt lat="34.710565" lon="137.753727"></trkpt>
      <trkpt lat="34.709877" lon="137.751946"></trkpt>
      <trkpt lat="34.709277" lon="137.749769"></trkpt>
      <trkpt lat="34.708475" lon="137.746314"></trkpt>
      <trkpt lat="34.708016" lon="137.744200"></trkpt>
      <trkpt lat="34.708201" lon="137.741346"></trkpt>
      <trkpt lat="34.708201" lon="137.737398"></trkpt>
      <trkpt lat="34.708201" lon="137.731712"></trkpt>
      <trkpt lat="34.708166" lon="137.729684"></trkpt>
      <trkpt lat="34.708025" lon="137.727624"></trkpt>
      <trkpt lat="34.705590" lon="137.728311"></trkpt>
      <trkpt lat="34.705485" lon="137.728456"></trkpt>
      <trkpt lat="34.705348" lon="137.728708"></trkpt>
      <trkpt lat="34.705185" lon="137.728745"></trkpt>
      <trkpt lat="34.705158" lon="137.728579"></trkpt>
      <trkpt lat="34.705030" lon="137.728477"></trkpt>
      <trkpt lat="34.703522" lon="137.728756"></trkpt>
      <trkpt lat="34.702195" lon="137.728220"></trkpt>
      <trkpt lat="34.699910" lon="137.726948"></trkpt>
      <trkpt lat="34.699531" lon="137.724717"></trkpt>
      <trkpt lat="34.699394" lon="137.724674"></trkpt>
      <trkpt lat="34.698190" lon="137.723338"></trkpt>
      <trkpt lat="34.696730" lon="137.721857"></trkpt>
      <trkpt lat="34.696351" lon="137.721981"></trkpt>
      <trkpt lat="34.695994" lon="137.721026"></trkpt>
      <trkpt lat="34.694869" lon="137.719846"></trkpt>
      <trkpt lat="34.693497" lon="137.718322"></trkpt>
      <trkpt lat="34.688284" lon="137.712754"></trkpt>
      <trkpt lat="34.687984" lon="137.712153"></trkpt>
      <trkpt lat="34.688010" lon="137.708978"></trkpt>
      <trkpt lat="34.688001" lon="137.707808"></trkpt>
      <trkpt lat="34.688125" lon="137.704901"></trkpt>
      <trkpt lat="34.688469" lon="137.701092"></trkpt>
      <trkpt lat="34.688575" lon="137.698903"></trkpt>
      <trkpt lat="34.688487" lon="137.695996"></trkpt>
      <trkpt lat="34.688248" lon="137.691339"></trkpt>
      <trkpt lat="34.687878" lon="137.688400"></trkpt>
      <trkpt lat="34.687807" lon="137.683668"></trkpt>
      <trkpt lat="34.687781" lon="137.680750"></trkpt>
      <trkpt lat="34.687834" lon="137.677692"></trkpt>
      <trkpt lat="34.687904" lon="137.675890"></trkpt>
      <trkpt lat="34.687843" lon="137.674753"></trkpt>
      <trkpt lat="34.687878" lon="137.673959"></trkpt>
      <trkpt lat="34.687649" lon="137.672789"></trkpt>
      <trkpt lat="34.686687" lon="137.668186"></trkpt>
      <trkpt lat="34.686140" lon="137.665826"></trkpt>
      <trkpt lat="34.685443" lon="137.662307"></trkpt>
      <trkpt lat="34.685011" lon="137.659807"></trkpt>
      <trkpt lat="34.684596" lon="137.656835"></trkpt>
      <trkpt lat="34.684084" lon="137.653284"></trkpt>
      <trkpt lat="34.683899" lon="137.651761"></trkpt>
      <trkpt lat="34.683599" lon="137.649787"></trkpt>
      <trkpt lat="34.682999" lon="137.645109"></trkpt>
      <trkpt lat="34.682655" lon="137.642437"></trkpt>
      <trkpt lat="34.682814" lon="137.640570"></trkpt>
      <trkpt lat="34.683167" lon="137.636858"></trkpt>
      <trkpt lat="34.683255" lon="137.634476"></trkpt>
      <trkpt lat="34.683634" lon="137.631279"></trkpt>
      <trkpt lat="34.683696" lon="137.628071"></trkpt>
      <trkpt lat="34.683776" lon="137.620207"></trkpt>
      <trkpt lat="34.683873" lon="137.618576"></trkpt>
      <trkpt lat="34.684058" lon="137.615905"></trkpt>
      <trkpt lat="34.684226" lon="137.614274"></trkpt>
      <trkpt lat="34.684261" lon="137.612949"></trkpt>
      <trkpt lat="34.684556" lon="137.609859"></trkpt>
      <trkpt lat="34.684671" lon="137.608325"></trkpt>
      <trkpt lat="34.686471" lon="137.607488"></trkpt>
      <trkpt lat="34.688222" lon="137.605771"></trkpt>
      <trkpt lat="34.689020" lon="137.604591"></trkpt>
      <trkpt lat="34.689236" lon="137.604436"></trkpt>
      <trkpt lat="34.689783" lon="137.603148"></trkpt>
      <trkpt lat="34.690560" lon="137.601421"></trkpt>
      <trkpt lat="34.690754" lon="137.600187"></trkpt>
      <trkpt lat="34.690939" lon="137.599796"></trkpt>
      <trkpt lat="34.691843" lon="137.597655"></trkpt>
      <trkpt lat="34.691870" lon="137.597446"></trkpt>
      <trkpt lat="34.692426" lon="137.596175"></trkpt>
      <trkpt lat="34.693162" lon="137.593980"></trkpt>
      <trkpt lat="34.693590" lon="137.592060"></trkpt>
      <trkpt lat="34.693890" lon="137.590258"></trkpt>
      <trkpt lat="34.693907" lon="137.589946"></trkpt>
      <trkpt lat="34.694013" lon="137.589759"></trkpt>
      <trkpt lat="34.694022" lon="137.584271"></trkpt>
      <trkpt lat="34.694062" lon="137.583702"></trkpt>
      <trkpt lat="34.693956" lon="137.583579"></trkpt>
      <trkpt lat="34.694018" lon="137.582490"></trkpt>
      <trkpt lat="34.694027" lon="137.578949"></trkpt>
      <trkpt lat="34.694044" lon="137.574234"></trkpt>
      <trkpt lat="34.694018" lon="137.572770"></trkpt>
      <trkpt lat="34.693921" lon="137.569562"></trkpt>
      <trkpt lat="34.693872" lon="137.566499"></trkpt>
      <trkpt lat="34.693938" lon="137.565195"></trkpt>
      <trkpt lat="34.694172" lon="137.562711"></trkpt>
      <trkpt lat="34.694234" lon="137.562003"></trkpt>
      <trkpt lat="34.694340" lon="137.561569"></trkpt>
      <trkpt lat="34.694675" lon="137.560501"></trkpt>
      <trkpt lat="34.695037" lon="137.559117"></trkpt>
      <trkpt lat="34.694146" lon="137.559004"></trkpt>
      <trkpt lat="34.692725" lon="137.558822"></trkpt>
      <trkpt lat="34.692439" lon="137.558726"></trkpt>
      <trkpt lat="34.691490" lon="137.558334"></trkpt>
      <trkpt lat="34.690776" lon="137.558060"></trkpt>
      <trkpt lat="34.688919" lon="137.558135"></trkpt>
      <trkpt lat="34.688548" lon="137.557272"></trkpt>
      <trkpt lat="34.687410" lon="137.557551"></trkpt>
      <trkpt lat="34.687163" lon="137.557631"></trkpt>
      <trkpt lat="34.686519" lon="137.555630"></trkpt>
      <trkpt lat="34.686568" lon="137.555314"></trkpt>
      <trkpt lat="34.686599" lon="137.553227"></trkpt>
      <trkpt lat="34.687013" lon="137.551902"></trkpt>
      <trkpt lat="34.686956" lon="137.551500"></trkpt>
      <trkpt lat="34.686621" lon="137.550073"></trkpt>
      <trkpt lat="34.686533" lon="137.549273"></trkpt>
      <trkpt lat="34.686250" lon="137.548361"></trkpt>
      <trkpt lat="34.685589" lon="137.546285"></trkpt>
      <trkpt lat="34.685328" lon="137.545170"></trkpt>
      <trkpt lat="34.684821" lon="137.544285"></trkpt>
      <trkpt lat="34.684248" lon="137.542825"></trkpt>
      <trkpt lat="34.683992" lon="137.539687"></trkpt>
      <trkpt lat="34.683802" lon="137.538368"></trkpt>
      <trkpt lat="34.683714" lon="137.537960"></trkpt>
      <trkpt lat="34.683529" lon="137.535852"></trkpt>
      <trkpt lat="34.683321" lon="137.534838"></trkpt>
      <trkpt lat="34.682986" lon="137.533073"></trkpt>
      <trkpt lat="34.682915" lon="137.532011"></trkpt>
      <trkpt lat="34.682699" lon="137.531201"></trkpt>
      <trkpt lat="34.682629" lon="137.530584"></trkpt>
      <trkpt lat="34.682395" lon="137.530037"></trkpt>
      <trkpt lat="34.681936" lon="137.528449"></trkpt>
      <trkpt lat="34.681513" lon="137.526818"></trkpt>
      <trkpt lat="34.681244" lon="137.525927"></trkpt>
      <trkpt lat="34.681129" lon="137.525032"></trkpt>
      <trkpt lat="34.681107" lon="137.523744"></trkpt>
      <trkpt lat="34.681120" lon="137.523063"></trkpt>
      <trkpt lat="34.680869" lon="137.521486"></trkpt>
      <trkpt lat="34.680622" lon="137.520649"></trkpt>
      <trkpt lat="34.680277" lon="137.518562"></trkpt>
      <trkpt lat="34.680039" lon="137.516910"></trkpt>
      <trkpt lat="34.679673" lon="137.514523"></trkpt>
      <trkpt lat="34.679611" lon="137.513192"></trkpt>
      <trkpt lat="34.680604" lon="137.512688"></trkpt>
      <trkpt lat="34.681336" lon="137.512270"></trkpt>
      <trkpt lat="34.681689" lon="137.511798"></trkpt>
      <trkpt lat="34.681711" lon="137.511406"></trkpt>
      <trkpt lat="34.681482" lon="137.511127"></trkpt>
      <trkpt lat="34.681499" lon="137.510628"></trkpt>
      <trkpt lat="34.681861" lon="137.510424"></trkpt>
      <trkpt lat="34.682205" lon="137.510478"></trkpt>
      <trkpt lat="34.682532" lon="137.510237"></trkpt>
      <trkpt lat="34.683061" lon="137.509614"></trkpt>
      <trkpt lat="34.683820" lon="137.508890"></trkpt>
      <trkpt lat="34.683890" lon="137.508531"></trkpt>
      <trkpt lat="34.683657" lon="137.507903"></trkpt>
      <trkpt lat="34.684009" lon="137.507270"></trkpt>
      <trkpt lat="34.685359" lon="137.506122"></trkpt>
      <trkpt lat="34.685637" lon="137.505757"></trkpt>
      <trkpt lat="34.686391" lon="137.504432"></trkpt>
      <trkpt lat="34.687234" lon="137.502919"></trkpt>
      <trkpt lat="34.687212" lon="137.502694"></trkpt>
      <trkpt lat="34.688526" lon="137.500908"></trkpt>
      <trkpt lat="34.689038" lon="137.500269"></trkpt>
      <trkpt lat="34.689678" lon="137.499846"></trkpt>
      <trkpt lat="34.690943" lon="137.499299"></trkpt>
      <trkpt lat="34.691799" lon="137.498757"></trkpt>
      <trkpt lat="34.692747" lon="137.498065"></trkpt>
      <trkpt lat="34.693409" lon="137.497534"></trkpt>
      <trkpt lat="34.694221" lon="137.496809"></trkpt>
      <trkpt lat="34.694335" lon="137.496530"></trkpt>
      <trkpt lat="34.694534" lon="137.495463"></trkpt>
      <trkpt lat="34.694538" lon="137.495222"></trkpt>
      <trkpt lat="34.694697" lon="137.494766"></trkpt>
      <trkpt lat="34.694851" lon="137.494567"></trkpt>
      <trkpt lat="34.695032" lon="137.494020"></trkpt>
      <trkpt lat="34.695037" lon="137.493323"></trkpt>
      <trkpt lat="34.694957" lon="137.493103"></trkpt>
      <trkpt lat="34.695160" lon="137.491306"></trkpt>
      <trkpt lat="34.695253" lon="137.490233"></trkpt>
      <trkpt lat="34.695760" lon="137.488870"></trkpt>
      <trkpt lat="34.696219" lon="137.488387"></trkpt>
      <trkpt lat="34.696501" lon="137.487931"></trkpt>
      <trkpt lat="34.698102" lon="137.486816"></trkpt>
      <trkpt lat="34.699227" lon="137.485946"></trkpt>
      <trkpt lat="34.700364" lon="137.484638"></trkpt>
      <trkpt lat="34.701604" lon="137.482685"></trkpt>
      <trkpt lat="34.702415" lon="137.481945"></trkpt>
      <trkpt lat="34.703597" lon="137.481269"></trkpt>
      <trkpt lat="34.706428" lon="137.478147"></trkpt>
      <trkpt lat="34.708078" lon="137.477299"></trkpt>
      <trkpt lat="34.709321" lon="137.476258"></trkpt>
      <trkpt lat="34.711500" lon="137.472879"></trkpt>
      <trkpt lat="34.713678" lon="137.470690"></trkpt>
      <trkpt lat="34.715266" lon="137.468491"></trkpt>
      <trkpt lat="34.717073" lon="137.466635"></trkpt>
      <trkpt lat="34.720010" lon="137.460948"></trkpt>
      <trkpt lat="34.720469" lon="137.459586"></trkpt>
      <trkpt lat="34.720610" lon="137.458792"></trkpt>
      <trkpt lat="34.721306" lon="137.458974"></trkpt>
      <trkpt lat="34.721897" lon="137.458223"></trkpt>
      <trkpt lat="34.722056" lon="137.457022"></trkpt>
      <trkpt lat="34.722232" lon="137.456850"></trkpt>
      <trkpt lat="34.722206" lon="137.456217"></trkpt>
      <trkpt lat="34.722523" lon="137.455305"></trkpt>
      <trkpt lat="34.722761" lon="137.454093"></trkpt>
      <trkpt lat="34.723167" lon="137.452580"></trkpt>
      <trkpt lat="34.723299" lon="137.451786"></trkpt>
      <trkpt lat="34.723850" lon="137.450037"></trkpt>
      <trkpt lat="34.724080" lon="137.449216"></trkpt>
      <trkpt lat="34.724260" lon="137.448846"></trkpt>
      <trkpt lat="34.725301" lon="137.445043"></trkpt>
      <trkpt lat="34.725394" lon="137.444614"></trkpt>
      <trkpt lat="34.725438" lon="137.443943"></trkpt>
      <trkpt lat="34.725685" lon="137.442082"></trkpt>
      <trkpt lat="34.726368" lon="137.437817"></trkpt>
      <trkpt lat="34.726712" lon="137.436272"></trkpt>
      <trkpt lat="34.727307" lon="137.435387"></trkpt>
      <trkpt lat="34.727488" lon="137.434786"></trkpt>
      <trkpt lat="34.727902" lon="137.434706"></trkpt>
      <trkpt lat="34.728334" lon="137.434620"></trkpt>
      <trkpt lat="34.729445" lon="137.433971"></trkpt>
      <trkpt lat="34.730728" lon="137.433729"></trkpt>
      <trkpt lat="34.731804" lon="137.433536"></trkpt>
      <trkpt lat="34.733250" lon="137.433499"></trkpt>
      <trkpt lat="34.734251" lon="137.433520"></trkpt>
      <trkpt lat="34.734401" lon="137.431675"></trkpt>
      <trkpt lat="34.735260" lon="137.430602"></trkpt>
      <trkpt lat="34.736715" lon="137.427667"></trkpt>
      <trkpt lat="34.738452" lon="137.424803"></trkpt>
      <trkpt lat="34.738946" lon="137.423848"></trkpt>
      <trkpt lat="34.739942" lon="137.422866"></trkpt>
      <trkpt lat="34.740559" lon="137.422351"></trkpt>
      <trkpt lat="34.740934" lon="137.421890"></trkpt>
      <trkpt lat="34.742053" lon="137.420265"></trkpt>
      <trkpt lat="34.743896" lon="137.417513"></trkpt>
      <trkpt lat="34.744764" lon="137.416118"></trkpt>
      <trkpt lat="34.745302" lon="137.415201"></trkpt>
      <trkpt lat="34.745730" lon="137.414879"></trkpt>
      <trkpt lat="34.746285" lon="137.414750"></trkpt>
      <trkpt lat="34.746854" lon="137.414369"></trkpt>
      <trkpt lat="34.747418" lon="137.413892"></trkpt>
      <trkpt lat="34.748559" lon="137.413500"></trkpt>
      <trkpt lat="34.751733" lon="137.412508"></trkpt>
      <trkpt lat="34.753267" lon="137.411671"></trkpt>
      <trkpt lat="34.754527" lon="137.411124"></trkpt>
      <trkpt lat="34.756123" lon="137.409986"></trkpt>
      <trkpt lat="34.758265" lon="137.408452"></trkpt>
      <trkpt lat="34.762363" lon="137.404708"></trkpt>
      <trkpt lat="34.763879" lon="137.403141"></trkpt>
      <trkpt lat="34.765915" lon="137.399783"></trkpt>
      <trkpt lat="34.765444" lon="137.399628"></trkpt>
      <trkpt lat="34.765298" lon="137.399488"></trkpt>
      <trkpt lat="34.765505" lon="137.398490"></trkpt>
      <trkpt lat="34.764866" lon="137.398319"></trkpt>
      <trkpt lat="34.765598" lon="137.395030"></trkpt>
      <trkpt lat="34.765959" lon="137.393437"></trkpt>
      <trkpt lat="34.765514" lon="137.393239"></trkpt>
      <trkpt lat="34.766105" lon="137.391345"></trkpt>
      <trkpt lat="34.766453" lon="137.390235"></trkpt>
      <trkpt lat="34.767127" lon="137.387998"></trkpt>
      <trkpt lat="34.767572" lon="137.385948"></trkpt>
      <trkpt lat="34.769388" lon="137.386431"></trkpt>
      <trkpt lat="34.770842" lon="137.386437"></trkpt>
      <trkpt lat="34.771344" lon="137.383390"></trkpt>
      <trkpt lat="34.772781" lon="137.383840"></trkpt>
      <trkpt lat="34.774402" lon="137.385321"></trkpt>
      <trkpt lat="34.775063" lon="137.384473"></trkpt>
      <trkpt lat="34.776121" lon="137.383218"></trkpt>
      <trkpt lat="34.778483" lon="137.380922"></trkpt>
      <trkpt lat="34.779108" lon="137.379420"></trkpt>
      <trkpt lat="34.779848" lon="137.378540"></trkpt>
      <trkpt lat="34.780774" lon="137.377789"></trkpt>
      <trkpt lat="34.781990" lon="137.376748"></trkpt>
      <trkpt lat="34.784298" lon="137.375161"></trkpt>
      <trkpt lat="34.785629" lon="137.374002"></trkpt>
      <trkpt lat="34.787400" lon="137.372543"></trkpt>
      <trkpt lat="34.788854" lon="137.371362"></trkpt>
      <trkpt lat="34.790378" lon="137.369893"></trkpt>
      <trkpt lat="34.791577" lon="137.368841"></trkpt>
      <trkpt lat="34.794881" lon="137.365998"></trkpt>
      <trkpt lat="34.795788" lon="137.365161"></trkpt>
      <trkpt lat="34.796502" lon="137.364764"></trkpt>
      <trkpt lat="34.799647" lon="137.363992"></trkpt>
      <trkpt lat="34.801409" lon="137.362404"></trkpt>
      <trkpt lat="34.803109" lon="137.360923"></trkpt>
      <trkpt lat="34.805470" lon="137.358842"></trkpt>
      <trkpt lat="34.807126" lon="137.357158"></trkpt>
      <trkpt lat="34.810324" lon="137.354347"></trkpt>
      <trkpt lat="34.813610" lon="137.351321"></trkpt>
      <trkpt lat="34.815345" lon="137.349830"></trkpt>
      <trkpt lat="34.817864" lon="137.347641"></trkpt>
      <trkpt lat="34.818428" lon="137.347105"></trkpt>
      <trkpt lat="34.819097" lon="137.345989"></trkpt>
      <trkpt lat="34.819634" lon="137.345495"></trkpt>
      <trkpt lat="34.820418" lon="137.345002"></trkpt>
      <trkpt lat="34.821035" lon="137.343993"></trkpt>
      <trkpt lat="34.821264" lon="137.343457"></trkpt>
      <trkpt lat="34.822470" lon="137.342234"></trkpt>
      <trkpt lat="34.824073" lon="137.340785"></trkpt>
      <trkpt lat="34.825941" lon="137.339015"></trkpt>
      <trkpt lat="34.827649" lon="137.337416"></trkpt>
      <trkpt lat="34.828028" lon="137.337159"></trkpt>
      <trkpt lat="34.829411" lon="137.333865"></trkpt>
      <trkpt lat="34.830467" lon="137.331634"></trkpt>
      <trkpt lat="34.831145" lon="137.330775"></trkpt>
      <trkpt lat="34.832493" lon="137.329788"></trkpt>
      <trkpt lat="34.833673" lon="137.326859"></trkpt>
      <trkpt lat="34.834316" lon="137.325786"></trkpt>
      <trkpt lat="34.835038" lon="137.325475"></trkpt>
      <trkpt lat="34.836077" lon="137.325132"></trkpt>
      <trkpt lat="34.836773" lon="137.324338"></trkpt>
      <trkpt lat="34.837918" lon="137.323802"></trkpt>
      <trkpt lat="34.838930" lon="137.322954"></trkpt>
      <trkpt lat="34.839687" lon="137.322407"></trkpt>
      <trkpt lat="34.840638" lon="137.321409"></trkpt>
      <trkpt lat="34.841589" lon="137.320272"></trkpt>
      <trkpt lat="34.842039" lon="137.319531"></trkpt>
      <trkpt lat="34.842347" lon="137.318780"></trkpt>
      <trkpt lat="34.842884" lon="137.317579"></trkpt>
      <trkpt lat="34.843042" lon="137.317375"></trkpt>
      <trkpt lat="34.843632" lon="137.317032"></trkpt>
      <trkpt lat="34.844161" lon="137.318029"></trkpt>
      <trkpt lat="34.844825" lon="137.317509"></trkpt>
      <trkpt lat="34.845829" lon="137.316463"></trkpt>
      <trkpt lat="34.846661" lon="137.315953"></trkpt>
      <trkpt lat="34.847229" lon="137.315782"></trkpt>
      <trkpt lat="34.848039" lon="137.315326"></trkpt>
      <trkpt lat="34.848673" lon="137.314714"></trkpt>
      <trkpt lat="34.849206" lon="137.314226"></trkpt>
      <trkpt lat="34.849734" lon="137.313572"></trkpt>
      <trkpt lat="34.850756" lon="137.312847"></trkpt>
      <trkpt lat="34.851447" lon="137.312070"></trkpt>
      <trkpt lat="34.851957" lon="137.311292"></trkpt>
      <trkpt lat="34.852547" lon="137.310906"></trkpt>
      <trkpt lat="34.853467" lon="137.310643"></trkpt>
      <trkpt lat="34.854440" lon="137.309918"></trkpt>
      <trkpt lat="34.855206" lon="137.308888"></trkpt>
      <trkpt lat="34.855897" lon="137.308052"></trkpt>
      <trkpt lat="34.856817" lon="137.307022"></trkpt>
      <trkpt lat="34.857244" lon="137.306448"></trkpt>
      <trkpt lat="34.858719" lon="137.304661"></trkpt>
      <trkpt lat="34.859969" lon="137.303776"></trkpt>
      <trkpt lat="34.860638" lon="137.303277"></trkpt>
      <trkpt lat="34.861237" lon="137.302800"></trkpt>
      <trkpt lat="34.863407" lon="137.301003"></trkpt>
      <trkpt lat="34.863803" lon="137.300037"></trkpt>
      <trkpt lat="34.864674" lon="137.297248"></trkpt>
      <trkpt lat="34.865026" lon="137.296003"></trkpt>
      <trkpt lat="34.865748" lon="137.294512"></trkpt>
      <trkpt lat="34.866105" lon="137.293847"></trkpt>
      <trkpt lat="34.866805" lon="137.292076"></trkpt>
      <trkpt lat="34.867456" lon="137.290633"></trkpt>
      <trkpt lat="34.868011" lon="137.289190"></trkpt>
      <trkpt lat="34.868499" lon="137.288257"></trkpt>
      <trkpt lat="34.869349" lon="137.287082"></trkpt>
      <trkpt lat="34.869762" lon="137.286594"></trkpt>
      <trkpt lat="34.870401" lon="137.286449"></trkpt>
      <trkpt lat="34.871061" lon="137.285736"></trkpt>
      <trkpt lat="34.871840" lon="137.284711"></trkpt>
      <trkpt lat="34.872377" lon="137.284110"></trkpt>
      <trkpt lat="34.872768" lon="137.283220"></trkpt>
      <trkpt lat="34.872883" lon="137.282603"></trkpt>
      <trkpt lat="34.873230" lon="137.281761"></trkpt>
      <trkpt lat="34.873393" lon="137.281053"></trkpt>
      <trkpt lat="34.873644" lon="137.280242"></trkpt>
      <trkpt lat="34.873750" lon="137.279974"></trkpt>
      <trkpt lat="34.874384" lon="137.279384"></trkpt>
      <trkpt lat="34.874498" lon="137.278939"></trkpt>
      <trkpt lat="34.874670" lon="137.278858"></trkpt>
      <trkpt lat="34.874850" lon="137.278242"></trkpt>
      <trkpt lat="34.875198" lon="137.277571"></trkpt>
      <trkpt lat="34.875488" lon="137.277174"></trkpt>
      <trkpt lat="34.876214" lon="137.276080"></trkpt>
      <trkpt lat="34.878023" lon="137.273768"></trkpt>
      <trkpt lat="34.879295" lon="137.271692"></trkpt>
      <trkpt lat="34.880395" lon="137.269868"></trkpt>
      <trkpt lat="34.882719" lon="137.267293"></trkpt>
      <trkpt lat="34.884144" lon="137.265630"></trkpt>
      <trkpt lat="34.884087" lon="137.265501"></trkpt>
      <trkpt lat="34.884813" lon="137.265029"></trkpt>
      <trkpt lat="34.885588" lon="137.264809"></trkpt>
      <trkpt lat="34.886406" lon="137.264589"></trkpt>
      <trkpt lat="34.886974" lon="137.264493"></trkpt>
      <trkpt lat="34.888127" lon="137.264278"></trkpt>
      <trkpt lat="34.888171" lon="137.264090"></trkpt>
      <trkpt lat="34.888554" lon="137.263597"></trkpt>
      <trkpt lat="34.889231" lon="137.262948"></trkpt>
      <trkpt lat="34.890058" lon="137.262186"></trkpt>
      <trkpt lat="34.890938" lon="137.261151"></trkpt>
      <trkpt lat="34.891444" lon="137.260485"></trkpt>
      <trkpt lat="34.891863" lon="137.259750"></trkpt>
      <trkpt lat="34.892395" lon="137.259150"></trkpt>
      <trkpt lat="34.892993" lon="137.258425"></trkpt>
      <trkpt lat="34.893385" lon="137.257884"></trkpt>
      <trkpt lat="34.893689" lon="137.257186"></trkpt>
      <trkpt lat="34.893909" lon="137.256178"></trkpt>
      <trkpt lat="34.894080" lon="137.255534"></trkpt>
      <trkpt lat="34.894472" lon="137.254488"></trkpt>
      <trkpt lat="34.894718" lon="137.253860"></trkpt>
      <trkpt lat="34.894815" lon="137.253576"></trkpt>
      <trkpt lat="34.895026" lon="137.253715"></trkpt>
      <trkpt lat="34.895418" lon="137.252750"></trkpt>
      <trkpt lat="34.896425" lon="137.250894"></trkpt>
      <trkpt lat="34.897160" lon="137.249204"></trkpt>
      <trkpt lat="34.897895" lon="137.247557"></trkpt>
      <trkpt lat="34.898168" lon="137.246463"></trkpt>
      <trkpt lat="34.898269" lon="137.245803"></trkpt>
      <trkpt lat="34.898414" lon="137.245556"></trkpt>
      <trkpt lat="34.898722" lon="137.243941"></trkpt>
      <trkpt lat="34.898792" lon="137.243609"></trkpt>
      <trkpt lat="34.899399" lon="137.242391"></trkpt>
      <trkpt lat="34.899729" lon="137.241613"></trkpt>
      <trkpt lat="34.900121" lon="137.240691"></trkpt>
      <trkpt lat="34.900763" lon="137.239441"></trkpt>
      <trkpt lat="34.901256" lon="137.238523"></trkpt>
      <trkpt lat="34.901604" lon="137.237783"></trkpt>
      <trkpt lat="34.901986" lon="137.237188"></trkpt>
      <trkpt lat="34.902330" lon="137.236898"></trkpt>
      <trkpt lat="34.903082" lon="137.235884"></trkpt>
      <trkpt lat="34.903377" lon="137.235358"></trkpt>
      <trkpt lat="34.903588" lon="137.235117"></trkpt>
      <trkpt lat="34.905189" lon="137.234055"></trkpt>
      <trkpt lat="34.906021" lon="137.233121"></trkpt>
      <trkpt lat="34.906733" lon="137.231829"></trkpt>
      <trkpt lat="34.907596" lon="137.230337"></trkpt>
      <trkpt lat="34.907877" lon="137.229887"></trkpt>
      <trkpt lat="34.908000" lon="137.229576"></trkpt>
      <trkpt lat="34.907890" lon="137.229914"></trkpt>
      <trkpt lat="34.907934" lon="137.229704"></trkpt>
      <trkpt lat="34.908308" lon="137.229238"></trkpt>
      <trkpt lat="34.908308" lon="137.229077"></trkpt>
      <trkpt lat="34.908731" lon="137.228481"></trkpt>
      <trkpt lat="34.909171" lon="137.228728"></trkpt>
      <trkpt lat="34.909751" lon="137.227076"></trkpt>
      <trkpt lat="34.910697" lon="137.224351"></trkpt>
      <trkpt lat="34.911203" lon="137.222570"></trkpt>
      <trkpt lat="34.911322" lon="137.221727"></trkpt>
      <trkpt lat="34.911674" lon="137.219882"></trkpt>
      <trkpt lat="34.911832" lon="137.218949"></trkpt>
      <trkpt lat="34.912364" lon="137.217978"></trkpt>
      <trkpt lat="34.912883" lon="137.217001"></trkpt>
      <trkpt lat="34.913420" lon="137.216047"></trkpt>
      <trkpt lat="34.914053" lon="137.213981"></trkpt>
      <trkpt lat="34.914335" lon="137.213531"></trkpt>
      <trkpt lat="34.915290" lon="137.212549"></trkpt>
      <trkpt lat="34.915857" lon="137.211970"></trkpt>
      <trkpt lat="34.916754" lon="137.210752"></trkpt>
      <trkpt lat="34.917982" lon="137.209164"></trkpt>
      <trkpt lat="34.918219" lon="137.208971"></trkpt>
      <trkpt lat="34.918496" lon="137.208654"></trkpt>
      <trkpt lat="34.919222" lon="137.207839"></trkpt>
      <trkpt lat="34.920678" lon="137.206428"></trkpt>
      <trkpt lat="34.924342" lon="137.202823"></trkpt>
      <trkpt lat="34.924293" lon="137.202684"></trkpt>
      <trkpt lat="34.925112" lon="137.201402"></trkpt>
      <trkpt lat="34.925389" lon="137.200184"></trkpt>
      <trkpt lat="34.925666" lon="137.199755"></trkpt>
      <trkpt lat="34.926215" lon="137.199186"></trkpt>
      <trkpt lat="34.926655" lon="137.198698"></trkpt>
      <trkpt lat="34.927328" lon="137.198054"></trkpt>
      <trkpt lat="34.927869" lon="137.197593"></trkpt>
      <trkpt lat="34.929294" lon="137.196531"></trkpt>
      <trkpt lat="34.929730" lon="137.196225"></trkpt>
      <trkpt lat="34.930521" lon="137.196096"></trkpt>
      <trkpt lat="34.931089" lon="137.195951"></trkpt>
      <trkpt lat="34.931089" lon="137.195946"></trkpt>
      <trkpt lat="34.932408" lon="137.195640"></trkpt>
      <trkpt lat="34.933455" lon="137.195426"></trkpt>
      <trkpt lat="34.933547" lon="137.195581"></trkpt>
      <trkpt lat="34.933516" lon="137.196016"></trkpt>
      <trkpt lat="34.933468" lon="137.196407"></trkpt>
      <trkpt lat="34.934418" lon="137.196348"></trkpt>
      <trkpt lat="34.935271" lon="137.196284"></trkpt>
      <trkpt lat="34.935522" lon="137.196214"></trkpt>
      <trkpt lat="34.935324" lon="137.195061"></trkpt>
      <trkpt lat="34.935346" lon="137.194932"></trkpt>
      <trkpt lat="34.936133" lon="137.195206"></trkpt>
      <trkpt lat="34.936854" lon="137.195506"></trkpt>
      <trkpt lat="34.937131" lon="137.195662"></trkpt>
      <trkpt lat="34.937602" lon="137.195774"></trkpt>
      <trkpt lat="34.938085" lon="137.195737"></trkpt>
      <trkpt lat="34.938802" lon="137.195490"></trkpt>
      <trkpt lat="34.939620" lon="137.195168"></trkpt>
      <trkpt lat="34.940170" lon="137.194793"></trkpt>
      <trkpt lat="34.941300" lon="137.193881"></trkpt>
      <trkpt lat="34.941625" lon="137.193537"></trkpt>
      <trkpt lat="34.941995" lon="137.193022"></trkpt>
      <trkpt lat="34.942549" lon="137.192245"></trkpt>
      <trkpt lat="34.942672" lon="137.191451"></trkpt>
      <trkpt lat="34.944106" lon="137.190303"></trkpt>
      <trkpt lat="34.944497" lon="137.190480"></trkpt>
      <trkpt lat="34.944814" lon="137.190190"></trkpt>
      <trkpt lat="34.944937" lon="137.190029"></trkpt>
      <trkpt lat="34.945372" lon="137.189863"></trkpt>
      <trkpt lat="34.945653" lon="137.189874"></trkpt>
      <trkpt lat="34.945944" lon="137.189498"></trkpt>
      <trkpt lat="34.946089" lon="137.189021"></trkpt>
      <trkpt lat="34.946124" lon="137.188715"></trkpt>
      <trkpt lat="34.946594" lon="137.188125"></trkpt>
      <trkpt lat="34.947082" lon="137.187299"></trkpt>
      <trkpt lat="34.947456" lon="137.186875"></trkpt>
      <trkpt lat="34.948010" lon="137.186258"></trkpt>
      <trkpt lat="34.948199" lon="137.185679"></trkpt>
      <trkpt lat="34.948397" lon="137.185067"></trkpt>
      <trkpt lat="34.948687" lon="137.184284"></trkpt>
      <trkpt lat="34.949057" lon="137.183484"></trkpt>
      <trkpt lat="34.949778" lon="137.183275"></trkpt>
      <trkpt lat="34.950477" lon="137.182514"></trkpt>
      <trkpt lat="34.950921" lon="137.181966"></trkpt>
      <trkpt lat="34.951427" lon="137.181548"></trkpt>
      <trkpt lat="34.951708" lon="137.181382"></trkpt>
      <trkpt lat="34.952565" lon="137.181843"></trkpt>
      <trkpt lat="34.953177" lon="137.180212"></trkpt>
      <trkpt lat="34.953546" lon="137.179209"></trkpt>
      <trkpt lat="34.953906" lon="137.178249"></trkpt>
      <trkpt lat="34.954865" lon="137.176725"></trkpt>
      <trkpt lat="34.955199" lon="137.175631"></trkpt>
      <trkpt lat="34.955881" lon="137.175947"></trkpt>
      <trkpt lat="34.956712" lon="137.173179"></trkpt>
      <trkpt lat="34.957525" lon="137.170524"></trkpt>
      <trkpt lat="34.957973" lon="137.169054"></trkpt>
      <trkpt lat="34.957490" lon="137.168818"></trkpt>
      <trkpt lat="34.957727" lon="137.168099"></trkpt>
      <trkpt lat="34.957951" lon="137.167332"></trkpt>
      <trkpt lat="34.957991" lon="137.167128"></trkpt>
      <trkpt lat="34.958505" lon="137.167327"></trkpt>
      <trkpt lat="34.958558" lon="137.167161"></trkpt>
      <trkpt lat="34.959596" lon="137.167257"></trkpt>
      <trkpt lat="34.959662" lon="137.167053"></trkpt>
      <trkpt lat="34.959618" lon="137.165911"></trkpt>
      <trkpt lat="34.959578" lon="137.163894"></trkpt>
      <trkpt lat="34.959552" lon="137.163089"></trkpt>
      <trkpt lat="34.960308" lon="137.163169"></trkpt>
      <trkpt lat="34.960273" lon="137.162118"></trkpt>
      <trkpt lat="34.961636" lon="137.162156"></trkpt>
      <trkpt lat="34.961715" lon="137.160273"></trkpt>
      <trkpt lat="34.961917" lon="137.158433"></trkpt>
      <trkpt lat="34.961055" lon="137.158358"></trkpt>
      <trkpt lat="34.960167" lon="137.158417"></trkpt>
      <trkpt lat="34.960123" lon="137.157757"></trkpt>
      <trkpt lat="34.960136" lon="137.157311"></trkpt>
      <trkpt lat="34.958976" lon="137.156968"></trkpt>
      <trkpt lat="34.958633" lon="137.156882"></trkpt>
      <trkpt lat="34.958734" lon="137.155568"></trkpt>
      <trkpt lat="34.958646" lon="137.155509"></trkpt>
      <trkpt lat="34.958519" lon="137.155557"></trkpt>
      <trkpt lat="34.958466" lon="137.156067"></trkpt>
      <trkpt lat="34.958176" lon="137.156003"></trkpt>
      <trkpt lat="34.957573" lon="137.156045"></trkpt>
      <trkpt lat="34.957046" lon="137.156094"></trkpt>
      <trkpt lat="34.956219" lon="137.156137"></trkpt>
      <trkpt lat="34.956404" lon="137.155032"></trkpt>
      <trkpt lat="34.956707" lon="137.153862"></trkpt>
      <trkpt lat="34.956879" lon="137.152907"></trkpt>
      <trkpt lat="34.957226" lon="137.151336"></trkpt>
      <trkpt lat="34.957367" lon="137.150762"></trkpt>
      <trkpt lat="34.958158" lon="137.151137"></trkpt>
      <trkpt lat="34.958721" lon="137.151405"></trkpt>
      <trkpt lat="34.958703" lon="137.151668"></trkpt>
      <trkpt lat="34.958782" lon="137.151496"></trkpt>
      <trkpt lat="34.958839" lon="137.150939"></trkpt>
      <trkpt lat="34.959081" lon="137.149512"></trkpt>
      <trkpt lat="34.959679" lon="137.147602"></trkpt>
      <trkpt lat="34.960176" lon="137.147918"></trkpt>
      <trkpt lat="34.960919" lon="137.146282"></trkpt>
      <trkpt lat="34.961491" lon="137.145016"></trkpt>
      <trkpt lat="34.962115" lon="137.143718"></trkpt>
      <trkpt lat="34.962695" lon="137.142854"></trkpt>
      <trkpt lat="34.963174" lon="137.141857"></trkpt>
      <trkpt lat="34.964383" lon="137.140011"></trkpt>
      <trkpt lat="34.964673" lon="137.139239"></trkpt>
      <trkpt lat="34.965003" lon="137.138064"></trkpt>
      <trkpt lat="34.965117" lon="137.136916"></trkpt>
      <trkpt lat="34.965157" lon="137.136256"></trkpt>
      <trkpt lat="34.965711" lon="137.134851"></trkpt>
      <trkpt lat="34.966234" lon="137.133923"></trkpt>
      <trkpt lat="34.967707" lon="137.131900"></trkpt>
      <trkpt lat="34.968265" lon="137.131106"></trkpt>
      <trkpt lat="34.968489" lon="137.130479"></trkpt>
      <trkpt lat="34.968815" lon="137.129384"></trkpt>
      <trkpt lat="34.969157" lon="137.128499"></trkpt>
      <trkpt lat="34.969298" lon="137.127695"></trkpt>
      <trkpt lat="34.969465" lon="137.127287"></trkpt>
      <trkpt lat="34.970059" lon="137.126262"></trkpt>
      <trkpt lat="34.970907" lon="137.125104"></trkpt>
      <trkpt lat="34.971474" lon="137.123736"></trkpt>
      <trkpt lat="34.972358" lon="137.121214"></trkpt>
      <trkpt lat="34.972947" lon="137.120254"></trkpt>
      <trkpt lat="34.974577" lon="137.118698"></trkpt>
      <trkpt lat="34.975246" lon="137.118151"></trkpt>
      <trkpt lat="34.976481" lon="137.116950"></trkpt>
      <trkpt lat="34.977329" lon="137.116032"></trkpt>
      <trkpt lat="34.978032" lon="137.115126"></trkpt>
      <trkpt lat="34.979153" lon="137.114235"></trkpt>
      <trkpt lat="34.980441" lon="137.112696"></trkpt>
      <trkpt lat="34.981113" lon="137.111751"></trkpt>
      <trkpt lat="34.982810" lon="137.109520"></trkpt>
      <trkpt lat="34.984669" lon="137.106940"></trkpt>
      <trkpt lat="34.985865" lon="137.105073"></trkpt>
      <trkpt lat="34.986744" lon="137.103292"></trkpt>
      <trkpt lat="34.987122" lon="137.102326"></trkpt>
      <trkpt lat="34.987711" lon="137.100395"></trkpt>
      <trkpt lat="34.988581" lon="137.098013"></trkpt>
      <trkpt lat="34.989671" lon="137.095417"></trkpt>
      <trkpt lat="34.990145" lon="137.093840"></trkpt>
      <trkpt lat="34.990488" lon="137.092048"></trkpt>
      <trkpt lat="34.990743" lon="137.090235"></trkpt>
      <trkpt lat="34.991701" lon="137.086598"></trkpt>
      <trkpt lat="34.992527" lon="137.084549"></trkpt>
      <trkpt lat="34.993661" lon="137.082800"></trkpt>
      <trkpt lat="34.994672" lon="137.081512"></trkpt>
      <trkpt lat="34.995551" lon="137.080096"></trkpt>
      <trkpt lat="34.997080" lon="137.077682"></trkpt>
      <trkpt lat="34.998513" lon="137.076180"></trkpt>
      <trkpt lat="34.999963" lon="137.074882"></trkpt>
      <trkpt lat="35.000877" lon="137.073144"></trkpt>
      <trkpt lat="35.001430" lon="137.070816"></trkpt>
      <trkpt lat="35.002292" lon="137.067232"></trkpt>
      <trkpt lat="35.002353" lon="137.065988"></trkpt>
      <trkpt lat="35.002186" lon="137.064636"></trkpt>
      <trkpt lat="35.001914" lon="137.062522"></trkpt>
      <trkpt lat="35.002063" lon="137.061213"></trkpt>
      <trkpt lat="35.002529" lon="137.059089"></trkpt>
      <trkpt lat="35.003047" lon="137.056342"></trkpt>
      <trkpt lat="35.003557" lon="137.054282"></trkpt>
      <trkpt lat="35.004067" lon="137.052888"></trkpt>
      <trkpt lat="35.004691" lon="137.051257"></trkpt>
      <trkpt lat="35.005376" lon="137.049519"></trkpt>
      <trkpt lat="35.006000" lon="137.047319"></trkpt>
      <trkpt lat="35.006475" lon="137.045367"></trkpt>
      <trkpt lat="35.007187" lon="137.043607"></trkpt>
      <trkpt lat="35.007274" lon="137.043189"></trkpt>
      <trkpt lat="35.007705" lon="137.042610"></trkpt>
      <trkpt lat="35.008724" lon="137.041462"></trkpt>
      <trkpt lat="35.009243" lon="137.040378"></trkpt>
      <trkpt lat="35.009972" lon="137.040743"></trkpt>
      <trkpt lat="35.010218" lon="137.040346"></trkpt>
      <trkpt lat="35.010789" lon="137.039756"></trkpt>
      <trkpt lat="35.011545" lon="137.039563"></trkpt>
      <trkpt lat="35.012371" lon="137.039563"></trkpt>
      <trkpt lat="35.012854" lon="137.039294"></trkpt>
      <trkpt lat="35.013680" lon="137.039058"></trkpt>
      <trkpt lat="35.014164" lon="137.038307"></trkpt>
      <trkpt lat="35.014164" lon="137.037835"></trkpt>
      <trkpt lat="35.015447" lon="137.037374"></trkpt>
      <trkpt lat="35.015781" lon="137.036848"></trkpt>
      <trkpt lat="35.016800" lon="137.035775"></trkpt>
      <trkpt lat="35.018030" lon="137.034499"></trkpt>
      <trkpt lat="35.020077" lon="137.032707"></trkpt>
      <trkpt lat="35.020868" lon="137.031741"></trkpt>
      <trkpt lat="35.021641" lon="137.030540"></trkpt>
      <trkpt lat="35.022515" lon="137.030186"></trkpt>
      <trkpt lat="35.023495" lon="137.029359"></trkpt>
      <trkpt lat="35.023912" lon="137.028823"></trkpt>
      <trkpt lat="35.024009" lon="137.028533"></trkpt>
      <trkpt lat="35.024176" lon="137.027514"></trkpt>
      <trkpt lat="35.024299" lon="137.026833"></trkpt>
      <trkpt lat="35.024396" lon="137.026484"></trkpt>
      <trkpt lat="35.024659" lon="137.026055"></trkpt>
      <trkpt lat="35.024677" lon="137.025738"></trkpt>
      <trkpt lat="35.024892" lon="137.024848"></trkpt>
      <trkpt lat="35.025195" lon="137.023791"></trkpt>
      <trkpt lat="35.025336" lon="137.023341"></trkpt>
      <trkpt lat="35.025929" lon="137.022734"></trkpt>
      <trkpt lat="35.026974" lon="137.021774"></trkpt>
      <trkpt lat="35.027427" lon="137.021189"></trkpt>
      <trkpt lat="35.027835" lon="137.020556"></trkpt>
      <trkpt lat="35.028397" lon="137.019612"></trkpt>
      <trkpt lat="35.028973" lon="137.018791"></trkpt>
      <trkpt lat="35.029478" lon="137.018164"></trkpt>
      <trkpt lat="35.030168" lon="137.017568"></trkpt>
      <trkpt lat="35.031156" lon="137.016753"></trkpt>
      <trkpt lat="35.031732" lon="137.016318"></trkpt>
      <trkpt lat="35.032342" lon="137.016131"></trkpt>
      <trkpt lat="35.033607" lon="137.015943"></trkpt>
      <trkpt lat="35.034046" lon="137.015825"></trkpt>
      <trkpt lat="35.034266" lon="137.015809"></trkpt>
      <trkpt lat="35.035751" lon="137.015031"></trkpt>
      <trkpt lat="35.036317" lon="137.014822"></trkpt>
      <trkpt lat="35.037301" lon="137.014200"></trkpt>
      <trkpt lat="35.037868" lon="137.013550"></trkpt>
      <trkpt lat="35.038518" lon="137.012757"></trkpt>
      <trkpt lat="35.039172" lon="137.011673"></trkpt>
      <trkpt lat="35.039712" lon="137.011330"></trkpt>
      <trkpt lat="35.039849" lon="137.011088"></trkpt>
      <trkpt lat="35.039770" lon="137.010788"></trkpt>
      <trkpt lat="35.040310" lon="137.010289"></trkpt>
      <trkpt lat="35.041553" lon="137.008991"></trkpt>
      <trkpt lat="35.042809" lon="137.007714"></trkpt>
      <trkpt lat="35.043305" lon="137.007285"></trkpt>
      <trkpt lat="35.045971" lon="137.005311"></trkpt>
      <trkpt lat="35.046340" lon="137.004764"></trkpt>
      <trkpt lat="35.046709" lon="137.004334"></trkpt>
      <trkpt lat="35.047662" lon="137.003251"></trkpt>
      <trkpt lat="35.048505" lon="137.002323"></trkpt>
      <trkpt lat="35.049243" lon="137.001475"></trkpt>
      <trkpt lat="35.050424" lon="137.000070"></trkpt>
      <trkpt lat="35.050929" lon="136.999345"></trkpt>
      <trkpt lat="35.051764" lon="136.998058"></trkpt>
      <trkpt lat="35.052519" lon="136.996856"></trkpt>
      <trkpt lat="35.052743" lon="136.996025"></trkpt>
      <trkpt lat="35.053186" lon="136.995816"></trkpt>
      <trkpt lat="35.053700" lon="136.994759"></trkpt>
      <trkpt lat="35.054038" lon="136.993944"></trkpt>
      <trkpt lat="35.054526" lon="136.993375"></trkpt>
      <trkpt lat="35.055088" lon="136.992876"></trkpt>
      <trkpt lat="35.055685" lon="136.992195"></trkpt>
      <trkpt lat="35.056102" lon="136.991615"></trkpt>
      <trkpt lat="35.056493" lon="136.991165"></trkpt>
      <trkpt lat="35.057600" lon="136.990001"></trkpt>
      <trkpt lat="35.058100" lon="136.989287"></trkpt>
      <trkpt lat="35.058667" lon="136.988273"></trkpt>
      <trkpt lat="35.059264" lon="136.986809"></trkpt>
      <trkpt lat="35.059571" lon="136.986122"></trkpt>
      <trkpt lat="35.060603" lon="136.984518"></trkpt>
      <trkpt lat="35.061108" lon="136.983579"></trkpt>
      <trkpt lat="35.061055" lon="136.983043"></trkpt>
      <trkpt lat="35.060827" lon="136.981804"></trkpt>
      <trkpt lat="35.060796" lon="136.981283"></trkpt>
      <trkpt lat="35.061029" lon="136.980366"></trkpt>
      <trkpt lat="35.060968" lon="136.980141"></trkpt>
      <trkpt lat="35.061130" lon="136.979240"></trkpt>
      <trkpt lat="35.061139" lon="136.978725"></trkpt>
      <trkpt lat="35.061683" lon="136.977899"></trkpt>
      <trkpt lat="35.061885" lon="136.977244"></trkpt>
      <trkpt lat="35.062219" lon="136.976992"></trkpt>
      <trkpt lat="35.062636" lon="136.975865"></trkpt>
      <trkpt lat="35.063172" lon="136.974787"></trkpt>
      <trkpt lat="35.063374" lon="136.974814"></trkpt>
      <trkpt lat="35.064502" lon="136.974031"></trkpt>
      <trkpt lat="35.064687" lon="136.973725"></trkpt>
      <trkpt lat="35.064862" lon="136.973355"></trkpt>
      <trkpt lat="35.065236" lon="136.972985"></trkpt>
      <trkpt lat="35.065754" lon="136.972266"></trkpt>
      <trkpt lat="35.066079" lon="136.971880"></trkpt>
      <trkpt lat="35.066324" lon="136.971279"></trkpt>
      <trkpt lat="35.066649" lon="136.970914"></trkpt>
      <trkpt lat="35.066821" lon="136.970576"></trkpt>
      <trkpt lat="35.067286" lon="136.970286"></trkpt>
      <trkpt lat="35.067563" lon="136.969911"></trkpt>
      <trkpt lat="35.067971" lon="136.968634"></trkpt>
      <trkpt lat="35.068147" lon="136.967921"></trkpt>
      <trkpt lat="35.068594" lon="136.967261"></trkpt>
      <trkpt lat="35.068884" lon="136.966558"></trkpt>
      <trkpt lat="35.069279" lon="136.966161"></trkpt>
      <trkpt lat="35.069582" lon="136.965866"></trkpt>
      <trkpt lat="35.070421" lon="136.964579"></trkpt>
      <trkpt lat="35.070697" lon="136.963871"></trkpt>
      <trkpt lat="35.071330" lon="136.962669"></trkpt>
      <trkpt lat="35.071857" lon="136.961628"></trkpt>
      <trkpt lat="35.071936" lon="136.961145"></trkpt>
      <trkpt lat="35.072585" lon="136.959976"></trkpt>
      <trkpt lat="35.073007" lon="136.958506"></trkpt>
      <trkpt lat="35.072963" lon="136.957347"></trkpt>
      <trkpt lat="35.073288" lon="136.956800"></trkpt>
      <trkpt lat="35.073788" lon="136.956199"></trkpt>
      <trkpt lat="35.076747" lon="136.954311"></trkpt>
      <trkpt lat="35.077502" lon="136.954290"></trkpt>
      <trkpt lat="35.078117" lon="136.953667"></trkpt>
      <trkpt lat="35.079355" lon="136.952294"></trkpt>
      <trkpt lat="35.079697" lon="136.952080"></trkpt>
      <trkpt lat="35.080448" lon="136.950154"></trkpt>
      <trkpt lat="35.080747" lon="136.948845"></trkpt>
      <trkpt lat="35.080905" lon="136.948593"></trkpt>
      <trkpt lat="35.081366" lon="136.948539"></trkpt>
      <trkpt lat="35.082147" lon="136.948641"></trkpt>
      <trkpt lat="35.082950" lon="136.949038"></trkpt>
      <trkpt lat="35.083328" lon="136.949177"></trkpt>
      <trkpt lat="35.084272" lon="136.949902"></trkpt>
      <trkpt lat="35.085176" lon="136.950036"></trkpt>
      <trkpt lat="35.085966" lon="136.949719"></trkpt>
      <trkpt lat="35.086611" lon="136.949515"></trkpt>
      <trkpt lat="35.087423" lon="136.949639"></trkpt>
      <trkpt lat="35.088407" lon="136.950057"></trkpt>
      <trkpt lat="35.089276" lon="136.949971"></trkpt>
      <trkpt lat="35.090154" lon="136.949757"></trkpt>
      <trkpt lat="35.091058" lon="136.949617"></trkpt>
      <trkpt lat="35.091260" lon="136.949263"></trkpt>
      <trkpt lat="35.091804" lon="136.948131"></trkpt>
      <trkpt lat="35.092024" lon="136.947708"></trkpt>
      <trkpt lat="35.092506" lon="136.946710"></trkpt>
      <trkpt lat="35.093007" lon="136.945610"></trkpt>
      <trkpt lat="35.093634" lon="136.944060"></trkpt>
      <trkpt lat="35.094051" lon="136.942960"></trkpt>
      <trkpt lat="35.094227" lon="136.942214"></trkpt>
      <trkpt lat="35.094442" lon="136.940793"></trkpt>
      <trkpt lat="35.094767" lon="136.939446"></trkpt>
      <trkpt lat="35.095245" lon="136.939130"></trkpt>
      <trkpt lat="35.096202" lon="136.938593"></trkpt>
      <trkpt lat="35.097010" lon="136.937987"></trkpt>
      <trkpt lat="35.098568" lon="136.936571"></trkpt>
      <trkpt lat="35.099024" lon="136.936115"></trkpt>
      <trkpt lat="35.099125" lon="136.935981"></trkpt>
      <trkpt lat="35.099441" lon="136.935863"></trkpt>
      <trkpt lat="35.099784" lon="136.934978"></trkpt>
      <trkpt lat="35.100205" lon="136.934125"></trkpt>
      <trkpt lat="35.100859" lon="136.933106"></trkpt>
      <trkpt lat="35.101930" lon="136.933052"></trkpt>
      <trkpt lat="35.103927" lon="136.932977"></trkpt>
      <trkpt lat="35.105256" lon="136.933009"></trkpt>
      <trkpt lat="35.106248" lon="136.933374"></trkpt>
      <trkpt lat="35.107262" lon="136.933883"></trkpt>
      <trkpt lat="35.108772" lon="136.932693"></trkpt>
      <trkpt lat="35.110386" lon="136.931942"></trkpt>
      <trkpt lat="35.111369" lon="136.931523"></trkpt>
      <trkpt lat="35.112133" lon="136.931276"></trkpt>
      <trkpt lat="35.112616" lon="136.930697"></trkpt>
      <trkpt lat="35.113239" lon="136.929807"></trkpt>
      <trkpt lat="35.114301" lon="136.928208"></trkpt>
      <trkpt lat="35.114064" lon="136.927092"></trkpt>
      <trkpt lat="35.114125" lon="136.926116"></trkpt>
      <trkpt lat="35.114143" lon="136.925118"></trkpt>
      <trkpt lat="35.114766" lon="136.923037"></trkpt>
      <trkpt lat="35.115328" lon="136.921245"></trkpt>
      <trkpt lat="35.116170" lon="136.919078"></trkpt>
      <trkpt lat="35.116565" lon="136.917458"></trkpt>
      <trkpt lat="35.116872" lon="136.916288"></trkpt>
      <trkpt lat="35.117206" lon="136.915269"></trkpt>
      <trkpt lat="35.117135" lon="136.914228"></trkpt>
      <trkpt lat="35.117460" lon="136.913531"></trkpt>
      <trkpt lat="35.118004" lon="136.912576"></trkpt>
      <trkpt lat="35.118592" lon="136.912018"></trkpt>
      <trkpt lat="35.119312" lon="136.911417"></trkpt>
      <trkpt lat="35.119751" lon="136.910859"></trkpt>
      <trkpt lat="35.120110" lon="136.910082"></trkpt>
      <trkpt lat="35.120461" lon="136.910301"></trkpt>
      <trkpt lat="35.120532" lon="136.910092"></trkpt>
      <trkpt lat="35.120216" lon="136.909840"></trkpt>
      <trkpt lat="35.121133" lon="136.907829"></trkpt>
      <trkpt lat="35.121629" lon="136.908091"></trkpt>
      <trkpt lat="35.121694" lon="136.907786"></trkpt>
      <trkpt lat="35.121633" lon="136.907609"></trkpt>
      <trkpt lat="35.121747" lon="136.907496"></trkpt>
      <trkpt lat="35.122199" lon="136.907485"></trkpt>
      <trkpt lat="35.121896" lon="136.908236"></trkpt>
      <trkpt lat="35.122532" lon="136.908526"></trkpt>
      <trkpt lat="35.122919" lon="136.907394"></trkpt>
      <trkpt lat="35.125507" lon="136.907147"></trkpt>
      <trkpt lat="35.128034" lon="136.906546"></trkpt>
      <trkpt lat="35.132053" lon="136.903639"></trkpt>
      <trkpt lat="35.137221" lon="136.899927"></trkpt>
      <trkpt lat="35.140108" lon="136.899101"></trkpt>
      <trkpt lat="35.142520" lon="136.899101"></trkpt>
      <trkpt lat="35.142678" lon="136.895957"></trkpt>
      <trkpt lat="35.142529" lon="136.895345"></trkpt>
      <trkpt lat="35.143713" lon="136.890839"></trkpt>
      <trkpt lat="35.144547" lon="136.887674"></trkpt>
      <trkpt lat="35.145547" lon="136.883984"></trkpt>
      <trkpt lat="35.146881" lon="136.879531"></trkpt>
      <trkpt lat="35.147644" lon="136.877149"></trkpt>
      <trkpt lat="35.148591" lon="136.874489"></trkpt>
      <trkpt lat="35.150240" lon="136.870079"></trkpt>
      <trkpt lat="35.151214" lon="136.867257"></trkpt>
      <trkpt lat="35.152881" lon="136.862558"></trkpt>
      <trkpt lat="35.154556" lon="136.857902"></trkpt>
      <trkpt lat="35.154925" lon="136.853921"></trkpt>
      <trkpt lat="35.155337" lon="136.849619"></trkpt>
      <trkpt lat="35.155872" lon="136.844115"></trkpt>
      <trkpt lat="35.156223" lon="136.839835"></trkpt>
      <trkpt lat="35.155670" lon="136.839840"></trkpt>
      <trkpt lat="35.156618" lon="136.839609"></trkpt>
      <trkpt lat="35.157569" lon="136.839228"></trkpt>
      <trkpt lat="35.156784" lon="136.835886"></trkpt>
      <trkpt lat="35.156262" lon="136.836036"></trkpt>
      <trkpt lat="35.155745" lon="136.836069"></trkpt>
      <trkpt lat="35.155240" lon="136.835854"></trkpt>
      <trkpt lat="35.154916" lon="136.835693"></trkpt>
      <trkpt lat="35.154828" lon="136.834738"></trkpt>
      <trkpt lat="35.154719" lon="136.832759"></trkpt>
      <trkpt lat="35.154675" lon="136.831670"></trkpt>
      <trkpt lat="35.155258" lon="136.831520"></trkpt>
      <trkpt lat="35.155837" lon="136.830415"></trkpt>
      <trkpt lat="35.156346" lon="136.829444"></trkpt>
      <trkpt lat="35.156526" lon="136.828795"></trkpt>
      <trkpt lat="35.156596" lon="136.828435"></trkpt>
      <trkpt lat="35.157157" lon="136.828135"></trkpt>
      <trkpt lat="35.157982" lon="136.827577"></trkpt>
      <trkpt lat="35.158021" lon="136.827121"></trkpt>
      <trkpt lat="35.158170" lon="136.827035"></trkpt>
      <trkpt lat="35.159179" lon="136.826992"></trkpt>
      <trkpt lat="35.159745" lon="136.826912"></trkpt>
      <trkpt lat="35.159802" lon="136.826220"></trkpt>
      <trkpt lat="35.159964" lon="136.825136"></trkpt>
      <trkpt lat="35.160161" lon="136.824192"></trkpt>
      <trkpt lat="35.160394" lon="136.823704"></trkpt>
      <trkpt lat="35.160468" lon="136.823473"></trkpt>
      <trkpt lat="35.161473" lon="136.823285"></trkpt>
      <trkpt lat="35.163108" lon="136.823221"></trkpt>
      <trkpt lat="35.163345" lon="136.821134"></trkpt>
      <trkpt lat="35.164464" lon="136.818774"></trkpt>
      <trkpt lat="35.164595" lon="136.818211"></trkpt>
      <trkpt lat="35.164727" lon="136.816832"></trkpt>
      <trkpt lat="35.164889" lon="136.816065"></trkpt>
      <trkpt lat="35.165266" lon="136.815046"></trkpt>
      <trkpt lat="35.165731" lon="136.813114"></trkpt>
      <trkpt lat="35.165994" lon="136.812079"></trkpt>
      <trkpt lat="35.166683" lon="136.810851"></trkpt>
      <trkpt lat="35.167143" lon="136.810378"></trkpt>
      <trkpt lat="35.167796" lon="136.810024"></trkpt>
      <trkpt lat="35.168831" lon="136.809804"></trkpt>
      <trkpt lat="35.169397" lon="136.810003"></trkpt>
      <trkpt lat="35.170107" lon="136.810448"></trkpt>
      <trkpt lat="35.170533" lon="136.810631"></trkpt>
      <trkpt lat="35.170827" lon="136.809890"></trkpt>
      <trkpt lat="35.171195" lon="136.809306"></trkpt>
      <trkpt lat="35.171287" lon="136.808630"></trkpt>
      <trkpt lat="35.171524" lon="136.807374"></trkpt>
      <trkpt lat="35.172011" lon="136.805803"></trkpt>
      <trkpt lat="35.172182" lon="136.804070"></trkpt>
      <trkpt lat="35.172054" lon="136.800942"></trkpt>
      <trkpt lat="35.171879" lon="136.798309"></trkpt>
      <trkpt lat="35.171958" lon="136.797579"></trkpt>
      <trkpt lat="35.172116" lon="136.796812"></trkpt>
      <trkpt lat="35.172296" lon="136.795514"></trkpt>
      <trkpt lat="35.172427" lon="136.793314"></trkpt>
      <trkpt lat="35.172488" lon="136.790557"></trkpt>
      <trkpt lat="35.172418" lon="136.786088"></trkpt>
      <trkpt lat="35.172541" lon="136.783519"></trkpt>
      <trkpt lat="35.172467" lon="136.779785"></trkpt>
      <trkpt lat="35.172467" lon="136.777269"></trkpt>
      <trkpt lat="35.172546" lon="136.776170"></trkpt>
      <trkpt lat="35.172866" lon="136.775086"></trkpt>
      <trkpt lat="35.173611" lon="136.773697"></trkpt>
      <trkpt lat="35.174677" lon="136.771857"></trkpt>
      <trkpt lat="35.175558" lon="136.771975"></trkpt>
      <trkpt lat="35.177921" lon="136.772248"></trkpt>
      <trkpt lat="35.178013" lon="136.770194"></trkpt>
      <trkpt lat="35.178145" lon="136.769802"></trkpt>
      <trkpt lat="35.178417" lon="136.768305"></trkpt>
      <trkpt lat="35.178447" lon="136.766578"></trkpt>
      <trkpt lat="35.178101" lon="136.765425"></trkpt>
      <trkpt lat="35.178105" lon="136.764770"></trkpt>
      <trkpt lat="35.178412" lon="136.763595"></trkpt>
      <trkpt lat="35.178333" lon="136.762437"></trkpt>
      <trkpt lat="35.178369" lon="136.760817"></trkpt>
      <trkpt lat="35.178316" lon="136.760092"></trkpt>
      <trkpt lat="35.178281" lon="136.759164"></trkpt>
      <trkpt lat="35.178189" lon="136.758757"></trkpt>
      <trkpt lat="35.178158" lon="136.757716"></trkpt>
      <trkpt lat="35.178110" lon="136.756777"></trkpt>
      <trkpt lat="35.178132" lon="136.755152"></trkpt>
      <trkpt lat="35.178035" lon="136.753832"></trkpt>
      <trkpt lat="35.177807" lon="136.751955"></trkpt>
      <trkpt lat="35.177281" lon="136.750281"></trkpt>
      <trkpt lat="35.177141" lon="136.749101"></trkpt>
      <trkpt lat="35.177088" lon="136.747620"></trkpt>
      <trkpt lat="35.176422" lon="136.746354"></trkpt>
      <trkpt lat="35.175641" lon="136.744123"></trkpt>
      <trkpt lat="35.175492" lon="136.743811"></trkpt>
      <trkpt lat="35.175624" lon="136.742803"></trkpt>
      <trkpt lat="35.175738" lon="136.740915"></trkpt>
      <trkpt lat="35.175418" lon="136.740888"></trkpt>
      <trkpt lat="35.175312" lon="136.739772"></trkpt>
      <trkpt lat="35.175347" lon="136.738812"></trkpt>
      <trkpt lat="35.175312" lon="136.737723"></trkpt>
      <trkpt lat="35.175282" lon="136.737025"></trkpt>
      <trkpt lat="35.173387" lon="136.736854"></trkpt>
      <trkpt lat="35.171546" lon="136.736687"></trkpt>
      <trkpt lat="35.168783" lon="136.736462"></trkpt>
      <trkpt lat="35.168437" lon="136.736414"></trkpt>
      <trkpt lat="35.168625" lon="136.735920"></trkpt>
      <trkpt lat="35.168625" lon="136.735674"></trkpt>
      <trkpt lat="35.168397" lon="136.735507"></trkpt>
      <trkpt lat="35.167459" lon="136.733710"></trkpt>
      <trkpt lat="35.167235" lon="136.733115"></trkpt>
      <trkpt lat="35.166814" lon="136.732541"></trkpt>
      <trkpt lat="35.166498" lon="136.732208"></trkpt>
      <trkpt lat="35.166055" lon="136.732122"></trkpt>
      <trkpt lat="35.165463" lon="136.731817"></trkpt>
      <trkpt lat="35.165485" lon="136.731656"></trkpt>
      <trkpt lat="35.165389" lon="136.731618"></trkpt>
      <trkpt lat="35.165196" lon="136.731210"></trkpt>
      <trkpt lat="35.165016" lon="136.731017"></trkpt>
      <trkpt lat="35.164906" lon="136.730990"></trkpt>
      <trkpt lat="35.164683" lon="136.730642"></trkpt>
      <trkpt lat="35.164288" lon="136.730234"></trkpt>
      <trkpt lat="35.163779" lon="136.730207"></trkpt>
      <trkpt lat="35.163082" lon="136.730132"></trkpt>
      <trkpt lat="35.161337" lon="136.730143"></trkpt>
      <trkpt lat="35.160924" lon="136.730229"></trkpt>
      <trkpt lat="35.160442" lon="136.730433"></trkpt>
      <trkpt lat="35.160433" lon="136.728609"></trkpt>
      <trkpt lat="35.160346" lon="136.726077"></trkpt>
      <trkpt lat="35.160302" lon="136.722472"></trkpt>
      <trkpt lat="35.160267" lon="136.720744"></trkpt>
      <trkpt lat="35.160267" lon="136.720240"></trkpt>
      <trkpt lat="35.159539" lon="136.719682"></trkpt>
      <trkpt lat="35.159012" lon="136.719382"></trkpt>
      <trkpt lat="35.157951" lon="136.719285"></trkpt>
      <trkpt lat="35.156565" lon="136.718845"></trkpt>
      <trkpt lat="35.154723" lon="136.717901"></trkpt>
      <trkpt lat="35.153451" lon="136.717097"></trkpt>
      <trkpt lat="35.151951" lon="136.716528"></trkpt>
      <trkpt lat="35.151749" lon="136.714693"></trkpt>
      <trkpt lat="35.151363" lon="136.712987"></trkpt>
      <trkpt lat="35.151144" lon="136.711775"></trkpt>
      <trkpt lat="35.149977" lon="136.711421"></trkpt>
      <trkpt lat="35.148723" lon="136.711217"></trkpt>
      <trkpt lat="35.145626" lon="136.710359"></trkpt>
      <trkpt lat="35.144950" lon="136.709994"></trkpt>
      <trkpt lat="35.143652" lon="136.709018"></trkpt>
      <trkpt lat="35.141950" lon="136.708782"></trkpt>
      <trkpt lat="35.140055" lon="136.708149"></trkpt>
      <trkpt lat="35.139318" lon="136.708052"></trkpt>
      <trkpt lat="35.136712" lon="136.707194"></trkpt>
      <trkpt lat="35.134106" lon="136.706379"></trkpt>
      <trkpt lat="35.132931" lon="136.706089"></trkpt>
      <trkpt lat="35.132404" lon="136.706175"></trkpt>
      <trkpt lat="35.130140" lon="136.706904"></trkpt>
      <trkpt lat="35.127912" lon="136.708106"></trkpt>
      <trkpt lat="35.125086" lon="136.709790"></trkpt>
      <trkpt lat="35.121892" lon="136.711571"></trkpt>
      <trkpt lat="35.120760" lon="136.712623"></trkpt>
      <trkpt lat="35.118426" lon="136.714886"></trkpt>
      <trkpt lat="35.117311" lon="136.715841"></trkpt>
      <trkpt lat="35.116311" lon="136.717172"></trkpt>
      <trkpt lat="35.113923" lon="136.720090"></trkpt>
      <trkpt lat="35.113406" lon="136.720433"></trkpt>
      <trkpt lat="35.112467" lon="136.720873"></trkpt>
      <trkpt lat="35.112028" lon="136.720970"></trkpt>
      <trkpt lat="35.111782" lon="136.720948"></trkpt>
      <trkpt lat="35.111422" lon="136.720369"></trkpt>
      <trkpt lat="35.110764" lon="136.720401"></trkpt>
      <trkpt lat="35.110922" lon="136.720777"></trkpt>
      <trkpt lat="35.110527" lon="136.720659"></trkpt>
      <trkpt lat="35.110097" lon="136.720358"></trkpt>
      <trkpt lat="35.109079" lon="136.720133"></trkpt>
      <trkpt lat="35.108328" lon="136.718856"></trkpt>
      <trkpt lat="35.108100" lon="136.718840"></trkpt>
      <trkpt lat="35.107279" lon="136.718502"></trkpt>
      <trkpt lat="35.107126" lon="136.718690"></trkpt>
      <trkpt lat="35.106906" lon="136.718443"></trkpt>
      <trkpt lat="35.106516" lon="136.717982"></trkpt>
      <trkpt lat="35.106446" lon="136.717612"></trkpt>
      <trkpt lat="35.106819" lon="136.717172"></trkpt>
      <trkpt lat="35.106920" lon="136.716952"></trkpt>
      <trkpt lat="35.107121" lon="136.716721"></trkpt>
      <trkpt lat="35.104822" lon="136.712794"></trkpt>
      <trkpt lat="35.102483" lon="136.708717"></trkpt>
      <trkpt lat="35.101030" lon="136.706255"></trkpt>
      <trkpt lat="35.100420" lon="136.705263"></trkpt>
      <trkpt lat="35.099626" lon="136.704512"></trkpt>
      <trkpt lat="35.098963" lon="136.704088"></trkpt>
      <trkpt lat="35.098397" lon="136.703895"></trkpt>
      <trkpt lat="35.097536" lon="136.703621"></trkpt>
      <trkpt lat="35.096689" lon="136.702344"></trkpt>
      <trkpt lat="35.095772" lon="136.701615"></trkpt>
      <trkpt lat="35.095021" lon="136.701052"></trkpt>
      <trkpt lat="35.094692" lon="136.701610"></trkpt>
      <trkpt lat="35.093981" lon="136.701170"></trkpt>
      <trkpt lat="35.092980" lon="136.700767"></trkpt>
      <trkpt lat="35.092735" lon="136.700622"></trkpt>
      <trkpt lat="35.091883" lon="136.699641"></trkpt>
      <trkpt lat="35.091514" lon="136.700236"></trkpt>
      <trkpt lat="35.091054" lon="136.699882"></trkpt>
      <trkpt lat="35.090448" lon="136.699308"></trkpt>
      <trkpt lat="35.090009" lon="136.698820"></trkpt>
      <trkpt lat="35.089952" lon="136.698756"></trkpt>
      <trkpt lat="35.090149" lon="136.698359"></trkpt>
      <trkpt lat="35.089162" lon="136.697157"></trkpt>
      <trkpt lat="35.088060" lon="136.695891"></trkpt>
      <trkpt lat="35.087700" lon="136.696411"></trkpt>
      <trkpt lat="35.086620" lon="136.696047"></trkpt>
      <trkpt lat="35.086251" lon="136.696320"></trkpt>
      <trkpt lat="35.086067" lon="136.696465"></trkpt>
      <trkpt lat="35.085589" lon="136.696878"></trkpt>
      <trkpt lat="35.085505" lon="136.697055"></trkpt>
      <trkpt lat="35.085084" lon="136.697318"></trkpt>
      <trkpt lat="35.084987" lon="136.697570"></trkpt>
      <trkpt lat="35.084728" lon="136.697747"></trkpt>
      <trkpt lat="35.083012" lon="136.694620"></trkpt>
      <trkpt lat="35.081410" lon="136.691734"></trkpt>
      <trkpt lat="35.078960" lon="136.687372"></trkpt>
      <trkpt lat="35.078556" lon="136.687700"></trkpt>
      <trkpt lat="35.078389" lon="136.688000"></trkpt>
      <trkpt lat="35.077322" lon="136.688944"></trkpt>
      <trkpt lat="35.075755" lon="136.690307"></trkpt>
      <trkpt lat="35.074732" lon="136.691176"></trkpt>
      <trkpt lat="35.073973" lon="136.691862"></trkpt>
      <trkpt lat="35.073907" lon="136.691878"></trkpt>
      <trkpt lat="35.072195" lon="136.693214"></trkpt>
      <trkpt lat="35.070781" lon="136.694292"></trkpt>
      <trkpt lat="35.069626" lon="136.695172"></trkpt>
      <trkpt lat="35.069385" lon="136.695242"></trkpt>
      <trkpt lat="35.069055" lon="136.695617"></trkpt>
      <trkpt lat="35.068981" lon="136.695945"></trkpt>
      <trkpt lat="35.068577" lon="136.696599"></trkpt>
      <trkpt lat="35.068212" lon="136.696540"></trkpt>
      <trkpt lat="35.068037" lon="136.696476"></trkpt>
      <trkpt lat="35.067435" lon="136.696374"></trkpt>
      <trkpt lat="35.066017" lon="136.696143"></trkpt>
      <trkpt lat="35.064871" lon="136.695955"></trkpt>
      <trkpt lat="35.063967" lon="136.695752"></trkpt>
      <trkpt lat="35.063181" lon="136.695532"></trkpt>
      <trkpt lat="35.063413" lon="136.694588"></trkpt>
      <trkpt lat="35.063642" lon="136.693740"></trkpt>
      <trkpt lat="35.063743" lon="136.693397"></trkpt>
      <trkpt lat="35.062487" lon="136.692184"></trkpt>
      <trkpt lat="35.061999" lon="136.691750"></trkpt>
      <trkpt lat="35.061683" lon="136.691594"></trkpt>
      <trkpt lat="35.061209" lon="136.691315"></trkpt>
      <trkpt lat="35.060805" lon="136.690999"></trkpt>
      <trkpt lat="35.060643" lon="136.691310"></trkpt>
      <trkpt lat="35.060590" lon="136.691621"></trkpt>
      <trkpt lat="35.060423" lon="136.691927"></trkpt>
      <trkpt lat="35.058917" lon="136.691203"></trkpt>
      <trkpt lat="35.056809" lon="136.690221"></trkpt>
      <trkpt lat="35.056541" lon="136.690167"></trkpt>
      <trkpt lat="35.055773" lon="136.690194"></trkpt>
      <trkpt lat="35.055628" lon="136.690269"></trkpt>
      <trkpt lat="35.055268" lon="136.690130"></trkpt>
      <trkpt lat="35.055408" lon="136.689481"></trkpt>
      <trkpt lat="35.055918" lon="136.688381"></trkpt>
      <trkpt lat="35.056475" lon="136.687249"></trkpt>
      <trkpt lat="35.056787" lon="136.686493"></trkpt>
      <trkpt lat="35.057016" lon="136.685575"></trkpt>
      <trkpt lat="35.057266" lon="136.684181"></trkpt>
      <trkpt lat="35.057490" lon="136.682743"></trkpt>
      <trkpt lat="35.057617" lon="136.681874"></trkpt>
      <trkpt lat="35.055496" lon="136.680967"></trkpt>
      <trkpt lat="35.054451" lon="136.680554"></trkpt>
      <trkpt lat="35.053336" lon="136.680071"></trkpt>
      <trkpt lat="35.052049" lon="136.679508"></trkpt>
      <trkpt lat="35.050863" lon="136.678972"></trkpt>
      <trkpt lat="35.049937" lon="136.678612"></trkpt>
      <trkpt lat="35.048782" lon="136.678237"></trkpt>
      <trkpt lat="35.048237" lon="136.678033"></trkpt>
      <trkpt lat="35.046906" lon="136.677625"></trkpt>
      <trkpt lat="35.046599" lon="136.677416"></trkpt>
      <trkpt lat="35.046423" lon="136.677266"></trkpt>
      <trkpt lat="35.046024" lon="136.677411"></trkpt>
      <trkpt lat="35.045743" lon="136.677609"></trkpt>
      <trkpt lat="35.043762" lon="136.675662"></trkpt>
      <trkpt lat="35.043767" lon="136.675655"></trkpt>
      <trkpt lat="35.043744" lon="136.675631"></trkpt>
      <trkpt lat="35.043789" lon="136.675576"></trkpt>
      <trkpt lat="35.043855" lon="136.675597"></trkpt>
      <trkpt lat="35.044386" lon="136.675355"></trkpt>
      <trkpt lat="35.044424" lon="136.675309"></trkpt>
      <trkpt lat="35.044463" lon="136.675262"></trkpt>
      <trkpt lat="35.043955" lon="136.674747"></trkpt>
      <trkpt lat="35.043644" lon="136.674361"></trkpt>
      <trkpt lat="35.043579" lon="136.674262"></trkpt>
      <trkpt lat="35.043579" lon="136.674262"></trkpt>
      <trkpt lat="35.043539" lon="136.674200"></trkpt>
      <trkpt lat="35.043490" lon="136.674051"></trkpt>
      <trkpt lat="35.043427" lon="136.673827"></trkpt>
      <trkpt lat="35.043360" lon="136.673666"></trkpt>
      <trkpt lat="35.043333" lon="136.673639"></trkpt>
      <trkpt lat="35.043333" lon="136.673639"></trkpt>
      <trkpt lat="35.043111" lon="136.673423"></trkpt>
      <trkpt lat="35.042437" lon="136.672805"></trkpt>
      <trkpt lat="35.041721" lon="136.672183"></trkpt>
      <trkpt lat="35.041451" lon="136.671964"></trkpt>
      <trkpt lat="35.041237" lon="136.671769"></trkpt>
      <trkpt lat="35.041134" lon="136.671654"></trkpt>
      <trkpt lat="35.041134" lon="136.671654"></trkpt>
      <trkpt lat="35.040956" lon="136.671457"></trkpt>
      <trkpt lat="35.040838" lon="136.671293"></trkpt>
      <trkpt lat="35.040660" lon="136.670979"></trkpt>
      <trkpt lat="35.040412" lon="136.670444"></trkpt>
      <trkpt lat="35.040306" lon="136.670321"></trkpt>
      <trkpt lat="35.040306" lon="136.670321"></trkpt>
      <trkpt lat="35.040216" lon="136.670236"></trkpt>
      <trkpt lat="35.039513" lon="136.669731"></trkpt>
      <trkpt lat="35.039236" lon="136.669485"></trkpt>
      <trkpt lat="35.039172" lon="136.669414"></trkpt>
      <trkpt lat="35.039172" lon="136.669414"></trkpt>
      <trkpt lat="35.039172" lon="136.669414"></trkpt>
      <trkpt lat="35.039120" lon="136.669355"></trkpt>
      <trkpt lat="35.039084" lon="136.669274"></trkpt>
      <trkpt lat="35.039019" lon="136.669180"></trkpt>
      <trkpt lat="35.038962" lon="136.669075"></trkpt>
      <trkpt lat="35.038896" lon="136.668910"></trkpt>
      <trkpt lat="35.038795" lon="136.668739"></trkpt>
      <trkpt lat="35.038738" lon="136.668667"></trkpt>
      <trkpt lat="35.038650" lon="136.668556"></trkpt>
      <trkpt lat="35.037729" lon="136.667564"></trkpt>
      <trkpt lat="35.037382" lon="136.667213"></trkpt>
      <trkpt lat="35.037107" lon="136.666950"></trkpt>
      <trkpt lat="35.036828" lon="136.666664"></trkpt>
      <trkpt lat="35.036539" lon="136.666383"></trkpt>
      <trkpt lat="35.036349" lon="136.666210"></trkpt>
      <trkpt lat="35.035957" lon="136.665814"></trkpt>
      <trkpt lat="35.035957" lon="136.665814"></trkpt>
      <trkpt lat="35.035884" lon="136.665739"></trkpt>
      <trkpt lat="35.035738" lon="136.665531"></trkpt>
      <trkpt lat="35.035368" lon="136.664940"></trkpt>
      <trkpt lat="35.035263" lon="136.664691"></trkpt>
      <trkpt lat="35.035276" lon="136.664686"></trkpt>
      <trkpt lat="35.035263" lon="136.664691"></trkpt>
      <trkpt lat="35.035242" lon="136.664605"></trkpt>
      <trkpt lat="35.035175" lon="136.664297"></trkpt>
      <trkpt lat="35.035070" lon="136.663938"></trkpt>
      <trkpt lat="35.034990" lon="136.663591"></trkpt>
      <trkpt lat="35.034942" lon="136.663325"></trkpt>
      <trkpt lat="35.034881" lon="136.662388"></trkpt>
      <trkpt lat="35.034857" lon="136.662133"></trkpt>
      <trkpt lat="35.034807" lon="136.661806"></trkpt>
      <trkpt lat="35.034759" lon="136.661341"></trkpt>
      <trkpt lat="35.034735" lon="136.661236"></trkpt>
      <trkpt lat="35.034726" lon="136.661192"></trkpt>
      <trkpt lat="35.034666" lon="136.661073"></trkpt>
      <trkpt lat="35.034335" lon="136.660620"></trkpt>
      <trkpt lat="35.034182" lon="136.660374"></trkpt>
      <trkpt lat="35.034030" lon="136.660097"></trkpt>
      <trkpt lat="35.033737" lon="136.659667"></trkpt>
      <trkpt lat="35.033132" lon="136.658965"></trkpt>
      <trkpt lat="35.032545" lon="136.658237"></trkpt>
      <trkpt lat="35.032530" lon="136.658230"></trkpt>
      <trkpt lat="35.032530" lon="136.658230"></trkpt>
      <trkpt lat="35.032500" lon="136.658216"></trkpt>
      <trkpt lat="35.032426" lon="136.658236"></trkpt>
      <trkpt lat="35.032359" lon="136.658290"></trkpt>
      <trkpt lat="35.032205" lon="136.658437"></trkpt>
      <trkpt lat="35.032159" lon="136.658459"></trkpt>
      <trkpt lat="35.032159" lon="136.658459"></trkpt>
      <trkpt lat="35.032042" lon="136.658446"></trkpt>
      <trkpt lat="35.031634" lon="136.658298"></trkpt>
      <trkpt lat="35.031430" lon="136.658210"></trkpt>
      <trkpt lat="35.031323" lon="136.658183"></trkpt>
      <trkpt lat="35.030680" lon="136.657907"></trkpt>
      <trkpt lat="35.029683" lon="136.657446"></trkpt>
      <trkpt lat="35.029092" lon="136.657139"></trkpt>
      <trkpt lat="35.029092" lon="136.657139"></trkpt>
      <trkpt lat="35.028920" lon="136.657049"></trkpt>
      <trkpt lat="35.028751" lon="136.656901"></trkpt>
      <trkpt lat="35.028161" lon="136.656329"></trkpt>
      <trkpt lat="35.027877" lon="136.656019"></trkpt>
      <trkpt lat="35.027743" lon="136.655905"></trkpt>
      <trkpt lat="35.027360" lon="136.655554"></trkpt>
      <trkpt lat="35.027291" lon="136.655475"></trkpt>
      <trkpt lat="35.027093" lon="136.655300"></trkpt>
      <trkpt lat="35.026726" lon="136.654987"></trkpt>
      <trkpt lat="35.026726" lon="136.654987"></trkpt>
      <trkpt lat="35.026700" lon="136.654965"></trkpt>
      <trkpt lat="35.026153" lon="136.654691"></trkpt>
      <trkpt lat="35.025020" lon="136.654224"></trkpt>
      <trkpt lat="35.024973" lon="136.654202"></trkpt>
      <trkpt lat="35.024973" lon="136.654202"></trkpt>
      <trkpt lat="35.024854" lon="136.654146"></trkpt>
      <trkpt lat="35.024785" lon="136.654061"></trkpt>
      <trkpt lat="35.024601" lon="136.653541"></trkpt>
      <trkpt lat="35.024562" lon="136.653478"></trkpt>
      <trkpt lat="35.024562" lon="136.653478"></trkpt>
      <trkpt lat="35.024526" lon="136.653420"></trkpt>
      <trkpt lat="35.024447" lon="136.653339"></trkpt>
      <trkpt lat="35.024040" lon="136.653071"></trkpt>
      <trkpt lat="35.023948" lon="136.653025"></trkpt>
      <trkpt lat="35.023952" lon="136.653013"></trkpt>
      <trkpt lat="35.023948" lon="136.653025"></trkpt>
      <trkpt lat="35.023862" lon="136.652982"></trkpt>
      <trkpt lat="35.023464" lon="136.652861"></trkpt>
      <trkpt lat="35.022694" lon="136.652713"></trkpt>
      <trkpt lat="35.021727" lon="136.652423"></trkpt>
      <trkpt lat="35.020745" lon="136.652113"></trkpt>
      <trkpt lat="35.019774" lon="136.651771"></trkpt>
      <trkpt lat="35.019778" lon="136.651758"></trkpt>
      <trkpt lat="35.019774" lon="136.651771"></trkpt>
      <trkpt lat="35.019533" lon="136.651661"></trkpt>
      <trkpt lat="35.018911" lon="136.651301"></trkpt>
      <trkpt lat="35.016833" lon="136.650028"></trkpt>
      <trkpt lat="35.016427" lon="136.649750"></trkpt>
      <trkpt lat="35.015938" lon="136.649396"></trkpt>
      <trkpt lat="35.015272" lon="136.648953"></trkpt>
      <trkpt lat="35.014871" lon="136.648701"></trkpt>
      <trkpt lat="35.013973" lon="136.648098"></trkpt>
      <trkpt lat="35.013912" lon="136.648068"></trkpt>
      <trkpt lat="35.013890" lon="136.648066"></trkpt>
      <trkpt lat="35.013842" lon="136.648060"></trkpt>
      <trkpt lat="35.013796" lon="136.648085"></trkpt>
      <trkpt lat="35.013741" lon="136.648128"></trkpt>
      <trkpt lat="35.013239" lon="136.648696"></trkpt>
      <trkpt lat="35.013098" lon="136.648843"></trkpt>
      <trkpt lat="35.013027" lon="136.648934"></trkpt>
      <trkpt lat="35.012733" lon="136.649126"></trkpt>
      <trkpt lat="35.012479" lon="136.649261"></trkpt>
      <trkpt lat="35.012119" lon="136.649435"></trkpt>
      <trkpt lat="35.011784" lon="136.649657"></trkpt>
      <trkpt lat="35.011551" lon="136.649826"></trkpt>
      <trkpt lat="35.011461" lon="136.649894"></trkpt>
      <trkpt lat="35.011369" lon="136.649979"></trkpt>
      <trkpt lat="35.011369" lon="136.649979"></trkpt>
      <trkpt lat="35.011118" lon="136.650213"></trkpt>
      <trkpt lat="35.010780" lon="136.650532"></trkpt>
      <trkpt lat="35.010722" lon="136.650578"></trkpt>
      <trkpt lat="35.010728" lon="136.650589"></trkpt>
      <trkpt lat="35.010722" lon="136.650578"></trkpt>
      <trkpt lat="35.010637" lon="136.650645"></trkpt>
      <trkpt lat="35.010401" lon="136.650766"></trkpt>
      <trkpt lat="35.010169" lon="136.650852"></trkpt>
      <trkpt lat="35.010074" lon="136.650841"></trkpt>
      <trkpt lat="35.009669" lon="136.650718"></trkpt>
      <trkpt lat="35.009552" lon="136.650696"></trkpt>
      <trkpt lat="35.009436" lon="136.650697"></trkpt>
      <trkpt lat="35.009009" lon="136.650777"></trkpt>
      <trkpt lat="35.008762" lon="136.650813"></trkpt>
      <trkpt lat="35.008267" lon="136.650885"></trkpt>
      <trkpt lat="35.008137" lon="136.650895"></trkpt>
      <trkpt lat="35.007807" lon="136.650890"></trkpt>
      <trkpt lat="35.007644" lon="136.650903"></trkpt>
      <trkpt lat="35.007465" lon="136.650947"></trkpt>
      <trkpt lat="35.007373" lon="136.651007"></trkpt>
      <trkpt lat="35.007350" lon="136.650979"></trkpt>
      <trkpt lat="35.007362" lon="136.650964"></trkpt>
      <trkpt lat="35.007350" lon="136.650979"></trkpt>
      <trkpt lat="35.007373" lon="136.651007"></trkpt>
      <trkpt lat="35.007281" lon="136.651096"></trkpt>
      <trkpt lat="35.007008" lon="136.651423"></trkpt>
      <trkpt lat="35.006725" lon="136.651742"></trkpt>
      <trkpt lat="35.006272" lon="136.652341"></trkpt>
      <trkpt lat="35.006120" lon="136.652525"></trkpt>
      <trkpt lat="35.006118" lon="136.652528"></trkpt>
      <trkpt lat="35.006057" lon="136.652449"></trkpt>
      <trkpt lat="35.005846" lon="136.652072"></trkpt>
      <trkpt lat="35.005493" lon="136.651394"></trkpt>
      <trkpt lat="35.005465" lon="136.651346"></trkpt>
      <trkpt lat="35.005465" lon="136.651346"></trkpt>
      <trkpt lat="35.005325" lon="136.651109"></trkpt>
      <trkpt lat="35.005156" lon="136.650891"></trkpt>
      <trkpt lat="35.004945" lon="136.650698"></trkpt>
      <trkpt lat="35.004945" lon="136.650698"></trkpt>
      <trkpt lat="35.004899" lon="136.650655"></trkpt>
      <trkpt lat="35.004537" lon="136.650430"></trkpt>
      <trkpt lat="35.004127" lon="136.650208"></trkpt>
      <trkpt lat="35.004093" lon="136.650197"></trkpt>
      <trkpt lat="35.003535" lon="136.649888"></trkpt>
      <trkpt lat="35.003516" lon="136.649879"></trkpt>
      <trkpt lat="35.003494" lon="136.649879"></trkpt>
      <trkpt lat="35.003434" lon="136.649849"></trkpt>
      <trkpt lat="35.002962" lon="136.649592"></trkpt>
      <trkpt lat="35.002064" lon="136.649128"></trkpt>
      <trkpt lat="35.001822" lon="136.648959"></trkpt>
      <trkpt lat="35.001817" lon="136.648966"></trkpt>
      <trkpt lat="35.001817" lon="136.648966"></trkpt>
      <trkpt lat="35.001822" lon="136.648959"></trkpt>
      <trkpt lat="35.001597" lon="136.648757"></trkpt>
      <trkpt lat="35.001405" lon="136.648556"></trkpt>
      <trkpt lat="35.001266" lon="136.648429"></trkpt>
      <trkpt lat="35.000968" lon="136.648114"></trkpt>
      <trkpt lat="35.000872" lon="136.647978"></trkpt>
      <trkpt lat="35.000558" lon="136.647478"></trkpt>
      <trkpt lat="35.000518" lon="136.647456"></trkpt>
      <trkpt lat="35.000506" lon="136.647460"></trkpt>
      <trkpt lat="35.000506" lon="136.647460"></trkpt>
      <trkpt lat="35.000486" lon="136.647465"></trkpt>
      <trkpt lat="35.000252" lon="136.647695"></trkpt>
      <trkpt lat="35.000001" lon="136.647977"></trkpt>
      <trkpt lat="34.999916" lon="136.647925"></trkpt>
      <trkpt lat="34.999797" lon="136.647813"></trkpt>
      <trkpt lat="34.999520" lon="136.647578"></trkpt>
      <trkpt lat="34.999454" lon="136.647510"></trkpt>
      <trkpt lat="34.999301" lon="136.647326"></trkpt>
      <trkpt lat="34.999047" lon="136.646957"></trkpt>
      <trkpt lat="34.998483" lon="136.646260"></trkpt>
      <trkpt lat="34.998417" lon="136.646163"></trkpt>
      <trkpt lat="34.998268" lon="136.645987"></trkpt>
      <trkpt lat="34.997828" lon="136.645605"></trkpt>
      <trkpt lat="34.997385" lon="136.645153"></trkpt>
      <trkpt lat="34.997228" lon="136.644971"></trkpt>
      <trkpt lat="34.997178" lon="136.644923"></trkpt>
      <trkpt lat="34.997072" lon="136.644846"></trkpt>
      <trkpt lat="34.997079" lon="136.644833"></trkpt>
      <trkpt lat="34.997079" lon="136.644833"></trkpt>
      <trkpt lat="34.997072" lon="136.644846"></trkpt>
      <trkpt lat="34.996912" lon="136.644754"></trkpt>
      <trkpt lat="34.996256" lon="136.644475"></trkpt>
      <trkpt lat="34.996134" lon="136.644448"></trkpt>
      <trkpt lat="34.995926" lon="136.644429"></trkpt>
      <trkpt lat="34.995780" lon="136.644405"></trkpt>
      <trkpt lat="34.995607" lon="136.644364"></trkpt>
      <trkpt lat="34.995502" lon="136.644304"></trkpt>
      <trkpt lat="34.995258" lon="136.644090"></trkpt>
      <trkpt lat="34.995104" lon="136.643976"></trkpt>
      <trkpt lat="34.995039" lon="136.643938"></trkpt>
      <trkpt lat="34.994159" lon="136.643549"></trkpt>
      <trkpt lat="34.994021" lon="136.643497"></trkpt>
      <trkpt lat="34.993833" lon="136.643366"></trkpt>
      <trkpt lat="34.993646" lon="136.643199"></trkpt>
      <trkpt lat="34.993350" lon="136.642867"></trkpt>
      <trkpt lat="34.993336" lon="136.642885"></trkpt>
      <trkpt lat="34.993350" lon="136.642867"></trkpt>
      <trkpt lat="34.993158" lon="136.642650"></trkpt>
      <trkpt lat="34.992596" lon="136.641779"></trkpt>
      <trkpt lat="34.992409" lon="136.641560"></trkpt>
      <trkpt lat="34.991993" lon="136.641131"></trkpt>
      <trkpt lat="34.991816" lon="136.640918"></trkpt>
      <trkpt lat="34.991267" lon="136.640107"></trkpt>
      <trkpt lat="34.990626" lon="136.639260"></trkpt>
      <trkpt lat="34.990441" lon="136.638981"></trkpt>
      <trkpt lat="34.990110" lon="136.638438"></trkpt>
      <trkpt lat="34.989894" lon="136.638138"></trkpt>
      <trkpt lat="34.989569" lon="136.637718"></trkpt>
      <trkpt lat="34.989298" lon="136.637322"></trkpt>
      <trkpt lat="34.989155" lon="136.637055"></trkpt>
      <trkpt lat="34.988963" lon="136.636669"></trkpt>
      <trkpt lat="34.988819" lon="136.636419"></trkpt>
      <trkpt lat="34.988476" lon="136.635899"></trkpt>
      <trkpt lat="34.988287" lon="136.635581"></trkpt>
      <trkpt lat="34.988164" lon="136.635406"></trkpt>
      <trkpt lat="34.987912" lon="136.635120"></trkpt>
      <trkpt lat="34.987640" lon="136.634879"></trkpt>
      <trkpt lat="34.987464" lon="136.634693"></trkpt>
      <trkpt lat="34.987279" lon="136.634442"></trkpt>
      <trkpt lat="34.987033" lon="136.634137"></trkpt>
      <trkpt lat="34.986958" lon="136.634078"></trkpt>
      <trkpt lat="34.986963" lon="136.634045"></trkpt>
      <trkpt lat="34.986958" lon="136.634078"></trkpt>
      <trkpt lat="34.986905" lon="136.634066"></trkpt>
      <trkpt lat="34.986862" lon="136.634082"></trkpt>
      <trkpt lat="34.986816" lon="136.634115"></trkpt>
      <trkpt lat="34.986568" lon="136.634366"></trkpt>
      <trkpt lat="34.986504" lon="136.634420"></trkpt>
      <trkpt lat="34.986435" lon="136.634440"></trkpt>
      <trkpt lat="34.986343" lon="136.634445"></trkpt>
      <trkpt lat="34.986234" lon="136.634418"></trkpt>
      <trkpt lat="34.986117" lon="136.634369"></trkpt>
      <trkpt lat="34.985970" lon="136.634292"></trkpt>
      <trkpt lat="34.985919" lon="136.634375"></trkpt>
      <trkpt lat="34.985890" lon="136.634336"></trkpt>
      <trkpt lat="34.985882" lon="136.634345"></trkpt>
      <trkpt lat="34.985890" lon="136.634336"></trkpt>
      <trkpt lat="34.985604" lon="136.633962"></trkpt>
      <trkpt lat="34.985415" lon="136.633736"></trkpt>
      <trkpt lat="34.984929" lon="136.633210"></trkpt>
      <trkpt lat="34.984780" lon="136.633049"></trkpt>
      <trkpt lat="34.984063" lon="136.632161"></trkpt>
      <trkpt lat="34.983963" lon="136.632023"></trkpt>
      <trkpt lat="34.983976" lon="136.632005"></trkpt>
      <trkpt lat="34.983976" lon="136.632005"></trkpt>
      <trkpt lat="34.983976" lon="136.632005"></trkpt>
      <trkpt lat="34.983963" lon="136.632023"></trkpt>
      <trkpt lat="34.983412" lon="136.631415"></trkpt>
      <trkpt lat="34.982871" lon="136.630879"></trkpt>
      <trkpt lat="34.982539" lon="136.630546"></trkpt>
      <trkpt lat="34.981674" lon="136.629653"></trkpt>
      <trkpt lat="34.981449" lon="136.629438"></trkpt>
      <trkpt lat="34.981432" lon="136.629464"></trkpt>
      <trkpt lat="34.981417" lon="136.629459"></trkpt>
      <trkpt lat="34.981417" lon="136.629459"></trkpt>
      <trkpt lat="34.981033" lon="136.629342"></trkpt>
      <trkpt lat="34.980466" lon="136.629124"></trkpt>
      <trkpt lat="34.980467" lon="136.629120"></trkpt>
      <trkpt lat="34.980466" lon="136.629124"></trkpt>
      <trkpt lat="34.980446" lon="136.629116"></trkpt>
      <trkpt lat="34.980501" lon="136.628899"></trkpt>
      <trkpt lat="34.980507" lon="136.628827"></trkpt>
      <trkpt lat="34.980535" lon="136.628742"></trkpt>
      <trkpt lat="34.980543" lon="136.628718"></trkpt>
      <trkpt lat="34.979608" lon="136.628139"></trkpt>
      <trkpt lat="34.979610" lon="136.628131"></trkpt>
      <trkpt lat="34.979615" lon="136.628133"></trkpt>
      <trkpt lat="34.979610" lon="136.628131"></trkpt>
      <trkpt lat="34.979526" lon="136.628362"></trkpt>
      <trkpt lat="34.979449" lon="136.628510"></trkpt>
      <trkpt lat="34.979329" lon="136.628671"></trkpt>
      <trkpt lat="34.979299" lon="136.628711"></trkpt>
      <trkpt lat="34.979249" lon="136.628729"></trkpt>
      <trkpt lat="34.978906" lon="136.628650"></trkpt>
      <trkpt lat="34.977779" lon="136.628373"></trkpt>
      <trkpt lat="34.977147" lon="136.628193"></trkpt>
      <trkpt lat="34.977147" lon="136.628193"></trkpt>
      <trkpt lat="34.977052" lon="136.628158"></trkpt>
      <trkpt lat="34.976722" lon="136.628004"></trkpt>
      <trkpt lat="34.976163" lon="136.627730"></trkpt>
      <trkpt lat="34.974730" lon="136.627083"></trkpt>
      <trkpt lat="34.973914" lon="136.626735"></trkpt>
      <trkpt lat="34.973435" lon="136.626521"></trkpt>
      <trkpt lat="34.973260" lon="136.626471"></trkpt>
      <trkpt lat="34.972595" lon="136.626253"></trkpt>
      <trkpt lat="34.972346" lon="136.626166"></trkpt>
      <trkpt lat="34.972008" lon="136.626045"></trkpt>
      <trkpt lat="34.972008" lon="136.626045"></trkpt>
      <trkpt lat="34.971353" lon="136.625873"></trkpt>
      <trkpt lat="34.970998" lon="136.625749"></trkpt>
      <trkpt lat="34.970426" lon="136.625521"></trkpt>
      <trkpt lat="34.969994" lon="136.625297"></trkpt>
      <trkpt lat="34.969191" lon="136.624934"></trkpt>
      <trkpt lat="34.968986" lon="136.624862"></trkpt>
      <trkpt lat="34.968986" lon="136.624862"></trkpt>
      <trkpt lat="34.968820" lon="136.624781"></trkpt>
      <trkpt lat="34.968720" lon="136.624677"></trkpt>
      <trkpt lat="34.968657" lon="136.624530"></trkpt>
      <trkpt lat="34.968658" lon="136.624527"></trkpt>
      <trkpt lat="34.968658" lon="136.624527"></trkpt>
      <trkpt lat="34.968658" lon="136.624527"></trkpt>
      <trkpt lat="34.968807" lon="136.623906"></trkpt>
      <trkpt lat="34.968795" lon="136.623901"></trkpt>
      <trkpt lat="34.967933" lon="136.623562"></trkpt>
      <trkpt lat="34.967933" lon="136.623562"></trkpt>
      <trkpt lat="34.967505" lon="136.623384"></trkpt>
      <trkpt lat="34.967565" lon="136.623247"></trkpt>
      <trkpt lat="34.967854" lon="136.623364"></trkpt>
      <trkpt lat="34.967839" lon="136.623235"></trkpt>
      <trkpt lat="34.967673" lon="136.622927"></trkpt>
      <trkpt lat="34.967571" lon="136.622803"></trkpt>
      <trkpt lat="34.967477" lon="136.622753"></trkpt>
      <trkpt lat="34.967477" lon="136.622753"></trkpt>
      <trkpt lat="34.966976" lon="136.622449"></trkpt>
      <trkpt lat="34.966514" lon="136.622133"></trkpt>
      <trkpt lat="34.966106" lon="136.621832"></trkpt>
      <trkpt lat="34.966106" lon="136.621832"></trkpt>
      <trkpt lat="34.965716" lon="136.621693"></trkpt>
      <trkpt lat="34.965669" lon="136.621683"></trkpt>
      <trkpt lat="34.965666" lon="136.621691"></trkpt>
      <trkpt lat="34.965666" lon="136.621691"></trkpt>
      <trkpt lat="34.965666" lon="136.621691"></trkpt>
      <trkpt lat="34.965539" lon="136.622055"></trkpt>
      <trkpt lat="34.965480" lon="136.622025"></trkpt>
      <trkpt lat="34.965075" lon="136.621817"></trkpt>
      <trkpt lat="34.965077" lon="136.621811"></trkpt>
      <trkpt lat="34.965060" lon="136.621803"></trkpt>
      <trkpt lat="34.965077" lon="136.621811"></trkpt>
      <trkpt lat="34.965173" lon="136.621516"></trkpt>
      <trkpt lat="34.965118" lon="136.621490"></trkpt>
      <trkpt lat="34.964541" lon="136.621218"></trkpt>
      <trkpt lat="34.964514" lon="136.621216"></trkpt>
      <trkpt lat="34.964441" lon="136.621184"></trkpt>
      <trkpt lat="34.964252" lon="136.621080"></trkpt>
      <trkpt lat="34.964063" lon="136.620961"></trkpt>
      <trkpt lat="34.963667" lon="136.620681"></trkpt>
      <trkpt lat="34.963148" lon="136.620333"></trkpt>
      <trkpt lat="34.963141" lon="136.620348"></trkpt>
      <trkpt lat="34.963141" lon="136.620348"></trkpt>
      <trkpt lat="34.963148" lon="136.620333"></trkpt>
      <trkpt lat="34.962857" lon="136.620123"></trkpt>
      <trkpt lat="34.962223" lon="136.619724"></trkpt>
      <trkpt lat="34.961992" lon="136.619578"></trkpt>
      <trkpt lat="34.961613" lon="136.619312"></trkpt>
      <trkpt lat="34.961614" lon="136.619309"></trkpt>
      <trkpt lat="34.961613" lon="136.619312"></trkpt>
      <trkpt lat="34.961532" lon="136.619255"></trkpt>
      <trkpt lat="34.961313" lon="136.618901"></trkpt>
      <trkpt lat="34.961170" lon="136.618640"></trkpt>
      <trkpt lat="34.960962" lon="136.618206"></trkpt>
      <trkpt lat="34.960774" lon="136.617598"></trkpt>
      <trkpt lat="34.960517" lon="136.616707"></trkpt>
      <trkpt lat="34.960379" lon="136.616299"></trkpt>
      <trkpt lat="34.960354" lon="136.616203"></trkpt>
      <trkpt lat="34.960337" lon="136.616139"></trkpt>
      <trkpt lat="34.960337" lon="136.615921"></trkpt>
      <trkpt lat="34.960418" lon="136.615075"></trkpt>
      <trkpt lat="34.960550" lon="136.614069"></trkpt>
      <trkpt lat="34.960593" lon="136.613785"></trkpt>
      <trkpt lat="34.960593" lon="136.613784"></trkpt>
      <trkpt lat="34.960594" lon="136.613783"></trkpt>
      <trkpt lat="34.960374" lon="136.613306"></trkpt>
      <trkpt lat="34.959209" lon="136.610935"></trkpt>
      <trkpt lat="34.958567" lon="136.609803"></trkpt>
      <trkpt lat="34.957648" lon="136.608580"></trkpt>
      <trkpt lat="34.957195" lon="136.607925"></trkpt>
      <trkpt lat="34.957173" lon="136.607512"></trkpt>
      <trkpt lat="34.955995" lon="136.606327"></trkpt>
      <trkpt lat="34.955036" lon="136.605635"></trkpt>
      <trkpt lat="34.954672" lon="136.605361"></trkpt>
      <trkpt lat="34.953665" lon="136.604605"></trkpt>
      <trkpt lat="34.952288" lon="136.603859"></trkpt>
      <trkpt lat="34.950991" lon="136.603253"></trkpt>
      <trkpt lat="34.950094" lon="136.602776"></trkpt>
      <trkpt lat="34.949321" lon="136.602395"></trkpt>
      <trkpt lat="34.949317" lon="136.602412"></trkpt>
      <trkpt lat="34.948841" lon="136.602237"></trkpt>
      <trkpt lat="34.948648" lon="136.602185"></trkpt>
      <trkpt lat="34.948491" lon="136.602166"></trkpt>
      <trkpt lat="34.948290" lon="136.602163"></trkpt>
      <trkpt lat="34.947970" lon="136.602191"></trkpt>
      <trkpt lat="34.947492" lon="136.602158"></trkpt>
      <trkpt lat="34.946263" lon="136.602038"></trkpt>
      <trkpt lat="34.946028" lon="136.601999"></trkpt>
      <trkpt lat="34.945798" lon="136.601951"></trkpt>
      <trkpt lat="34.945798" lon="136.601949"></trkpt>
      <trkpt lat="34.945798" lon="136.601951"></trkpt>
      <trkpt lat="34.945035" lon="136.601756"></trkpt>
      <trkpt lat="34.944981" lon="136.601753"></trkpt>
      <trkpt lat="34.944566" lon="136.601634"></trkpt>
      <trkpt lat="34.943903" lon="136.601409"></trkpt>
      <trkpt lat="34.943454" lon="136.601291"></trkpt>
      <trkpt lat="34.942833" lon="136.601145"></trkpt>
      <trkpt lat="34.942833" lon="136.601142"></trkpt>
      <trkpt lat="34.942833" lon="136.601145"></trkpt>
      <trkpt lat="34.941744" lon="136.600840"></trkpt>
      <trkpt lat="34.941744" lon="136.600839"></trkpt>
      <trkpt lat="34.941744" lon="136.600840"></trkpt>
      <trkpt lat="34.941151" lon="136.600659"></trkpt>
      <trkpt lat="34.940892" lon="136.600578"></trkpt>
      <trkpt lat="34.940337" lon="136.600367"></trkpt>
      <trkpt lat="34.940204" lon="136.600286"></trkpt>
      <trkpt lat="34.940201" lon="136.600292"></trkpt>
      <trkpt lat="34.940204" lon="136.600286"></trkpt>
      <trkpt lat="34.939981" lon="136.600118"></trkpt>
      <trkpt lat="34.939678" lon="136.599839"></trkpt>
      <trkpt lat="34.939397" lon="136.599562"></trkpt>
      <trkpt lat="34.939010" lon="136.599258"></trkpt>
      <trkpt lat="34.938957" lon="136.599228"></trkpt>
      <trkpt lat="34.938588" lon="136.599023"></trkpt>
      <trkpt lat="34.938256" lon="136.598828"></trkpt>
      <trkpt lat="34.937989" lon="136.598701"></trkpt>
      <trkpt lat="34.937989" lon="136.598701"></trkpt>
      <trkpt lat="34.937882" lon="136.598650"></trkpt>
      <trkpt lat="34.937475" lon="136.598513"></trkpt>
      <trkpt lat="34.937131" lon="136.598409"></trkpt>
      <trkpt lat="34.936952" lon="136.598385"></trkpt>
      <trkpt lat="34.936952" lon="136.598385"></trkpt>
      <trkpt lat="34.936944" lon="136.598385"></trkpt>
      <trkpt lat="34.936863" lon="136.598383"></trkpt>
      <trkpt lat="34.936770" lon="136.598420"></trkpt>
      <trkpt lat="34.936565" lon="136.598314"></trkpt>
      <trkpt lat="34.936405" lon="136.598270"></trkpt>
      <trkpt lat="34.936405" lon="136.598270"></trkpt>
      <trkpt lat="34.936134" lon="136.598234"></trkpt>
      <trkpt lat="34.936024" lon="136.598237"></trkpt>
      <trkpt lat="34.935871" lon="136.598264"></trkpt>
      <trkpt lat="34.935871" lon="136.598264"></trkpt>
      <trkpt lat="34.935764" lon="136.598226"></trkpt>
      <trkpt lat="34.935621" lon="136.598146"></trkpt>
      <trkpt lat="34.935586" lon="136.598116"></trkpt>
      <trkpt lat="34.935544" lon="136.598189"></trkpt>
      <trkpt lat="34.935586" lon="136.598116"></trkpt>
      <trkpt lat="34.935222" lon="136.597807"></trkpt>
      <trkpt lat="34.935107" lon="136.597693"></trkpt>
      <trkpt lat="34.934967" lon="136.597514"></trkpt>
      <trkpt lat="34.934864" lon="136.597351"></trkpt>
      <trkpt lat="34.934598" lon="136.596865"></trkpt>
      <trkpt lat="34.934487" lon="136.596538"></trkpt>
      <trkpt lat="34.934277" lon="136.595778"></trkpt>
      <trkpt lat="34.934273" lon="136.595765"></trkpt>
      <trkpt lat="34.934164" lon="136.595707"></trkpt>
      <trkpt lat="34.934093" lon="136.595646"></trkpt>
      <trkpt lat="34.933982" lon="136.595509"></trkpt>
      <trkpt lat="34.933692" lon="136.595181"></trkpt>
      <trkpt lat="34.933336" lon="136.594834"></trkpt>
      <trkpt lat="34.933039" lon="136.594561"></trkpt>
      <trkpt lat="34.931752" lon="136.593426"></trkpt>
      <trkpt lat="34.931752" lon="136.593426"></trkpt>
      <trkpt lat="34.931687" lon="136.593324"></trkpt>
      <trkpt lat="34.931558" lon="136.593019"></trkpt>
      <trkpt lat="34.931289" lon="136.592503"></trkpt>
      <trkpt lat="34.931167" lon="136.592304"></trkpt>
      <trkpt lat="34.931170" lon="136.592283"></trkpt>
      <trkpt lat="34.931063" lon="136.592142"></trkpt>
      <trkpt lat="34.930777" lon="136.591879"></trkpt>
      <trkpt lat="34.930715" lon="136.591807"></trkpt>
      <trkpt lat="34.930512" lon="136.591478"></trkpt>
      <trkpt lat="34.930512" lon="136.591478"></trkpt>
      <trkpt lat="34.930500" lon="136.591457"></trkpt>
      <trkpt lat="34.929957" lon="136.591064"></trkpt>
      <trkpt lat="34.929818" lon="136.591001"></trkpt>
      <trkpt lat="34.929650" lon="136.590937"></trkpt>
      <trkpt lat="34.929434" lon="136.590875"></trkpt>
      <trkpt lat="34.928925" lon="136.590766"></trkpt>
      <trkpt lat="34.928705" lon="136.590707"></trkpt>
      <trkpt lat="34.928705" lon="136.590707"></trkpt>
      <trkpt lat="34.928698" lon="136.590706"></trkpt>
      <trkpt lat="34.928757" lon="136.590283"></trkpt>
      <trkpt lat="34.928878" lon="136.589538"></trkpt>
      <trkpt lat="34.928863" lon="136.589529"></trkpt>
      <trkpt lat="34.928863" lon="136.589529"></trkpt>
      <trkpt lat="34.927872" lon="136.588922"></trkpt>
      <trkpt lat="34.927319" lon="136.588361"></trkpt>
      <trkpt lat="34.927319" lon="136.588361"></trkpt>
      <trkpt lat="34.927319" lon="136.588361"></trkpt>
      <trkpt lat="34.927128" lon="136.588169"></trkpt>
      <trkpt lat="34.926986" lon="136.588006"></trkpt>
      <trkpt lat="34.926839" lon="136.587697"></trkpt>
      <trkpt lat="34.926513" lon="136.587113"></trkpt>
      <trkpt lat="34.926305" lon="136.586823"></trkpt>
      <trkpt lat="34.926147" lon="136.586644"></trkpt>
      <trkpt lat="34.926019" lon="136.586483"></trkpt>
      <trkpt lat="34.925738" lon="136.586184"></trkpt>
      <trkpt lat="34.925198" lon="136.585538"></trkpt>
      <trkpt lat="34.924966" lon="136.585272"></trkpt>
      <trkpt lat="34.924889" lon="136.585179"></trkpt>
      <trkpt lat="34.924757" lon="136.584996"></trkpt>
      <trkpt lat="34.924712" lon="136.584934"></trkpt>
      <trkpt lat="34.924622" lon="136.584757"></trkpt>
      <trkpt lat="34.924293" lon="136.584171"></trkpt>
      <trkpt lat="34.924083" lon="136.583849"></trkpt>
      <trkpt lat="34.924063" lon="136.583801"></trkpt>
      <trkpt lat="34.923624" lon="136.583239"></trkpt>
      <trkpt lat="34.923620" lon="136.583244"></trkpt>
      <trkpt lat="34.923624" lon="136.583239"></trkpt>
      <trkpt lat="34.923605" lon="136.583215"></trkpt>
      <trkpt lat="34.923428" lon="136.583352"></trkpt>
      <trkpt lat="34.923399" lon="136.583318"></trkpt>
      <trkpt lat="34.923195" lon="136.583623"></trkpt>
      <trkpt lat="34.923130" lon="136.583714"></trkpt>
      <trkpt lat="34.923077" lon="136.583792"></trkpt>
      <trkpt lat="34.922372" lon="136.582780"></trkpt>
      <trkpt lat="34.922241" lon="136.582609"></trkpt>
      <trkpt lat="34.921956" lon="136.582275"></trkpt>
      <trkpt lat="34.921956" lon="136.582275"></trkpt>
      <trkpt lat="34.921750" lon="136.582058"></trkpt>
      <trkpt lat="34.921630" lon="136.582100"></trkpt>
      <trkpt lat="34.921346" lon="136.582045"></trkpt>
      <trkpt lat="34.920784" lon="136.581897"></trkpt>
      <trkpt lat="34.920757" lon="136.581872"></trkpt>
      <trkpt lat="34.920480" lon="136.581797"></trkpt>
      <trkpt lat="34.919950" lon="136.581680"></trkpt>
      <trkpt lat="34.919765" lon="136.581618"></trkpt>
      <trkpt lat="34.919106" lon="136.581439"></trkpt>
      <trkpt lat="34.919067" lon="136.581409"></trkpt>
      <trkpt lat="34.919063" lon="136.581413"></trkpt>
      <trkpt lat="34.919063" lon="136.581413"></trkpt>
      <trkpt lat="34.919067" lon="136.581409"></trkpt>
      <trkpt lat="34.919048" lon="136.581286"></trkpt>
      <trkpt lat="34.919039" lon="136.580864"></trkpt>
      <trkpt lat="34.919037" lon="136.580128"></trkpt>
      <trkpt lat="34.919029" lon="136.580077"></trkpt>
      <trkpt lat="34.919020" lon="136.580079"></trkpt>
      <trkpt lat="34.919029" lon="136.580077"></trkpt>
      <trkpt lat="34.919028" lon="136.580068"></trkpt>
      <trkpt lat="34.918570" lon="136.580003"></trkpt>
      <trkpt lat="34.918479" lon="136.580003"></trkpt>
      <trkpt lat="34.918485" lon="136.579987"></trkpt>
      <trkpt lat="34.918405" lon="136.579979"></trkpt>
      <trkpt lat="34.918322" lon="136.579984"></trkpt>
      <trkpt lat="34.918209" lon="136.580000"></trkpt>
      <trkpt lat="34.918185" lon="136.580017"></trkpt>
      <trkpt lat="34.918107" lon="136.580247"></trkpt>
      <trkpt lat="34.918038" lon="136.580347"></trkpt>
      <trkpt lat="34.917991" lon="136.580364"></trkpt>
      <trkpt lat="34.917957" lon="136.580348"></trkpt>
      <trkpt lat="34.917834" lon="136.580213"></trkpt>
      <trkpt lat="34.917770" lon="136.580147"></trkpt>
      <trkpt lat="34.917640" lon="136.579858"></trkpt>
      <trkpt lat="34.917615" lon="136.579656"></trkpt>
      <trkpt lat="34.917594" lon="136.579570"></trkpt>
      <trkpt lat="34.917553" lon="136.579508"></trkpt>
      <trkpt lat="34.917505" lon="136.579472"></trkpt>
      <trkpt lat="34.917403" lon="136.579426"></trkpt>
      <trkpt lat="34.917111" lon="136.579323"></trkpt>
      <trkpt lat="34.917023" lon="136.579261"></trkpt>
      <trkpt lat="34.917014" lon="136.579274"></trkpt>
      <trkpt lat="34.917023" lon="136.579261"></trkpt>
      <trkpt lat="34.916778" lon="136.578950"></trkpt>
      <trkpt lat="34.916643" lon="136.578745"></trkpt>
      <trkpt lat="34.916569" lon="136.578585"></trkpt>
      <trkpt lat="34.916362" lon="136.578179"></trkpt>
      <trkpt lat="34.916089" lon="136.577773"></trkpt>
      <trkpt lat="34.916034" lon="136.577689"></trkpt>
      <trkpt lat="34.915991" lon="136.577589"></trkpt>
      <trkpt lat="34.915922" lon="136.577277"></trkpt>
      <trkpt lat="34.915845" lon="136.576973"></trkpt>
      <trkpt lat="34.915542" lon="136.575938"></trkpt>
      <trkpt lat="34.915354" lon="136.575270"></trkpt>
      <trkpt lat="34.915065" lon="136.574498"></trkpt>
      <trkpt lat="34.914940" lon="136.573927"></trkpt>
      <trkpt lat="34.914942" lon="136.573864"></trkpt>
      <trkpt lat="34.914999" lon="136.573842"></trkpt>
      <trkpt lat="34.914816" lon="136.572957"></trkpt>
      <trkpt lat="34.914452" lon="136.571054"></trkpt>
      <trkpt lat="34.914368" lon="136.570572"></trkpt>
      <trkpt lat="34.914338" lon="136.570344"></trkpt>
      <trkpt lat="34.914323" lon="136.570131"></trkpt>
      <trkpt lat="34.914318" lon="136.569639"></trkpt>
      <trkpt lat="34.914318" lon="136.569639"></trkpt>
      <trkpt lat="34.914318" lon="136.569639"></trkpt>
      <trkpt lat="34.914319" lon="136.569353"></trkpt>
      <trkpt lat="34.914349" lon="136.568640"></trkpt>
      <trkpt lat="34.914367" lon="136.568244"></trkpt>
      <trkpt lat="34.914367" lon="136.568244"></trkpt>
      <trkpt lat="34.914426" lon="136.566663"></trkpt>
      <trkpt lat="34.914475" lon="136.565652"></trkpt>
      <trkpt lat="34.914479" lon="136.565341"></trkpt>
      <trkpt lat="34.914642" lon="136.561224"></trkpt>
      <trkpt lat="34.914643" lon="136.560890"></trkpt>
      <trkpt lat="34.914575" lon="136.560679"></trkpt>
      <trkpt lat="34.914542" lon="136.560586"></trkpt>
      <trkpt lat="34.914526" lon="136.560296"></trkpt>
      <trkpt lat="34.914564" lon="136.560124"></trkpt>
      <trkpt lat="34.914652" lon="136.560116"></trkpt>
      <trkpt lat="34.914652" lon="136.560112"></trkpt>
      <trkpt lat="34.914652" lon="136.560116"></trkpt>
      <trkpt lat="34.914564" lon="136.560124"></trkpt>
      <trkpt lat="34.914546" lon="136.560096"></trkpt>
      <trkpt lat="34.914533" lon="136.560001"></trkpt>
      <trkpt lat="34.914499" lon="136.559630"></trkpt>
      <trkpt lat="34.914321" lon="136.558357"></trkpt>
      <trkpt lat="34.914292" lon="136.558027"></trkpt>
      <trkpt lat="34.914260" lon="136.557825"></trkpt>
      <trkpt lat="34.914196" lon="136.557641"></trkpt>
      <trkpt lat="34.913928" lon="136.557115"></trkpt>
      <trkpt lat="34.913445" lon="136.556257"></trkpt>
      <trkpt lat="34.913185" lon="136.555812"></trkpt>
      <trkpt lat="34.912015" lon="136.553986"></trkpt>
      <trkpt lat="34.911876" lon="136.553721"></trkpt>
      <trkpt lat="34.911876" lon="136.553721"></trkpt>
      <trkpt lat="34.911736" lon="136.553454"></trkpt>
      <trkpt lat="34.911641" lon="136.553205"></trkpt>
      <trkpt lat="34.911603" lon="136.553067"></trkpt>
      <trkpt lat="34.911243" lon="136.552015"></trkpt>
      <trkpt lat="34.911238" lon="136.551930"></trkpt>
      <trkpt lat="34.911238" lon="136.551930"></trkpt>
      <trkpt lat="34.911251" lon="136.551798"></trkpt>
      <trkpt lat="34.911286" lon="136.551684"></trkpt>
      <trkpt lat="34.911286" lon="136.551574"></trkpt>
      <trkpt lat="34.911221" lon="136.551437"></trkpt>
      <trkpt lat="34.910912" lon="136.551040"></trkpt>
      <trkpt lat="34.910762" lon="136.550938"></trkpt>
      <trkpt lat="34.910714" lon="136.550912"></trkpt>
      <trkpt lat="34.910670" lon="136.550901"></trkpt>
      <trkpt lat="34.910607" lon="136.551001"></trkpt>
      <trkpt lat="34.910481" lon="136.550919"></trkpt>
      <trkpt lat="34.910233" lon="136.550783"></trkpt>
      <trkpt lat="34.910001" lon="136.550677"></trkpt>
      <trkpt lat="34.909746" lon="136.550593"></trkpt>
      <trkpt lat="34.909447" lon="136.550520"></trkpt>
      <trkpt lat="34.909439" lon="136.550466"></trkpt>
      <trkpt lat="34.909418" lon="136.550399"></trkpt>
      <trkpt lat="34.909354" lon="136.550335"></trkpt>
      <trkpt lat="34.909141" lon="136.550194"></trkpt>
      <trkpt lat="34.908920" lon="136.550073"></trkpt>
      <trkpt lat="34.908454" lon="136.549836"></trkpt>
      <trkpt lat="34.908279" lon="136.549766"></trkpt>
      <trkpt lat="34.908128" lon="136.549665"></trkpt>
      <trkpt lat="34.907719" lon="136.549352"></trkpt>
      <trkpt lat="34.907619" lon="136.549292"></trkpt>
      <trkpt lat="34.907512" lon="136.549241"></trkpt>
      <trkpt lat="34.907512" lon="136.549241"></trkpt>
      <trkpt lat="34.907415" lon="136.549194"></trkpt>
      <trkpt lat="34.906752" lon="136.548944"></trkpt>
      <trkpt lat="34.905535" lon="136.548498"></trkpt>
      <trkpt lat="34.903333" lon="136.547721"></trkpt>
      <trkpt lat="34.903333" lon="136.547721"></trkpt>
      <trkpt lat="34.903072" lon="136.547656"></trkpt>
      <trkpt lat="34.902759" lon="136.547609"></trkpt>
      <trkpt lat="34.901702" lon="136.547536"></trkpt>
      <trkpt lat="34.901674" lon="136.547545"></trkpt>
      <trkpt lat="34.901102" lon="136.547573"></trkpt>
      <trkpt lat="34.900830" lon="136.547597"></trkpt>
      <trkpt lat="34.900829" lon="136.547592"></trkpt>
      <trkpt lat="34.900830" lon="136.547597"></trkpt>
      <trkpt lat="34.900232" lon="136.547738"></trkpt>
      <trkpt lat="34.899271" lon="136.548049"></trkpt>
      <trkpt lat="34.899096" lon="136.548120"></trkpt>
      <trkpt lat="34.899060" lon="136.548174"></trkpt>
      <trkpt lat="34.898925" lon="136.548490"></trkpt>
      <trkpt lat="34.898879" lon="136.548590"></trkpt>
      <trkpt lat="34.898775" lon="136.548686"></trkpt>
      <trkpt lat="34.898618" lon="136.548768"></trkpt>
      <trkpt lat="34.898483" lon="136.548799"></trkpt>
      <trkpt lat="34.898185" lon="136.548846"></trkpt>
      <trkpt lat="34.897519" lon="136.548961"></trkpt>
      <trkpt lat="34.897305" lon="136.548981"></trkpt>
      <trkpt lat="34.897061" lon="136.548980"></trkpt>
      <trkpt lat="34.897061" lon="136.548980"></trkpt>
      <trkpt lat="34.896818" lon="136.548980"></trkpt>
      <trkpt lat="34.896730" lon="136.548971"></trkpt>
      <trkpt lat="34.896330" lon="136.548928"></trkpt>
      <trkpt lat="34.895835" lon="136.548849"></trkpt>
      <trkpt lat="34.895527" lon="136.548741"></trkpt>
      <trkpt lat="34.895456" lon="136.548702"></trkpt>
      <trkpt lat="34.895322" lon="136.548601"></trkpt>
      <trkpt lat="34.895170" lon="136.548427"></trkpt>
      <trkpt lat="34.894976" lon="136.548101"></trkpt>
      <trkpt lat="34.894976" lon="136.548101"></trkpt>
      <trkpt lat="34.894965" lon="136.548080"></trkpt>
      <trkpt lat="34.894886" lon="136.548124"></trkpt>
      <trkpt lat="34.894771" lon="136.548131"></trkpt>
      <trkpt lat="34.894654" lon="136.548103"></trkpt>
      <trkpt lat="34.894483" lon="136.548046"></trkpt>
      <trkpt lat="34.894400" lon="136.548042"></trkpt>
      <trkpt lat="34.894300" lon="136.548057"></trkpt>
      <trkpt lat="34.894226" lon="136.548067"></trkpt>
      <trkpt lat="34.894226" lon="136.548067"></trkpt>
      <trkpt lat="34.894222" lon="136.548068"></trkpt>
      <trkpt lat="34.894146" lon="136.547489"></trkpt>
      <trkpt lat="34.894075" lon="136.546914"></trkpt>
      <trkpt lat="34.894054" lon="136.546817"></trkpt>
      <trkpt lat="34.893990" lon="136.546648"></trkpt>
      <trkpt lat="34.893970" lon="136.546568"></trkpt>
      <trkpt lat="34.893939" lon="136.546481"></trkpt>
      <trkpt lat="34.893913" lon="136.546343"></trkpt>
      <trkpt lat="34.893899" lon="136.546226"></trkpt>
      <trkpt lat="34.893884" lon="136.546169"></trkpt>
      <trkpt lat="34.893882" lon="136.546104"></trkpt>
      <trkpt lat="34.893747" lon="136.545518"></trkpt>
      <trkpt lat="34.893719" lon="136.545452"></trkpt>
      <trkpt lat="34.893700" lon="136.545426"></trkpt>
      <trkpt lat="34.893711" lon="136.545414"></trkpt>
      <trkpt lat="34.893183" lon="136.545060"></trkpt>
      <trkpt lat="34.892857" lon="136.544781"></trkpt>
      <trkpt lat="34.892894" lon="136.544788"></trkpt>
      <trkpt lat="34.892900" lon="136.544743"></trkpt>
      <trkpt lat="34.892924" lon="136.544282"></trkpt>
      <trkpt lat="34.892927" lon="136.544161"></trkpt>
      <trkpt lat="34.892790" lon="136.544059"></trkpt>
      <trkpt lat="34.892784" lon="136.544027"></trkpt>
      <trkpt lat="34.892872" lon="136.543691"></trkpt>
      <trkpt lat="34.892939" lon="136.543474"></trkpt>
      <trkpt lat="34.893004" lon="136.543299"></trkpt>
      <trkpt lat="34.893057" lon="136.543203"></trkpt>
      <trkpt lat="34.893049" lon="136.543196"></trkpt>
      <trkpt lat="34.892887" lon="136.543092"></trkpt>
      <trkpt lat="34.892801" lon="136.542855"></trkpt>
      <trkpt lat="34.892720" lon="136.542687"></trkpt>
      <trkpt lat="34.892598" lon="136.542473"></trkpt>
      <trkpt lat="34.892474" lon="136.542288"></trkpt>
      <trkpt lat="34.892285" lon="136.542134"></trkpt>
      <trkpt lat="34.892027" lon="136.541971"></trkpt>
      <trkpt lat="34.891711" lon="136.541791"></trkpt>
      <trkpt lat="34.891495" lon="136.541630"></trkpt>
      <trkpt lat="34.891207" lon="136.541317"></trkpt>
      <trkpt lat="34.891041" lon="136.541125"></trkpt>
      <trkpt lat="34.890929" lon="136.540976"></trkpt>
      <trkpt lat="34.890859" lon="136.540953"></trkpt>
      <trkpt lat="34.890772" lon="136.540971"></trkpt>
      <trkpt lat="34.890772" lon="136.540971"></trkpt>
      <trkpt lat="34.890776" lon="136.540968"></trkpt>
      <trkpt lat="34.890550" lon="136.540518"></trkpt>
      <trkpt lat="34.890440" lon="136.540259"></trkpt>
      <trkpt lat="34.890353" lon="136.540011"></trkpt>
      <trkpt lat="34.890303" lon="136.539844"></trkpt>
      <trkpt lat="34.890303" lon="136.539844"></trkpt>
      <trkpt lat="34.890219" lon="136.539535"></trkpt>
      <trkpt lat="34.890177" lon="136.539302"></trkpt>
      <trkpt lat="34.890135" lon="136.538995"></trkpt>
      <trkpt lat="34.890120" lon="136.538630"></trkpt>
      <trkpt lat="34.890125" lon="136.538266"></trkpt>
      <trkpt lat="34.890333" lon="136.535796"></trkpt>
      <trkpt lat="34.890342" lon="136.535387"></trkpt>
      <trkpt lat="34.890336" lon="136.535146"></trkpt>
      <trkpt lat="34.890311" lon="136.534820"></trkpt>
      <trkpt lat="34.890266" lon="136.534534"></trkpt>
      <trkpt lat="34.890191" lon="136.534218"></trkpt>
      <trkpt lat="34.890191" lon="136.534218"></trkpt>
      <trkpt lat="34.890094" lon="136.533934"></trkpt>
      <trkpt lat="34.889980" lon="136.533663"></trkpt>
      <trkpt lat="34.889880" lon="136.533451"></trkpt>
      <trkpt lat="34.889540" lon="136.532841"></trkpt>
      <trkpt lat="34.888517" lon="136.531095"></trkpt>
      <trkpt lat="34.888165" lon="136.530537"></trkpt>
      <trkpt lat="34.887819" lon="136.530043"></trkpt>
      <trkpt lat="34.887595" lon="136.529765"></trkpt>
      <trkpt lat="34.887595" lon="136.529765"></trkpt>
      <trkpt lat="34.887337" lon="136.529445"></trkpt>
      <trkpt lat="34.887124" lon="136.529218"></trkpt>
      <trkpt lat="34.886693" lon="136.528814"></trkpt>
      <trkpt lat="34.886693" lon="136.528814"></trkpt>
      <trkpt lat="34.886595" lon="136.528722"></trkpt>
      <trkpt lat="34.886685" lon="136.528544"></trkpt>
      <trkpt lat="34.887140" lon="136.527674"></trkpt>
      <trkpt lat="34.887306" lon="136.527404"></trkpt>
      <trkpt lat="34.887343" lon="136.527332"></trkpt>
      <trkpt lat="34.887343" lon="136.527332"></trkpt>
      <trkpt lat="34.887350" lon="136.527319"></trkpt>
      <trkpt lat="34.887234" lon="136.527224"></trkpt>
      <trkpt lat="34.887169" lon="136.527153"></trkpt>
      <trkpt lat="34.887114" lon="136.527106"></trkpt>
      <trkpt lat="34.886875" lon="136.526933"></trkpt>
      <trkpt lat="34.886577" lon="136.526735"></trkpt>
      <trkpt lat="34.884798" lon="136.525611"></trkpt>
      <trkpt lat="34.883307" lon="136.524689"></trkpt>
      <trkpt lat="34.883246" lon="136.524664"></trkpt>
      <trkpt lat="34.882586" lon="136.524284"></trkpt>
      <trkpt lat="34.882092" lon="136.523978"></trkpt>
      <trkpt lat="34.881791" lon="136.523756"></trkpt>
      <trkpt lat="34.881791" lon="136.523756"></trkpt>
      <trkpt lat="34.881636" lon="136.523629"></trkpt>
      <trkpt lat="34.881521" lon="136.523522"></trkpt>
      <trkpt lat="34.881071" lon="136.523055"></trkpt>
      <trkpt lat="34.880480" lon="136.522369"></trkpt>
      <trkpt lat="34.880411" lon="136.522311"></trkpt>
      <trkpt lat="34.880217" lon="136.522027"></trkpt>
      <trkpt lat="34.880007" lon="136.521826"></trkpt>
      <trkpt lat="34.880007" lon="136.521826"></trkpt>
      <trkpt lat="34.879637" lon="136.521582"></trkpt>
      <trkpt lat="34.879627" lon="136.521560"></trkpt>
      <trkpt lat="34.879504" lon="136.521483"></trkpt>
      <trkpt lat="34.879238" lon="136.521340"></trkpt>
      <trkpt lat="34.879217" lon="136.521301"></trkpt>
      <trkpt lat="34.879217" lon="136.521301"></trkpt>
      <trkpt lat="34.879035" lon="136.520979"></trkpt>
      <trkpt lat="34.878984" lon="136.520949"></trkpt>
      <trkpt lat="34.878933" lon="136.520941"></trkpt>
      <trkpt lat="34.878920" lon="136.520833"></trkpt>
      <trkpt lat="34.878937" lon="136.520759"></trkpt>
      <trkpt lat="34.878960" lon="136.520725"></trkpt>
      <trkpt lat="34.878960" lon="136.520725"></trkpt>
      <trkpt lat="34.878969" lon="136.520711"></trkpt>
      <trkpt lat="34.878955" lon="136.520615"></trkpt>
      <trkpt lat="34.878879" lon="136.520247"></trkpt>
      <trkpt lat="34.878879" lon="136.520247"></trkpt>
      <trkpt lat="34.878879" lon="136.520247"></trkpt>
      <trkpt lat="34.878819" lon="136.520210"></trkpt>
      <trkpt lat="34.878612" lon="136.520311"></trkpt>
      <trkpt lat="34.878504" lon="136.519667"></trkpt>
      <trkpt lat="34.878034" lon="136.519795"></trkpt>
      <trkpt lat="34.877952" lon="136.519831"></trkpt>
      <trkpt lat="34.877792" lon="136.519675"></trkpt>
      <trkpt lat="34.877467" lon="136.519210"></trkpt>
      <trkpt lat="34.877213" lon="136.518860"></trkpt>
      <trkpt lat="34.877062" lon="136.518669"></trkpt>
      <trkpt lat="34.877029" lon="136.518586"></trkpt>
      <trkpt lat="34.877029" lon="136.518586"></trkpt>
      <trkpt lat="34.877068" lon="136.517492"></trkpt>
      <trkpt lat="34.877147" lon="136.517202"></trkpt>
      <trkpt lat="34.877209" lon="136.516526"></trkpt>
      <trkpt lat="34.877328" lon="136.515958"></trkpt>
      <trkpt lat="34.877328" lon="136.514944"></trkpt>
      <trkpt lat="34.877125" lon="136.514429"></trkpt>
      <trkpt lat="34.876324" lon="136.513104"></trkpt>
      <trkpt lat="34.876327" lon="136.513102"></trkpt>
      <trkpt lat="34.876290" lon="136.513039"></trkpt>
      <trkpt lat="34.876249" lon="136.512994"></trkpt>
      <trkpt lat="34.876201" lon="136.512842"></trkpt>
      <trkpt lat="34.876019" lon="136.512129"></trkpt>
      <trkpt lat="34.875937" lon="136.511918"></trkpt>
      <trkpt lat="34.875757" lon="136.511462"></trkpt>
      <trkpt lat="34.875705" lon="136.511255"></trkpt>
      <trkpt lat="34.875704" lon="136.511194"></trkpt>
      <trkpt lat="34.875704" lon="136.511194"></trkpt>
      <trkpt lat="34.875704" lon="136.511194"></trkpt>
      <trkpt lat="34.875702" lon="136.511066"></trkpt>
      <trkpt lat="34.875720" lon="136.510735"></trkpt>
      <trkpt lat="34.875723" lon="136.510735"></trkpt>
      <trkpt lat="34.875720" lon="136.510735"></trkpt>
      <trkpt lat="34.875988" lon="136.509148"></trkpt>
      <trkpt lat="34.876052" lon="136.508842"></trkpt>
      <trkpt lat="34.876048" lon="136.508673"></trkpt>
      <trkpt lat="34.876047" lon="136.508673"></trkpt>
      <trkpt lat="34.876048" lon="136.508673"></trkpt>
      <trkpt lat="34.876047" lon="136.508618"></trkpt>
      <trkpt lat="34.875988" lon="136.508277"></trkpt>
      <trkpt lat="34.875928" lon="136.507908"></trkpt>
      <trkpt lat="34.875806" lon="136.507000"></trkpt>
      <trkpt lat="34.875778" lon="136.506861"></trkpt>
      <trkpt lat="34.875679" lon="136.506511"></trkpt>
      <trkpt lat="34.875419" lon="136.505933"></trkpt>
      <trkpt lat="34.875325" lon="136.505742"></trkpt>
      <trkpt lat="34.874847" lon="136.504831"></trkpt>
      <trkpt lat="34.874557" lon="136.504327"></trkpt>
      <trkpt lat="34.874479" lon="136.504214"></trkpt>
      <trkpt lat="34.874377" lon="136.504089"></trkpt>
      <trkpt lat="34.874377" lon="136.504089"></trkpt>
      <trkpt lat="34.874213" lon="136.503912"></trkpt>
      <trkpt lat="34.873986" lon="136.503724"></trkpt>
      <trkpt lat="34.873825" lon="136.503623"></trkpt>
      <trkpt lat="34.873569" lon="136.503483"></trkpt>
      <trkpt lat="34.873321" lon="136.503367"></trkpt>
      <trkpt lat="34.873321" lon="136.503367"></trkpt>
      <trkpt lat="34.873280" lon="136.503353"></trkpt>
      <trkpt lat="34.873274" lon="136.503391"></trkpt>
      <trkpt lat="34.873274" lon="136.503391"></trkpt>
      <trkpt lat="34.873180" lon="136.503986"></trkpt>
      <trkpt lat="34.873180" lon="136.503986"></trkpt>
      <trkpt lat="34.873168" lon="136.504066"></trkpt>
      <trkpt lat="34.873167" lon="136.504200"></trkpt>
      <trkpt lat="34.873143" lon="136.504288"></trkpt>
      <trkpt lat="34.873171" lon="136.504488"></trkpt>
      <trkpt lat="34.873156" lon="136.504491"></trkpt>
      <trkpt lat="34.873156" lon="136.504489"></trkpt>
      <trkpt lat="34.872157" lon="136.504650"></trkpt>
      <trkpt lat="34.871246" lon="136.504794"></trkpt>
      <trkpt lat="34.871250" lon="136.504793"></trkpt>
      <trkpt lat="34.871228" lon="136.504653"></trkpt>
      <trkpt lat="34.871242" lon="136.504418"></trkpt>
      <trkpt lat="34.871215" lon="136.503533"></trkpt>
      <trkpt lat="34.871232" lon="136.503218"></trkpt>
      <trkpt lat="34.871249" lon="136.503046"></trkpt>
      <trkpt lat="34.871248" lon="136.503053"></trkpt>
      <trkpt lat="34.871206" lon="136.503018"></trkpt>
      <trkpt lat="34.871119" lon="136.502921"></trkpt>
      <trkpt lat="34.870942" lon="136.502670"></trkpt>
      <trkpt lat="34.870942" lon="136.502670"></trkpt>
      <trkpt lat="34.870942" lon="136.502670"></trkpt>
      <trkpt lat="34.870628" lon="136.501668"></trkpt>
      <trkpt lat="34.870503" lon="136.501226"></trkpt>
      <trkpt lat="34.870297" lon="136.500559"></trkpt>
      <trkpt lat="34.870239" lon="136.500329"></trkpt>
      <trkpt lat="34.870206" lon="136.500158"></trkpt>
      <trkpt lat="34.870209" lon="136.500038"></trkpt>
      <trkpt lat="34.870255" lon="136.499875"></trkpt>
      <trkpt lat="34.870412" lon="136.499410"></trkpt>
      <trkpt lat="34.870823" lon="136.498354"></trkpt>
      <trkpt lat="34.870819" lon="136.498352"></trkpt>
      <trkpt lat="34.871074" lon="136.497488"></trkpt>
      <trkpt lat="34.871067" lon="136.497486"></trkpt>
      <trkpt lat="34.871095" lon="136.497332"></trkpt>
      <trkpt lat="34.871114" lon="136.497181"></trkpt>
      <trkpt lat="34.871120" lon="136.497021"></trkpt>
      <trkpt lat="34.871114" lon="136.496955"></trkpt>
      <trkpt lat="34.870897" lon="136.496474"></trkpt>
      <trkpt lat="34.870773" lon="136.496451"></trkpt>
      <trkpt lat="34.870782" lon="136.496245"></trkpt>
      <trkpt lat="34.870742" lon="136.496068"></trkpt>
      <trkpt lat="34.870419" lon="136.495222"></trkpt>
      <trkpt lat="34.870381" lon="136.495134"></trkpt>
      <trkpt lat="34.870004" lon="136.494386"></trkpt>
      <trkpt lat="34.869956" lon="136.494266"></trkpt>
      <trkpt lat="34.870037" lon="136.494211"></trkpt>
      <trkpt lat="34.870121" lon="136.494063"></trkpt>
      <trkpt lat="34.870132" lon="136.494002"></trkpt>
      <trkpt lat="34.870127" lon="136.493977"></trkpt>
      <trkpt lat="34.869777" lon="136.493691"></trkpt>
      <trkpt lat="34.869746" lon="136.493645"></trkpt>
      <trkpt lat="34.869745" lon="136.493631"></trkpt>
      <trkpt lat="34.869745" lon="136.493631"></trkpt>
      <trkpt lat="34.869745" lon="136.493631"></trkpt>
      <trkpt lat="34.869742" lon="136.493508"></trkpt>
      <trkpt lat="34.869786" lon="136.492724"></trkpt>
      <trkpt lat="34.869787" lon="136.492553"></trkpt>
      <trkpt lat="34.869782" lon="136.492550"></trkpt>
      <trkpt lat="34.869312" lon="136.492230"></trkpt>
      <trkpt lat="34.868780" lon="136.492008"></trkpt>
      <trkpt lat="34.868510" lon="136.491919"></trkpt>
      <trkpt lat="34.868266" lon="136.491839"></trkpt>
      <trkpt lat="34.868020" lon="136.491746"></trkpt>
      <trkpt lat="34.867757" lon="136.491616"></trkpt>
      <trkpt lat="34.866987" lon="136.491166"></trkpt>
      <trkpt lat="34.866880" lon="136.491099"></trkpt>
      <trkpt lat="34.866844" lon="136.491062"></trkpt>
      <trkpt lat="34.866822" lon="136.491094"></trkpt>
      <trkpt lat="34.866844" lon="136.491062"></trkpt>
      <trkpt lat="34.866802" lon="136.491018"></trkpt>
      <trkpt lat="34.866723" lon="136.490863"></trkpt>
      <trkpt lat="34.866654" lon="136.490669"></trkpt>
      <trkpt lat="34.866582" lon="136.490549"></trkpt>
      <trkpt lat="34.866415" lon="136.490372"></trkpt>
      <trkpt lat="34.866212" lon="136.490216"></trkpt>
      <trkpt lat="34.866115" lon="136.490089"></trkpt>
      <trkpt lat="34.866043" lon="136.489955"></trkpt>
      <trkpt lat="34.865973" lon="136.489700"></trkpt>
      <trkpt lat="34.865947" lon="136.489548"></trkpt>
      <trkpt lat="34.865939" lon="136.489548"></trkpt>
      <trkpt lat="34.865947" lon="136.489548"></trkpt>
      <trkpt lat="34.865996" lon="136.489125"></trkpt>
      <trkpt lat="34.866035" lon="136.489002"></trkpt>
      <trkpt lat="34.866058" lon="136.488875"></trkpt>
      <trkpt lat="34.866302" lon="136.488323"></trkpt>
      <trkpt lat="34.866355" lon="136.488174"></trkpt>
      <trkpt lat="34.866356" lon="136.488175"></trkpt>
      <trkpt lat="34.866355" lon="136.488174"></trkpt>
      <trkpt lat="34.866375" lon="136.488117"></trkpt>
      <trkpt lat="34.866116" lon="136.487877"></trkpt>
      <trkpt lat="34.865921" lon="136.487722"></trkpt>
      <trkpt lat="34.865756" lon="136.487608"></trkpt>
      <trkpt lat="34.865504" lon="136.487482"></trkpt>
      <trkpt lat="34.865102" lon="136.487213"></trkpt>
      <trkpt lat="34.864857" lon="136.487024"></trkpt>
      <trkpt lat="34.864640" lon="136.486776"></trkpt>
      <trkpt lat="34.864473" lon="136.486538"></trkpt>
      <trkpt lat="34.864357" lon="136.486400"></trkpt>
      <trkpt lat="34.864223" lon="136.486257"></trkpt>
      <trkpt lat="34.863980" lon="136.486022"></trkpt>
      <trkpt lat="34.863810" lon="136.485894"></trkpt>
      <trkpt lat="34.863589" lon="136.485779"></trkpt>
      <trkpt lat="34.863277" lon="136.485672"></trkpt>
      <trkpt lat="34.862890" lon="136.485390"></trkpt>
      <trkpt lat="34.862772" lon="136.485281"></trkpt>
      <trkpt lat="34.862658" lon="136.485161"></trkpt>
      <trkpt lat="34.862582" lon="136.485096"></trkpt>
      <trkpt lat="34.862582" lon="136.485096"></trkpt>
      <trkpt lat="34.862515" lon="136.485039"></trkpt>
      <trkpt lat="34.862155" lon="136.484793"></trkpt>
      <trkpt lat="34.862045" lon="136.484744"></trkpt>
      <trkpt lat="34.861890" lon="136.484736"></trkpt>
      <trkpt lat="34.861747" lon="136.484746"></trkpt>
      <trkpt lat="34.861470" lon="136.484749"></trkpt>
      <trkpt lat="34.861363" lon="136.484743"></trkpt>
      <trkpt lat="34.861273" lon="136.484727"></trkpt>
      <trkpt lat="34.861194" lon="136.484701"></trkpt>
      <trkpt lat="34.861018" lon="136.484608"></trkpt>
      <trkpt lat="34.860892" lon="136.484512"></trkpt>
      <trkpt lat="34.860627" lon="136.484188"></trkpt>
      <trkpt lat="34.860231" lon="136.483936"></trkpt>
      <trkpt lat="34.860059" lon="136.484477"></trkpt>
      <trkpt lat="34.860059" lon="136.484477"></trkpt>
      <trkpt lat="34.860231" lon="136.483936"></trkpt>
      <trkpt lat="34.860058" lon="136.483838"></trkpt>
      <trkpt lat="34.859851" lon="136.483703"></trkpt>
      <trkpt lat="34.859603" lon="136.483606"></trkpt>
      <trkpt lat="34.859195" lon="136.483508"></trkpt>
      <trkpt lat="34.858934" lon="136.483507"></trkpt>
      <trkpt lat="34.858786" lon="136.483497"></trkpt>
      <trkpt lat="34.858696" lon="136.483467"></trkpt>
      <trkpt lat="34.858685" lon="136.483486"></trkpt>
      <trkpt lat="34.858685" lon="136.483486"></trkpt>
      <trkpt lat="34.858696" lon="136.483467"></trkpt>
      <trkpt lat="34.858645" lon="136.483432"></trkpt>
      <trkpt lat="34.858576" lon="136.483363"></trkpt>
      <trkpt lat="34.858514" lon="136.483276"></trkpt>
      <trkpt lat="34.858294" lon="136.482865"></trkpt>
      <trkpt lat="34.858190" lon="136.482648"></trkpt>
      <trkpt lat="34.858190" lon="136.482648"></trkpt>
      <trkpt lat="34.858180" lon="136.482628"></trkpt>
      <trkpt lat="34.858180" lon="136.482364"></trkpt>
      <trkpt lat="34.858236" lon="136.481585"></trkpt>
      <trkpt lat="34.858216" lon="136.481379"></trkpt>
      <trkpt lat="34.858161" lon="136.481070"></trkpt>
      <trkpt lat="34.858063" lon="136.479918"></trkpt>
      <trkpt lat="34.858017" lon="136.479603"></trkpt>
      <trkpt lat="34.857935" lon="136.479044"></trkpt>
      <trkpt lat="34.857785" lon="136.478069"></trkpt>
      <trkpt lat="34.857741" lon="136.477845"></trkpt>
      <trkpt lat="34.857556" lon="136.477199"></trkpt>
      <trkpt lat="34.857468" lon="136.476769"></trkpt>
      <trkpt lat="34.857441" lon="136.476556"></trkpt>
      <trkpt lat="34.857441" lon="136.476556"></trkpt>
      <trkpt lat="34.857424" lon="136.476410"></trkpt>
      <trkpt lat="34.857387" lon="136.475662"></trkpt>
      <trkpt lat="34.857357" lon="136.475427"></trkpt>
      <trkpt lat="34.857358" lon="136.475277"></trkpt>
      <trkpt lat="34.857318" lon="136.474981"></trkpt>
      <trkpt lat="34.857304" lon="136.474360"></trkpt>
      <trkpt lat="34.857302" lon="136.474094"></trkpt>
      <trkpt lat="34.857328" lon="136.473365"></trkpt>
      <trkpt lat="34.857389" lon="136.472006"></trkpt>
      <trkpt lat="34.857404" lon="136.471118"></trkpt>
      <trkpt lat="34.857316" lon="136.469248"></trkpt>
      <trkpt lat="34.857223" lon="136.468349"></trkpt>
      <trkpt lat="34.857223" lon="136.468349"></trkpt>
      <trkpt lat="34.857180" lon="136.468013"></trkpt>
      <trkpt lat="34.856917" lon="136.466774"></trkpt>
      <trkpt lat="34.856887" lon="136.466673"></trkpt>
      <trkpt lat="34.856823" lon="136.466361"></trkpt>
      <trkpt lat="34.856715" lon="136.465904"></trkpt>
      <trkpt lat="34.856603" lon="136.465288"></trkpt>
      <trkpt lat="34.856523" lon="136.464255"></trkpt>
      <trkpt lat="34.856506" lon="136.463890"></trkpt>
      <trkpt lat="34.856454" lon="136.463419"></trkpt>
      <trkpt lat="34.856358" lon="136.462808"></trkpt>
      <trkpt lat="34.856143" lon="136.461196"></trkpt>
      <trkpt lat="34.856081" lon="136.460835"></trkpt>
      <trkpt lat="34.856081" lon="136.460835"></trkpt>
      <trkpt lat="34.856053" lon="136.460684"></trkpt>
      <trkpt lat="34.855981" lon="136.460447"></trkpt>
      <trkpt lat="34.855829" lon="136.460053"></trkpt>
      <trkpt lat="34.855580" lon="136.459492"></trkpt>
      <trkpt lat="34.855421" lon="136.459241"></trkpt>
      <trkpt lat="34.855307" lon="136.459133"></trkpt>
      <trkpt lat="34.855307" lon="136.459133"></trkpt>
      <trkpt lat="34.855279" lon="136.459107"></trkpt>
      <trkpt lat="34.854945" lon="136.458932"></trkpt>
      <trkpt lat="34.854734" lon="136.458843"></trkpt>
      <trkpt lat="34.853967" lon="136.458571"></trkpt>
      <trkpt lat="34.853734" lon="136.458457"></trkpt>
      <trkpt lat="34.853529" lon="136.458296"></trkpt>
      <trkpt lat="34.853529" lon="136.458296"></trkpt>
      <trkpt lat="34.853504" lon="136.458276"></trkpt>
      <trkpt lat="34.853510" lon="136.457957"></trkpt>
      <trkpt lat="34.853620" lon="136.457160"></trkpt>
      <trkpt lat="34.853673" lon="136.456733"></trkpt>
      <trkpt lat="34.853722" lon="136.456429"></trkpt>
      <trkpt lat="34.853777" lon="136.456198"></trkpt>
      <trkpt lat="34.853858" lon="136.455967"></trkpt>
      <trkpt lat="34.853858" lon="136.455967"></trkpt>
      <trkpt lat="34.854244" lon="136.455126"></trkpt>
      <trkpt lat="34.854337" lon="136.454948"></trkpt>
      <trkpt lat="34.854423" lon="136.454811"></trkpt>
      <trkpt lat="34.854423" lon="136.454811"></trkpt>
      <trkpt lat="34.854496" lon="136.454695"></trkpt>
      <trkpt lat="34.854641" lon="136.454506"></trkpt>
      <trkpt lat="34.855104" lon="136.454002"></trkpt>
      <trkpt lat="34.855105" lon="136.454004"></trkpt>
      <trkpt lat="34.855104" lon="136.454002"></trkpt>
      <trkpt lat="34.855106" lon="136.453999"></trkpt>
      <trkpt lat="34.854313" lon="136.453378"></trkpt>
      <trkpt lat="34.854306" lon="136.453345"></trkpt>
      <trkpt lat="34.854342" lon="136.453181"></trkpt>
      <trkpt lat="34.854198" lon="136.453093"></trkpt>
      <trkpt lat="34.854132" lon="136.452976"></trkpt>
      <trkpt lat="34.854123" lon="136.452945"></trkpt>
      <trkpt lat="34.854119" lon="136.452947"></trkpt>
      <trkpt lat="34.854123" lon="136.452945"></trkpt>
      <trkpt lat="34.854089" lon="136.452824"></trkpt>
      <trkpt lat="34.854054" lon="136.452617"></trkpt>
      <trkpt lat="34.854022" lon="136.452374"></trkpt>
      <trkpt lat="34.854029" lon="136.452308"></trkpt>
      <trkpt lat="34.854069" lon="136.452191"></trkpt>
      <trkpt lat="34.854232" lon="136.451956"></trkpt>
      <trkpt lat="34.854317" lon="136.451806"></trkpt>
      <trkpt lat="34.854421" lon="136.451494"></trkpt>
      <trkpt lat="34.854467" lon="136.451326"></trkpt>
      <trkpt lat="34.854465" lon="136.451306"></trkpt>
      <trkpt lat="34.854465" lon="136.451306"></trkpt>
      <trkpt lat="34.854456" lon="136.451206"></trkpt>
      <trkpt lat="34.854427" lon="136.451063"></trkpt>
      <trkpt lat="34.854346" lon="136.450962"></trkpt>
      <trkpt lat="34.854028" lon="136.450671"></trkpt>
      <trkpt lat="34.853992" lon="136.450623"></trkpt>
      <trkpt lat="34.853959" lon="136.450494"></trkpt>
      <trkpt lat="34.853996" lon="136.450477"></trkpt>
      <trkpt lat="34.853974" lon="136.450410"></trkpt>
      <trkpt lat="34.853919" lon="136.450345"></trkpt>
      <trkpt lat="34.853885" lon="136.450321"></trkpt>
      <trkpt lat="34.853824" lon="136.450313"></trkpt>
      <trkpt lat="34.853717" lon="136.450316"></trkpt>
      <trkpt lat="34.853717" lon="136.450310"></trkpt>
      <trkpt lat="34.853804" lon="136.449690"></trkpt>
      <trkpt lat="34.853928" lon="136.448878"></trkpt>
      <trkpt lat="34.854032" lon="136.448308"></trkpt>
      <trkpt lat="34.854032" lon="136.448308"></trkpt>
      <trkpt lat="34.854120" lon="136.447887"></trkpt>
      <trkpt lat="34.854210" lon="136.447538"></trkpt>
      <trkpt lat="34.854261" lon="136.447420"></trkpt>
      <trkpt lat="34.854340" lon="136.447290"></trkpt>
      <trkpt lat="34.854349" lon="136.447296"></trkpt>
      <trkpt lat="34.854349" lon="136.447295"></trkpt>
      <trkpt lat="34.854897" lon="136.447614"></trkpt>
      <trkpt lat="34.854898" lon="136.447610"></trkpt>
      <trkpt lat="34.854897" lon="136.447614"></trkpt>
      <trkpt lat="34.854909" lon="136.447621"></trkpt>
      <trkpt lat="34.855248" lon="136.447037"></trkpt>
      <trkpt lat="34.855464" lon="136.446669"></trkpt>
      <trkpt lat="34.855510" lon="136.446543"></trkpt>
      <trkpt lat="34.855515" lon="136.446530"></trkpt>
      <trkpt lat="34.855516" lon="136.446236"></trkpt>
      <trkpt lat="34.855510" lon="136.446016"></trkpt>
      <trkpt lat="34.855501" lon="136.445231"></trkpt>
      <trkpt lat="34.855489" lon="136.445176"></trkpt>
      <trkpt lat="34.855490" lon="136.445139"></trkpt>
      <trkpt lat="34.855490" lon="136.445139"></trkpt>
      <trkpt lat="34.855781" lon="136.444261"></trkpt>
      <trkpt lat="34.855921" lon="136.443926"></trkpt>
      <trkpt lat="34.856098" lon="136.443532"></trkpt>
      <trkpt lat="34.856293" lon="136.442982"></trkpt>
      <trkpt lat="34.856293" lon="136.442982"></trkpt>
      <trkpt lat="34.856434" lon="136.442531"></trkpt>
      <trkpt lat="34.856631" lon="136.441749"></trkpt>
      <trkpt lat="34.856643" lon="136.441670"></trkpt>
      <trkpt lat="34.856646" lon="136.441671"></trkpt>
      <trkpt lat="34.856643" lon="136.441670"></trkpt>
      <trkpt lat="34.856799" lon="136.440691"></trkpt>
      <trkpt lat="34.856915" lon="136.439655"></trkpt>
      <trkpt lat="34.856975" lon="136.439241"></trkpt>
      <trkpt lat="34.857030" lon="136.438607"></trkpt>
      <trkpt lat="34.857079" lon="136.438216"></trkpt>
      <trkpt lat="34.857090" lon="136.438075"></trkpt>
      <trkpt lat="34.857102" lon="136.437845"></trkpt>
      <trkpt lat="34.857115" lon="136.437306"></trkpt>
      <trkpt lat="34.857159" lon="136.436443"></trkpt>
      <trkpt lat="34.857181" lon="136.436092"></trkpt>
      <trkpt lat="34.857197" lon="136.435807"></trkpt>
      <trkpt lat="34.857230" lon="136.435473"></trkpt>
      <trkpt lat="34.857230" lon="136.435473"></trkpt>
      <trkpt lat="34.857251" lon="136.435265"></trkpt>
      <trkpt lat="34.857309" lon="136.435013"></trkpt>
      <trkpt lat="34.857388" lon="136.434797"></trkpt>
      <trkpt lat="34.857499" lon="136.434534"></trkpt>
      <trkpt lat="34.857824" lon="136.433873"></trkpt>
      <trkpt lat="34.857889" lon="136.433755"></trkpt>
      <trkpt lat="34.857914" lon="136.433660"></trkpt>
      <trkpt lat="34.858023" lon="136.432968"></trkpt>
      <trkpt lat="34.858077" lon="136.432802"></trkpt>
      <trkpt lat="34.858188" lon="136.432566"></trkpt>
      <trkpt lat="34.858255" lon="136.432366"></trkpt>
      <trkpt lat="34.858255" lon="136.432366"></trkpt>
      <trkpt lat="34.858307" lon="136.432160"></trkpt>
      <trkpt lat="34.858351" lon="136.431585"></trkpt>
      <trkpt lat="34.858341" lon="136.431290"></trkpt>
      <trkpt lat="34.858304" lon="136.431039"></trkpt>
      <trkpt lat="34.858271" lon="136.430909"></trkpt>
      <trkpt lat="34.858271" lon="136.430909"></trkpt>
      <trkpt lat="34.858222" lon="136.430711"></trkpt>
      <trkpt lat="34.858182" lon="136.430600"></trkpt>
      <trkpt lat="34.858117" lon="136.430516"></trkpt>
      <trkpt lat="34.857912" lon="136.430318"></trkpt>
      <trkpt lat="34.857912" lon="136.430318"></trkpt>
      <trkpt lat="34.857967" lon="136.430183"></trkpt>
      <trkpt lat="34.858066" lon="136.429997"></trkpt>
      <trkpt lat="34.858295" lon="136.429726"></trkpt>
      <trkpt lat="34.858383" lon="136.429574"></trkpt>
      <trkpt lat="34.858419" lon="136.429495"></trkpt>
      <trkpt lat="34.858419" lon="136.429495"></trkpt>
      <trkpt lat="34.858483" lon="136.429321"></trkpt>
      <trkpt lat="34.858521" lon="136.429095"></trkpt>
      <trkpt lat="34.858538" lon="136.428793"></trkpt>
      <trkpt lat="34.858535" lon="136.428579"></trkpt>
      <trkpt lat="34.858514" lon="136.428377"></trkpt>
      <trkpt lat="34.858478" lon="136.428213"></trkpt>
      <trkpt lat="34.858481" lon="136.428212"></trkpt>
      <trkpt lat="34.858478" lon="136.428213"></trkpt>
      <trkpt lat="34.858404" lon="136.427888"></trkpt>
      <trkpt lat="34.858294" lon="136.427557"></trkpt>
      <trkpt lat="34.858168" lon="136.427257"></trkpt>
      <trkpt lat="34.858058" lon="136.426935"></trkpt>
      <trkpt lat="34.858043" lon="136.426869"></trkpt>
      <trkpt lat="34.858031" lon="136.426816"></trkpt>
      <trkpt lat="34.858011" lon="136.426590"></trkpt>
      <trkpt lat="34.858016" lon="136.426477"></trkpt>
      <trkpt lat="34.858004" lon="136.426391"></trkpt>
      <trkpt lat="34.858005" lon="136.426074"></trkpt>
      <trkpt lat="34.857964" lon="136.425832"></trkpt>
      <trkpt lat="34.857979" lon="136.425638"></trkpt>
      <trkpt lat="34.857982" lon="136.425458"></trkpt>
      <trkpt lat="34.857963" lon="136.425347"></trkpt>
      <trkpt lat="34.857847" lon="136.424960"></trkpt>
      <trkpt lat="34.857804" lon="136.424564"></trkpt>
      <trkpt lat="34.857762" lon="136.423799"></trkpt>
      <trkpt lat="34.857762" lon="136.423799"></trkpt>
      <trkpt lat="34.857761" lon="136.423779"></trkpt>
      <trkpt lat="34.857721" lon="136.423734"></trkpt>
      <trkpt lat="34.857651" lon="136.423727"></trkpt>
      <trkpt lat="34.857561" lon="136.423700"></trkpt>
      <trkpt lat="34.857333" lon="136.423610"></trkpt>
      <trkpt lat="34.857324" lon="136.423591"></trkpt>
      <trkpt lat="34.857511" lon="136.422914"></trkpt>
      <trkpt lat="34.857511" lon="136.422607"></trkpt>
      <trkpt lat="34.857471" lon="136.422490"></trkpt>
      <trkpt lat="34.857471" lon="136.422490"></trkpt>
      <trkpt lat="34.857360" lon="136.422171"></trkpt>
      <trkpt lat="34.857340" lon="136.422129"></trkpt>
      <trkpt lat="34.857145" lon="136.421466"></trkpt>
      <trkpt lat="34.856635" lon="136.419748"></trkpt>
      <trkpt lat="34.856372" lon="136.418675"></trkpt>
      <trkpt lat="34.856363" lon="136.418618"></trkpt>
      <trkpt lat="34.856330" lon="136.418634"></trkpt>
      <trkpt lat="34.856325" lon="136.418613"></trkpt>
      <trkpt lat="34.856320" lon="136.418615"></trkpt>
      <trkpt lat="34.856325" lon="136.418613"></trkpt>
      <trkpt lat="34.856070" lon="136.417374"></trkpt>
      <trkpt lat="34.855914" lon="136.416575"></trkpt>
      <trkpt lat="34.855839" lon="136.416149"></trkpt>
      <trkpt lat="34.855639" lon="136.415015"></trkpt>
      <trkpt lat="34.855521" lon="136.414432"></trkpt>
      <trkpt lat="34.855428" lon="136.414053"></trkpt>
      <trkpt lat="34.855428" lon="136.414053"></trkpt>
      <trkpt lat="34.855336" lon="136.413760"></trkpt>
      <trkpt lat="34.855185" lon="136.413443"></trkpt>
      <trkpt lat="34.855019" lon="136.413134"></trkpt>
      <trkpt lat="34.854927" lon="136.413014"></trkpt>
      <trkpt lat="34.854797" lon="136.412889"></trkpt>
      <trkpt lat="34.854797" lon="136.412889"></trkpt>
      <trkpt lat="34.854705" lon="136.412760"></trkpt>
      <trkpt lat="34.854136" lon="136.412093"></trkpt>
      <trkpt lat="34.853683" lon="136.411525"></trkpt>
      <trkpt lat="34.853323" lon="136.411044"></trkpt>
      <trkpt lat="34.853323" lon="136.411044"></trkpt>
      <trkpt lat="34.853192" lon="136.410860"></trkpt>
      <trkpt lat="34.853045" lon="136.410621"></trkpt>
      <trkpt lat="34.852816" lon="136.410221"></trkpt>
      <trkpt lat="34.852663" lon="136.409879"></trkpt>
      <trkpt lat="34.852363" lon="136.409255"></trkpt>
      <trkpt lat="34.852221" lon="136.408920"></trkpt>
      <trkpt lat="34.852176" lon="136.408774"></trkpt>
      <trkpt lat="34.852176" lon="136.408774"></trkpt>
      <trkpt lat="34.852081" lon="136.408435"></trkpt>
      <trkpt lat="34.852014" lon="136.408110"></trkpt>
      <trkpt lat="34.852014" lon="136.408110"></trkpt>
      <trkpt lat="34.851999" lon="136.407858"></trkpt>
      <trkpt lat="34.852077" lon="136.407333"></trkpt>
      <trkpt lat="34.852109" lon="136.407221"></trkpt>
      <trkpt lat="34.852161" lon="136.407115"></trkpt>
      <trkpt lat="34.852230" lon="136.407015"></trkpt>
      <trkpt lat="34.852228" lon="136.407014"></trkpt>
      <trkpt lat="34.852228" lon="136.407014"></trkpt>
      <trkpt lat="34.852228" lon="136.407014"></trkpt>
      <trkpt lat="34.851764" lon="136.406617"></trkpt>
      <trkpt lat="34.851115" lon="136.405982"></trkpt>
      <trkpt lat="34.851106" lon="136.405962"></trkpt>
      <trkpt lat="34.851106" lon="136.405962"></trkpt>
      <trkpt lat="34.851043" lon="136.405815"></trkpt>
      <trkpt lat="34.850839" lon="136.405592"></trkpt>
      <trkpt lat="34.850766" lon="136.405501"></trkpt>
      <trkpt lat="34.850682" lon="136.405375"></trkpt>
      <trkpt lat="34.850633" lon="136.405270"></trkpt>
      <trkpt lat="34.850569" lon="136.405065"></trkpt>
      <trkpt lat="34.850616" lon="136.404446"></trkpt>
      <trkpt lat="34.850635" lon="136.404342"></trkpt>
      <trkpt lat="34.850628" lon="136.404340"></trkpt>
      <trkpt lat="34.850635" lon="136.404342"></trkpt>
      <trkpt lat="34.850736" lon="136.403940"></trkpt>
      <trkpt lat="34.850945" lon="136.403271"></trkpt>
      <trkpt lat="34.851069" lon="136.402950"></trkpt>
      <trkpt lat="34.851185" lon="136.402680"></trkpt>
      <trkpt lat="34.851423" lon="136.402036"></trkpt>
      <trkpt lat="34.851533" lon="136.401660"></trkpt>
      <trkpt lat="34.851573" lon="136.401435"></trkpt>
      <trkpt lat="34.851583" lon="136.401438"></trkpt>
      <trkpt lat="34.851573" lon="136.401435"></trkpt>
      <trkpt lat="34.851625" lon="136.401099"></trkpt>
      <trkpt lat="34.851627" lon="136.400549"></trkpt>
      <trkpt lat="34.851606" lon="136.400387"></trkpt>
      <trkpt lat="34.851626" lon="136.400262"></trkpt>
      <trkpt lat="34.851642" lon="136.400048"></trkpt>
      <trkpt lat="34.851748" lon="136.399181"></trkpt>
      <trkpt lat="34.851820" lon="136.398490"></trkpt>
      <trkpt lat="34.851897" lon="136.397750"></trkpt>
      <trkpt lat="34.851999" lon="136.397355"></trkpt>
      <trkpt lat="34.852059" lon="136.397059"></trkpt>
      <trkpt lat="34.852116" lon="136.396624"></trkpt>
      <trkpt lat="34.852201" lon="136.395852"></trkpt>
      <trkpt lat="34.852288" lon="136.395229"></trkpt>
      <trkpt lat="34.852387" lon="136.394635"></trkpt>
      <trkpt lat="34.852387" lon="136.394635"></trkpt>
      <trkpt lat="34.852433" lon="136.394168"></trkpt>
      <trkpt lat="34.852439" lon="136.394093"></trkpt>
      <trkpt lat="34.852434" lon="136.393673"></trkpt>
      <trkpt lat="34.852409" lon="136.392964"></trkpt>
      <trkpt lat="34.852433" lon="136.392455"></trkpt>
      <trkpt lat="34.852479" lon="136.392042"></trkpt>
      <trkpt lat="34.852516" lon="136.391840"></trkpt>
      <trkpt lat="34.852503" lon="136.391836"></trkpt>
      <trkpt lat="34.852516" lon="136.391840"></trkpt>
      <trkpt lat="34.852617" lon="136.391290"></trkpt>
      <trkpt lat="34.852762" lon="136.390576"></trkpt>
      <trkpt lat="34.852906" lon="136.390044"></trkpt>
      <trkpt lat="34.852947" lon="136.389808"></trkpt>
      <trkpt lat="34.852981" lon="136.389709"></trkpt>
      <trkpt lat="34.852985" lon="136.389697"></trkpt>
      <trkpt lat="34.853270" lon="136.389202"></trkpt>
      <trkpt lat="34.853475" lon="136.388730"></trkpt>
      <trkpt lat="34.853996" lon="136.387670"></trkpt>
      <trkpt lat="34.854000" lon="136.387673"></trkpt>
      <trkpt lat="34.853996" lon="136.387670"></trkpt>
      <trkpt lat="34.854163" lon="136.387312"></trkpt>
      <trkpt lat="34.854334" lon="136.386890"></trkpt>
      <trkpt lat="34.854693" lon="136.385972"></trkpt>
      <trkpt lat="34.854959" lon="136.385237"></trkpt>
      <trkpt lat="34.855155" lon="136.384737"></trkpt>
      <trkpt lat="34.855330" lon="136.384294"></trkpt>
      <trkpt lat="34.855727" lon="136.383177"></trkpt>
      <trkpt lat="34.855988" lon="136.382418"></trkpt>
      <trkpt lat="34.855988" lon="136.382418"></trkpt>
      <trkpt lat="34.856022" lon="136.382147"></trkpt>
      <trkpt lat="34.856030" lon="136.381970"></trkpt>
      <trkpt lat="34.856092" lon="136.381559"></trkpt>
      <trkpt lat="34.856135" lon="136.381368"></trkpt>
      <trkpt lat="34.856166" lon="136.381289"></trkpt>
      <trkpt lat="34.856166" lon="136.381289"></trkpt>
      <trkpt lat="34.856166" lon="136.381289"></trkpt>
      <trkpt lat="34.856201" lon="136.381153"></trkpt>
      <trkpt lat="34.856232" lon="136.381158"></trkpt>
      <trkpt lat="34.856260" lon="136.381150"></trkpt>
      <trkpt lat="34.856334" lon="136.381069"></trkpt>
      <trkpt lat="34.856439" lon="136.380905"></trkpt>
      <trkpt lat="34.856498" lon="136.380766"></trkpt>
      <trkpt lat="34.856530" lon="136.380668"></trkpt>
      <trkpt lat="34.856627" lon="136.380276"></trkpt>
      <trkpt lat="34.856662" lon="136.380030"></trkpt>
      <trkpt lat="34.856702" lon="136.379855"></trkpt>
      <trkpt lat="34.856752" lon="136.379707"></trkpt>
      <trkpt lat="34.857071" lon="136.379736"></trkpt>
      <trkpt lat="34.857111" lon="136.379690"></trkpt>
      <trkpt lat="34.857122" lon="136.379712"></trkpt>
      <trkpt lat="34.857121" lon="136.379712"></trkpt>
      <trkpt lat="34.857122" lon="136.379712"></trkpt>
      <trkpt lat="34.856985" lon="136.379510"></trkpt>
      <trkpt lat="34.856861" lon="136.379390"></trkpt>
      <trkpt lat="34.856660" lon="136.379247"></trkpt>
      <trkpt lat="34.856658" lon="136.379253"></trkpt>
      <trkpt lat="34.856924" lon="136.378538"></trkpt>
      <trkpt lat="34.857187" lon="136.377801"></trkpt>
      <trkpt lat="34.857540" lon="136.376692"></trkpt>
      <trkpt lat="34.857539" lon="136.376692"></trkpt>
      <trkpt lat="34.857540" lon="136.376692"></trkpt>
      <trkpt lat="34.857716" lon="136.376188"></trkpt>
      <trkpt lat="34.857928" lon="136.375666"></trkpt>
      <trkpt lat="34.858042" lon="136.375433"></trkpt>
      <trkpt lat="34.858141" lon="136.375285"></trkpt>
      <trkpt lat="34.858246" lon="136.375156"></trkpt>
      <trkpt lat="34.858466" lon="136.374906"></trkpt>
      <trkpt lat="34.858686" lon="136.374656"></trkpt>
      <trkpt lat="34.858856" lon="136.374463"></trkpt>
      <trkpt lat="34.858874" lon="136.374440"></trkpt>
      <trkpt lat="34.858877" lon="136.374444"></trkpt>
      <trkpt lat="34.858874" lon="136.374440"></trkpt>
      <trkpt lat="34.858856" lon="136.374463"></trkpt>
      <trkpt lat="34.859277" lon="136.374603"></trkpt>
      <trkpt lat="34.859583" lon="136.374753"></trkpt>
      <trkpt lat="34.860041" lon="136.374956"></trkpt>
      <trkpt lat="34.860154" lon="136.374887"></trkpt>
      <trkpt lat="34.860186" lon="136.374857"></trkpt>
      <trkpt lat="34.860307" lon="136.374597"></trkpt>
      <trkpt lat="34.860497" lon="136.374187"></trkpt>
      <trkpt lat="34.860488" lon="136.374185"></trkpt>
      <trkpt lat="34.860488" lon="136.374182"></trkpt>
      <trkpt lat="34.860488" lon="136.374185"></trkpt>
      <trkpt lat="34.860497" lon="136.374187"></trkpt>
      <trkpt lat="34.861169" lon="136.374310"></trkpt>
      <trkpt lat="34.861263" lon="136.374312"></trkpt>
      <trkpt lat="34.861263" lon="136.374312"></trkpt>
      <trkpt lat="34.861285" lon="136.374313"></trkpt>
      <trkpt lat="34.861369" lon="136.374290"></trkpt>
      <trkpt lat="34.861631" lon="136.374145"></trkpt>
      <trkpt lat="34.861775" lon="136.374087"></trkpt>
      <trkpt lat="34.862074" lon="136.373942"></trkpt>
      <trkpt lat="34.862314" lon="136.373848"></trkpt>
      <trkpt lat="34.862368" lon="136.373836"></trkpt>
      <trkpt lat="34.862447" lon="136.373819"></trkpt>
      <trkpt lat="34.863065" lon="136.373806"></trkpt>
      <trkpt lat="34.863207" lon="136.373828"></trkpt>
      <trkpt lat="34.863207" lon="136.373828"></trkpt>
      <trkpt lat="34.863253" lon="136.373842"></trkpt>
      <trkpt lat="34.863351" lon="136.373912"></trkpt>
      <trkpt lat="34.863571" lon="136.374113"></trkpt>
      <trkpt lat="34.863665" lon="136.374183"></trkpt>
      <trkpt lat="34.863665" lon="136.374183"></trkpt>
      <trkpt lat="34.863803" lon="136.374242"></trkpt>
      <trkpt lat="34.863952" lon="136.374265"></trkpt>
      <trkpt lat="34.864032" lon="136.374312"></trkpt>
      <trkpt lat="34.864065" lon="136.374297"></trkpt>
      <trkpt lat="34.864063" lon="136.374289"></trkpt>
      <trkpt lat="34.864065" lon="136.374297"></trkpt>
      <trkpt lat="34.864165" lon="136.374250"></trkpt>
      <trkpt lat="34.864313" lon="136.374182"></trkpt>
      <trkpt lat="34.865184" lon="136.373687"></trkpt>
      <trkpt lat="34.865621" lon="136.373432"></trkpt>
      <trkpt lat="34.866498" lon="136.372916"></trkpt>
      <trkpt lat="34.867637" lon="136.372245"></trkpt>
      <trkpt lat="34.867935" lon="136.372022"></trkpt>
      <trkpt lat="34.868019" lon="136.371940"></trkpt>
      <trkpt lat="34.868019" lon="136.371940"></trkpt>
      <trkpt lat="34.868183" lon="136.371778"></trkpt>
      <trkpt lat="34.868587" lon="136.371320"></trkpt>
      <trkpt lat="34.868767" lon="136.371084"></trkpt>
      <trkpt lat="34.868767" lon="136.371084"></trkpt>
      <trkpt lat="34.868886" lon="136.370929"></trkpt>
      <trkpt lat="34.869220" lon="136.370432"></trkpt>
      <trkpt lat="34.869220" lon="136.370432"></trkpt>
      <trkpt lat="34.869220" lon="136.370432"></trkpt>
      <trkpt lat="34.869390" lon="136.370179"></trkpt>
      <trkpt lat="34.869501" lon="136.369996"></trkpt>
      <trkpt lat="34.869663" lon="136.369728"></trkpt>
      <trkpt lat="34.869663" lon="136.369728"></trkpt>
      <trkpt lat="34.869695" lon="136.369675"></trkpt>
      <trkpt lat="34.869749" lon="136.369504"></trkpt>
      <trkpt lat="34.869760" lon="136.369426"></trkpt>
      <trkpt lat="34.869759" lon="136.369290"></trkpt>
      <trkpt lat="34.869733" lon="136.369111"></trkpt>
      <trkpt lat="34.869676" lon="136.368956"></trkpt>
      <trkpt lat="34.869564" lon="136.368796"></trkpt>
      <trkpt lat="34.869010" lon="136.368260"></trkpt>
      <trkpt lat="34.868901" lon="136.368130"></trkpt>
      <trkpt lat="34.868679" lon="136.367800"></trkpt>
      <trkpt lat="34.868622" lon="136.367676"></trkpt>
      <trkpt lat="34.868609" lon="136.367583"></trkpt>
      <trkpt lat="34.868609" lon="136.367583"></trkpt>
      <trkpt lat="34.868609" lon="136.367583"></trkpt>
      <trkpt lat="34.868578" lon="136.367170"></trkpt>
      <trkpt lat="34.868585" lon="136.366943"></trkpt>
      <trkpt lat="34.868597" lon="136.366816"></trkpt>
      <trkpt lat="34.868660" lon="136.366667"></trkpt>
      <trkpt lat="34.868928" lon="136.366240"></trkpt>
      <trkpt lat="34.868977" lon="136.366134"></trkpt>
      <trkpt lat="34.869146" lon="136.365594"></trkpt>
      <trkpt lat="34.869280" lon="136.365202"></trkpt>
      <trkpt lat="34.869424" lon="136.364845"></trkpt>
      <trkpt lat="34.869424" lon="136.364845"></trkpt>
      <trkpt lat="34.869426" lon="136.364840"></trkpt>
      <trkpt lat="34.870051" lon="136.364850"></trkpt>
      <trkpt lat="34.870281" lon="136.364829"></trkpt>
      <trkpt lat="34.870592" lon="136.364775"></trkpt>
      <trkpt lat="34.870923" lon="136.364696"></trkpt>
      <trkpt lat="34.871142" lon="136.364664"></trkpt>
      <trkpt lat="34.871264" lon="136.364661"></trkpt>
      <trkpt lat="34.871367" lon="136.364671"></trkpt>
      <trkpt lat="34.871479" lon="136.364706"></trkpt>
      <trkpt lat="34.871915" lon="136.364589"></trkpt>
      <trkpt lat="34.871988" lon="136.364551"></trkpt>
      <trkpt lat="34.872044" lon="136.364508"></trkpt>
      <trkpt lat="34.872044" lon="136.364508"></trkpt>
      <trkpt lat="34.872274" lon="136.364303"></trkpt>
      <trkpt lat="34.872459" lon="136.364157"></trkpt>
      <trkpt lat="34.872598" lon="136.364052"></trkpt>
      <trkpt lat="34.872652" lon="136.363987"></trkpt>
      <trkpt lat="34.872703" lon="136.363898"></trkpt>
      <trkpt lat="34.872729" lon="136.363823"></trkpt>
      <trkpt lat="34.872795" lon="136.363579"></trkpt>
      <trkpt lat="34.872843" lon="136.363494"></trkpt>
      <trkpt lat="34.872901" lon="136.363415"></trkpt>
      <trkpt lat="34.872901" lon="136.363415"></trkpt>
      <trkpt lat="34.872968" lon="136.363356"></trkpt>
      <trkpt lat="34.873025" lon="136.363328"></trkpt>
      <trkpt lat="34.873379" lon="136.363257"></trkpt>
      <trkpt lat="34.873654" lon="136.363176"></trkpt>
      <trkpt lat="34.873792" lon="136.363165"></trkpt>
      <trkpt lat="34.874002" lon="136.363174"></trkpt>
      <trkpt lat="34.874197" lon="136.363138"></trkpt>
      <trkpt lat="34.874322" lon="136.363099"></trkpt>
      <trkpt lat="34.874430" lon="136.363047"></trkpt>
      <trkpt lat="34.874584" lon="136.362957"></trkpt>
      <trkpt lat="34.874807" lon="136.362768"></trkpt>
      <trkpt lat="34.874913" lon="136.362704"></trkpt>
      <trkpt lat="34.875165" lon="136.362603"></trkpt>
      <trkpt lat="34.875239" lon="136.362590"></trkpt>
      <trkpt lat="34.875239" lon="136.362590"></trkpt>
      <trkpt lat="34.875301" lon="136.362579"></trkpt>
      <trkpt lat="34.875981" lon="136.362531"></trkpt>
      <trkpt lat="34.876419" lon="136.362458"></trkpt>
      <trkpt lat="34.876755" lon="136.362451"></trkpt>
      <trkpt lat="34.877243" lon="136.362411"></trkpt>
      <trkpt lat="34.877646" lon="136.362287"></trkpt>
      <trkpt lat="34.877911" lon="136.362313"></trkpt>
      <trkpt lat="34.878010" lon="136.362296"></trkpt>
      <trkpt lat="34.878010" lon="136.362296"></trkpt>
      <trkpt lat="34.878066" lon="136.362258"></trkpt>
      <trkpt lat="34.878154" lon="136.362143"></trkpt>
      <trkpt lat="34.878372" lon="136.361924"></trkpt>
      <trkpt lat="34.878599" lon="136.361629"></trkpt>
      <trkpt lat="34.878599" lon="136.361629"></trkpt>
      <trkpt lat="34.878657" lon="136.361589"></trkpt>
      <trkpt lat="34.878825" lon="136.361541"></trkpt>
      <trkpt lat="34.879443" lon="136.361230"></trkpt>
      <trkpt lat="34.879517" lon="136.361209"></trkpt>
      <trkpt lat="34.880040" lon="136.361195"></trkpt>
      <trkpt lat="34.880237" lon="136.361150"></trkpt>
      <trkpt lat="34.880237" lon="136.361151"></trkpt>
      <trkpt lat="34.880237" lon="136.361150"></trkpt>
      <trkpt lat="34.880304" lon="136.361141"></trkpt>
      <trkpt lat="34.880471" lon="136.361047"></trkpt>
      <trkpt lat="34.880687" lon="136.360877"></trkpt>
      <trkpt lat="34.880850" lon="136.360768"></trkpt>
      <trkpt lat="34.881129" lon="136.360613"></trkpt>
      <trkpt lat="34.881249" lon="136.360525"></trkpt>
      <trkpt lat="34.881429" lon="136.360325"></trkpt>
      <trkpt lat="34.881530" lon="136.360185"></trkpt>
      <trkpt lat="34.881721" lon="136.359994"></trkpt>
      <trkpt lat="34.881740" lon="136.359997"></trkpt>
      <trkpt lat="34.882078" lon="136.360046"></trkpt>
      <trkpt lat="34.882258" lon="136.360055"></trkpt>
      <trkpt lat="34.882362" lon="136.360025"></trkpt>
      <trkpt lat="34.882453" lon="136.359973"></trkpt>
      <trkpt lat="34.883167" lon="136.359635"></trkpt>
      <trkpt lat="34.883323" lon="136.359524"></trkpt>
      <trkpt lat="34.883540" lon="136.359492"></trkpt>
      <trkpt lat="34.883741" lon="136.359399"></trkpt>
      <trkpt lat="34.883740" lon="136.359397"></trkpt>
      <trkpt lat="34.883741" lon="136.359399"></trkpt>
      <trkpt lat="34.883869" lon="136.359324"></trkpt>
      <trkpt lat="34.884009" lon="136.359189"></trkpt>
      <trkpt lat="34.884120" lon="136.359059"></trkpt>
      <trkpt lat="34.884198" lon="136.358940"></trkpt>
      <trkpt lat="34.884256" lon="136.358834"></trkpt>
      <trkpt lat="34.884320" lon="136.358668"></trkpt>
      <trkpt lat="34.884418" lon="136.358101"></trkpt>
      <trkpt lat="34.884447" lon="136.357965"></trkpt>
      <trkpt lat="34.884504" lon="136.357810"></trkpt>
      <trkpt lat="34.884600" lon="136.357677"></trkpt>
      <trkpt lat="34.884768" lon="136.357486"></trkpt>
      <trkpt lat="34.884869" lon="136.357410"></trkpt>
      <trkpt lat="34.884975" lon="136.357354"></trkpt>
      <trkpt lat="34.885585" lon="136.357088"></trkpt>
      <trkpt lat="34.885940" lon="136.356914"></trkpt>
      <trkpt lat="34.886312" lon="136.356762"></trkpt>
      <trkpt lat="34.886465" lon="136.356717"></trkpt>
      <trkpt lat="34.886575" lon="136.356711"></trkpt>
      <trkpt lat="34.886678" lon="136.356729"></trkpt>
      <trkpt lat="34.886882" lon="136.356676"></trkpt>
      <trkpt lat="34.887043" lon="136.356583"></trkpt>
      <trkpt lat="34.887164" lon="136.356451"></trkpt>
      <trkpt lat="34.887164" lon="136.356451"></trkpt>
      <trkpt lat="34.887479" lon="136.355951"></trkpt>
      <trkpt lat="34.888235" lon="136.354826"></trkpt>
      <trkpt lat="34.888348" lon="136.354630"></trkpt>
      <trkpt lat="34.888445" lon="136.354431"></trkpt>
      <trkpt lat="34.888788" lon="136.353596"></trkpt>
      <trkpt lat="34.888902" lon="136.353318"></trkpt>
      <trkpt lat="34.889015" lon="136.353021"></trkpt>
      <trkpt lat="34.889069" lon="136.352761"></trkpt>
      <trkpt lat="34.889068" lon="136.352761"></trkpt>
      <trkpt lat="34.889069" lon="136.352761"></trkpt>
      <trkpt lat="34.889085" lon="136.352542"></trkpt>
      <trkpt lat="34.889062" lon="136.351664"></trkpt>
      <trkpt lat="34.889058" lon="136.351272"></trkpt>
      <trkpt lat="34.889074" lon="136.351076"></trkpt>
      <trkpt lat="34.889093" lon="136.350850"></trkpt>
      <trkpt lat="34.889208" lon="136.350107"></trkpt>
      <trkpt lat="34.889326" lon="136.349512"></trkpt>
      <trkpt lat="34.889384" lon="136.349215"></trkpt>
      <trkpt lat="34.889447" lon="136.348875"></trkpt>
      <trkpt lat="34.889574" lon="136.348194"></trkpt>
      <trkpt lat="34.889614" lon="136.347936"></trkpt>
      <trkpt lat="34.889630" lon="136.347547"></trkpt>
      <trkpt lat="34.889632" lon="136.347547"></trkpt>
      <trkpt lat="34.889579" lon="136.347070"></trkpt>
      <trkpt lat="34.889460" lon="136.346887"></trkpt>
      <trkpt lat="34.889376" lon="136.346287"></trkpt>
      <trkpt lat="34.889148" lon="136.345353"></trkpt>
      <trkpt lat="34.889148" lon="136.345031"></trkpt>
      <trkpt lat="34.889144" lon="136.345030"></trkpt>
      <trkpt lat="34.889148" lon="136.345001"></trkpt>
      <trkpt lat="34.889244" lon="136.344711"></trkpt>
      <trkpt lat="34.889340" lon="136.344456"></trkpt>
      <trkpt lat="34.889415" lon="136.344201"></trkpt>
      <trkpt lat="34.889434" lon="136.344111"></trkpt>
      <trkpt lat="34.889434" lon="136.344111"></trkpt>
      <trkpt lat="34.889453" lon="136.344021"></trkpt>
      <trkpt lat="34.889499" lon="136.343787"></trkpt>
      <trkpt lat="34.889573" lon="136.343345"></trkpt>
      <trkpt lat="34.889701" lon="136.342743"></trkpt>
      <trkpt lat="34.889765" lon="136.342529"></trkpt>
      <trkpt lat="34.889840" lon="136.342307"></trkpt>
      <trkpt lat="34.889877" lon="136.342160"></trkpt>
      <trkpt lat="34.889892" lon="136.342060"></trkpt>
      <trkpt lat="34.889899" lon="136.342012"></trkpt>
      <trkpt lat="34.889899" lon="136.341754"></trkpt>
      <trkpt lat="34.889864" lon="136.341268"></trkpt>
      <trkpt lat="34.889820" lon="136.340797"></trkpt>
      <trkpt lat="34.889820" lon="136.340797"></trkpt>
      <trkpt lat="34.889817" lon="136.340763"></trkpt>
      <trkpt lat="34.889870" lon="136.340738"></trkpt>
      <trkpt lat="34.889907" lon="136.340695"></trkpt>
      <trkpt lat="34.889997" lon="136.340453"></trkpt>
      <trkpt lat="34.890003" lon="136.340428"></trkpt>
      <trkpt lat="34.890003" lon="136.340428"></trkpt>
      <trkpt lat="34.890057" lon="136.340234"></trkpt>
      <trkpt lat="34.890175" lon="136.339805"></trkpt>
      <trkpt lat="34.890258" lon="136.339505"></trkpt>
      <trkpt lat="34.890426" lon="136.339000"></trkpt>
      <trkpt lat="34.890521" lon="136.338752"></trkpt>
      <trkpt lat="34.890520" lon="136.338750"></trkpt>
      <trkpt lat="34.890521" lon="136.338752"></trkpt>
      <trkpt lat="34.890705" lon="136.338507"></trkpt>
      <trkpt lat="34.890807" lon="136.338350"></trkpt>
      <trkpt lat="34.890925" lon="136.338063"></trkpt>
      <trkpt lat="34.890923" lon="136.337886"></trkpt>
      <trkpt lat="34.890938" lon="136.337820"></trkpt>
      <trkpt lat="34.891063" lon="136.337568"></trkpt>
      <trkpt lat="34.891091" lon="136.337483"></trkpt>
      <trkpt lat="34.891102" lon="136.337368"></trkpt>
      <trkpt lat="34.891102" lon="136.337234"></trkpt>
      <trkpt lat="34.891102" lon="136.337234"></trkpt>
      <trkpt lat="34.891102" lon="136.337231"></trkpt>
      <trkpt lat="34.891150" lon="136.337241"></trkpt>
      <trkpt lat="34.891180" lon="136.337439"></trkpt>
      <trkpt lat="34.891189" lon="136.337452"></trkpt>
      <trkpt lat="34.891275" lon="136.337405"></trkpt>
      <trkpt lat="34.891286" lon="136.337546"></trkpt>
      <trkpt lat="34.891397" lon="136.337620"></trkpt>
      <trkpt lat="34.891397" lon="136.337620"></trkpt>
      <trkpt lat="34.891408" lon="136.337604"></trkpt>
      <trkpt lat="34.891390" lon="136.337497"></trkpt>
      <trkpt lat="34.891390" lon="136.337497"></trkpt>
      <trkpt lat="34.891403" lon="136.337478"></trkpt>
      <trkpt lat="34.891425" lon="136.337482"></trkpt>
      <trkpt lat="34.891477" lon="136.337545"></trkpt>
      <trkpt lat="34.891477" lon="136.337545"></trkpt>
      <trkpt lat="34.891486" lon="136.337545"></trkpt>
      <trkpt lat="34.891500" lon="136.337527"></trkpt>
      <trkpt lat="34.891485" lon="136.337465"></trkpt>
      <trkpt lat="34.891486" lon="136.337434"></trkpt>
      <trkpt lat="34.891486" lon="136.337434"></trkpt>
      <trkpt lat="34.891510" lon="136.337428"></trkpt>
      <trkpt lat="34.891540" lon="136.337441"></trkpt>
      <trkpt lat="34.891585" lon="136.337482"></trkpt>
      <trkpt lat="34.891612" lon="136.337489"></trkpt>
      <trkpt lat="34.891797" lon="136.337470"></trkpt>
      <trkpt lat="34.891939" lon="136.337469"></trkpt>
      <trkpt lat="34.892040" lon="136.337504"></trkpt>
      <trkpt lat="34.892048" lon="136.337495"></trkpt>
      <trkpt lat="34.892048" lon="136.337495"></trkpt>
      <trkpt lat="34.892048" lon="136.337495"></trkpt>
      <trkpt lat="34.891906" lon="136.337299"></trkpt>
      <trkpt lat="34.891936" lon="136.337253"></trkpt>
      <trkpt lat="34.891940" lon="136.337247"></trkpt>
      <trkpt lat="34.892068" lon="136.337348"></trkpt>
      <trkpt lat="34.892068" lon="136.337348"></trkpt>
      <trkpt lat="34.892068" lon="136.337348"></trkpt>
      <trkpt lat="34.892111" lon="136.337273"></trkpt>
      <trkpt lat="34.892079" lon="136.337177"></trkpt>
      <trkpt lat="34.892083" lon="136.337168"></trkpt>
      <trkpt lat="34.892098" lon="136.337169"></trkpt>
      <trkpt lat="34.892304" lon="136.337273"></trkpt>
      <trkpt lat="34.892363" lon="136.337241"></trkpt>
      <trkpt lat="34.892440" lon="136.337147"></trkpt>
      <trkpt lat="34.892459" lon="136.337148"></trkpt>
      <trkpt lat="34.892459" lon="136.337148"></trkpt>
      <trkpt lat="34.892527" lon="136.337150"></trkpt>
      <trkpt lat="34.892557" lon="136.337224"></trkpt>
      <trkpt lat="34.892546" lon="136.337341"></trkpt>
      <trkpt lat="34.892413" lon="136.337581"></trkpt>
      <trkpt lat="34.892440" lon="136.337630"></trkpt>
      <trkpt lat="34.892487" lon="136.337658"></trkpt>
      <trkpt lat="34.892501" lon="136.337687"></trkpt>
      <trkpt lat="34.892487" lon="136.337658"></trkpt>
      <trkpt lat="34.892697" lon="136.337506"></trkpt>
      <trkpt lat="34.892912" lon="136.337470"></trkpt>
      <trkpt lat="34.892941" lon="136.337448"></trkpt>
      <trkpt lat="34.892934" lon="136.337427"></trkpt>
      <trkpt lat="34.892858" lon="136.337372"></trkpt>
      <trkpt lat="34.892847" lon="136.337349"></trkpt>
      <trkpt lat="34.892858" lon="136.337336"></trkpt>
      <trkpt lat="34.892886" lon="136.337338"></trkpt>
      <trkpt lat="34.893002" lon="136.337380"></trkpt>
      <trkpt lat="34.893167" lon="136.337363"></trkpt>
      <trkpt lat="34.893334" lon="136.337230"></trkpt>
      <trkpt lat="34.893764" lon="136.336956"></trkpt>
      <trkpt lat="34.894010" lon="136.336799"></trkpt>
      <trkpt lat="34.894128" lon="136.336729"></trkpt>
      <trkpt lat="34.894128" lon="136.336729"></trkpt>
      <trkpt lat="34.894596" lon="136.336458"></trkpt>
      <trkpt lat="34.894851" lon="136.336290"></trkpt>
      <trkpt lat="34.894905" lon="136.336222"></trkpt>
      <trkpt lat="34.895096" lon="136.335964"></trkpt>
      <trkpt lat="34.895164" lon="136.335936"></trkpt>
      <trkpt lat="34.895309" lon="136.335911"></trkpt>
      <trkpt lat="34.895495" lon="136.335911"></trkpt>
      <trkpt lat="34.895549" lon="136.335887"></trkpt>
      <trkpt lat="34.895692" lon="136.335748"></trkpt>
      <trkpt lat="34.895805" lon="136.335670"></trkpt>
      <trkpt lat="34.895846" lon="136.335656"></trkpt>
      <trkpt lat="34.895919" lon="136.335656"></trkpt>
      <trkpt lat="34.895919" lon="136.335656"></trkpt>
      <trkpt lat="34.896379" lon="136.335693"></trkpt>
      <trkpt lat="34.896466" lon="136.335694"></trkpt>
      <trkpt lat="34.896764" lon="136.335580"></trkpt>
      <trkpt lat="34.896972" lon="136.335482"></trkpt>
      <trkpt lat="34.897049" lon="136.335462"></trkpt>
      <trkpt lat="34.897397" lon="136.335442"></trkpt>
      <trkpt lat="34.897430" lon="136.335620"></trkpt>
      <trkpt lat="34.897481" lon="136.335633"></trkpt>
      <trkpt lat="34.898137" lon="136.335467"></trkpt>
      <trkpt lat="34.898883" lon="136.335312"></trkpt>
      <trkpt lat="34.899104" lon="136.335245"></trkpt>
      <trkpt lat="34.899503" lon="136.335171"></trkpt>
      <trkpt lat="34.900133" lon="136.335108"></trkpt>
      <trkpt lat="34.900479" lon="136.335094"></trkpt>
      <trkpt lat="34.900544" lon="136.335073"></trkpt>
      <trkpt lat="34.900801" lon="136.335084"></trkpt>
      <trkpt lat="34.900830" lon="136.335057"></trkpt>
      <trkpt lat="34.900999" lon="136.335043"></trkpt>
      <trkpt lat="34.901015" lon="136.335080"></trkpt>
      <trkpt lat="34.901228" lon="136.335088"></trkpt>
      <trkpt lat="34.901613" lon="136.335033"></trkpt>
      <trkpt lat="34.901613" lon="136.335033"></trkpt>
      <trkpt lat="34.901802" lon="136.334984"></trkpt>
      <trkpt lat="34.902057" lon="136.334897"></trkpt>
      <trkpt lat="34.902312" lon="136.334769"></trkpt>
      <trkpt lat="34.902595" lon="136.334595"></trkpt>
      <trkpt lat="34.902838" lon="136.334413"></trkpt>
      <trkpt lat="34.902968" lon="136.334287"></trkpt>
      <trkpt lat="34.902968" lon="136.334287"></trkpt>
      <trkpt lat="34.903126" lon="136.334133"></trkpt>
      <trkpt lat="34.903382" lon="136.333819"></trkpt>
      <trkpt lat="34.903579" lon="136.333526"></trkpt>
      <trkpt lat="34.903658" lon="136.333388"></trkpt>
      <trkpt lat="34.903687" lon="136.333309"></trkpt>
      <trkpt lat="34.903742" lon="136.333250"></trkpt>
      <trkpt lat="34.904060" lon="136.332695"></trkpt>
      <trkpt lat="34.904060" lon="136.332695"></trkpt>
      <trkpt lat="34.904474" lon="136.331972"></trkpt>
      <trkpt lat="34.904609" lon="136.331773"></trkpt>
      <trkpt lat="34.905003" lon="136.331346"></trkpt>
      <trkpt lat="34.905171" lon="136.331195"></trkpt>
      <trkpt lat="34.905247" lon="136.331136"></trkpt>
      <trkpt lat="34.905447" lon="136.331007"></trkpt>
      <trkpt lat="34.905710" lon="136.330854"></trkpt>
      <trkpt lat="34.905842" lon="136.331017"></trkpt>
      <trkpt lat="34.906311" lon="136.330779"></trkpt>
      <trkpt lat="34.906546" lon="136.330660"></trkpt>
      <trkpt lat="34.906805" lon="136.330506"></trkpt>
      <trkpt lat="34.906955" lon="136.330447"></trkpt>
      <trkpt lat="34.907115" lon="136.330315"></trkpt>
      <trkpt lat="34.907115" lon="136.330315"></trkpt>
      <trkpt lat="34.907362" lon="136.330066"></trkpt>
      <trkpt lat="34.907502" lon="136.329880"></trkpt>
      <trkpt lat="34.907632" lon="136.329604"></trkpt>
      <trkpt lat="34.907812" lon="136.329250"></trkpt>
      <trkpt lat="34.907870" lon="136.329155"></trkpt>
      <trkpt lat="34.907982" lon="136.329035"></trkpt>
      <trkpt lat="34.908042" lon="136.328734"></trkpt>
      <trkpt lat="34.908142" lon="136.328439"></trkpt>
      <trkpt lat="34.908227" lon="136.328141"></trkpt>
      <trkpt lat="34.908414" lon="136.327535"></trkpt>
      <trkpt lat="34.908712" lon="136.326549"></trkpt>
      <trkpt lat="34.908782" lon="136.326316"></trkpt>
      <trkpt lat="34.908896" lon="136.325987"></trkpt>
      <trkpt lat="34.908998" lon="136.325720"></trkpt>
      <trkpt lat="34.909087" lon="136.325576"></trkpt>
      <trkpt lat="34.909168" lon="136.325413"></trkpt>
      <trkpt lat="34.909212" lon="136.325274"></trkpt>
      <trkpt lat="34.909277" lon="136.325119"></trkpt>
      <trkpt lat="34.909353" lon="136.324973"></trkpt>
      <trkpt lat="34.909519" lon="136.324622"></trkpt>
      <trkpt lat="34.909668" lon="136.324333"></trkpt>
      <trkpt lat="34.909803" lon="136.324113"></trkpt>
      <trkpt lat="34.909855" lon="136.324045"></trkpt>
      <trkpt lat="34.909855" lon="136.324045"></trkpt>
      <trkpt lat="34.910044" lon="136.323819"></trkpt>
      <trkpt lat="34.910183" lon="136.323688"></trkpt>
      <trkpt lat="34.910512" lon="136.323427"></trkpt>
      <trkpt lat="34.911025" lon="136.323020"></trkpt>
      <trkpt lat="34.911936" lon="136.322296"></trkpt>
      <trkpt lat="34.911889" lon="136.322300"></trkpt>
      <trkpt lat="34.911889" lon="136.322300"></trkpt>
      <trkpt lat="34.911936" lon="136.322296"></trkpt>
      <trkpt lat="34.912048" lon="136.322269"></trkpt>
      <trkpt lat="34.912147" lon="136.322237"></trkpt>
      <trkpt lat="34.912368" lon="136.322150"></trkpt>
      <trkpt lat="34.912929" lon="136.321918"></trkpt>
      <trkpt lat="34.913185" lon="136.321835"></trkpt>
      <trkpt lat="34.913384" lon="136.321753"></trkpt>
      <trkpt lat="34.913566" lon="136.321646"></trkpt>
      <trkpt lat="34.913561" lon="136.321632"></trkpt>
      <trkpt lat="34.913566" lon="136.321646"></trkpt>
      <trkpt lat="34.913783" lon="136.321491"></trkpt>
      <trkpt lat="34.914537" lon="136.320741"></trkpt>
      <trkpt lat="34.914751" lon="136.320538"></trkpt>
      <trkpt lat="34.915057" lon="136.320220"></trkpt>
      <trkpt lat="34.915073" lon="136.320187"></trkpt>
      <trkpt lat="34.915124" lon="136.320079"></trkpt>
      <trkpt lat="34.915295" lon="136.319663"></trkpt>
      <trkpt lat="34.915523" lon="136.319145"></trkpt>
      <trkpt lat="34.915594" lon="136.319037"></trkpt>
      <trkpt lat="34.915685" lon="136.318920"></trkpt>
      <trkpt lat="34.915982" lon="136.318592"></trkpt>
      <trkpt lat="34.915998" lon="136.318559"></trkpt>
      <trkpt lat="34.915998" lon="136.318559"></trkpt>
      <trkpt lat="34.915998" lon="136.318559"></trkpt>
      <trkpt lat="34.916134" lon="136.318272"></trkpt>
      <trkpt lat="34.916151" lon="136.318220"></trkpt>
      <trkpt lat="34.916205" lon="136.317907"></trkpt>
      <trkpt lat="34.916225" lon="136.317722"></trkpt>
      <trkpt lat="34.916298" lon="136.317457"></trkpt>
      <trkpt lat="34.916306" lon="136.317385"></trkpt>
      <trkpt lat="34.916295" lon="136.317313"></trkpt>
      <trkpt lat="34.916242" lon="136.317239"></trkpt>
      <trkpt lat="34.916242" lon="136.317239"></trkpt>
      <trkpt lat="34.916249" lon="136.317247"></trkpt>
      <trkpt lat="34.916282" lon="136.317176"></trkpt>
      <trkpt lat="34.916304" lon="136.317069"></trkpt>
      <trkpt lat="34.916421" lon="136.316847"></trkpt>
      <trkpt lat="34.916688" lon="136.316513"></trkpt>
      <trkpt lat="34.916974" lon="136.316231"></trkpt>
      <trkpt lat="34.918412" lon="136.314960"></trkpt>
      <trkpt lat="34.918626" lon="136.314759"></trkpt>
      <trkpt lat="34.918867" lon="136.314487"></trkpt>
      <trkpt lat="34.919005" lon="136.314304"></trkpt>
      <trkpt lat="34.919080" lon="136.314206"></trkpt>
      <trkpt lat="34.919263" lon="136.313884"></trkpt>
      <trkpt lat="34.919394" lon="136.313598"></trkpt>
      <trkpt lat="34.919495" lon="136.313246"></trkpt>
      <trkpt lat="34.919701" lon="136.312270"></trkpt>
      <trkpt lat="34.919743" lon="136.312177"></trkpt>
      <trkpt lat="34.919786" lon="136.311959"></trkpt>
      <trkpt lat="34.919786" lon="136.311959"></trkpt>
      <trkpt lat="34.919844" lon="136.311664"></trkpt>
      <trkpt lat="34.919867" lon="136.311623"></trkpt>
      <trkpt lat="34.919903" lon="136.311508"></trkpt>
      <trkpt lat="34.919956" lon="136.311542"></trkpt>
      <trkpt lat="34.920032" lon="136.311628"></trkpt>
      <trkpt lat="34.920052" lon="136.311690"></trkpt>
      <trkpt lat="34.920050" lon="136.311752"></trkpt>
      <trkpt lat="34.920030" lon="136.311811"></trkpt>
      <trkpt lat="34.920015" lon="136.311831"></trkpt>
      <trkpt lat="34.920155" lon="136.312024"></trkpt>
      <trkpt lat="34.920277" lon="136.312187"></trkpt>
      <trkpt lat="34.920277" lon="136.312187"></trkpt>
      <trkpt lat="34.920286" lon="136.312197"></trkpt>
      <trkpt lat="34.920392" lon="136.311892"></trkpt>
      <trkpt lat="34.920633" lon="136.311317"></trkpt>
      <trkpt lat="34.920696" lon="136.311136"></trkpt>
      <trkpt lat="34.920711" lon="136.311061"></trkpt>
      <trkpt lat="34.920721" lon="136.310954"></trkpt>
      <trkpt lat="34.920724" lon="136.310805"></trkpt>
      <trkpt lat="34.920684" lon="136.310517"></trkpt>
      <trkpt lat="34.920681" lon="136.310390"></trkpt>
      <trkpt lat="34.920726" lon="136.310187"></trkpt>
      <trkpt lat="34.920755" lon="136.309996"></trkpt>
      <trkpt lat="34.920751" lon="136.309941"></trkpt>
      <trkpt lat="34.920743" lon="136.309925"></trkpt>
      <trkpt lat="34.920740" lon="136.309927"></trkpt>
      <trkpt lat="34.920743" lon="136.309925"></trkpt>
      <trkpt lat="34.920734" lon="136.309905"></trkpt>
      <trkpt lat="34.920716" lon="136.309893"></trkpt>
      <trkpt lat="34.920620" lon="136.309896"></trkpt>
      <trkpt lat="34.920538" lon="136.309887"></trkpt>
      <trkpt lat="34.920486" lon="136.309863"></trkpt>
      <trkpt lat="34.920397" lon="136.309788"></trkpt>
      <trkpt lat="34.920335" lon="136.309691"></trkpt>
      <trkpt lat="34.920277" lon="136.309539"></trkpt>
      <trkpt lat="34.920265" lon="136.309463"></trkpt>
      <trkpt lat="34.920262" lon="136.309440"></trkpt>
      <trkpt lat="34.920333" lon="136.309255"></trkpt>
      <trkpt lat="34.920384" lon="136.309150"></trkpt>
      <trkpt lat="34.920450" lon="136.309027"></trkpt>
      <trkpt lat="34.920564" lon="136.308853"></trkpt>
      <trkpt lat="34.920644" lon="136.308745"></trkpt>
      <trkpt lat="34.920881" lon="136.308499"></trkpt>
      <trkpt lat="34.921053" lon="136.308358"></trkpt>
      <trkpt lat="34.921247" lon="136.308242"></trkpt>
      <trkpt lat="34.921888" lon="136.307901"></trkpt>
      <trkpt lat="34.922111" lon="136.307737"></trkpt>
      <trkpt lat="34.922244" lon="136.307612"></trkpt>
      <trkpt lat="34.922235" lon="136.307598"></trkpt>
      <trkpt lat="34.922244" lon="136.307612"></trkpt>
      <trkpt lat="34.922306" lon="136.307553"></trkpt>
      <trkpt lat="34.922492" lon="136.307317"></trkpt>
      <trkpt lat="34.922665" lon="136.307057"></trkpt>
      <trkpt lat="34.922813" lon="136.306770"></trkpt>
      <trkpt lat="34.922923" lon="136.306473"></trkpt>
      <trkpt lat="34.922973" lon="136.306284"></trkpt>
      <trkpt lat="34.923095" lon="136.306044"></trkpt>
      <trkpt lat="34.923236" lon="136.305822"></trkpt>
      <trkpt lat="34.923474" lon="136.305361"></trkpt>
      <trkpt lat="34.923537" lon="136.305261"></trkpt>
      <trkpt lat="34.923669" lon="136.305103"></trkpt>
      <trkpt lat="34.923783" lon="136.304995"></trkpt>
      <trkpt lat="34.924137" lon="136.304620"></trkpt>
      <trkpt lat="34.924282" lon="136.304410"></trkpt>
      <trkpt lat="34.924650" lon="136.303844"></trkpt>
      <trkpt lat="34.924789" lon="136.303601"></trkpt>
      <trkpt lat="34.924836" lon="136.303553"></trkpt>
      <trkpt lat="34.924851" lon="136.303538"></trkpt>
      <trkpt lat="34.924951" lon="136.303499"></trkpt>
      <trkpt lat="34.925581" lon="136.303384"></trkpt>
      <trkpt lat="34.925693" lon="136.303352"></trkpt>
      <trkpt lat="34.925693" lon="136.303352"></trkpt>
      <trkpt lat="34.925939" lon="136.303081"></trkpt>
      <trkpt lat="34.926186" lon="136.302776"></trkpt>
      <trkpt lat="34.926267" lon="136.302646"></trkpt>
      <trkpt lat="34.926343" lon="136.302472"></trkpt>
      <trkpt lat="34.926467" lon="136.302116"></trkpt>
      <trkpt lat="34.926537" lon="136.301993"></trkpt>
      <trkpt lat="34.926695" lon="136.301804"></trkpt>
      <trkpt lat="34.926976" lon="136.301641"></trkpt>
      <trkpt lat="34.927035" lon="136.301594"></trkpt>
      <trkpt lat="34.927084" lon="136.301523"></trkpt>
      <trkpt lat="34.927459" lon="136.300777"></trkpt>
      <trkpt lat="34.927823" lon="136.300093"></trkpt>
      <trkpt lat="34.928059" lon="136.299537"></trkpt>
      <trkpt lat="34.928178" lon="136.299111"></trkpt>
      <trkpt lat="34.928178" lon="136.299111"></trkpt>
      <trkpt lat="34.928287" lon="136.298930"></trkpt>
      <trkpt lat="34.928679" lon="136.298597"></trkpt>
      <trkpt lat="34.928813" lon="136.298407"></trkpt>
      <trkpt lat="34.928976" lon="136.298215"></trkpt>
      <trkpt lat="34.929245" lon="136.297754"></trkpt>
      <trkpt lat="34.929245" lon="136.297754"></trkpt>
      <trkpt lat="34.929248" lon="136.297748"></trkpt>
      <trkpt lat="34.928653" lon="136.297123"></trkpt>
      <trkpt lat="34.928256" lon="136.296707"></trkpt>
      <trkpt lat="34.928182" lon="136.296611"></trkpt>
      <trkpt lat="34.928118" lon="136.296508"></trkpt>
      <trkpt lat="34.927556" lon="136.295840"></trkpt>
      <trkpt lat="34.927473" lon="136.295686"></trkpt>
      <trkpt lat="34.927469" lon="136.295689"></trkpt>
      <trkpt lat="34.927473" lon="136.295686"></trkpt>
      <trkpt lat="34.927465" lon="136.295671"></trkpt>
      <trkpt lat="34.927516" lon="136.295549"></trkpt>
      <trkpt lat="34.927681" lon="136.295212"></trkpt>
      <trkpt lat="34.927835" lon="136.294832"></trkpt>
      <trkpt lat="34.928046" lon="136.294094"></trkpt>
      <trkpt lat="34.928126" lon="136.293846"></trkpt>
      <trkpt lat="34.928353" lon="136.293317"></trkpt>
      <trkpt lat="34.928459" lon="136.293105"></trkpt>
      <trkpt lat="34.928513" lon="136.293027"></trkpt>
      <trkpt lat="34.928537" lon="136.292993"></trkpt>
      <trkpt lat="34.928606" lon="136.292934"></trkpt>
      <trkpt lat="34.928743" lon="136.292853"></trkpt>
      <trkpt lat="34.928950" lon="136.292744"></trkpt>
      <trkpt lat="34.929030" lon="136.292719"></trkpt>
      <trkpt lat="34.929117" lon="136.292673"></trkpt>
      <trkpt lat="34.929200" lon="136.292613"></trkpt>
      <trkpt lat="34.929361" lon="136.292471"></trkpt>
      <trkpt lat="34.929458" lon="136.292372"></trkpt>
      <trkpt lat="34.929531" lon="136.292283"></trkpt>
      <trkpt lat="34.929531" lon="136.292283"></trkpt>
      <trkpt lat="34.929770" lon="136.291874"></trkpt>
      <trkpt lat="34.929841" lon="136.291791"></trkpt>
      <trkpt lat="34.929946" lon="136.291647"></trkpt>
      <trkpt lat="34.930084" lon="136.291485"></trkpt>
      <trkpt lat="34.930910" lon="136.290572"></trkpt>
      <trkpt lat="34.931291" lon="136.290125"></trkpt>
      <trkpt lat="34.931291" lon="136.290125"></trkpt>
      <trkpt lat="34.931527" lon="136.289828"></trkpt>
      <trkpt lat="34.931709" lon="136.289576"></trkpt>
      <trkpt lat="34.931881" lon="136.289228"></trkpt>
      <trkpt lat="34.932044" lon="136.288923"></trkpt>
      <trkpt lat="34.932233" lon="136.288622"></trkpt>
      <trkpt lat="34.932747" lon="136.287895"></trkpt>
      <trkpt lat="34.933297" lon="136.287003"></trkpt>
      <trkpt lat="34.933450" lon="136.286784"></trkpt>
      <trkpt lat="34.933824" lon="136.286355"></trkpt>
      <trkpt lat="34.934052" lon="136.286081"></trkpt>
      <trkpt lat="34.934104" lon="136.285971"></trkpt>
      <trkpt lat="34.934104" lon="136.285971"></trkpt>
      <trkpt lat="34.934155" lon="136.285861"></trkpt>
      <trkpt lat="34.934311" lon="136.285406"></trkpt>
      <trkpt lat="34.934547" lon="136.284620"></trkpt>
      <trkpt lat="34.934609" lon="136.284387"></trkpt>
      <trkpt lat="34.934674" lon="136.283978"></trkpt>
      <trkpt lat="34.934674" lon="136.283978"></trkpt>
      <trkpt lat="34.934758" lon="136.283113"></trkpt>
      <trkpt lat="34.934804" lon="136.282698"></trkpt>
      <trkpt lat="34.934812" lon="136.282404"></trkpt>
      <trkpt lat="34.934812" lon="136.282404"></trkpt>
      <trkpt lat="34.934818" lon="136.282309"></trkpt>
      <trkpt lat="34.934804" lon="136.281819"></trkpt>
      <trkpt lat="34.934760" lon="136.281448"></trkpt>
      <trkpt lat="34.934662" lon="136.280908"></trkpt>
      <trkpt lat="34.934666" lon="136.280617"></trkpt>
      <trkpt lat="34.934698" lon="136.280396"></trkpt>
      <trkpt lat="34.934758" lon="136.280203"></trkpt>
      <trkpt lat="34.934818" lon="136.280117"></trkpt>
      <trkpt lat="34.934818" lon="136.280117"></trkpt>
      <trkpt lat="34.934864" lon="136.280052"></trkpt>
      <trkpt lat="34.934960" lon="136.279963"></trkpt>
      <trkpt lat="34.935207" lon="136.279846"></trkpt>
      <trkpt lat="34.935496" lon="136.279690"></trkpt>
      <trkpt lat="34.935974" lon="136.279286"></trkpt>
      <trkpt lat="34.936712" lon="136.278739"></trkpt>
      <trkpt lat="34.937287" lon="136.278153"></trkpt>
      <trkpt lat="34.937789" lon="136.277805"></trkpt>
      <trkpt lat="34.937865" lon="136.277744"></trkpt>
      <trkpt lat="34.937865" lon="136.277744"></trkpt>
      <trkpt lat="34.937865" lon="136.277744"></trkpt>
      <trkpt lat="34.937962" lon="136.277668"></trkpt>
      <trkpt lat="34.938113" lon="136.277492"></trkpt>
      <trkpt lat="34.938167" lon="136.277429"></trkpt>
      <trkpt lat="34.938148" lon="136.277504"></trkpt>
      <trkpt lat="34.938240" lon="136.277535"></trkpt>
      <trkpt lat="34.938405" lon="136.276872"></trkpt>
      <trkpt lat="34.938565" lon="136.276256"></trkpt>
      <trkpt lat="34.938565" lon="136.276256"></trkpt>
      <trkpt lat="34.938564" lon="136.276260"></trkpt>
      <trkpt lat="34.938610" lon="136.276238"></trkpt>
      <trkpt lat="34.938906" lon="136.276007"></trkpt>
      <trkpt lat="34.939117" lon="136.275830"></trkpt>
      <trkpt lat="34.939501" lon="136.275433"></trkpt>
      <trkpt lat="34.939716" lon="136.275246"></trkpt>
      <trkpt lat="34.939869" lon="136.275140"></trkpt>
      <trkpt lat="34.940056" lon="136.275029"></trkpt>
      <trkpt lat="34.940238" lon="136.274932"></trkpt>
      <trkpt lat="34.940417" lon="136.274818"></trkpt>
      <trkpt lat="34.940632" lon="136.274630"></trkpt>
      <trkpt lat="34.940743" lon="136.274432"></trkpt>
      <trkpt lat="34.940732" lon="136.274427"></trkpt>
      <trkpt lat="34.940733" lon="136.274425"></trkpt>
      <trkpt lat="34.940732" lon="136.274427"></trkpt>
      <trkpt lat="34.940520" lon="136.274325"></trkpt>
      <trkpt lat="34.940362" lon="136.274271"></trkpt>
      <trkpt lat="34.940284" lon="136.274255"></trkpt>
      <trkpt lat="34.939725" lon="136.274221"></trkpt>
      <trkpt lat="34.939643" lon="136.274203"></trkpt>
      <trkpt lat="34.939606" lon="136.274194"></trkpt>
      <trkpt lat="34.939071" lon="136.273949"></trkpt>
      <trkpt lat="34.938940" lon="136.273843"></trkpt>
      <trkpt lat="34.938639" lon="136.273513"></trkpt>
      <trkpt lat="34.938591" lon="136.273491"></trkpt>
      <trkpt lat="34.938591" lon="136.273491"></trkpt>
      <trkpt lat="34.938591" lon="136.273491"></trkpt>
      <trkpt lat="34.938523" lon="136.273461"></trkpt>
      <trkpt lat="34.938297" lon="136.272398"></trkpt>
      <trkpt lat="34.938297" lon="136.272398"></trkpt>
      <trkpt lat="34.938190" lon="136.271893"></trkpt>
      <trkpt lat="34.938232" lon="136.271882"></trkpt>
      <trkpt lat="34.938230" lon="136.271848"></trkpt>
      <trkpt lat="34.937987" lon="136.270703"></trkpt>
      <trkpt lat="34.937987" lon="136.270703"></trkpt>
      <trkpt lat="34.937987" lon="136.270703"></trkpt>
      <trkpt lat="34.937942" lon="136.270446"></trkpt>
      <trkpt lat="34.937929" lon="136.270190"></trkpt>
      <trkpt lat="34.937927" lon="136.269912"></trkpt>
      <trkpt lat="34.937927" lon="136.269912"></trkpt>
      <trkpt lat="34.937937" lon="136.268647"></trkpt>
      <trkpt lat="34.937917" lon="136.268529"></trkpt>
      <trkpt lat="34.937922" lon="136.268049"></trkpt>
      <trkpt lat="34.937944" lon="136.267958"></trkpt>
      <trkpt lat="34.937950" lon="136.267872"></trkpt>
      <trkpt lat="34.938282" lon="136.267961"></trkpt>
      <trkpt lat="34.939098" lon="136.268189"></trkpt>
      <trkpt lat="34.939251" lon="136.268221"></trkpt>
      <trkpt lat="34.939374" lon="136.268229"></trkpt>
      <trkpt lat="34.939374" lon="136.268240"></trkpt>
      <trkpt lat="34.940161" lon="136.268197"></trkpt>
      <trkpt lat="34.940658" lon="136.268224"></trkpt>
      <trkpt lat="34.940407" lon="136.267875"></trkpt>
      <trkpt lat="34.939726" lon="136.267172"></trkpt>
      <trkpt lat="34.939723" lon="136.267178"></trkpt>
      <trkpt lat="34.939680" lon="136.267144"></trkpt>
      <trkpt lat="34.939509" lon="136.267056"></trkpt>
      <trkpt lat="34.939203" lon="136.266973"></trkpt>
      <trkpt lat="34.939113" lon="136.266919"></trkpt>
      <trkpt lat="34.938970" lon="136.266812"></trkpt>
      <trkpt lat="34.938671" lon="136.266566"></trkpt>
      <trkpt lat="34.938634" lon="136.266516"></trkpt>
      <trkpt lat="34.938524" lon="136.266366"></trkpt>
      <trkpt lat="34.938416" lon="136.266176"></trkpt>
      <trkpt lat="34.938224" lon="136.265723"></trkpt>
      <trkpt lat="34.938126" lon="136.265531"></trkpt>
      <trkpt lat="34.938094" lon="136.265454"></trkpt>
      <trkpt lat="34.938063" lon="136.265390"></trkpt>
      <trkpt lat="34.937740" lon="136.264691"></trkpt>
      <trkpt lat="34.937715" lon="136.264576"></trkpt>
      <trkpt lat="34.937715" lon="136.264576"></trkpt>
      <trkpt lat="34.937692" lon="136.264470"></trkpt>
      <trkpt lat="34.937687" lon="136.264409"></trkpt>
      <trkpt lat="34.937694" lon="136.264282"></trkpt>
      <trkpt lat="34.937664" lon="136.264170"></trkpt>
      <trkpt lat="34.937704" lon="136.263942"></trkpt>
      <trkpt lat="34.937724" lon="136.263391"></trkpt>
      <trkpt lat="34.937720" lon="136.263146"></trkpt>
      <trkpt lat="34.937720" lon="136.263146"></trkpt>
      <trkpt lat="34.937726" lon="136.262705"></trkpt>
      <trkpt lat="34.937765" lon="136.262322"></trkpt>
      <trkpt lat="34.937815" lon="136.262052"></trkpt>
      <trkpt lat="34.937907" lon="136.261085"></trkpt>
      <trkpt lat="34.937930" lon="136.260649"></trkpt>
      <trkpt lat="34.937907" lon="136.260161"></trkpt>
      <trkpt lat="34.937866" lon="136.259817"></trkpt>
      <trkpt lat="34.937866" lon="136.259817"></trkpt>
      <trkpt lat="34.937814" lon="136.259556"></trkpt>
      <trkpt lat="34.937734" lon="136.259251"></trkpt>
      <trkpt lat="34.937655" lon="136.259010"></trkpt>
      <trkpt lat="34.937490" lon="136.258667"></trkpt>
      <trkpt lat="34.937355" lon="136.258329"></trkpt>
      <trkpt lat="34.937298" lon="136.258127"></trkpt>
      <trkpt lat="34.937279" lon="136.258030"></trkpt>
      <trkpt lat="34.937266" lon="136.257826"></trkpt>
      <trkpt lat="34.937290" lon="136.257632"></trkpt>
      <trkpt lat="34.937290" lon="136.257632"></trkpt>
      <trkpt lat="34.937337" lon="136.257238"></trkpt>
      <trkpt lat="34.937490" lon="136.256423"></trkpt>
      <trkpt lat="34.937543" lon="136.256228"></trkpt>
      <trkpt lat="34.937655" lon="136.255578"></trkpt>
      <trkpt lat="34.937655" lon="136.255578"></trkpt>
      <trkpt lat="34.937770" lon="136.255246"></trkpt>
      <trkpt lat="34.937833" lon="136.255096"></trkpt>
      <trkpt lat="34.937968" lon="136.254890"></trkpt>
      <trkpt lat="34.938143" lon="136.254720"></trkpt>
      <trkpt lat="34.938560" lon="136.254412"></trkpt>
      <trkpt lat="34.938682" lon="136.254278"></trkpt>
      <trkpt lat="34.938682" lon="136.254278"></trkpt>
      <trkpt lat="34.938924" lon="136.253931"></trkpt>
      <trkpt lat="34.939031" lon="136.253654"></trkpt>
      <trkpt lat="34.939034" lon="136.253656"></trkpt>
      <trkpt lat="34.939035" lon="136.253654"></trkpt>
      <trkpt lat="34.939034" lon="136.253656"></trkpt>
      <trkpt lat="34.939031" lon="136.253654"></trkpt>
      <trkpt lat="34.939083" lon="136.253464"></trkpt>
      <trkpt lat="34.939130" lon="136.253216"></trkpt>
      <trkpt lat="34.939232" lon="136.252298"></trkpt>
      <trkpt lat="34.939275" lon="136.251753"></trkpt>
      <trkpt lat="34.939303" lon="136.251527"></trkpt>
      <trkpt lat="34.939531" lon="136.250685"></trkpt>
      <trkpt lat="34.939625" lon="136.250287"></trkpt>
      <trkpt lat="34.939644" lon="136.250228"></trkpt>
      <trkpt lat="34.939688" lon="136.250094"></trkpt>
      <trkpt lat="34.939801" lon="136.249854"></trkpt>
      <trkpt lat="34.939938" lon="136.249611"></trkpt>
      <trkpt lat="34.940164" lon="136.249270"></trkpt>
      <trkpt lat="34.940282" lon="136.249075"></trkpt>
      <trkpt lat="34.940282" lon="136.249075"></trkpt>
      <trkpt lat="34.940372" lon="136.248826"></trkpt>
      <trkpt lat="34.940436" lon="136.248573"></trkpt>
      <trkpt lat="34.940558" lon="136.248188"></trkpt>
      <trkpt lat="34.940664" lon="136.247812"></trkpt>
      <trkpt lat="34.940742" lon="136.247433"></trkpt>
      <trkpt lat="34.940804" lon="136.247076"></trkpt>
      <trkpt lat="34.940847" lon="136.246906"></trkpt>
      <trkpt lat="34.940875" lon="136.246831"></trkpt>
      <trkpt lat="34.940875" lon="136.246831"></trkpt>
      <trkpt lat="34.940984" lon="136.246603"></trkpt>
      <trkpt lat="34.941092" lon="136.246412"></trkpt>
      <trkpt lat="34.941469" lon="136.245781"></trkpt>
      <trkpt lat="34.941510" lon="136.245698"></trkpt>
      <trkpt lat="34.941838" lon="136.244939"></trkpt>
      <trkpt lat="34.941894" lon="136.244742"></trkpt>
      <trkpt lat="34.941894" lon="136.244742"></trkpt>
      <trkpt lat="34.942089" lon="136.243514"></trkpt>
      <trkpt lat="34.942229" lon="136.242721"></trkpt>
      <trkpt lat="34.942388" lon="136.241924"></trkpt>
      <trkpt lat="34.942409" lon="136.241781"></trkpt>
      <trkpt lat="34.942540" lon="136.241185"></trkpt>
      <trkpt lat="34.942730" lon="136.240411"></trkpt>
      <trkpt lat="34.942852" lon="136.239955"></trkpt>
      <trkpt lat="34.942891" lon="136.239859"></trkpt>
      <trkpt lat="34.942891" lon="136.239859"></trkpt>
      <trkpt lat="34.942953" lon="136.239707"></trkpt>
      <trkpt lat="34.943504" lon="136.238534"></trkpt>
      <trkpt lat="34.943683" lon="136.238131"></trkpt>
      <trkpt lat="34.943872" lon="136.237793"></trkpt>
      <trkpt lat="34.943904" lon="136.237758"></trkpt>
      <trkpt lat="34.944064" lon="136.237432"></trkpt>
      <trkpt lat="34.944064" lon="136.237432"></trkpt>
      <trkpt lat="34.944132" lon="136.237294"></trkpt>
      <trkpt lat="34.944132" lon="136.237294"></trkpt>
      <trkpt lat="34.944187" lon="136.237183"></trkpt>
      <trkpt lat="34.944419" lon="136.236611"></trkpt>
      <trkpt lat="34.944686" lon="136.235756"></trkpt>
      <trkpt lat="34.944690" lon="136.235758"></trkpt>
      <trkpt lat="34.944686" lon="136.235756"></trkpt>
      <trkpt lat="34.944766" lon="136.235483"></trkpt>
      <trkpt lat="34.944844" lon="136.235057"></trkpt>
      <trkpt lat="34.944856" lon="136.234935"></trkpt>
      <trkpt lat="34.944857" lon="136.234835"></trkpt>
      <trkpt lat="34.944842" lon="136.234725"></trkpt>
      <trkpt lat="34.944828" lon="136.234510"></trkpt>
      <trkpt lat="34.944868" lon="136.233860"></trkpt>
      <trkpt lat="34.944879" lon="136.233756"></trkpt>
      <trkpt lat="34.945027" lon="136.233530"></trkpt>
      <trkpt lat="34.945322" lon="136.233155"></trkpt>
      <trkpt lat="34.945720" lon="136.232672"></trkpt>
      <trkpt lat="34.945804" lon="136.232588"></trkpt>
      <trkpt lat="34.945880" lon="136.232535"></trkpt>
      <trkpt lat="34.945880" lon="136.232535"></trkpt>
      <trkpt lat="34.945909" lon="136.232515"></trkpt>
      <trkpt lat="34.946017" lon="136.232480"></trkpt>
      <trkpt lat="34.946415" lon="136.232391"></trkpt>
      <trkpt lat="34.946585" lon="136.232340"></trkpt>
      <trkpt lat="34.946712" lon="136.232280"></trkpt>
      <trkpt lat="34.946712" lon="136.232280"></trkpt>
      <trkpt lat="34.947284" lon="136.231886"></trkpt>
      <trkpt lat="34.947526" lon="136.231681"></trkpt>
      <trkpt lat="34.947882" lon="136.231335"></trkpt>
      <trkpt lat="34.948165" lon="136.231006"></trkpt>
      <trkpt lat="34.948327" lon="136.230831"></trkpt>
      <trkpt lat="34.948381" lon="136.230783"></trkpt>
      <trkpt lat="34.948467" lon="136.230728"></trkpt>
      <trkpt lat="34.948544" lon="136.230703"></trkpt>
      <trkpt lat="34.948544" lon="136.230703"></trkpt>
      <trkpt lat="34.948583" lon="136.230691"></trkpt>
      <trkpt lat="34.948719" lon="136.230686"></trkpt>
      <trkpt lat="34.949094" lon="136.230740"></trkpt>
      <trkpt lat="34.949250" lon="136.230752"></trkpt>
      <trkpt lat="34.949280" lon="136.230736"></trkpt>
      <trkpt lat="34.949346" lon="136.230742"></trkpt>
      <trkpt lat="34.949444" lon="136.230833"></trkpt>
      <trkpt lat="34.949565" lon="136.230931"></trkpt>
      <trkpt lat="34.949591" lon="136.230941"></trkpt>
      <trkpt lat="34.949646" lon="136.230938"></trkpt>
      <trkpt lat="34.949659" lon="136.230919"></trkpt>
      <trkpt lat="34.949659" lon="136.230919"></trkpt>
      <trkpt lat="34.949923" lon="136.230522"></trkpt>
      <trkpt lat="34.950644" lon="136.230093"></trkpt>
      <trkpt lat="34.950627" lon="136.230069"></trkpt>
      <trkpt lat="34.950735" lon="136.229934"></trkpt>
      <trkpt lat="34.950955" lon="136.229591"></trkpt>
      <trkpt lat="34.951066" lon="136.229393"></trkpt>
      <trkpt lat="34.951417" lon="136.228719"></trkpt>
      <trkpt lat="34.951614" lon="136.228398"></trkpt>
      <trkpt lat="34.951709" lon="136.228249"></trkpt>
      <trkpt lat="34.951975" lon="136.227879"></trkpt>
      <trkpt lat="34.952050" lon="136.227746"></trkpt>
      <trkpt lat="34.952300" lon="136.227069"></trkpt>
      <trkpt lat="34.952426" lon="136.226685"></trkpt>
      <trkpt lat="34.952570" lon="136.226275"></trkpt>
      <trkpt lat="34.952684" lon="136.226068"></trkpt>
      <trkpt lat="34.952781" lon="136.225912"></trkpt>
      <trkpt lat="34.953565" lon="136.224794"></trkpt>
      <trkpt lat="34.953727" lon="136.224525"></trkpt>
      <trkpt lat="34.953992" lon="136.223955"></trkpt>
      <trkpt lat="34.954314" lon="136.223491"></trkpt>
      <trkpt lat="34.954446" lon="136.223272"></trkpt>
      <trkpt lat="34.954553" lon="136.223044"></trkpt>
      <trkpt lat="34.954566" lon="136.223002"></trkpt>
      <trkpt lat="34.954807" lon="136.222136"></trkpt>
      <trkpt lat="34.954894" lon="136.221600"></trkpt>
      <trkpt lat="34.954948" lon="136.221085"></trkpt>
      <trkpt lat="34.955038" lon="136.220620"></trkpt>
      <trkpt lat="34.955080" lon="136.220278"></trkpt>
      <trkpt lat="34.955101" lon="136.219698"></trkpt>
      <trkpt lat="34.955101" lon="136.219698"></trkpt>
      <trkpt lat="34.955104" lon="136.219264"></trkpt>
      <trkpt lat="34.955230" lon="136.218559"></trkpt>
      <trkpt lat="34.955308" lon="136.218060"></trkpt>
      <trkpt lat="34.955370" lon="136.217590"></trkpt>
      <trkpt lat="34.955424" lon="136.216916"></trkpt>
      <trkpt lat="34.955638" lon="136.215783"></trkpt>
      <trkpt lat="34.955713" lon="136.215210"></trkpt>
      <trkpt lat="34.955793" lon="136.215011"></trkpt>
      <trkpt lat="34.955793" lon="136.215011"></trkpt>
      <trkpt lat="34.955790" lon="136.214955"></trkpt>
      <trkpt lat="34.955774" lon="136.214917"></trkpt>
      <trkpt lat="34.955835" lon="136.214791"></trkpt>
      <trkpt lat="34.955667" lon="136.214646"></trkpt>
      <trkpt lat="34.955667" lon="136.214646"></trkpt>
      <trkpt lat="34.955775" lon="136.214340"></trkpt>
      <trkpt lat="34.955892" lon="136.214015"></trkpt>
      <trkpt lat="34.956127" lon="136.213332"></trkpt>
      <trkpt lat="34.956252" lon="136.213336"></trkpt>
      <trkpt lat="34.956252" lon="136.213336"></trkpt>
      <trkpt lat="34.956298" lon="136.213253"></trkpt>
      <trkpt lat="34.956384" lon="136.212996"></trkpt>
      <trkpt lat="34.956591" lon="136.212329"></trkpt>
      <trkpt lat="34.956781" lon="136.211957"></trkpt>
      <trkpt lat="34.957027" lon="136.211419"></trkpt>
      <trkpt lat="34.957238" lon="136.210963"></trkpt>
      <trkpt lat="34.957369" lon="136.210739"></trkpt>
      <trkpt lat="34.957619" lon="136.210284"></trkpt>
      <trkpt lat="34.957768" lon="136.209974"></trkpt>
      <trkpt lat="34.957783" lon="136.209929"></trkpt>
      <trkpt lat="34.957783" lon="136.209929"></trkpt>
      <trkpt lat="34.957887" lon="136.209656"></trkpt>
      <trkpt lat="34.958003" lon="136.209250"></trkpt>
      <trkpt lat="34.958070" lon="136.209042"></trkpt>
      <trkpt lat="34.958673" lon="136.207885"></trkpt>
      <trkpt lat="34.958710" lon="136.207787"></trkpt>
      <trkpt lat="34.958718" lon="136.207746"></trkpt>
      <trkpt lat="34.958718" lon="136.207746"></trkpt>
      <trkpt lat="34.958735" lon="136.207651"></trkpt>
      <trkpt lat="34.958733" lon="136.207511"></trkpt>
      <trkpt lat="34.958723" lon="136.207427"></trkpt>
      <trkpt lat="34.958699" lon="136.207322"></trkpt>
      <trkpt lat="34.958648" lon="136.207198"></trkpt>
      <trkpt lat="34.958648" lon="136.207198"></trkpt>
      <trkpt lat="34.958437" lon="136.206749"></trkpt>
      <trkpt lat="34.958012" lon="136.205885"></trkpt>
      <trkpt lat="34.957981" lon="136.205865"></trkpt>
      <trkpt lat="34.957981" lon="136.205865"></trkpt>
      <trkpt lat="34.957976" lon="136.205861"></trkpt>
      <trkpt lat="34.958103" lon="136.205202"></trkpt>
      <trkpt lat="34.958146" lon="136.205193"></trkpt>
      <trkpt lat="34.958186" lon="136.205118"></trkpt>
      <trkpt lat="34.958352" lon="136.204609"></trkpt>
      <trkpt lat="34.958547" lon="136.204152"></trkpt>
      <trkpt lat="34.958547" lon="136.204152"></trkpt>
      <trkpt lat="34.958613" lon="136.203944"></trkpt>
      <trkpt lat="34.958654" lon="136.203759"></trkpt>
      <trkpt lat="34.958678" lon="136.203542"></trkpt>
      <trkpt lat="34.958671" lon="136.203357"></trkpt>
      <trkpt lat="34.958664" lon="136.203357"></trkpt>
      <trkpt lat="34.958671" lon="136.203357"></trkpt>
      <trkpt lat="34.958663" lon="136.203139"></trkpt>
      <trkpt lat="34.958633" lon="136.202747"></trkpt>
      <trkpt lat="34.958591" lon="136.202508"></trkpt>
      <trkpt lat="34.958573" lon="136.202414"></trkpt>
      <trkpt lat="34.958473" lon="136.202014"></trkpt>
      <trkpt lat="34.958404" lon="136.201697"></trkpt>
      <trkpt lat="34.958367" lon="136.201586"></trkpt>
      <trkpt lat="34.958367" lon="136.201586"></trkpt>
      <trkpt lat="34.958003" lon="136.200375"></trkpt>
      <trkpt lat="34.958004" lon="136.200374"></trkpt>
      <trkpt lat="34.958003" lon="136.200375"></trkpt>
      <trkpt lat="34.957871" lon="136.200226"></trkpt>
      <trkpt lat="34.957796" lon="136.200123"></trkpt>
      <trkpt lat="34.957774" lon="136.200118"></trkpt>
      <trkpt lat="34.957774" lon="136.200118"></trkpt>
      <trkpt lat="34.957768" lon="136.200116"></trkpt>
      <trkpt lat="34.957767" lon="136.199994"></trkpt>
      <trkpt lat="34.957799" lon="136.199698"></trkpt>
      <trkpt lat="34.957880" lon="136.199368"></trkpt>
      <trkpt lat="34.957963" lon="136.199034"></trkpt>
      <trkpt lat="34.958014" lon="136.198937"></trkpt>
      <trkpt lat="34.958060" lon="136.198763"></trkpt>
      <trkpt lat="34.958065" lon="136.198696"></trkpt>
      <trkpt lat="34.958077" lon="136.198690"></trkpt>
      <trkpt lat="34.958117" lon="136.198671"></trkpt>
      <trkpt lat="34.958157" lon="136.198593"></trkpt>
      <trkpt lat="34.958250" lon="136.198473"></trkpt>
      <trkpt lat="34.958987" lon="136.197652"></trkpt>
      <trkpt lat="34.960007" lon="136.196581"></trkpt>
      <trkpt lat="34.960102" lon="136.196425"></trkpt>
      <trkpt lat="34.960102" lon="136.196425"></trkpt>
      <trkpt lat="34.960408" lon="136.195921"></trkpt>
      <trkpt lat="34.960649" lon="136.195505"></trkpt>
      <trkpt lat="34.960973" lon="136.195040"></trkpt>
      <trkpt lat="34.961223" lon="136.194734"></trkpt>
      <trkpt lat="34.961461" lon="136.194350"></trkpt>
      <trkpt lat="34.961573" lon="136.194192"></trkpt>
      <trkpt lat="34.961633" lon="136.194128"></trkpt>
      <trkpt lat="34.961633" lon="136.194128"></trkpt>
      <trkpt lat="34.961786" lon="136.193966"></trkpt>
      <trkpt lat="34.962143" lon="136.193658"></trkpt>
      <trkpt lat="34.962558" lon="136.193244"></trkpt>
      <trkpt lat="34.962732" lon="136.193054"></trkpt>
      <trkpt lat="34.962919" lon="136.192881"></trkpt>
      <trkpt lat="34.963005" lon="136.192759"></trkpt>
      <trkpt lat="34.963058" lon="136.192648"></trkpt>
      <trkpt lat="34.963058" lon="136.192648"></trkpt>
      <trkpt lat="34.963128" lon="136.192466"></trkpt>
      <trkpt lat="34.963171" lon="136.192388"></trkpt>
      <trkpt lat="34.963458" lon="136.192027"></trkpt>
      <trkpt lat="34.963539" lon="136.191913"></trkpt>
      <trkpt lat="34.963740" lon="136.191526"></trkpt>
      <trkpt lat="34.963737" lon="136.191523"></trkpt>
      <trkpt lat="34.963740" lon="136.191526"></trkpt>
      <trkpt lat="34.963765" lon="136.191474"></trkpt>
      <trkpt lat="34.963942" lon="136.191410"></trkpt>
      <trkpt lat="34.964928" lon="136.191121"></trkpt>
      <trkpt lat="34.965235" lon="136.191015"></trkpt>
      <trkpt lat="34.965275" lon="136.191001"></trkpt>
      <trkpt lat="34.965332" lon="136.190946"></trkpt>
      <trkpt lat="34.965442" lon="136.190721"></trkpt>
      <trkpt lat="34.965504" lon="136.190624"></trkpt>
      <trkpt lat="34.966305" lon="136.189590"></trkpt>
      <trkpt lat="34.966453" lon="136.189369"></trkpt>
      <trkpt lat="34.966603" lon="136.189085"></trkpt>
      <trkpt lat="34.966603" lon="136.189085"></trkpt>
      <trkpt lat="34.966603" lon="136.189085"></trkpt>
      <trkpt lat="34.966717" lon="136.188832"></trkpt>
      <trkpt lat="34.966853" lon="136.188441"></trkpt>
      <trkpt lat="34.966958" lon="136.187641"></trkpt>
      <trkpt lat="34.967076" lon="136.187003"></trkpt>
      <trkpt lat="34.967087" lon="136.186955"></trkpt>
      <trkpt lat="34.967131" lon="136.186848"></trkpt>
      <trkpt lat="34.967182" lon="136.186684"></trkpt>
      <trkpt lat="34.967182" lon="136.186684"></trkpt>
      <trkpt lat="34.967231" lon="136.186501"></trkpt>
      <trkpt lat="34.967247" lon="136.186352"></trkpt>
      <trkpt lat="34.967269" lon="136.185802"></trkpt>
      <trkpt lat="34.967250" lon="136.185045"></trkpt>
      <trkpt lat="34.967268" lon="136.184873"></trkpt>
      <trkpt lat="34.967266" lon="136.184666"></trkpt>
      <trkpt lat="34.967247" lon="136.184606"></trkpt>
      <trkpt lat="34.967247" lon="136.184606"></trkpt>
      <trkpt lat="34.967220" lon="136.184523"></trkpt>
      <trkpt lat="34.967184" lon="136.184504"></trkpt>
      <trkpt lat="34.966900" lon="136.183988"></trkpt>
      <trkpt lat="34.966752" lon="136.183787"></trkpt>
      <trkpt lat="34.966632" lon="136.183663"></trkpt>
      <trkpt lat="34.966367" lon="136.183540"></trkpt>
      <trkpt lat="34.966367" lon="136.183540"></trkpt>
      <trkpt lat="34.966317" lon="136.183436"></trkpt>
      <trkpt lat="34.966255" lon="136.183282"></trkpt>
      <trkpt lat="34.966119" lon="136.182883"></trkpt>
      <trkpt lat="34.966109" lon="136.182819"></trkpt>
      <trkpt lat="34.966109" lon="136.182819"></trkpt>
      <trkpt lat="34.966105" lon="136.182742"></trkpt>
      <trkpt lat="34.966122" lon="136.182551"></trkpt>
      <trkpt lat="34.966227" lon="136.182065"></trkpt>
      <trkpt lat="34.966321" lon="136.181672"></trkpt>
      <trkpt lat="34.966281" lon="136.180796"></trkpt>
      <trkpt lat="34.966281" lon="136.180796"></trkpt>
      <trkpt lat="34.966280" lon="136.180775"></trkpt>
      <trkpt lat="34.966325" lon="136.180650"></trkpt>
      <trkpt lat="34.967082" lon="136.178829"></trkpt>
      <trkpt lat="34.967633" lon="136.177705"></trkpt>
      <trkpt lat="34.967650" lon="136.177653"></trkpt>
      <trkpt lat="34.968337" lon="136.176453"></trkpt>
      <trkpt lat="34.968909" lon="136.175493"></trkpt>
      <trkpt lat="34.968963" lon="136.175387"></trkpt>
      <trkpt lat="34.969283" lon="136.174657"></trkpt>
      <trkpt lat="34.969643" lon="136.173770"></trkpt>
      <trkpt lat="34.969869" lon="136.173245"></trkpt>
      <trkpt lat="34.970240" lon="136.172556"></trkpt>
      <trkpt lat="34.970465" lon="136.172182"></trkpt>
      <trkpt lat="34.970503" lon="136.172088"></trkpt>
      <trkpt lat="34.970502" lon="136.172025"></trkpt>
      <trkpt lat="34.970612" lon="136.171828"></trkpt>
      <trkpt lat="34.970816" lon="136.171408"></trkpt>
      <trkpt lat="34.970841" lon="136.171342"></trkpt>
      <trkpt lat="34.970841" lon="136.171342"></trkpt>
      <trkpt lat="34.971019" lon="136.170876"></trkpt>
      <trkpt lat="34.971215" lon="136.170327"></trkpt>
      <trkpt lat="34.971400" lon="136.169876"></trkpt>
      <trkpt lat="34.971497" lon="136.169395"></trkpt>
      <trkpt lat="34.971498" lon="136.169389"></trkpt>
      <trkpt lat="34.971500" lon="136.169390"></trkpt>
      <trkpt lat="34.971498" lon="136.169389"></trkpt>
      <trkpt lat="34.971497" lon="136.169395"></trkpt>
      <trkpt lat="34.971846" lon="136.169530"></trkpt>
      <trkpt lat="34.972639" lon="136.169856"></trkpt>
      <trkpt lat="34.973086" lon="136.168323"></trkpt>
      <trkpt lat="34.973166" lon="136.168075"></trkpt>
      <trkpt lat="34.973410" lon="136.167213"></trkpt>
      <trkpt lat="34.973686" lon="136.166275"></trkpt>
      <trkpt lat="34.973761" lon="136.165990"></trkpt>
      <trkpt lat="34.973760" lon="136.165988"></trkpt>
      <trkpt lat="34.972951" lon="136.165656"></trkpt>
      <trkpt lat="34.973505" lon="136.163634"></trkpt>
      <trkpt lat="34.973940" lon="136.161965"></trkpt>
      <trkpt lat="34.973984" lon="136.161649"></trkpt>
      <trkpt lat="34.973558" lon="136.161284"></trkpt>
      <trkpt lat="34.973565" lon="136.161287"></trkpt>
      <trkpt lat="34.973774" lon="136.160638"></trkpt>
      <trkpt lat="34.974312" lon="136.158873"></trkpt>
      <trkpt lat="34.974895" lon="136.157091"></trkpt>
      <trkpt lat="34.975004" lon="136.156726"></trkpt>
      <trkpt lat="34.975302" lon="136.155838"></trkpt>
      <trkpt lat="34.975597" lon="136.154988"></trkpt>
      <trkpt lat="34.976384" lon="136.152617"></trkpt>
      <trkpt lat="34.976771" lon="136.151404"></trkpt>
      <trkpt lat="34.976927" lon="136.150967"></trkpt>
      <trkpt lat="34.977253" lon="136.150008"></trkpt>
      <trkpt lat="34.977538" lon="136.149060"></trkpt>
      <trkpt lat="34.977717" lon="136.148585"></trkpt>
      <trkpt lat="34.977927" lon="136.147925"></trkpt>
      <trkpt lat="34.978165" lon="136.147229"></trkpt>
      <trkpt lat="34.978461" lon="136.146247"></trkpt>
      <trkpt lat="34.979045" lon="136.144412"></trkpt>
      <trkpt lat="34.979435" lon="136.143232"></trkpt>
      <trkpt lat="34.981012" lon="136.138348"></trkpt>
      <trkpt lat="34.981453" lon="136.136944"></trkpt>
      <trkpt lat="34.981499" lon="136.136714"></trkpt>
      <trkpt lat="34.981535" lon="136.136302"></trkpt>
      <trkpt lat="34.981645" lon="136.135741"></trkpt>
      <trkpt lat="34.981849" lon="136.135112"></trkpt>
      <trkpt lat="34.982046" lon="136.134590"></trkpt>
      <trkpt lat="34.982134" lon="136.134170"></trkpt>
      <trkpt lat="34.982167" lon="136.133960"></trkpt>
      <trkpt lat="34.982191" lon="136.133170"></trkpt>
      <trkpt lat="34.982222" lon="136.132823"></trkpt>
      <trkpt lat="34.982242" lon="136.132732"></trkpt>
      <trkpt lat="34.982291" lon="136.132332"></trkpt>
      <trkpt lat="34.982363" lon="136.131859"></trkpt>
      <trkpt lat="34.982440" lon="136.131031"></trkpt>
      <trkpt lat="34.982449" lon="136.130869"></trkpt>
      <trkpt lat="34.982454" lon="136.130793"></trkpt>
      <trkpt lat="34.982469" lon="136.130705"></trkpt>
      <trkpt lat="34.982483" lon="136.130509"></trkpt>
      <trkpt lat="34.982477" lon="136.130503"></trkpt>
      <trkpt lat="34.982480" lon="136.130498"></trkpt>
      <trkpt lat="34.982477" lon="136.130503"></trkpt>
      <trkpt lat="34.982430" lon="136.130459"></trkpt>
      <trkpt lat="34.982330" lon="136.130251"></trkpt>
      <trkpt lat="34.982263" lon="136.130038"></trkpt>
      <trkpt lat="34.982222" lon="136.129842"></trkpt>
      <trkpt lat="34.982213" lon="136.129720"></trkpt>
      <trkpt lat="34.982238" lon="136.129239"></trkpt>
      <trkpt lat="34.982262" lon="136.129014"></trkpt>
      <trkpt lat="34.982333" lon="136.128520"></trkpt>
      <trkpt lat="34.982335" lon="136.128381"></trkpt>
      <trkpt lat="34.982322" lon="136.128302"></trkpt>
      <trkpt lat="34.982277" lon="136.128204"></trkpt>
      <trkpt lat="34.982066" lon="136.127998"></trkpt>
      <trkpt lat="34.982060" lon="136.128004"></trkpt>
      <trkpt lat="34.982287" lon="136.127790"></trkpt>
      <trkpt lat="34.982596" lon="136.127587"></trkpt>
      <trkpt lat="34.982671" lon="136.127528"></trkpt>
      <trkpt lat="34.982910" lon="136.127308"></trkpt>
      <trkpt lat="34.982910" lon="136.127233"></trkpt>
      <trkpt lat="34.983432" lon="136.126724"></trkpt>
      <trkpt lat="34.983924" lon="136.126288"></trkpt>
      <trkpt lat="34.984120" lon="136.126101"></trkpt>
      <trkpt lat="34.984501" lon="136.125696"></trkpt>
      <trkpt lat="34.984553" lon="136.125714"></trkpt>
      <trkpt lat="34.984688" lon="136.125586"></trkpt>
      <trkpt lat="34.984801" lon="136.125692"></trkpt>
      <trkpt lat="34.984922" lon="136.125354"></trkpt>
      <trkpt lat="34.985004" lon="136.125143"></trkpt>
      <trkpt lat="34.985061" lon="136.125091"></trkpt>
      <trkpt lat="34.985144" lon="136.125095"></trkpt>
      <trkpt lat="34.985170" lon="136.124870"></trkpt>
      <trkpt lat="34.985205" lon="136.124876"></trkpt>
      <trkpt lat="34.985311" lon="136.123792"></trkpt>
      <trkpt lat="34.985544" lon="136.122649"></trkpt>
      <trkpt lat="34.985790" lon="136.121555"></trkpt>
      <trkpt lat="34.985944" lon="136.120691"></trkpt>
      <trkpt lat="34.985909" lon="136.120364"></trkpt>
      <trkpt lat="34.986071" lon="136.120203"></trkpt>
      <trkpt lat="34.986071" lon="136.120032"></trkpt>
      <trkpt lat="34.985904" lon="136.119812"></trkpt>
      <trkpt lat="34.985768" lon="136.119683"></trkpt>
      <trkpt lat="34.984669" lon="136.118047"></trkpt>
      <trkpt lat="34.984463" lon="136.117655"></trkpt>
      <trkpt lat="34.984388" lon="136.117408"></trkpt>
      <trkpt lat="34.984177" lon="136.117553"></trkpt>
      <trkpt lat="34.983698" lon="136.117457"></trkpt>
      <trkpt lat="34.983697" lon="136.117465"></trkpt>
      <trkpt lat="34.983688" lon="136.117464"></trkpt>
      <trkpt lat="34.983720" lon="136.116889"></trkpt>
      <trkpt lat="34.983776" lon="136.116339"></trkpt>
      <trkpt lat="34.983820" lon="136.115229"></trkpt>
      <trkpt lat="34.983847" lon="136.114902"></trkpt>
      <trkpt lat="34.983897" lon="136.114747"></trkpt>
      <trkpt lat="34.984012" lon="136.114541"></trkpt>
      <trkpt lat="34.984150" lon="136.114335"></trkpt>
      <trkpt lat="34.984274" lon="136.114124"></trkpt>
      <trkpt lat="34.984593" lon="136.113695"></trkpt>
      <trkpt lat="34.984697" lon="136.113584"></trkpt>
      <trkpt lat="34.984906" lon="136.113266"></trkpt>
      <trkpt lat="34.984929" lon="136.113189"></trkpt>
      <trkpt lat="34.984946" lon="136.113197"></trkpt>
      <trkpt lat="34.984929" lon="136.113189"></trkpt>
      <trkpt lat="34.984954" lon="136.113104"></trkpt>
      <trkpt lat="34.984943" lon="136.112930"></trkpt>
      <trkpt lat="34.984878" lon="136.112555"></trkpt>
      <trkpt lat="34.984767" lon="136.112008"></trkpt>
      <trkpt lat="34.984565" lon="136.111263"></trkpt>
      <trkpt lat="34.984493" lon="136.111053"></trkpt>
      <trkpt lat="34.984482" lon="136.111044"></trkpt>
      <trkpt lat="34.984493" lon="136.111053"></trkpt>
      <trkpt lat="34.984493" lon="136.111014"></trkpt>
      <trkpt lat="34.984527" lon="136.110805"></trkpt>
      <trkpt lat="34.984547" lon="136.110736"></trkpt>
      <trkpt lat="34.984546" lon="136.110735"></trkpt>
      <trkpt lat="34.984547" lon="136.110736"></trkpt>
      <trkpt lat="34.984561" lon="136.110692"></trkpt>
      <trkpt lat="34.984665" lon="136.110543"></trkpt>
      <trkpt lat="34.984765" lon="136.110429"></trkpt>
      <trkpt lat="34.984857" lon="136.110344"></trkpt>
      <trkpt lat="34.984993" lon="136.110240"></trkpt>
      <trkpt lat="34.985406" lon="136.110009"></trkpt>
      <trkpt lat="34.985447" lon="136.109968"></trkpt>
      <trkpt lat="34.985470" lon="136.109944"></trkpt>
      <trkpt lat="34.985526" lon="136.109848"></trkpt>
      <trkpt lat="34.985748" lon="136.109337"></trkpt>
      <trkpt lat="34.985818" lon="136.109134"></trkpt>
      <trkpt lat="34.986029" lon="136.108722"></trkpt>
      <trkpt lat="34.986029" lon="136.108722"></trkpt>
      <trkpt lat="34.986206" lon="136.108395"></trkpt>
      <trkpt lat="34.986282" lon="136.108206"></trkpt>
      <trkpt lat="34.986303" lon="136.108106"></trkpt>
      <trkpt lat="34.986304" lon="136.108106"></trkpt>
      <trkpt lat="34.986303" lon="136.108106"></trkpt>
      <trkpt lat="34.986315" lon="136.108052"></trkpt>
      <trkpt lat="34.986328" lon="136.107901"></trkpt>
      <trkpt lat="34.986318" lon="136.107289"></trkpt>
      <trkpt lat="34.986386" lon="136.107041"></trkpt>
      <trkpt lat="34.986192" lon="136.106951"></trkpt>
      <trkpt lat="34.986272" lon="136.106732"></trkpt>
      <trkpt lat="34.986299" lon="136.106576"></trkpt>
      <trkpt lat="34.986305" lon="136.106338"></trkpt>
      <trkpt lat="34.986335" lon="136.106039"></trkpt>
      <trkpt lat="34.986395" lon="136.105718"></trkpt>
      <trkpt lat="34.986449" lon="136.105520"></trkpt>
      <trkpt lat="34.986498" lon="136.105373"></trkpt>
      <trkpt lat="34.986770" lon="136.104717"></trkpt>
      <trkpt lat="34.986981" lon="136.104237"></trkpt>
      <trkpt lat="34.987196" lon="136.103801"></trkpt>
      <trkpt lat="34.987527" lon="136.103304"></trkpt>
      <trkpt lat="34.987874" lon="136.102653"></trkpt>
      <trkpt lat="34.988128" lon="136.102150"></trkpt>
      <trkpt lat="34.988238" lon="136.101906"></trkpt>
      <trkpt lat="34.988305" lon="136.101736"></trkpt>
      <trkpt lat="34.988323" lon="136.101676"></trkpt>
      <trkpt lat="34.988323" lon="136.101676"></trkpt>
      <trkpt lat="34.988330" lon="136.101651"></trkpt>
      <trkpt lat="34.988344" lon="136.101229"></trkpt>
      <trkpt lat="34.988372" lon="136.100885"></trkpt>
      <trkpt lat="34.988493" lon="136.100129"></trkpt>
      <trkpt lat="34.988542" lon="136.099956"></trkpt>
      <trkpt lat="34.988533" lon="136.099948"></trkpt>
      <trkpt lat="34.988533" lon="136.099948"></trkpt>
      <trkpt lat="34.988542" lon="136.099956"></trkpt>
      <trkpt lat="34.988585" lon="136.099819"></trkpt>
      <trkpt lat="34.988754" lon="136.099469"></trkpt>
      <trkpt lat="34.988912" lon="136.098962"></trkpt>
      <trkpt lat="34.988975" lon="136.098801"></trkpt>
      <trkpt lat="34.989259" lon="136.098218"></trkpt>
      <trkpt lat="34.989418" lon="136.097921"></trkpt>
      <trkpt lat="34.989457" lon="136.097804"></trkpt>
      <trkpt lat="34.989458" lon="136.097784"></trkpt>
      <trkpt lat="34.989473" lon="136.097785"></trkpt>
      <trkpt lat="34.989458" lon="136.097784"></trkpt>
      <trkpt lat="34.989477" lon="136.097437"></trkpt>
      <trkpt lat="34.989482" lon="136.096339"></trkpt>
      <trkpt lat="34.989516" lon="136.095952"></trkpt>
      <trkpt lat="34.989515" lon="136.095714"></trkpt>
      <trkpt lat="34.989536" lon="136.095471"></trkpt>
      <trkpt lat="34.989586" lon="136.095299"></trkpt>
      <trkpt lat="34.989609" lon="136.095221"></trkpt>
      <trkpt lat="34.989816" lon="136.094857"></trkpt>
      <trkpt lat="34.990312" lon="136.094173"></trkpt>
      <trkpt lat="34.990778" lon="136.093565"></trkpt>
      <trkpt lat="34.991360" lon="136.092726"></trkpt>
      <trkpt lat="34.991767" lon="136.092050"></trkpt>
      <trkpt lat="34.992285" lon="136.091205"></trkpt>
      <trkpt lat="34.992471" lon="136.090860"></trkpt>
      <trkpt lat="34.992479" lon="136.090865"></trkpt>
      <trkpt lat="34.992471" lon="136.090860"></trkpt>
      <trkpt lat="34.992914" lon="136.089745"></trkpt>
      <trkpt lat="34.993173" lon="136.089033"></trkpt>
      <trkpt lat="34.993263" lon="136.088814"></trkpt>
      <trkpt lat="34.993656" lon="136.087974"></trkpt>
      <trkpt lat="34.994011" lon="136.087317"></trkpt>
      <trkpt lat="34.994029" lon="136.087268"></trkpt>
      <trkpt lat="34.994166" lon="136.087011"></trkpt>
      <trkpt lat="34.994213" lon="136.086880"></trkpt>
      <trkpt lat="34.994261" lon="136.086749"></trkpt>
      <trkpt lat="34.994614" lon="136.085491"></trkpt>
      <trkpt lat="34.994707" lon="136.085198"></trkpt>
      <trkpt lat="34.994767" lon="136.085099"></trkpt>
      <trkpt lat="34.994829" lon="136.084959"></trkpt>
      <trkpt lat="34.995194" lon="136.083990"></trkpt>
      <trkpt lat="34.995243" lon="136.083902"></trkpt>
      <trkpt lat="34.995258" lon="136.083874"></trkpt>
      <trkpt lat="34.995348" lon="136.083769"></trkpt>
      <trkpt lat="34.995491" lon="136.083671"></trkpt>
      <trkpt lat="34.995698" lon="136.083506"></trkpt>
      <trkpt lat="34.995845" lon="136.083341"></trkpt>
      <trkpt lat="34.996435" lon="136.082717"></trkpt>
      <trkpt lat="34.996550" lon="136.082566"></trkpt>
      <trkpt lat="34.996941" lon="136.082013"></trkpt>
      <trkpt lat="34.996988" lon="136.081969"></trkpt>
      <trkpt lat="34.997066" lon="136.081873"></trkpt>
      <trkpt lat="34.997347" lon="136.081393"></trkpt>
      <trkpt lat="34.997444" lon="136.081248"></trkpt>
      <trkpt lat="34.997484" lon="136.081199"></trkpt>
      <trkpt lat="34.997598" lon="136.081098"></trkpt>
      <trkpt lat="34.998234" lon="136.080595"></trkpt>
      <trkpt lat="34.998302" lon="136.080529"></trkpt>
      <trkpt lat="34.998363" lon="136.080429"></trkpt>
      <trkpt lat="34.998439" lon="136.080222"></trkpt>
      <trkpt lat="34.998439" lon="136.080222"></trkpt>
      <trkpt lat="34.998461" lon="136.080086"></trkpt>
      <trkpt lat="34.998466" lon="136.079931"></trkpt>
      <trkpt lat="34.998495" lon="136.079614"></trkpt>
      <trkpt lat="34.998525" lon="136.079443"></trkpt>
      <trkpt lat="34.998598" lon="136.079245"></trkpt>
      <trkpt lat="34.998634" lon="136.079113"></trkpt>
      <trkpt lat="34.998703" lon="136.078959"></trkpt>
      <trkpt lat="34.998706" lon="136.078962"></trkpt>
      <trkpt lat="34.998703" lon="136.078959"></trkpt>
      <trkpt lat="34.999405" lon="136.077763"></trkpt>
      <trkpt lat="34.999580" lon="136.077382"></trkpt>
      <trkpt lat="34.999761" lon="136.077015"></trkpt>
      <trkpt lat="35.000143" lon="136.076345"></trkpt>
      <trkpt lat="35.000349" lon="136.076015"></trkpt>
      <trkpt lat="35.000472" lon="136.075836"></trkpt>
      <trkpt lat="35.000860" lon="136.075158"></trkpt>
      <trkpt lat="35.001210" lon="136.074535"></trkpt>
      <trkpt lat="35.001305" lon="136.074290"></trkpt>
      <trkpt lat="35.001512" lon="136.073931"></trkpt>
      <trkpt lat="35.001834" lon="136.073254"></trkpt>
      <trkpt lat="35.001948" lon="136.073045"></trkpt>
      <trkpt lat="35.002217" lon="136.072503"></trkpt>
      <trkpt lat="35.003023" lon="136.071010"></trkpt>
      <trkpt lat="35.003394" lon="136.070372"></trkpt>
      <trkpt lat="35.003601" lon="136.069978"></trkpt>
      <trkpt lat="35.003799" lon="136.069626"></trkpt>
      <trkpt lat="35.004007" lon="136.069221"></trkpt>
      <trkpt lat="35.004029" lon="136.069120"></trkpt>
      <trkpt lat="35.004028" lon="136.069038"></trkpt>
      <trkpt lat="35.004028" lon="136.069038"></trkpt>
      <trkpt lat="35.004028" lon="136.068985"></trkpt>
      <trkpt lat="35.003999" lon="136.068792"></trkpt>
      <trkpt lat="35.003971" lon="136.068251"></trkpt>
      <trkpt lat="35.003968" lon="136.067407"></trkpt>
      <trkpt lat="35.003977" lon="136.067391"></trkpt>
      <trkpt lat="35.003974" lon="136.067208"></trkpt>
      <trkpt lat="35.004021" lon="136.066789"></trkpt>
      <trkpt lat="35.004154" lon="136.066518"></trkpt>
      <trkpt lat="35.004253" lon="136.066294"></trkpt>
      <trkpt lat="35.004297" lon="136.066127"></trkpt>
      <trkpt lat="35.004329" lon="136.066043"></trkpt>
      <trkpt lat="35.004360" lon="136.065990"></trkpt>
      <trkpt lat="35.004348" lon="136.065980"></trkpt>
      <trkpt lat="35.004360" lon="136.065990"></trkpt>
      <trkpt lat="35.004412" lon="136.065902"></trkpt>
      <trkpt lat="35.004907" lon="136.065144"></trkpt>
      <trkpt lat="35.004979" lon="136.064982"></trkpt>
      <trkpt lat="35.005418" lon="136.064224"></trkpt>
      <trkpt lat="35.005643" lon="136.063817"></trkpt>
      <trkpt lat="35.006199" lon="136.062900"></trkpt>
      <trkpt lat="35.006341" lon="136.062639"></trkpt>
      <trkpt lat="35.006745" lon="136.062093"></trkpt>
      <trkpt lat="35.006861" lon="136.061606"></trkpt>
      <trkpt lat="35.006901" lon="136.061333"></trkpt>
      <trkpt lat="35.006904" lon="136.061250"></trkpt>
      <trkpt lat="35.007028" lon="136.060846"></trkpt>
      <trkpt lat="35.007389" lon="136.059846"></trkpt>
      <trkpt lat="35.007446" lon="136.059736"></trkpt>
      <trkpt lat="35.007446" lon="136.059736"></trkpt>
      <trkpt lat="35.007866" lon="136.058934"></trkpt>
      <trkpt lat="35.008521" lon="136.057593"></trkpt>
      <trkpt lat="35.008889" lon="136.056908"></trkpt>
      <trkpt lat="35.009457" lon="136.055802"></trkpt>
      <trkpt lat="35.009817" lon="136.055044"></trkpt>
      <trkpt lat="35.009817" lon="136.055044"></trkpt>
      <trkpt lat="35.009987" lon="136.054785"></trkpt>
      <trkpt lat="35.010201" lon="136.054411"></trkpt>
      <trkpt lat="35.010515" lon="136.053821"></trkpt>
      <trkpt lat="35.010704" lon="136.053514"></trkpt>
      <trkpt lat="35.010697" lon="136.053507"></trkpt>
      <trkpt lat="35.011220" lon="136.052858"></trkpt>
      <trkpt lat="35.011681" lon="136.053346"></trkpt>
      <trkpt lat="35.012679" lon="136.054071"></trkpt>
      <trkpt lat="35.012960" lon="136.053802"></trkpt>
      <trkpt lat="35.013781" lon="136.052676"></trkpt>
      <trkpt lat="35.014212" lon="136.052322"></trkpt>
      <trkpt lat="35.015078" lon="136.051828"></trkpt>
      <trkpt lat="35.015081" lon="136.051840"></trkpt>
      <trkpt lat="35.015553" lon="136.051689"></trkpt>
      <trkpt lat="35.015967" lon="136.051507"></trkpt>
      <trkpt lat="35.016246" lon="136.051374"></trkpt>
      <trkpt lat="35.016511" lon="136.051280"></trkpt>
      <trkpt lat="35.016792" lon="136.051205"></trkpt>
      <trkpt lat="35.017290" lon="136.050997"></trkpt>
      <trkpt lat="35.017792" lon="136.050750"></trkpt>
      <trkpt lat="35.018188" lon="136.050465"></trkpt>
      <trkpt lat="35.018231" lon="136.050460"></trkpt>
      <trkpt lat="35.018231" lon="136.050460"></trkpt>
      <trkpt lat="35.018246" lon="136.050458"></trkpt>
      <trkpt lat="35.018423" lon="136.050549"></trkpt>
      <trkpt lat="35.018425" lon="136.050544"></trkpt>
      <trkpt lat="35.018425" lon="136.050544"></trkpt>
      <trkpt lat="35.018517" lon="136.050386"></trkpt>
      <trkpt lat="35.018617" lon="136.050260"></trkpt>
      <trkpt lat="35.018999" lon="136.049900"></trkpt>
      <trkpt lat="35.019108" lon="136.049785"></trkpt>
      <trkpt lat="35.019257" lon="136.049565"></trkpt>
      <trkpt lat="35.019257" lon="136.049565"></trkpt>
      <trkpt lat="35.019367" lon="136.049349"></trkpt>
      <trkpt lat="35.019552" lon="136.048858"></trkpt>
      <trkpt lat="35.019552" lon="136.048858"></trkpt>
      <trkpt lat="35.019617" lon="136.048713"></trkpt>
      <trkpt lat="35.019722" lon="136.048549"></trkpt>
      <trkpt lat="35.019951" lon="136.048273"></trkpt>
      <trkpt lat="35.019960" lon="136.048246"></trkpt>
      <trkpt lat="35.019960" lon="136.048246"></trkpt>
      <trkpt lat="35.019984" lon="136.048184"></trkpt>
      <trkpt lat="35.019981" lon="136.048096"></trkpt>
      <trkpt lat="35.019957" lon="136.047887"></trkpt>
      <trkpt lat="35.019963" lon="136.047827"></trkpt>
      <trkpt lat="35.019963" lon="136.047827"></trkpt>
      <trkpt lat="35.019966" lon="136.047798"></trkpt>
      <trkpt lat="35.020010" lon="136.047696"></trkpt>
      <trkpt lat="35.020348" lon="136.047460"></trkpt>
      <trkpt lat="35.020716" lon="136.047114"></trkpt>
      <trkpt lat="35.021021" lon="136.046902"></trkpt>
      <trkpt lat="35.021356" lon="136.046606"></trkpt>
      <trkpt lat="35.021384" lon="136.046564"></trkpt>
      <trkpt lat="35.021384" lon="136.046564"></trkpt>
      <trkpt lat="35.021543" lon="136.046330"></trkpt>
      <trkpt lat="35.021707" lon="136.046061"></trkpt>
      <trkpt lat="35.022274" lon="136.045097"></trkpt>
      <trkpt lat="35.022406" lon="136.044873"></trkpt>
      <trkpt lat="35.022615" lon="136.044451"></trkpt>
      <trkpt lat="35.022615" lon="136.044451"></trkpt>
      <trkpt lat="35.022887" lon="136.043918"></trkpt>
      <trkpt lat="35.023019" lon="136.043567"></trkpt>
      <trkpt lat="35.023078" lon="136.043366"></trkpt>
      <trkpt lat="35.023192" lon="136.042918"></trkpt>
      <trkpt lat="35.023409" lon="136.042069"></trkpt>
      <trkpt lat="35.023557" lon="136.041499"></trkpt>
      <trkpt lat="35.023717" lon="136.040737"></trkpt>
      <trkpt lat="35.023725" lon="136.040623"></trkpt>
      <trkpt lat="35.023725" lon="136.040623"></trkpt>
      <trkpt lat="35.023746" lon="136.040321"></trkpt>
      <trkpt lat="35.023869" lon="136.039659"></trkpt>
      <trkpt lat="35.023873" lon="136.039265"></trkpt>
      <trkpt lat="35.023911" lon="136.038798"></trkpt>
      <trkpt lat="35.023960" lon="136.038322"></trkpt>
      <trkpt lat="35.023968" lon="136.037848"></trkpt>
      <trkpt lat="35.023975" lon="136.037427"></trkpt>
      <trkpt lat="35.023951" lon="136.036987"></trkpt>
      <trkpt lat="35.023926" lon="136.036756"></trkpt>
      <trkpt lat="35.023942" lon="136.036674"></trkpt>
      <trkpt lat="35.023942" lon="136.036674"></trkpt>
      <trkpt lat="35.023969" lon="136.036531"></trkpt>
      <trkpt lat="35.024053" lon="136.036213"></trkpt>
      <trkpt lat="35.024169" lon="136.035812"></trkpt>
      <trkpt lat="35.024424" lon="136.035112"></trkpt>
      <trkpt lat="35.024494" lon="136.034863"></trkpt>
      <trkpt lat="35.024516" lon="136.034722"></trkpt>
      <trkpt lat="35.024491" lon="136.034430"></trkpt>
      <trkpt lat="35.024506" lon="136.034011"></trkpt>
      <trkpt lat="35.024515" lon="136.033884"></trkpt>
      <trkpt lat="35.024564" lon="136.033601"></trkpt>
      <trkpt lat="35.024656" lon="136.033314"></trkpt>
      <trkpt lat="35.024829" lon="136.032914"></trkpt>
      <trkpt lat="35.024982" lon="136.032588"></trkpt>
      <trkpt lat="35.025129" lon="136.032233"></trkpt>
      <trkpt lat="35.025272" lon="136.031837"></trkpt>
      <trkpt lat="35.025317" lon="136.031688"></trkpt>
      <trkpt lat="35.025370" lon="136.031465"></trkpt>
      <trkpt lat="35.025419" lon="136.031314"></trkpt>
      <trkpt lat="35.025532" lon="136.031061"></trkpt>
      <trkpt lat="35.025545" lon="136.030951"></trkpt>
      <trkpt lat="35.025535" lon="136.030726"></trkpt>
      <trkpt lat="35.025494" lon="136.030278"></trkpt>
      <trkpt lat="35.025497" lon="136.029934"></trkpt>
      <trkpt lat="35.025512" lon="136.029801"></trkpt>
      <trkpt lat="35.025578" lon="136.029369"></trkpt>
      <trkpt lat="35.025614" lon="136.029281"></trkpt>
      <trkpt lat="35.025804" lon="136.028932"></trkpt>
      <trkpt lat="35.025804" lon="136.028932"></trkpt>
      <trkpt lat="35.025869" lon="136.028789"></trkpt>
      <trkpt lat="35.025926" lon="136.028576"></trkpt>
      <trkpt lat="35.025975" lon="136.028280"></trkpt>
      <trkpt lat="35.025977" lon="136.028171"></trkpt>
      <trkpt lat="35.025977" lon="136.028171"></trkpt>
      <trkpt lat="35.025977" lon="136.028171"></trkpt>
      <trkpt lat="35.025974" lon="136.027579"></trkpt>
      <trkpt lat="35.025955" lon="136.027023"></trkpt>
      <trkpt lat="35.025979" lon="136.026434"></trkpt>
      <trkpt lat="35.025871" lon="136.025586"></trkpt>
      <trkpt lat="35.025872" lon="136.025293"></trkpt>
      <trkpt lat="35.025886" lon="136.024766"></trkpt>
      <trkpt lat="35.025910" lon="136.024463"></trkpt>
      <trkpt lat="35.025985" lon="136.023992"></trkpt>
      <trkpt lat="35.026045" lon="136.023504"></trkpt>
      <trkpt lat="35.026080" lon="136.023151"></trkpt>
      <trkpt lat="35.026075" lon="136.023028"></trkpt>
      <trkpt lat="35.026081" lon="136.022908"></trkpt>
      <trkpt lat="35.026095" lon="136.022784"></trkpt>
      <trkpt lat="35.026159" lon="136.022451"></trkpt>
      <trkpt lat="35.026219" lon="136.022185"></trkpt>
      <trkpt lat="35.026219" lon="136.022185"></trkpt>
      <trkpt lat="35.026219" lon="136.022185"></trkpt>
      <trkpt lat="35.026224" lon="136.022071"></trkpt>
      <trkpt lat="35.026220" lon="136.021943"></trkpt>
      <trkpt lat="35.026195" lon="136.021615"></trkpt>
      <trkpt lat="35.026156" lon="136.021251"></trkpt>
      <trkpt lat="35.026142" lon="136.020910"></trkpt>
      <trkpt lat="35.026110" lon="136.020495"></trkpt>
      <trkpt lat="35.026079" lon="136.020296"></trkpt>
      <trkpt lat="35.026035" lon="136.020086"></trkpt>
      <trkpt lat="35.025995" lon="136.019920"></trkpt>
      <trkpt lat="35.025977" lon="136.019763"></trkpt>
      <trkpt lat="35.025942" lon="136.019617"></trkpt>
      <trkpt lat="35.025944" lon="136.019615"></trkpt>
      <trkpt lat="35.025942" lon="136.019617"></trkpt>
      <trkpt lat="35.025620" lon="136.019514"></trkpt>
      <trkpt lat="35.025307" lon="136.019306"></trkpt>
      <trkpt lat="35.025031" lon="136.019061"></trkpt>
      <trkpt lat="35.024862" lon="136.018856"></trkpt>
      <trkpt lat="35.024807" lon="136.018761"></trkpt>
      <trkpt lat="35.024800" lon="136.018767"></trkpt>
      <trkpt lat="35.024807" lon="136.018761"></trkpt>
      <trkpt lat="35.024768" lon="136.018624"></trkpt>
      <trkpt lat="35.024669" lon="136.018050"></trkpt>
      <trkpt lat="35.024612" lon="136.017690"></trkpt>
      <trkpt lat="35.024522" lon="136.017373"></trkpt>
      <trkpt lat="35.024223" lon="136.016529"></trkpt>
      <trkpt lat="35.024173" lon="136.016357"></trkpt>
      <trkpt lat="35.024154" lon="136.016203"></trkpt>
      <trkpt lat="35.024143" lon="136.016031"></trkpt>
      <trkpt lat="35.024136" lon="136.015702"></trkpt>
      <trkpt lat="35.024165" lon="136.015112"></trkpt>
      <trkpt lat="35.024322" lon="136.013706"></trkpt>
      <trkpt lat="35.024377" lon="136.013505"></trkpt>
      <trkpt lat="35.024365" lon="136.013500"></trkpt>
      <trkpt lat="35.024377" lon="136.013505"></trkpt>
      <trkpt lat="35.024445" lon="136.013293"></trkpt>
      <trkpt lat="35.024588" lon="136.012985"></trkpt>
      <trkpt lat="35.025157" lon="136.011905"></trkpt>
      <trkpt lat="35.025282" lon="136.011773"></trkpt>
      <trkpt lat="35.025396" lon="136.011681"></trkpt>
      <trkpt lat="35.025497" lon="136.011576"></trkpt>
      <trkpt lat="35.025597" lon="136.011434"></trkpt>
      <trkpt lat="35.025727" lon="136.011188"></trkpt>
      <trkpt lat="35.025816" lon="136.010980"></trkpt>
      <trkpt lat="35.025888" lon="136.010748"></trkpt>
      <trkpt lat="35.025925" lon="136.010570"></trkpt>
      <trkpt lat="35.025961" lon="136.010311"></trkpt>
      <trkpt lat="35.025945" lon="136.009346"></trkpt>
      <trkpt lat="35.025926" lon="136.008919"></trkpt>
      <trkpt lat="35.025928" lon="136.008689"></trkpt>
      <trkpt lat="35.025952" lon="136.008313"></trkpt>
      <trkpt lat="35.025943" lon="136.008045"></trkpt>
      <trkpt lat="35.025925" lon="136.007843"></trkpt>
      <trkpt lat="35.025827" lon="136.007111"></trkpt>
      <trkpt lat="35.025804" lon="136.006892"></trkpt>
      <trkpt lat="35.025791" lon="136.006552"></trkpt>
      <trkpt lat="35.025759" lon="136.006335"></trkpt>
      <trkpt lat="35.025713" lon="136.006097"></trkpt>
      <trkpt lat="35.025676" lon="136.005960"></trkpt>
      <trkpt lat="35.025629" lon="136.005838"></trkpt>
      <trkpt lat="35.025597" lon="136.005681"></trkpt>
      <trkpt lat="35.025597" lon="136.005614"></trkpt>
      <trkpt lat="35.025599" lon="136.005614"></trkpt>
      <trkpt lat="35.025597" lon="136.005614"></trkpt>
      <trkpt lat="35.025597" lon="136.005527"></trkpt>
      <trkpt lat="35.025634" lon="136.005346"></trkpt>
      <trkpt lat="35.025677" lon="136.005223"></trkpt>
      <trkpt lat="35.025858" lon="136.004822"></trkpt>
      <trkpt lat="35.025901" lon="136.004683"></trkpt>
      <trkpt lat="35.025988" lon="136.004056"></trkpt>
      <trkpt lat="35.026020" lon="136.003653"></trkpt>
      <trkpt lat="35.026020" lon="136.003550"></trkpt>
      <trkpt lat="35.025957" lon="136.003269"></trkpt>
      <trkpt lat="35.025953" lon="136.003092"></trkpt>
      <trkpt lat="35.026026" lon="136.002527"></trkpt>
      <trkpt lat="35.026039" lon="136.002359"></trkpt>
      <trkpt lat="35.026037" lon="136.002151"></trkpt>
      <trkpt lat="35.026017" lon="136.001847"></trkpt>
      <trkpt lat="35.026000" lon="136.001726"></trkpt>
      <trkpt lat="35.025977" lon="136.001318"></trkpt>
      <trkpt lat="35.025978" lon="136.000957"></trkpt>
      <trkpt lat="35.026004" lon="135.999892"></trkpt>
      <trkpt lat="35.025975" lon="135.999254"></trkpt>
      <trkpt lat="35.025897" lon="135.998551"></trkpt>
      <trkpt lat="35.025934" lon="135.997355"></trkpt>
      <trkpt lat="35.025965" lon="135.996645"></trkpt>
      <trkpt lat="35.026010" lon="135.995868"></trkpt>
      <trkpt lat="35.026024" lon="135.995348"></trkpt>
      <trkpt lat="35.025969" lon="135.994729"></trkpt>
      <trkpt lat="35.025954" lon="135.994693"></trkpt>
      <trkpt lat="35.025954" lon="135.994693"></trkpt>
      <trkpt lat="35.025922" lon="135.994620"></trkpt>
      <trkpt lat="35.025821" lon="135.994440"></trkpt>
      <trkpt lat="35.025631" lon="135.994180"></trkpt>
      <trkpt lat="35.025439" lon="135.993908"></trkpt>
      <trkpt lat="35.025218" lon="135.993628"></trkpt>
      <trkpt lat="35.024975" lon="135.993337"></trkpt>
      <trkpt lat="35.024755" lon="135.993114"></trkpt>
      <trkpt lat="35.024755" lon="135.993114"></trkpt>
      <trkpt lat="35.024519" lon="135.992894"></trkpt>
      <trkpt lat="35.024347" lon="135.992770"></trkpt>
      <trkpt lat="35.024250" lon="135.992740"></trkpt>
      <trkpt lat="35.023875" lon="135.992694"></trkpt>
      <trkpt lat="35.023742" lon="135.992639"></trkpt>
      <trkpt lat="35.023558" lon="135.992524"></trkpt>
      <trkpt lat="35.023462" lon="135.992444"></trkpt>
      <trkpt lat="35.023354" lon="135.992338"></trkpt>
      <trkpt lat="35.023239" lon="135.992202"></trkpt>
      <trkpt lat="35.023114" lon="135.992012"></trkpt>
      <trkpt lat="35.023117" lon="135.992010"></trkpt>
      <trkpt lat="35.023114" lon="135.992012"></trkpt>
      <trkpt lat="35.022939" lon="135.991581"></trkpt>
      <trkpt lat="35.022783" lon="135.991309"></trkpt>
      <trkpt lat="35.022612" lon="135.991061"></trkpt>
      <trkpt lat="35.022361" lon="135.990724"></trkpt>
      <trkpt lat="35.021888" lon="135.990004"></trkpt>
      <trkpt lat="35.021801" lon="135.989831"></trkpt>
      <trkpt lat="35.021743" lon="135.989625"></trkpt>
      <trkpt lat="35.021715" lon="135.989495"></trkpt>
      <trkpt lat="35.021512" lon="135.989544"></trkpt>
      <trkpt lat="35.021409" lon="135.989555"></trkpt>
      <trkpt lat="35.021359" lon="135.989545"></trkpt>
      <trkpt lat="35.021305" lon="135.989515"></trkpt>
      <trkpt lat="35.020592" lon="135.988993"></trkpt>
      <trkpt lat="35.020378" lon="135.988799"></trkpt>
      <trkpt lat="35.020185" lon="135.988570"></trkpt>
      <trkpt lat="35.019991" lon="135.988361"></trkpt>
      <trkpt lat="35.019735" lon="135.988120"></trkpt>
      <trkpt lat="35.019397" lon="135.987827"></trkpt>
      <trkpt lat="35.018958" lon="135.987575"></trkpt>
      <trkpt lat="35.018541" lon="135.987298"></trkpt>
      <trkpt lat="35.018149" lon="135.987024"></trkpt>
      <trkpt lat="35.017708" lon="135.986638"></trkpt>
      <trkpt lat="35.017287" lon="135.986224"></trkpt>
      <trkpt lat="35.017227" lon="135.986082"></trkpt>
      <trkpt lat="35.017227" lon="135.986082"></trkpt>
      <trkpt lat="35.017202" lon="135.986023"></trkpt>
      <trkpt lat="35.017333" lon="135.985673"></trkpt>
      <trkpt lat="35.017527" lon="135.985227"></trkpt>
      <trkpt lat="35.017572" lon="135.985108"></trkpt>
      <trkpt lat="35.017601" lon="135.984974"></trkpt>
      <trkpt lat="35.017644" lon="135.984711"></trkpt>
      <trkpt lat="35.017730" lon="135.984166"></trkpt>
      <trkpt lat="35.017745" lon="135.984025"></trkpt>
      <trkpt lat="35.017724" lon="135.983888"></trkpt>
      <trkpt lat="35.017709" lon="135.983838"></trkpt>
      <trkpt lat="35.017709" lon="135.983838"></trkpt>
      <trkpt lat="35.017673" lon="135.983721"></trkpt>
      <trkpt lat="35.017635" lon="135.983652"></trkpt>
      <trkpt lat="35.017535" lon="135.983515"></trkpt>
      <trkpt lat="35.017038" lon="135.983123"></trkpt>
      <trkpt lat="35.016872" lon="135.982925"></trkpt>
      <trkpt lat="35.016490" lon="135.982458"></trkpt>
      <trkpt lat="35.015997" lon="135.981840"></trkpt>
      <trkpt lat="35.015133" lon="135.980734"></trkpt>
      <trkpt lat="35.014405" lon="135.979726"></trkpt>
      <trkpt lat="35.014313" lon="135.979614"></trkpt>
      <trkpt lat="35.013688" lon="135.978947"></trkpt>
      <trkpt lat="35.013501" lon="135.978737"></trkpt>
      <trkpt lat="35.013119" lon="135.978381"></trkpt>
      <trkpt lat="35.013027" lon="135.978238"></trkpt>
      <trkpt lat="35.012918" lon="135.977920"></trkpt>
      <trkpt lat="35.012887" lon="135.977864"></trkpt>
      <trkpt lat="35.012720" lon="135.977665"></trkpt>
      <trkpt lat="35.012678" lon="135.977591"></trkpt>
      <trkpt lat="35.012660" lon="135.977541"></trkpt>
      <trkpt lat="35.012644" lon="135.977440"></trkpt>
      <trkpt lat="35.012644" lon="135.977440"></trkpt>
      <trkpt lat="35.012644" lon="135.977348"></trkpt>
      <trkpt lat="35.012661" lon="135.977228"></trkpt>
      <trkpt lat="35.013008" lon="135.976100"></trkpt>
      <trkpt lat="35.013156" lon="135.975660"></trkpt>
      <trkpt lat="35.013300" lon="135.975367"></trkpt>
      <trkpt lat="35.013511" lon="135.974964"></trkpt>
      <trkpt lat="35.013788" lon="135.974330"></trkpt>
      <trkpt lat="35.014082" lon="135.973549"></trkpt>
      <trkpt lat="35.014159" lon="135.973385"></trkpt>
      <trkpt lat="35.014363" lon="135.973126"></trkpt>
      <trkpt lat="35.014657" lon="135.972736"></trkpt>
      <trkpt lat="35.014770" lon="135.972518"></trkpt>
      <trkpt lat="35.014936" lon="135.972148"></trkpt>
      <trkpt lat="35.015008" lon="135.972025"></trkpt>
      <trkpt lat="35.015371" lon="135.971548"></trkpt>
      <trkpt lat="35.015838" lon="135.970963"></trkpt>
      <trkpt lat="35.015953" lon="135.970746"></trkpt>
      <trkpt lat="35.016491" lon="135.969902"></trkpt>
      <trkpt lat="35.016452" lon="135.969851"></trkpt>
      <trkpt lat="35.016625" lon="135.969371"></trkpt>
      <trkpt lat="35.016811" lon="135.968900"></trkpt>
      <trkpt lat="35.016885" lon="135.968666"></trkpt>
      <trkpt lat="35.016891" lon="135.968397"></trkpt>
      <trkpt lat="35.017108" lon="135.967631"></trkpt>
      <trkpt lat="35.017082" lon="135.967561"></trkpt>
      <trkpt lat="35.017210" lon="135.967157"></trkpt>
      <trkpt lat="35.017210" lon="135.967157"></trkpt>
      <trkpt lat="35.017245" lon="135.967046"></trkpt>
      <trkpt lat="35.017384" lon="135.966740"></trkpt>
      <trkpt lat="35.017302" lon="135.966697"></trkpt>
      <trkpt lat="35.017333" lon="135.966635"></trkpt>
      <trkpt lat="35.017131" lon="135.966495"></trkpt>
      <trkpt lat="35.017092" lon="135.966439"></trkpt>
      <trkpt lat="35.017079" lon="135.966385"></trkpt>
      <trkpt lat="35.017090" lon="135.966078"></trkpt>
      <trkpt lat="35.017083" lon="135.965784"></trkpt>
      <trkpt lat="35.017069" lon="135.965645"></trkpt>
      <trkpt lat="35.017048" lon="135.965548"></trkpt>
      <trkpt lat="35.017015" lon="135.965472"></trkpt>
      <trkpt lat="35.016888" lon="135.965248"></trkpt>
      <trkpt lat="35.016872" lon="135.965202"></trkpt>
      <trkpt lat="35.016872" lon="135.964922"></trkpt>
      <trkpt lat="35.016936" lon="135.964076"></trkpt>
      <trkpt lat="35.016945" lon="135.964033"></trkpt>
      <trkpt lat="35.016932" lon="135.964029"></trkpt>
      <trkpt lat="35.016945" lon="135.964033"></trkpt>
      <trkpt lat="35.016972" lon="135.963894"></trkpt>
      <trkpt lat="35.017054" lon="135.963617"></trkpt>
      <trkpt lat="35.017744" lon="135.961520"></trkpt>
      <trkpt lat="35.017789" lon="135.961401"></trkpt>
      <trkpt lat="35.018072" lon="135.960836"></trkpt>
      <trkpt lat="35.018074" lon="135.960832"></trkpt>
      <trkpt lat="35.017538" lon="135.960362"></trkpt>
      <trkpt lat="35.017053" lon="135.959950"></trkpt>
      <trkpt lat="35.016846" lon="135.959792"></trkpt>
      <trkpt lat="35.015948" lon="135.959053"></trkpt>
      <trkpt lat="35.015496" lon="135.958657"></trkpt>
      <trkpt lat="35.014429" lon="135.957752"></trkpt>
      <trkpt lat="35.014218" lon="135.957581"></trkpt>
      <trkpt lat="35.014221" lon="135.957575"></trkpt>
      <trkpt lat="35.014218" lon="135.957581"></trkpt>
      <trkpt lat="35.013859" lon="135.957319"></trkpt>
      <trkpt lat="35.013554" lon="135.957131"></trkpt>
      <trkpt lat="35.013383" lon="135.957117"></trkpt>
      <trkpt lat="35.013235" lon="135.957072"></trkpt>
      <trkpt lat="35.012674" lon="135.956792"></trkpt>
      <trkpt lat="35.012313" lon="135.956746"></trkpt>
      <trkpt lat="35.012191" lon="135.956724"></trkpt>
      <trkpt lat="35.012102" lon="135.956695"></trkpt>
      <trkpt lat="35.011794" lon="135.956548"></trkpt>
      <trkpt lat="35.011706" lon="135.956488"></trkpt>
      <trkpt lat="35.010969" lon="135.956073"></trkpt>
      <trkpt lat="35.010877" lon="135.956020"></trkpt>
      <trkpt lat="35.010323" lon="135.955641"></trkpt>
      <trkpt lat="35.009053" lon="135.954810"></trkpt>
      <trkpt lat="35.008388" lon="135.954364"></trkpt>
      <trkpt lat="35.007594" lon="135.953891"></trkpt>
      <trkpt lat="35.007027" lon="135.953525"></trkpt>
      <trkpt lat="35.007027" lon="135.953525"></trkpt>
      <trkpt lat="35.006473" lon="135.953158"></trkpt>
      <trkpt lat="35.006304" lon="135.953058"></trkpt>
      <trkpt lat="35.005963" lon="135.952886"></trkpt>
      <trkpt lat="35.005792" lon="135.952814"></trkpt>
      <trkpt lat="35.005794" lon="135.952807"></trkpt>
      <trkpt lat="35.005792" lon="135.952814"></trkpt>
      <trkpt lat="35.004831" lon="135.952348"></trkpt>
      <trkpt lat="35.004386" lon="135.952182"></trkpt>
      <trkpt lat="35.004107" lon="135.952122"></trkpt>
      <trkpt lat="35.004039" lon="135.952221"></trkpt>
      <trkpt lat="35.003847" lon="135.952027"></trkpt>
      <trkpt lat="35.003758" lon="135.951986"></trkpt>
      <trkpt lat="35.003666" lon="135.951944"></trkpt>
      <trkpt lat="35.003638" lon="135.952002"></trkpt>
      <trkpt lat="35.003356" lon="135.951919"></trkpt>
      <trkpt lat="35.003337" lon="135.951931"></trkpt>
      <trkpt lat="35.003296" lon="135.952039"></trkpt>
      <trkpt lat="35.003231" lon="135.952015"></trkpt>
      <trkpt lat="35.003211" lon="135.951975"></trkpt>
      <trkpt lat="35.003196" lon="135.951965"></trkpt>
      <trkpt lat="35.003196" lon="135.951965"></trkpt>
      <trkpt lat="35.003147" lon="135.951934"></trkpt>
      <trkpt lat="35.003253" lon="135.951691"></trkpt>
      <trkpt lat="35.003307" lon="135.951657"></trkpt>
      <trkpt lat="35.003291" lon="135.951633"></trkpt>
      <trkpt lat="35.003298" lon="135.951626"></trkpt>
      <trkpt lat="35.003291" lon="135.951633"></trkpt>
      <trkpt lat="35.003171" lon="135.951497"></trkpt>
      <trkpt lat="35.003162" lon="135.951487"></trkpt>
      <trkpt lat="35.003123" lon="135.951614"></trkpt>
      <trkpt lat="35.002978" lon="135.951945"></trkpt>
      <trkpt lat="35.002945" lon="135.951940"></trkpt>
      <trkpt lat="35.002835" lon="135.951957"></trkpt>
      <trkpt lat="35.002386" lon="135.952058"></trkpt>
      <trkpt lat="35.002217" lon="135.952129"></trkpt>
      <trkpt lat="35.001962" lon="135.952164"></trkpt>
      <trkpt lat="35.001783" lon="135.952160"></trkpt>
      <trkpt lat="35.001605" lon="135.952143"></trkpt>
      <trkpt lat="35.001152" lon="135.952058"></trkpt>
      <trkpt lat="35.001002" lon="135.952000"></trkpt>
      <trkpt lat="35.000784" lon="135.951899"></trkpt>
      <trkpt lat="35.000588" lon="135.951724"></trkpt>
      <trkpt lat="35.000588" lon="135.951724"></trkpt>
      <trkpt lat="35.000491" lon="135.951583"></trkpt>
      <trkpt lat="35.000136" lon="135.950783"></trkpt>
      <trkpt lat="34.999813" lon="135.950020"></trkpt>
      <trkpt lat="34.999735" lon="135.949863"></trkpt>
      <trkpt lat="34.999554" lon="135.949592"></trkpt>
      <trkpt lat="34.999446" lon="135.949447"></trkpt>
      <trkpt lat="34.999449" lon="135.949443"></trkpt>
      <trkpt lat="34.999446" lon="135.949447"></trkpt>
      <trkpt lat="34.999358" lon="135.949349"></trkpt>
      <trkpt lat="34.999138" lon="135.949157"></trkpt>
      <trkpt lat="34.998822" lon="135.948906"></trkpt>
      <trkpt lat="34.998440" lon="135.948579"></trkpt>
      <trkpt lat="34.998089" lon="135.948336"></trkpt>
      <trkpt lat="34.997833" lon="135.948114"></trkpt>
      <trkpt lat="34.997590" lon="135.948013"></trkpt>
      <trkpt lat="34.997374" lon="135.947939"></trkpt>
      <trkpt lat="34.997164" lon="135.947830"></trkpt>
      <trkpt lat="34.996827" lon="135.947572"></trkpt>
      <trkpt lat="34.996597" lon="135.947376"></trkpt>
      <trkpt lat="34.996437" lon="135.947224"></trkpt>
      <trkpt lat="34.996345" lon="135.947120"></trkpt>
      <trkpt lat="34.996256" lon="135.946984"></trkpt>
      <trkpt lat="34.996190" lon="135.946871"></trkpt>
      <trkpt lat="34.996135" lon="135.946742"></trkpt>
      <trkpt lat="34.996081" lon="135.946587"></trkpt>
      <trkpt lat="34.995866" lon="135.946093"></trkpt>
      <trkpt lat="34.995797" lon="135.945904"></trkpt>
      <trkpt lat="34.995759" lon="135.945758"></trkpt>
      <trkpt lat="34.995758" lon="135.945697"></trkpt>
      <trkpt lat="34.995793" lon="135.945531"></trkpt>
      <trkpt lat="34.995805" lon="135.945404"></trkpt>
      <trkpt lat="34.995802" lon="135.945258"></trkpt>
      <trkpt lat="34.995791" lon="135.945175"></trkpt>
      <trkpt lat="34.995747" lon="135.944974"></trkpt>
      <trkpt lat="34.995732" lon="135.944940"></trkpt>
      <trkpt lat="34.995699" lon="135.944904"></trkpt>
      <trkpt lat="34.995713" lon="135.944856"></trkpt>
      <trkpt lat="34.994711" lon="135.944578"></trkpt>
      <trkpt lat="34.993573" lon="135.944358"></trkpt>
      <trkpt lat="34.993406" lon="135.944197"></trkpt>
      <trkpt lat="34.993182" lon="135.944154"></trkpt>
      <trkpt lat="34.992395" lon="135.943467"></trkpt>
      <trkpt lat="34.991688" lon="135.942630"></trkpt>
      <trkpt lat="34.990950" lon="135.942024"></trkpt>
      <trkpt lat="34.990563" lon="135.941563"></trkpt>
      <trkpt lat="34.990027" lon="135.941198"></trkpt>
      <trkpt lat="34.988792" lon="135.939878"></trkpt>
      <trkpt lat="34.988796" lon="135.939882"></trkpt>
      <trkpt lat="34.988800" lon="135.939876"></trkpt>
      <trkpt lat="34.988452" lon="135.939373"></trkpt>
      <trkpt lat="34.987917" lon="135.938616"></trkpt>
      <trkpt lat="34.987623" lon="135.938278"></trkpt>
      <trkpt lat="34.987563" lon="135.938210"></trkpt>
      <trkpt lat="34.987394" lon="135.937981"></trkpt>
      <trkpt lat="34.987176" lon="135.937575"></trkpt>
      <trkpt lat="34.986966" lon="135.937139"></trkpt>
      <trkpt lat="34.986907" lon="135.936912"></trkpt>
      <trkpt lat="34.986893" lon="135.936917"></trkpt>
      <trkpt lat="34.986907" lon="135.936912"></trkpt>
      <trkpt lat="34.986839" lon="135.936654"></trkpt>
      <trkpt lat="34.986788" lon="135.936385"></trkpt>
      <trkpt lat="34.986709" lon="135.935836"></trkpt>
      <trkpt lat="34.986694" lon="135.935615"></trkpt>
      <trkpt lat="34.986683" lon="135.935224"></trkpt>
      <trkpt lat="34.986717" lon="135.934670"></trkpt>
      <trkpt lat="34.986735" lon="135.934496"></trkpt>
      <trkpt lat="34.986716" lon="135.933938"></trkpt>
      <trkpt lat="34.986773" lon="135.933555"></trkpt>
      <trkpt lat="34.986831" lon="135.933424"></trkpt>
      <trkpt lat="34.986872" lon="135.933296"></trkpt>
      <trkpt lat="34.986865" lon="135.933150"></trkpt>
      <trkpt lat="34.986848" lon="135.933041"></trkpt>
      <trkpt lat="34.986774" lon="135.932906"></trkpt>
      <trkpt lat="34.986592" lon="135.932533"></trkpt>
      <trkpt lat="34.986548" lon="135.932472"></trkpt>
      <trkpt lat="34.986520" lon="135.932434"></trkpt>
      <trkpt lat="34.985901" lon="135.931997"></trkpt>
      <trkpt lat="34.985697" lon="135.931874"></trkpt>
      <trkpt lat="34.985591" lon="135.931777"></trkpt>
      <trkpt lat="34.985564" lon="135.931730"></trkpt>
      <trkpt lat="34.985536" lon="135.931526"></trkpt>
      <trkpt lat="34.985432" lon="135.931061"></trkpt>
      <trkpt lat="34.985086" lon="135.929921"></trkpt>
      <trkpt lat="34.985036" lon="135.929709"></trkpt>
      <trkpt lat="34.984934" lon="135.929493"></trkpt>
      <trkpt lat="34.984828" lon="135.929396"></trkpt>
      <trkpt lat="34.984469" lon="135.929123"></trkpt>
      <trkpt lat="34.984226" lon="135.928920"></trkpt>
      <trkpt lat="34.983905" lon="135.928618"></trkpt>
      <trkpt lat="34.983482" lon="135.928143"></trkpt>
      <trkpt lat="34.983387" lon="135.928002"></trkpt>
      <trkpt lat="34.983310" lon="135.927853"></trkpt>
      <trkpt lat="34.983217" lon="135.927584"></trkpt>
      <trkpt lat="34.983097" lon="135.927221"></trkpt>
      <trkpt lat="34.983074" lon="135.927095"></trkpt>
      <trkpt lat="34.983029" lon="135.926523"></trkpt>
      <trkpt lat="34.982961" lon="135.926247"></trkpt>
      <trkpt lat="34.982922" lon="135.926174"></trkpt>
      <trkpt lat="34.982897" lon="135.926147"></trkpt>
      <trkpt lat="34.982898" lon="135.926145"></trkpt>
      <trkpt lat="34.982239" lon="135.925421"></trkpt>
      <trkpt lat="34.981856" lon="135.925207"></trkpt>
      <trkpt lat="34.981083" lon="135.924826"></trkpt>
      <trkpt lat="34.980823" lon="135.924525"></trkpt>
      <trkpt lat="34.980727" lon="135.923984"></trkpt>
      <trkpt lat="34.980700" lon="135.923265"></trkpt>
      <trkpt lat="34.980740" lon="135.921961"></trkpt>
      <trkpt lat="34.980696" lon="135.920947"></trkpt>
      <trkpt lat="34.980757" lon="135.920116"></trkpt>
      <trkpt lat="34.979790" lon="135.919998"></trkpt>
      <trkpt lat="34.979522" lon="135.920051"></trkpt>
      <trkpt lat="34.978248" lon="135.919971"></trkpt>
      <trkpt lat="34.977980" lon="135.919971"></trkpt>
      <trkpt lat="34.977289" lon="135.919949"></trkpt>
      <trkpt lat="34.976775" lon="135.919842"></trkpt>
      <trkpt lat="34.976736" lon="135.919134"></trkpt>
      <trkpt lat="34.976727" lon="135.917739"></trkpt>
      <trkpt lat="34.976793" lon="135.916688"></trkpt>
      <trkpt lat="34.976828" lon="135.916076"></trkpt>
      <trkpt lat="34.976705" lon="135.915685"></trkpt>
      <trkpt lat="34.976459" lon="135.915164"></trkpt>
      <trkpt lat="34.976129" lon="135.914564"></trkpt>
      <trkpt lat="34.976164" lon="135.914263"></trkpt>
      <trkpt lat="34.976314" lon="135.913866"></trkpt>
      <trkpt lat="34.975540" lon="135.913045"></trkpt>
      <trkpt lat="34.973386" lon="135.910937"></trkpt>
      <trkpt lat="34.972903" lon="135.910905"></trkpt>
      <trkpt lat="34.972872" lon="135.910192"></trkpt>
      <trkpt lat="34.972705" lon="135.907681"></trkpt>
      <trkpt lat="34.973408" lon="135.904816"></trkpt>
      <trkpt lat="34.973817" lon="135.903191"></trkpt>
      <trkpt lat="34.974221" lon="135.901968"></trkpt>
      <trkpt lat="34.974907" lon="135.901898"></trkpt>
      <trkpt lat="34.976626" lon="135.901946"></trkpt>
      <trkpt lat="34.977404" lon="135.902038"></trkpt>
      <trkpt lat="34.978305" lon="135.902027"></trkpt>
      <trkpt lat="34.979219" lon="135.902097"></trkpt>
      <trkpt lat="34.980656" lon="135.901936"></trkpt>
      <trkpt lat="34.982617" lon="135.901153"></trkpt>
      <trkpt lat="34.983166" lon="135.901158"></trkpt>
      <trkpt lat="34.984238" lon="135.900686"></trkpt>
      <trkpt lat="34.984370" lon="135.900251"></trkpt>
      <trkpt lat="34.984550" lon="135.899447"></trkpt>
      <trkpt lat="34.984986" lon="135.898905"></trkpt>
      <trkpt lat="34.985227" lon="135.898218"></trkpt>
      <trkpt lat="34.985495" lon="135.897966"></trkpt>
      <trkpt lat="34.986137" lon="135.897778"></trkpt>
      <trkpt lat="34.986621" lon="135.897735"></trkpt>
      <trkpt lat="34.987245" lon="135.897360"></trkpt>
      <trkpt lat="34.987333" lon="135.896496"></trkpt>
      <trkpt lat="34.987530" lon="135.896244"></trkpt>
      <trkpt lat="34.987289" lon="135.894168"></trkpt>
      <trkpt lat="34.988554" lon="135.894066"></trkpt>
      <trkpt lat="34.989785" lon="135.893937"></trkpt>
      <trkpt lat="34.991130" lon="135.893905"></trkpt>
      <trkpt lat="34.991257" lon="135.893787"></trkpt>
      <trkpt lat="34.991288" lon="135.891985"></trkpt>
      <trkpt lat="34.993200" lon="135.891942"></trkpt>
      <trkpt lat="34.994979" lon="135.891915"></trkpt>
      <trkpt lat="34.997599" lon="135.891920"></trkpt>
      <trkpt lat="34.998526" lon="135.891947"></trkpt>
      <trkpt lat="34.999681" lon="135.889952"></trkpt>
      <trkpt lat="35.000481" lon="135.890279"></trkpt>
      <trkpt lat="35.000740" lon="135.889855"></trkpt>
      <trkpt lat="35.000762" lon="135.889592"></trkpt>
      <trkpt lat="35.000736" lon="135.889260"></trkpt>
      <trkpt lat="35.000503" lon="135.888938"></trkpt>
      <trkpt lat="35.000371" lon="135.888863"></trkpt>
      <trkpt lat="35.000639" lon="135.887951"></trkpt>
      <trkpt lat="35.000881" lon="135.886996"></trkpt>
      <trkpt lat="35.001307" lon="135.885993"></trkpt>
      <trkpt lat="35.001545" lon="135.885258"></trkpt>
      <trkpt lat="35.001641" lon="135.884829"></trkpt>
      <trkpt lat="35.001931" lon="135.884748"></trkpt>
      <trkpt lat="35.002406" lon="135.883123"></trkpt>
      <trkpt lat="35.002744" lon="135.881996"></trkpt>
      <trkpt lat="35.003052" lon="135.880789"></trkpt>
      <trkpt lat="35.003311" lon="135.879749"></trkpt>
      <trkpt lat="35.003434" lon="135.879019"></trkpt>
      <trkpt lat="35.003873" lon="135.877640"></trkpt>
      <trkpt lat="35.004251" lon="135.876412"></trkpt>
      <trkpt lat="35.004251" lon="135.876020"></trkpt>
      <trkpt lat="35.004185" lon="135.875650"></trkpt>
      <trkpt lat="35.004106" lon="135.875205"></trkpt>
      <trkpt lat="35.004115" lon="135.874491"></trkpt>
      <trkpt lat="35.004102" lon="135.873628"></trkpt>
      <trkpt lat="35.004743" lon="135.871793"></trkpt>
      <trkpt lat="35.005666" lon="135.868998"></trkpt>
      <trkpt lat="35.006404" lon="135.866729"></trkpt>
      <trkpt lat="35.007147" lon="135.864508"></trkpt>
      <trkpt lat="35.007929" lon="135.862041"></trkpt>
      <trkpt lat="35.006431" lon="135.861563"></trkpt>
      <trkpt lat="35.005917" lon="135.861408"></trkpt>
      <trkpt lat="35.004871" lon="135.861064"></trkpt>
      <trkpt lat="35.003258" lon="135.860147"></trkpt>
      <trkpt lat="35.001083" lon="135.858725"></trkpt>
      <trkpt lat="35.000481" lon="135.858591"></trkpt>
      <trkpt lat="34.999616" lon="135.858108"></trkpt>
      <trkpt lat="34.998992" lon="135.857926"></trkpt>
      <trkpt lat="34.997691" lon="135.857524"></trkpt>
      <trkpt lat="34.997027" lon="135.857416"></trkpt>
      <trkpt lat="34.995362" lon="135.857754"></trkpt>
      <trkpt lat="34.994839" lon="135.857701"></trkpt>
      <trkpt lat="34.994452" lon="135.857433"></trkpt>
      <trkpt lat="34.994158" lon="135.857025"></trkpt>
      <trkpt lat="34.994065" lon="135.856478"></trkpt>
      <trkpt lat="34.994118" lon="135.855721"></trkpt>
      <trkpt lat="34.994109" lon="135.855458"></trkpt>
      <trkpt lat="34.994228" lon="135.855110"></trkpt>
      <trkpt lat="34.994492" lon="135.853871"></trkpt>
      <trkpt lat="34.994496" lon="135.853275"></trkpt>
      <trkpt lat="34.994377" lon="135.852674"></trkpt>
      <trkpt lat="34.994338" lon="135.852583"></trkpt>
      <trkpt lat="34.994144" lon="135.852615"></trkpt>
      <trkpt lat="34.994105" lon="135.852444"></trkpt>
      <trkpt lat="34.993951" lon="135.851972"></trkpt>
      <trkpt lat="34.993468" lon="135.851188"></trkpt>
      <trkpt lat="34.992439" lon="135.849713"></trkpt>
      <trkpt lat="34.991872" lon="135.848458"></trkpt>
      <trkpt lat="34.991068" lon="135.845465"></trkpt>
      <trkpt lat="34.990295" lon="135.842316"></trkpt>
      <trkpt lat="34.990167" lon="135.841709"></trkpt>
      <trkpt lat="34.990152" lon="135.841712"></trkpt>
      <trkpt lat="34.990130" lon="135.841531"></trkpt>
      <trkpt lat="34.990138" lon="135.841383"></trkpt>
      <trkpt lat="34.990173" lon="135.841083"></trkpt>
      <trkpt lat="34.990272" lon="135.840661"></trkpt>
      <trkpt lat="34.990380" lon="135.840272"></trkpt>
      <trkpt lat="34.990325" lon="135.840162"></trkpt>
      <trkpt lat="34.990279" lon="135.840058"></trkpt>
      <trkpt lat="34.990257" lon="135.839971"></trkpt>
      <trkpt lat="34.990250" lon="135.839904"></trkpt>
      <trkpt lat="34.990257" lon="135.839803"></trkpt>
      <trkpt lat="34.990317" lon="135.839489"></trkpt>
      <trkpt lat="34.990455" lon="135.839025"></trkpt>
      <trkpt lat="34.990564" lon="135.838756"></trkpt>
      <trkpt lat="34.990723" lon="135.838406"></trkpt>
      <trkpt lat="34.990763" lon="135.838286"></trkpt>
      <trkpt lat="34.990826" lon="135.837846"></trkpt>
      <trkpt lat="34.990846" lon="135.837517"></trkpt>
      <trkpt lat="34.990849" lon="135.837327"></trkpt>
      <trkpt lat="34.990866" lon="135.837146"></trkpt>
      <trkpt lat="34.991005" lon="135.836418"></trkpt>
  </trkseg></trk>
</gpx>
