<?xml version="1.0" encoding="UTF-8"?>
<gpx version="1.1" creator="Samwise — Tokaido Field Companion" schemaLocation="http://www.topografix.com/GPX/1/1 http://www.topografix.com/GPX/1/1/gpx.xsd" xmlns="http://www.topografix.com/GPX/1/1" xmlns:xsi="http://www.w3.org/2001/XMLSchema-instance" xsi:schemaLocation="http://www.topografix.com/GPX/1/1 http://www.topografix.com/GPX/1/1/gpx.xsd http://www.garmin.com/xmlschemas/GpxExtensions/v3 http://www.garmin.com/xmlschemas/GpxExtensionsv3.xsd http://www.garmin.com/xmlschemas/TrackPointExtension/v1 http://www.garmin.com/xmlschemas/TrackPointExtensionv1.xsd http://www.garmin.com/xmlschemas/PowerExtension/v1 http://www.garmin.com/xmlschemas/PowerExtensionv1.xsd http://www.topografix.com/GPX/gpx_style/0/2 http://www.topografix.com/GPX/gpx_style/0/2/gpx_style.xsd" xmlns:gpxtpx="http://www.garmin.com/xmlschemas/TrackPointExtension/v1" xmlns:gpxx="http://www.garmin.com/xmlschemas/GpxExtensions/v3" xmlns:gpxpx="http://www.garmin.com/xmlschemas/PowerExtension/v1" xmlns:gpx_style="http://www.topografix.com/GPX/gpx_style/0/2">
  <metadata>
    <name>TOKAIDO MASTER — reference</name>
    <desc>Unverified reference route. 旧街道足跡マップ (kaidotrail), CC BY-SA 4.0, modified. IMPORTED SOURCE ROUTE, UNVERIFIED. GPS traces recorded by other walkers, not checked on the ground by anyone on this trip. The final approach into Kyoto is missing, urban sections are coarsely sampled, and the Hakone crossing follows the standard Old Tokaido rather than the hybrid line this project prefers. Hazards, bailouts and lodging remain placeholders. Do not navigate from this alone.</desc>
    <author>
      <name>gpx.studio</name>
      <link href="https://gpx.studio"/>
    </author>
    <time>2026-08-23T02:45:44.717Z</time>
  </metadata>
  <wpt lat="35.6285" lon="139.7387">
    <name>Shinagawa Station</name>
    <desc>rail-bailout · Dense service. Bailing out here is trivial. · demonstration / unverified</desc>
  </wpt>
  <wpt lat="35.5308" lon="139.697">
    <name>Kawasaki Station</name>
    <desc>rail-bailout · demonstration / unverified</desc>
  </wpt>
  <wpt lat="35.4004" lon="139.534">
    <name>Totsuka Station</name>
    <desc>rail-bailout · demonstration / unverified</desc>
  </wpt>
  <wpt lat="35.339" lon="139.487">
    <name>Fujisawa Station</name>
    <desc>rail-bailout · demonstration / unverified</desc>
  </wpt>
  <wpt lat="35.256" lon="139.155">
    <name>Odawara Station</name>
    <desc>rail-bailout · Shinkansen stop. Last dense-rail point before the Hakone crossing. · demonstration / unverified</desc>
  </wpt>
  <wpt lat="35.213298" lon="139.063847">
    <name>Hatajuku bus stop (east slope)</name>
    <desc>rail-bailout · Bus, not rail. This is the realistic east-slope exit once the trail is committed to. Timetable unverified. · medium / imported</desc>
  </wpt>
  <wpt lat="35.19239" lon="139.026334">
    <name>Moto-Hakone (Lake Ashi) bus</name>
    <desc>rail-bailout · West-side services connect to Mishima. The decisive stop-or-continue point of the Hakone day. · medium / imported</desc>
  </wpt>
  <wpt lat="35.126" lon="138.911">
    <name>Mishima Station</name>
    <desc>rail-bailout · Shinkansen stop. · demonstration / unverified</desc>
  </wpt>
  <wpt lat="35.103" lon="138.567">
    <name>Yui Station</name>
    <desc>rail-bailout · demonstration / unverified</desc>
  </wpt>
  <wpt lat="34.972" lon="138.388">
    <name>Shizuoka Station</name>
    <desc>rail-bailout · demonstration / unverified</desc>
  </wpt>
  <wpt lat="34.867" lon="138.258">
    <name>Fujieda Station</name>
    <desc>rail-bailout · demonstration / unverified</desc>
  </wpt>
  <wpt lat="34.769" lon="138.014">
    <name>Kakegawa Station</name>
    <desc>rail-bailout · demonstration / unverified</desc>
  </wpt>
  <wpt lat="34.704" lon="137.735">
    <name>Hamamatsu Station</name>
    <desc>rail-bailout · demonstration / unverified</desc>
  </wpt>
  <wpt lat="34.763" lon="137.382">
    <name>Toyohashi Station</name>
    <desc>rail-bailout · demonstration / unverified</desc>
  </wpt>
  <wpt lat="34.927" lon="137.169">
    <name>Okazaki Station</name>
    <desc>rail-bailout · demonstration / unverified</desc>
  </wpt>
  <wpt lat="35.128" lon="136.908">
    <name>Atsuta / Jingu-mae</name>
    <desc>rail-bailout · demonstration / unverified</desc>
  </wpt>
  <wpt lat="35.062" lon="136.693">
    <name>Kuwana Station</name>
    <desc>rail-bailout · demonstration / unverified</desc>
  </wpt>
  <wpt lat="34.965" lon="136.624">
    <name>Yokkaichi Station</name>
    <desc>rail-bailout · demonstration / unverified</desc>
  </wpt>
  <wpt lat="34.856" lon="136.452">
    <name>Kameyama Station</name>
    <desc>rail-bailout · demonstration / unverified</desc>
  </wpt>
  <wpt lat="34.853" lon="136.4">
    <name>Seki Station</name>
    <desc>rail-bailout · Last practical rail before Suzuka Pass in the westbound direction. Service frequency unverified and probably sparse. · demonstration / unverified</desc>
  </wpt>
  <wpt lat="34.964" lon="136.166">
    <name>Kibukawa Station (Shiga side)</name>
    <desc>rail-bailout · First rail on the descent side of Suzuka. Position approximate. · demonstration / unverified</desc>
  </wpt>
  <wpt lat="35.017" lon="135.96">
    <name>Kusatsu Station</name>
    <desc>rail-bailout · demonstration / unverified</desc>
  </wpt>
  <wpt lat="35.006" lon="135.865">
    <name>Otsu Station</name>
    <desc>rail-bailout · demonstration / unverified</desc>
  </wpt>
  <wpt lat="35.183" lon="139.009">
    <name>Hakone Pass IC — highway shoulder</name>
    <desc>hazard · Route 1, Hakone Shindo, old-road approaches and the Ashinoko Skyline access converge. Several hundred metres without sidewalk plus an unprotected crossing near the Shindo merge. The green pedestrian paint is paint: no curb, no barrier, no separation. Kevin and Kai ran this section in 2018. · demonstration / unverified</desc>
  </wpt>
  <wpt lat="35.223" lon="139.04">
    <name>Hiryu Falls — Ashinoyu nature trail</name>
    <desc>hazard · Steep 2.3 km maintained nature trail. Kanagawa Prefecture advises against use during or just after rain; parts are prone to crumbling. · demonstration / unverified</desc>
  </wpt>
  <wpt lat="34.693" lon="137.585">
    <name>Hamanako bridge crossings</name>
    <desc>hazard · Exposed to wind. Pedestrian legality and shoulder quality unverified bridge by bridge. · demonstration / unverified</desc>
  </wpt>
  <wpt lat="34.830815" lon="138.143903">
    <name>Oi River crossing</name>
    <desc>river-crossing · medium / imported</desc>
  </wpt>
  <wpt lat="35.095" lon="136.8">
    <name>Miya to Kuwana — Seven-ri gap</name>
    <desc>ferry-gap · Any land substitute needs pedestrian legality and shoulder quality checked bridge by bridge before it is walked. · demonstration / unverified</desc>
  </wpt>
  <wpt lat="34.893957" lon="136.336802">
    <name>Suzuka Pass</name>
    <desc>hazard · Roughly 378 m saddle. Exposed, cool, windy; the Mie-side approach feels remote. Low rail redundancy on both sides. · medium / imported</desc>
  </wpt>
  <wpt lat="35.213298" lon="139.063847">
    <name>Hatajuku — water and food</name>
    <desc>water · DEMONSTRATION PLACEMARK. Availability and hours entirely unverified. Do not plan the Hakone day around this. · medium / imported</desc>
  </wpt>
  <wpt lat="34.852433" lon="136.392485">
    <name>Seki-juku — last resupply before Suzuka</name>
    <desc>water · DEMONSTRATION PLACEMARK. Availability and hours entirely unverified. · medium / imported</desc>
  </wpt>
  <trk>
    <name>TOKAIDO — 527 km</name>
    <trkseg>
      <trkpt lat="35.684112" lon="139.774533"/>
      <trkpt lat="35.683575" lon="139.774359"/>
      <trkpt lat="35.682538" lon="139.773699"/>
      <trkpt lat="35.674938" lon="139.768957"/>
      <trkpt lat="35.667556" lon="139.761146"/>
      <trkpt lat="35.660304" lon="139.755181"/>
      <trkpt lat="35.651107" lon="139.753861"/>
      <trkpt lat="35.649006" lon="139.752971"/>
      <trkpt lat="35.648029" lon="139.749709"/>
      <trkpt lat="35.646477" lon="139.746426"/>
      <trkpt lat="35.644899" lon="139.743884"/>
      <trkpt lat="35.643408" lon="139.74251"/>
      <trkpt lat="35.640749" lon="139.741094"/>
      <trkpt lat="35.637558" lon="139.739367"/>
      <trkpt lat="35.634593" lon="139.738272"/>
      <trkpt lat="35.632291" lon="139.73765"/>
      <trkpt lat="35.629527" lon="139.737489"/>
      <trkpt lat="35.627277" lon="139.737575"/>
      <trkpt lat="35.626287" lon="139.737833"/>
      <trkpt lat="35.624787" lon="139.738407"/>
      <trkpt lat="35.624678" lon="139.738455"/>
      <trkpt lat="35.624342" lon="139.738927"/>
      <trkpt lat="35.624006" lon="139.738889"/>
      <trkpt lat="35.623998" lon="139.73912"/>
      <trkpt lat="35.623828" lon="139.739152"/>
      <trkpt lat="35.623723" lon="139.739088"/>
      <trkpt lat="35.622341" lon="139.739785"/>
      <trkpt lat="35.622014" lon="139.74007"/>
      <trkpt lat="35.620767" lon="139.741142"/>
      <trkpt lat="35.620248" lon="139.741706"/>
      <trkpt lat="35.619764" lon="139.742349"/>
      <trkpt lat="35.618782" lon="139.74346"/>
      <trkpt lat="35.618294" lon="139.743851"/>
      <trkpt lat="35.617195" lon="139.74449"/>
      <trkpt lat="35.617086" lon="139.744533"/>
      <trkpt lat="35.616672" lon="139.744474"/>
      <trkpt lat="35.614844" lon="139.744093"/>
      <trkpt lat="35.614644" lon="139.744082"/>
      <trkpt lat="35.613392" lon="139.744055"/>
      <trkpt lat="35.612913" lon="139.744066"/>
      <trkpt lat="35.61266" lon="139.744157"/>
      <trkpt lat="35.610985" lon="139.744141"/>
      <trkpt lat="35.610636" lon="139.74413"/>
      <trkpt lat="35.609493" lon="139.744281"/>
      <trkpt lat="35.609136" lon="139.744286"/>
      <trkpt lat="35.606824" lon="139.744028"/>
      <trkpt lat="35.606144" lon="139.743878"/>
      <trkpt lat="35.605603" lon="139.743497"/>
      <trkpt lat="35.605158" lon="139.743272"/>
      <trkpt lat="35.604425" lon="139.742945"/>
      <trkpt lat="35.602956" lon="139.742194"/>
      <trkpt lat="35.601211" lon="139.741277"/>
      <trkpt lat="35.600927" lon="139.741223"/>
      <trkpt lat="35.600618" lon="139.74126"/>
      <trkpt lat="35.5991" lon="139.740719"/>
      <trkpt lat="35.598345" lon="139.740375"/>
      <trkpt lat="35.598031" lon="139.74015"/>
      <trkpt lat="35.597159" lon="139.73956"/>
      <trkpt lat="35.596496" lon="139.739378"/>
      <trkpt lat="35.595911" lon="139.739174"/>
      <trkpt lat="35.595261" lon="139.738863"/>
      <trkpt lat="35.593673" lon="139.737843"/>
      <trkpt lat="35.593163" lon="139.737452"/>
      <trkpt lat="35.592578" lon="139.737049"/>
      <trkpt lat="35.591872" lon="139.736631"/>
      <trkpt lat="35.591104" lon="139.736309"/>
      <trkpt lat="35.590812" lon="139.736143"/>
      <trkpt lat="35.589608" lon="139.736041"/>
      <trkpt lat="35.588173" lon="139.735971"/>
      <trkpt lat="35.587239" lon="139.735928"/>
      <trkpt lat="35.586663" lon="139.735955"/>
      <trkpt lat="35.585734" lon="139.736137"/>
      <trkpt lat="35.584429" lon="139.736443"/>
      <trkpt lat="35.582972" lon="139.736631"/>
      <trkpt lat="35.582401" lon="139.736701"/>
      <trkpt lat="35.581986" lon="139.736631"/>
      <trkpt lat="35.581864" lon="139.73676"/>
      <trkpt lat="35.581284" lon="139.736797"/>
      <trkpt lat="35.5809" lon="139.736765"/>
      <trkpt lat="35.579796" lon="139.736776"/>
      <trkpt lat="35.579212" lon="139.736679"/>
      <trkpt lat="35.578623" lon="139.736534"/>
      <trkpt lat="35.577584" lon="139.736164"/>
      <trkpt lat="35.576306" lon="139.735692"/>
      <trkpt lat="35.575285" lon="139.735231"/>
      <trkpt lat="35.574779" lon="139.734941"/>
      <trkpt lat="35.574307" lon="139.734625"/>
      <trkpt lat="35.573592" lon="139.734002"/>
      <trkpt lat="35.573103" lon="139.733616"/>
      <trkpt lat="35.571541" lon="139.732415"/>
      <trkpt lat="35.570507" lon="139.731631"/>
      <trkpt lat="35.568718" lon="139.730269"/>
      <trkpt lat="35.566802" lon="139.728799"/>
      <trkpt lat="35.564568" lon="139.72719"/>
      <trkpt lat="35.562526" lon="139.725634"/>
      <trkpt lat="35.559846" lon="139.723606"/>
      <trkpt lat="35.557778" lon="139.72219"/>
      <trkpt lat="35.555482" lon="139.720323"/>
      <trkpt lat="35.553483" lon="139.718714"/>
      <trkpt lat="35.551345" lon="139.717169"/>
      <trkpt lat="35.5487" lon="139.715195"/>
      <trkpt lat="35.545976" lon="139.713113"/>
      <trkpt lat="35.544545" lon="139.712051"/>
      <trkpt lat="35.544431" lon="139.712019"/>
      <trkpt lat="35.543375" lon="139.711289"/>
      <trkpt lat="35.542371" lon="139.710538"/>
      <trkpt lat="35.540669" lon="139.70939"/>
      <trkpt lat="35.540206" lon="139.70923"/>
      <trkpt lat="35.539813" lon="139.709004"/>
      <trkpt lat="35.535981" lon="139.70836"/>
      <trkpt lat="35.535863" lon="139.708414"/>
      <trkpt lat="35.535348" lon="139.708296"/>
      <trkpt lat="35.535461" lon="139.707824"/>
      <trkpt lat="35.535238" lon="139.707277"/>
      <trkpt lat="35.534605" lon="139.70614"/>
      <trkpt lat="35.533344" lon="139.703972"/>
      <trkpt lat="35.532397" lon="139.702465"/>
      <trkpt lat="35.53172" lon="139.701612"/>
      <trkpt lat="35.531135" lon="139.701312"/>
      <trkpt lat="35.530463" lon="139.701086"/>
      <trkpt lat="35.529362" lon="139.700716"/>
      <trkpt lat="35.528179" lon="139.700368"/>
      <trkpt lat="35.526739" lon="139.697658"/>
      <trkpt lat="35.525682" lon="139.6957"/>
      <trkpt lat="35.523888" lon="139.692428"/>
      <trkpt lat="35.523696" lon="139.692273"/>
      <trkpt lat="35.523403" lon="139.692203"/>
      <trkpt lat="35.52346" lon="139.691715"/>
      <trkpt lat="35.521892" lon="139.689306"/>
      <trkpt lat="35.521386" lon="139.688593"/>
      <trkpt lat="35.520325" lon="139.687321"/>
      <trkpt lat="35.518744" lon="139.685508"/>
      <trkpt lat="35.517146" lon="139.683711"/>
      <trkpt lat="35.515605" lon="139.681994"/>
      <trkpt lat="35.514972" lon="139.681463"/>
      <trkpt lat="35.513946" lon="139.680744"/>
      <trkpt lat="35.513238" lon="139.680208"/>
      <trkpt lat="35.510754" lon="139.678352"/>
      <trkpt lat="35.509977" lon="139.677778"/>
      <trkpt lat="35.509579" lon="139.677832"/>
      <trkpt lat="35.508649" lon="139.678148"/>
      <trkpt lat="35.508221" lon="139.678234"/>
      <trkpt lat="35.507841" lon="139.678191"/>
      <trkpt lat="35.507806" lon="139.678738"/>
      <trkpt lat="35.507453" lon="139.678373"/>
      <trkpt lat="35.506771" lon="139.678153"/>
      <trkpt lat="35.505496" lon="139.67751"/>
      <trkpt lat="35.504977" lon="139.677252"/>
      <trkpt lat="35.503863" lon="139.676812"/>
      <trkpt lat="35.502627" lon="139.67626"/>
      <trkpt lat="35.502448" lon="139.676254"/>
      <trkpt lat="35.501741" lon="139.676335"/>
      <trkpt lat="35.501505" lon="139.676271"/>
      <trkpt lat="35.498989" lon="139.675332"/>
      <trkpt lat="35.498221" lon="139.67509"/>
      <trkpt lat="35.496338" lon="139.674345"/>
      <trkpt lat="35.495779" lon="139.67405"/>
      <trkpt lat="35.495456" lon="139.673701"/>
      <trkpt lat="35.494731" lon="139.672312"/>
      <trkpt lat="35.493971" lon="139.670804"/>
      <trkpt lat="35.49346" lon="139.66956"/>
      <trkpt lat="35.492897" lon="139.667784"/>
      <trkpt lat="35.492154" lon="139.665746"/>
      <trkpt lat="35.491626" lon="139.664066"/>
      <trkpt lat="35.491678" lon="139.663761"/>
      <trkpt lat="35.490809" lon="139.66242"/>
      <trkpt lat="35.489538" lon="139.660821"/>
      <trkpt lat="35.488883" lon="139.659786"/>
      <trkpt lat="35.487817" lon="139.657897"/>
      <trkpt lat="35.487319" lon="139.657345"/>
      <trkpt lat="35.48679" lon="139.656787"/>
      <trkpt lat="35.486314" lon="139.655682"/>
      <trkpt lat="35.485414" lon="139.652554"/>
      <trkpt lat="35.485139" lon="139.650505"/>
      <trkpt lat="35.48458" lon="139.646954"/>
      <trkpt lat="35.484082" lon="139.64557"/>
      <trkpt lat="35.483265" lon="139.644122"/>
      <trkpt lat="35.482448" lon="139.642979"/>
      <trkpt lat="35.481169" lon="139.640994"/>
      <trkpt lat="35.480168" lon="139.639825"/>
      <trkpt lat="35.478438" lon="139.638189"/>
      <trkpt lat="35.475813" lon="139.635657"/>
      <trkpt lat="35.472139" lon="139.632336"/>
      <trkpt lat="35.47137" lon="139.631644"/>
      <trkpt lat="35.470745" lon="139.630829"/>
      <trkpt lat="35.470741" lon="139.630115"/>
      <trkpt lat="35.470684" lon="139.628758"/>
      <trkpt lat="35.470675" lon="139.627202"/>
      <trkpt lat="35.470627" lon="139.627068"/>
      <trkpt lat="35.470815" lon="139.62688"/>
      <trkpt lat="35.471025" lon="139.626403"/>
      <trkpt lat="35.470645" lon="139.626086"/>
      <trkpt lat="35.470627" lon="139.625507"/>
      <trkpt lat="35.470535" lon="139.624429"/>
      <trkpt lat="35.470413" lon="139.623093"/>
      <trkpt lat="35.470256" lon="139.622058"/>
      <trkpt lat="35.470024" lon="139.621065"/>
      <trkpt lat="35.469845" lon="139.619778"/>
      <trkpt lat="35.469797" lon="139.618775"/>
      <trkpt lat="35.469649" lon="139.617954"/>
      <trkpt lat="35.469295" lon="139.616436"/>
      <trkpt lat="35.469185" lon="139.615958"/>
      <trkpt lat="35.469085" lon="139.615755"/>
      <trkpt lat="35.469094" lon="139.615653"/>
      <trkpt lat="35.468932" lon="139.615647"/>
      <trkpt lat="35.468827" lon="139.615213"/>
      <trkpt lat="35.468648" lon="139.614859"/>
      <trkpt lat="35.468224" lon="139.614242"/>
      <trkpt lat="35.467897" lon="139.61392"/>
      <trkpt lat="35.467464" lon="139.613603"/>
      <trkpt lat="35.4668" lon="139.613185"/>
      <trkpt lat="35.466193" lon="139.612777"/>
      <trkpt lat="35.465441" lon="139.611989"/>
      <trkpt lat="35.465022" lon="139.611592"/>
      <trkpt lat="35.465131" lon="139.611313"/>
      <trkpt lat="35.464851" lon="139.610868"/>
      <trkpt lat="35.464537" lon="139.610433"/>
      <trkpt lat="35.46393" lon="139.609784"/>
      <trkpt lat="35.462872" lon="139.608647"/>
      <trkpt lat="35.462409" lon="139.608314"/>
      <trkpt lat="35.461343" lon="139.60781"/>
      <trkpt lat="35.460425" lon="139.60723"/>
      <trkpt lat="35.459709" lon="139.606619"/>
      <trkpt lat="35.45873" lon="139.606018"/>
      <trkpt lat="35.457122" lon="139.605095"/>
      <trkpt lat="35.455156" lon="139.603958"/>
      <trkpt lat="35.453906" lon="139.603196"/>
      <trkpt lat="35.453613" lon="139.602966"/>
      <trkpt lat="35.453382" lon="139.602896"/>
      <trkpt lat="35.453255" lon="139.602966"/>
      <trkpt lat="35.452258" lon="139.602172"/>
      <trkpt lat="35.450838" lon="139.601008"/>
      <trkpt lat="35.447937" lon="139.598604"/>
      <trkpt lat="35.446346" lon="139.597371"/>
      <trkpt lat="35.444073" lon="139.595461"/>
      <trkpt lat="35.444982" lon="139.59089"/>
      <trkpt lat="35.44528" lon="139.589646"/>
      <trkpt lat="35.445516" lon="139.588262"/>
      <trkpt lat="35.445463" lon="139.586878"/>
      <trkpt lat="35.44562" lon="139.586706"/>
      <trkpt lat="35.445944" lon="139.584035"/>
      <trkpt lat="35.44597" lon="139.581728"/>
      <trkpt lat="35.446669" lon="139.578853"/>
      <trkpt lat="35.446359" lon="139.578563"/>
      <trkpt lat="35.445647" lon="139.578112"/>
      <trkpt lat="35.445585" lon="139.577533"/>
      <trkpt lat="35.44507" lon="139.57653"/>
      <trkpt lat="35.444821" lon="139.576283"/>
      <trkpt lat="35.444209" lon="139.57587"/>
      <trkpt lat="35.443658" lon="139.57572"/>
      <trkpt lat="35.443461" lon="139.575575"/>
      <trkpt lat="35.442579" lon="139.574207"/>
      <trkpt lat="35.442268" lon="139.573875"/>
      <trkpt lat="35.441394" lon="139.572893"/>
      <trkpt lat="35.441084" lon="139.572673"/>
      <trkpt lat="35.440708" lon="139.57256"/>
      <trkpt lat="35.440061" lon="139.572507"/>
      <trkpt lat="35.439808" lon="139.572319"/>
      <trkpt lat="35.439633" lon="139.572002"/>
      <trkpt lat="35.439296" lon="139.571139"/>
      <trkpt lat="35.439069" lon="139.57086"/>
      <trkpt lat="35.438658" lon="139.570125"/>
      <trkpt lat="35.438221" lon="139.569701"/>
      <trkpt lat="35.437972" lon="139.569551"/>
      <trkpt lat="35.437338" lon="139.569336"/>
      <trkpt lat="35.437072" lon="139.569207"/>
      <trkpt lat="35.437015" lon="139.568768"/>
      <trkpt lat="35.437085" lon="139.568306"/>
      <trkpt lat="35.436923" lon="139.567716"/>
      <trkpt lat="35.436862" lon="139.567244"/>
      <trkpt lat="35.436552" lon="139.566879"/>
      <trkpt lat="35.436469" lon="139.566643"/>
      <trkpt lat="35.436324" lon="139.566681"/>
      <trkpt lat="35.435577" lon="139.566321"/>
      <trkpt lat="35.434987" lon="139.565806"/>
      <trkpt lat="35.434489" lon="139.565442"/>
      <trkpt lat="35.434052" lon="139.564948"/>
      <trkpt lat="35.433588" lon="139.564707"/>
      <trkpt lat="35.433121" lon="139.564573"/>
      <trkpt lat="35.432399" lon="139.564299"/>
      <trkpt lat="35.431984" lon="139.56416"/>
      <trkpt lat="35.431722" lon="139.56394"/>
      <trkpt lat="35.431259" lon="139.563344"/>
      <trkpt lat="35.43066" lon="139.563167"/>
      <trkpt lat="35.430319" lon="139.563038"/>
      <trkpt lat="35.429729" lon="139.563156"/>
      <trkpt lat="35.428924" lon="139.562926"/>
      <trkpt lat="35.428299" lon="139.563221"/>
      <trkpt lat="35.428107" lon="139.563178"/>
      <trkpt lat="35.427902" lon="139.562979"/>
      <trkpt lat="35.427792" lon="139.562786"/>
      <trkpt lat="35.427701" lon="139.562271"/>
      <trkpt lat="35.427639" lon="139.562137"/>
      <trkpt lat="35.427709" lon="139.561606"/>
      <trkpt lat="35.42753" lon="139.561558"/>
      <trkpt lat="35.427486" lon="139.561279"/>
      <trkpt lat="35.427272" lon="139.561198"/>
      <trkpt lat="35.427224" lon="139.560903"/>
      <trkpt lat="35.426516" lon="139.560356"/>
      <trkpt lat="35.426188" lon="139.560168"/>
      <trkpt lat="35.425655" lon="139.56005"/>
      <trkpt lat="35.424829" lon="139.559739"/>
      <trkpt lat="35.424571" lon="139.559573"/>
      <trkpt lat="35.424374" lon="139.559267"/>
      <trkpt lat="35.424155" lon="139.558838"/>
      <trkpt lat="35.423858" lon="139.558677"/>
      <trkpt lat="35.423307" lon="139.558522"/>
      <trkpt lat="35.422682" lon="139.558194"/>
      <trkpt lat="35.422184" lon="139.557819"/>
      <trkpt lat="35.42183" lon="139.55754"/>
      <trkpt lat="35.421305" lon="139.557234"/>
      <trkpt lat="35.4212" lon="139.55717"/>
      <trkpt lat="35.420886" lon="139.556606"/>
      <trkpt lat="35.420851" lon="139.556344"/>
      <trkpt lat="35.420855" lon="139.555973"/>
      <trkpt lat="35.420925" lon="139.555603"/>
      <trkpt lat="35.420886" lon="139.553924"/>
      <trkpt lat="35.421012" lon="139.553742"/>
      <trkpt lat="35.420929" lon="139.553248"/>
      <trkpt lat="35.420886" lon="139.553152"/>
      <trkpt lat="35.420711" lon="139.55313"/>
      <trkpt lat="35.420199" lon="139.552374"/>
      <trkpt lat="35.42002" lon="139.551698"/>
      <trkpt lat="35.419959" lon="139.551446"/>
      <trkpt lat="35.419924" lon="139.550781"/>
      <trkpt lat="35.419893" lon="139.550276"/>
      <trkpt lat="35.41943" lon="139.549708"/>
      <trkpt lat="35.41898" lon="139.549279"/>
      <trkpt lat="35.418468" lon="139.548876"/>
      <trkpt lat="35.418166" lon="139.548458"/>
      <trkpt lat="35.417537" lon="139.547449"/>
      <trkpt lat="35.41696" lon="139.54657"/>
      <trkpt lat="35.415884" lon="139.544992"/>
      <trkpt lat="35.415058" lon="139.543324"/>
      <trkpt lat="35.414909" lon="139.542959"/>
      <trkpt lat="35.414783" lon="139.542965"/>
      <trkpt lat="35.414354" lon="139.542525"/>
      <trkpt lat="35.413948" lon="139.542214"/>
      <trkpt lat="35.41358" lon="139.542026"/>
      <trkpt lat="35.413113" lon="139.541908"/>
      <trkpt lat="35.412723" lon="139.541726"/>
      <trkpt lat="35.411989" lon="139.541956"/>
      <trkpt lat="35.411561" lon="139.541972"/>
      <trkpt lat="35.41125" lon="139.541881"/>
      <trkpt lat="35.411136" lon="139.540438"/>
      <trkpt lat="35.411058" lon="139.539982"/>
      <trkpt lat="35.410612" lon="139.539848"/>
      <trkpt lat="35.409134" lon="139.53936"/>
      <trkpt lat="35.408671" lon="139.53914"/>
      <trkpt lat="35.408233" lon="139.538561"/>
      <trkpt lat="35.40791" lon="139.538233"/>
      <trkpt lat="35.406935" lon="139.538083"/>
      <trkpt lat="35.406598" lon="139.53789"/>
      <trkpt lat="35.405509" lon="139.536721"/>
      <trkpt lat="35.40519" lon="139.536468"/>
      <trkpt lat="35.404958" lon="139.536592"/>
      <trkpt lat="35.404539" lon="139.536586"/>
      <trkpt lat="35.403948" lon="139.536946"/>
      <trkpt lat="35.403437" lon="139.536855"/>
      <trkpt lat="35.403118" lon="139.536533"/>
      <trkpt lat="35.402562" lon="139.535626"/>
      <trkpt lat="35.402278" lon="139.534446"/>
      <trkpt lat="35.40209" lon="139.534076"/>
      <trkpt lat="35.401753" lon="139.533277"/>
      <trkpt lat="35.40153" lon="139.533405"/>
      <trkpt lat="35.401526" lon="139.533379"/>
      <trkpt lat="35.401692" lon="139.533282"/>
      <trkpt lat="35.401474" lon="139.532735"/>
      <trkpt lat="35.401224" lon="139.532413"/>
      <trkpt lat="35.401251" lon="139.532075"/>
      <trkpt lat="35.400171" lon="139.531463"/>
      <trkpt lat="35.399969" lon="139.53134"/>
      <trkpt lat="35.398426" lon="139.530852"/>
      <trkpt lat="35.397324" lon="139.53053"/>
      <trkpt lat="35.396852" lon="139.530573"/>
      <trkpt lat="35.395806" lon="139.530176"/>
      <trkpt lat="35.395002" lon="139.530036"/>
      <trkpt lat="35.393388" lon="139.529119"/>
      <trkpt lat="35.393231" lon="139.528851"/>
      <trkpt lat="35.392938" lon="139.527392"/>
      <trkpt lat="35.392881" lon="139.526233"/>
      <trkpt lat="35.392579" lon="139.525246"/>
      <trkpt lat="35.39205" lon="139.524146"/>
      <trkpt lat="35.39142" lon="139.523642"/>
      <trkpt lat="35.390773" lon="139.522913"/>
      <trkpt lat="35.389216" lon="139.521529"/>
      <trkpt lat="35.388578" lon="139.520702"/>
      <trkpt lat="35.388298" lon="139.519887"/>
      <trkpt lat="35.38807" lon="139.519329"/>
      <trkpt lat="35.387231" lon="139.518401"/>
      <trkpt lat="35.386758" lon="139.518026"/>
      <trkpt lat="35.38671" lon="139.518095"/>
      <trkpt lat="35.386605" lon="139.518133"/>
      <trkpt lat="35.386509" lon="139.518278"/>
      <trkpt lat="35.38633" lon="139.518229"/>
      <trkpt lat="35.386343" lon="139.517924"/>
      <trkpt lat="35.386255" lon="139.517725"/>
      <trkpt lat="35.386304" lon="139.517645"/>
      <trkpt lat="35.385997" lon="139.51743"/>
      <trkpt lat="35.38535" lon="139.516915"/>
      <trkpt lat="35.3849" lon="139.516368"/>
      <trkpt lat="35.384537" lon="139.51544"/>
      <trkpt lat="35.384187" lon="139.515086"/>
      <trkpt lat="35.383268" lon="139.514743"/>
      <trkpt lat="35.382337" lon="139.514045"/>
      <trkpt lat="35.381361" lon="139.512908"/>
      <trkpt lat="35.38078" lon="139.512275"/>
      <trkpt lat="35.380194" lon="139.511722"/>
      <trkpt lat="35.379673" lon="139.510639"/>
      <trkpt lat="35.378672" lon="139.508477"/>
      <trkpt lat="35.378112" lon="139.507463"/>
      <trkpt lat="35.377504" lon="139.506133"/>
      <trkpt lat="35.376747" lon="139.505156"/>
      <trkpt lat="35.375745" lon="139.504454"/>
      <trkpt lat="35.374643" lon="139.503665"/>
      <trkpt lat="35.372697" lon="139.502415"/>
      <trkpt lat="35.370925" lon="139.501219"/>
      <trkpt lat="35.369836" lon="139.500554"/>
      <trkpt lat="35.368725" lon="139.500028"/>
      <trkpt lat="35.367312" lon="139.499234"/>
      <trkpt lat="35.365527" lon="139.498102"/>
      <trkpt lat="35.364136" lon="139.497292"/>
      <trkpt lat="35.363917" lon="139.497308"/>
      <trkpt lat="35.362701" lon="139.496353"/>
      <trkpt lat="35.361152" lon="139.494932"/>
      <trkpt lat="35.360702" lon="139.494588"/>
      <trkpt lat="35.359192" lon="139.493859"/>
      <trkpt lat="35.357666" lon="139.493124"/>
      <trkpt lat="35.355465" lon="139.492357"/>
      <trkpt lat="35.354126" lon="139.491499"/>
      <trkpt lat="35.352485" lon="139.490855"/>
      <trkpt lat="35.352118" lon="139.490758"/>
      <trkpt lat="35.350635" lon="139.490699"/>
      <trkpt lat="35.349493" lon="139.490233"/>
      <trkpt lat="35.347808" lon="139.489009"/>
      <trkpt lat="35.346189" lon="139.487684"/>
      <trkpt lat="35.346535" lon="139.487078"/>
      <trkpt lat="35.346277" lon="139.486697"/>
      <trkpt lat="35.346102" lon="139.486392"/>
      <trkpt lat="35.346517" lon="139.485796"/>
      <trkpt lat="35.347244" lon="139.484112"/>
      <trkpt lat="35.347729" lon="139.482368"/>
      <trkpt lat="35.347896" lon="139.481092"/>
      <trkpt lat="35.347734" lon="139.479927"/>
      <trkpt lat="35.347655" lon="139.478372"/>
      <trkpt lat="35.347375" lon="139.477068"/>
      <trkpt lat="35.347187" lon="139.476269"/>
      <trkpt lat="35.346776" lon="139.47489"/>
      <trkpt lat="35.346596" lon="139.4726"/>
      <trkpt lat="35.346806" lon="139.470851"/>
      <trkpt lat="35.347253" lon="139.469419"/>
      <trkpt lat="35.347471" lon="139.468442"/>
      <trkpt lat="35.347616" lon="139.468281"/>
      <trkpt lat="35.347869" lon="139.467203"/>
      <trkpt lat="35.347384" lon="139.46679"/>
      <trkpt lat="35.347296" lon="139.465288"/>
      <trkpt lat="35.347091" lon="139.464789"/>
      <trkpt lat="35.346548" lon="139.463942"/>
      <trkpt lat="35.346509" lon="139.463437"/>
      <trkpt lat="35.347266" lon="139.46119"/>
      <trkpt lat="35.347629" lon="139.458727"/>
      <trkpt lat="35.347489" lon="139.457794"/>
      <trkpt lat="35.347082" lon="139.456662"/>
      <trkpt lat="35.346601" lon="139.454398"/>
      <trkpt lat="35.346303" lon="139.453481"/>
      <trkpt lat="35.346023" lon="139.452623"/>
      <trkpt lat="35.346023" lon="139.4517"/>
      <trkpt lat="35.346312" lon="139.450343"/>
      <trkpt lat="35.346334" lon="139.449844"/>
      <trkpt lat="35.346137" lon="139.449109"/>
      <trkpt lat="35.345441" lon="139.447982"/>
      <trkpt lat="35.34489" lon="139.447054"/>
      <trkpt lat="35.344443" lon="139.445885"/>
      <trkpt lat="35.344181" lon="139.444715"/>
      <trkpt lat="35.344023" lon="139.4428"/>
      <trkpt lat="35.343485" lon="139.441003"/>
      <trkpt lat="35.343192" lon="139.44036"/>
      <trkpt lat="35.342715" lon="139.439474"/>
      <trkpt lat="35.341726" lon="139.438273"/>
      <trkpt lat="35.340842" lon="139.437012"/>
      <trkpt lat="35.340094" lon="139.436004"/>
      <trkpt lat="35.338654" lon="139.434056"/>
      <trkpt lat="35.337529" lon="139.432265"/>
      <trkpt lat="35.337289" lon="139.431449"/>
      <trkpt lat="35.337044" lon="139.429722"/>
      <trkpt lat="35.337026" lon="139.428998"/>
      <trkpt lat="35.337188" lon="139.427549"/>
      <trkpt lat="35.337473" lon="139.425945"/>
      <trkpt lat="35.337718" lon="139.424953"/>
      <trkpt lat="35.33777" lon="139.42432"/>
      <trkpt lat="35.337643" lon="139.422491"/>
      <trkpt lat="35.337582" lon="139.421069"/>
      <trkpt lat="35.337394" lon="139.420162"/>
      <trkpt lat="35.336974" lon="139.418618"/>
      <trkpt lat="35.336549" lon="139.416606"/>
      <trkpt lat="35.336422" lon="139.41556"/>
      <trkpt lat="35.336322" lon="139.414347"/>
      <trkpt lat="35.336129" lon="139.413554"/>
      <trkpt lat="35.33567" lon="139.412663"/>
      <trkpt lat="35.335188" lon="139.411451"/>
      <trkpt lat="35.334838" lon="139.410769"/>
      <trkpt lat="35.33419" lon="139.409638"/>
      <trkpt lat="35.334055" lon="139.409155"/>
      <trkpt lat="35.333884" lon="139.408044"/>
      <trkpt lat="35.333473" lon="139.406977"/>
      <trkpt lat="35.333298" lon="139.405979"/>
      <trkpt lat="35.333074" lon="139.405206"/>
      <trkpt lat="35.332304" lon="139.402798"/>
      <trkpt lat="35.331889" lon="139.401897"/>
      <trkpt lat="35.331197" lon="139.400872"/>
      <trkpt lat="35.330422" lon="139.399086"/>
      <trkpt lat="35.330151" lon="139.398453"/>
      <trkpt lat="35.329565" lon="139.39628"/>
      <trkpt lat="35.328619" lon="139.393088"/>
      <trkpt lat="35.328545" lon="139.392268"/>
      <trkpt lat="35.329105" lon="139.390647"/>
      <trkpt lat="35.329464" lon="139.390175"/>
      <trkpt lat="35.331713" lon="139.388201"/>
      <trkpt lat="35.332519" lon="139.387161"/>
      <trkpt lat="35.332729" lon="139.386313"/>
      <trkpt lat="35.332729" lon="139.384393"/>
      <trkpt lat="35.332956" lon="139.383137"/>
      <trkpt lat="35.333158" lon="139.381667"/>
      <trkpt lat="35.333166" lon="139.380691"/>
      <trkpt lat="35.332878" lon="139.378996"/>
      <trkpt lat="35.33286" lon="139.377236"/>
      <trkpt lat="35.332913" lon="139.375606"/>
      <trkpt lat="35.332667" lon="139.374265"/>
      <trkpt lat="35.332352" lon="139.372376"/>
      <trkpt lat="35.332055" lon="139.371411"/>
      <trkpt lat="35.331976" lon="139.370681"/>
      <trkpt lat="35.331705" lon="139.365735"/>
      <trkpt lat="35.331591" lon="139.362162"/>
      <trkpt lat="35.331547" lon="139.361454"/>
      <trkpt lat="35.331696" lon="139.360918"/>
      <trkpt lat="35.331442" lon="139.360628"/>
      <trkpt lat="35.331433" lon="139.359984"/>
      <trkpt lat="35.331153" lon="139.357452"/>
      <trkpt lat="35.330969" lon="139.356251"/>
      <trkpt lat="35.330401" lon="139.353225"/>
      <trkpt lat="35.330033" lon="139.350243"/>
      <trkpt lat="35.329639" lon="139.347442"/>
      <trkpt lat="35.329096" lon="139.345157"/>
      <trkpt lat="35.328177" lon="139.340844"/>
      <trkpt lat="35.327424" lon="139.337711"/>
      <trkpt lat="35.326921" lon="139.336209"/>
      <trkpt lat="35.327026" lon="139.336102"/>
      <trkpt lat="35.326694" lon="139.334498"/>
      <trkpt lat="35.32661" lon="139.334267"/>
      <trkpt lat="35.326357" lon="139.332905"/>
      <trkpt lat="35.326217" lon="139.33239"/>
      <trkpt lat="35.32528" lon="139.331853"/>
      <trkpt lat="35.325017" lon="139.331601"/>
      <trkpt lat="35.324488" lon="139.330947"/>
      <trkpt lat="35.323656" lon="139.329525"/>
      <trkpt lat="35.322873" lon="139.328458"/>
      <trkpt lat="35.322181" lon="139.327503"/>
      <trkpt lat="35.321542" lon="139.32673"/>
      <trkpt lat="35.320724" lon="139.325717"/>
      <trkpt lat="35.319931" lon="139.3243"/>
      <trkpt lat="35.319467" lon="139.323689"/>
      <trkpt lat="35.319179" lon="139.32327"/>
      <trkpt lat="35.318728" lon="139.322755"/>
      <trkpt lat="35.31822" lon="139.322316"/>
      <trkpt lat="35.317607" lon="139.321747"/>
      <trkpt lat="35.316999" lon="139.321264"/>
      <trkpt lat="35.316338" lon="139.320776"/>
      <trkpt lat="35.31625" lon="139.320599"/>
      <trkpt lat="35.316228" lon="139.320524"/>
      <trkpt lat="35.315764" lon="139.320379"/>
      <trkpt lat="35.31558" lon="139.320245"/>
      <trkpt lat="35.315427" lon="139.320159"/>
      <trkpt lat="35.314639" lon="139.319665"/>
      <trkpt lat="35.313768" lon="139.319102"/>
      <trkpt lat="35.312884" lon="139.318475"/>
      <trkpt lat="35.312731" lon="139.318485"/>
      <trkpt lat="35.31203" lon="139.317536"/>
      <trkpt lat="35.311571" lon="139.316962"/>
      <trkpt lat="35.311278" lon="139.316618"/>
      <trkpt lat="35.310844" lon="139.31627"/>
      <trkpt lat="35.309969" lon="139.315792"/>
      <trkpt lat="35.30845" lon="139.314934"/>
      <trkpt lat="35.307937" lon="139.314559"/>
      <trkpt lat="35.307688" lon="139.314323"/>
      <trkpt lat="35.307578" lon="139.314285"/>
      <trkpt lat="35.307241" lon="139.314038"/>
      <trkpt lat="35.307198" lon="139.313877"/>
      <trkpt lat="35.307268" lon="139.313448"/>
      <trkpt lat="35.307377" lon="139.31333"/>
      <trkpt lat="35.307395" lon="139.31281"/>
      <trkpt lat="35.307648" lon="139.311656"/>
      <trkpt lat="35.307824" lon="139.310213"/>
      <trkpt lat="35.307972" lon="139.308545"/>
      <trkpt lat="35.307933" lon="139.307333"/>
      <trkpt lat="35.30771" lon="139.306142"/>
      <trkpt lat="35.307246" lon="139.303771"/>
      <trkpt lat="35.307018" lon="139.302907"/>
      <trkpt lat="35.30644" lon="139.300557"/>
      <trkpt lat="35.305753" lon="139.297779"/>
      <trkpt lat="35.305092" lon="139.294978"/>
      <trkpt lat="35.304794" lon="139.29368"/>
      <trkpt lat="35.304391" lon="139.292715"/>
      <trkpt lat="35.303962" lon="139.291674"/>
      <trkpt lat="35.303857" lon="139.29073"/>
      <trkpt lat="35.304059" lon="139.290397"/>
      <trkpt lat="35.304908" lon="139.288895"/>
      <trkpt lat="35.305512" lon="139.287865"/>
      <trkpt lat="35.305731" lon="139.287189"/>
      <trkpt lat="35.305679" lon="139.28676"/>
      <trkpt lat="35.305407" lon="139.285537"/>
      <trkpt lat="35.305118" lon="139.284883"/>
      <trkpt lat="35.304891" lon="139.283488"/>
      <trkpt lat="35.304724" lon="139.282211"/>
      <trkpt lat="35.30468" lon="139.280988"/>
      <trkpt lat="35.30461" lon="139.27955"/>
      <trkpt lat="35.304558" lon="139.278424"/>
      <trkpt lat="35.304479" lon="139.277673"/>
      <trkpt lat="35.304374" lon="139.277244"/>
      <trkpt lat="35.304006" lon="139.274197"/>
      <trkpt lat="35.30377" lon="139.27263"/>
      <trkpt lat="35.303463" lon="139.271836"/>
      <trkpt lat="35.302229" lon="139.269004"/>
      <trkpt lat="35.301108" lon="139.266676"/>
      <trkpt lat="35.30053" lon="139.26527"/>
      <trkpt lat="35.299873" lon="139.26335"/>
      <trkpt lat="35.299234" lon="139.262427"/>
      <trkpt lat="35.298735" lon="139.260979"/>
      <trkpt lat="35.297894" lon="139.258114"/>
      <trkpt lat="35.297597" lon="139.257213"/>
      <trkpt lat="35.297028" lon="139.255099"/>
      <trkpt lat="35.296161" lon="139.252503"/>
      <trkpt lat="35.295793" lon="139.251452"/>
      <trkpt lat="35.295373" lon="139.250357"/>
      <trkpt lat="35.295311" lon="139.249327"/>
      <trkpt lat="35.295539" lon="139.24878"/>
      <trkpt lat="35.29525" lon="139.248093"/>
      <trkpt lat="35.294865" lon="139.24716"/>
      <trkpt lat="35.294584" lon="139.246752"/>
      <trkpt lat="35.293936" lon="139.245969"/>
      <trkpt lat="35.293744" lon="139.245733"/>
      <trkpt lat="35.292929" lon="139.244038"/>
      <trkpt lat="35.292474" lon="139.242879"/>
      <trkpt lat="35.292071" lon="139.241624"/>
      <trkpt lat="35.291843" lon="139.241313"/>
      <trkpt lat="35.291213" lon="139.240165"/>
      <trkpt lat="35.291073" lon="139.239661"/>
      <trkpt lat="35.290911" lon="139.239017"/>
      <trkpt lat="35.290841" lon="139.238523"/>
      <trkpt lat="35.290591" lon="139.238175"/>
      <trkpt lat="35.290512" lon="139.237998"/>
      <trkpt lat="35.289781" lon="139.237365"/>
      <trkpt lat="35.289514" lon="139.236796"/>
      <trkpt lat="35.289256" lon="139.235879"/>
      <trkpt lat="35.288341" lon="139.234006"/>
      <trkpt lat="35.287618" lon="139.232526"/>
      <trkpt lat="35.286475" lon="139.230959"/>
      <trkpt lat="35.286024" lon="139.229962"/>
      <trkpt lat="35.28563" lon="139.228739"/>
      <trkpt lat="35.284859" lon="139.227086"/>
      <trkpt lat="35.284325" lon="139.225949"/>
      <trkpt lat="35.283914" lon="139.224066"/>
      <trkpt lat="35.283638" lon="139.222913"/>
      <trkpt lat="35.28334" lon="139.222355"/>
      <trkpt lat="35.28179" lon="139.219651"/>
      <trkpt lat="35.281514" lon="139.218777"/>
      <trkpt lat="35.281111" lon="139.21787"/>
      <trkpt lat="35.28101" lon="139.217157"/>
      <trkpt lat="35.280796" lon="139.215655"/>
      <trkpt lat="35.280445" lon="139.214426"/>
      <trkpt lat="35.280134" lon="139.212651"/>
      <trkpt lat="35.279451" lon="139.208225"/>
      <trkpt lat="35.279224" lon="139.207184"/>
      <trkpt lat="35.278479" lon="139.205092"/>
      <trkpt lat="35.278032" lon="139.20433"/>
      <trkpt lat="35.277463" lon="139.203848"/>
      <trkpt lat="35.276535" lon="139.203268"/>
      <trkpt lat="35.2753" lon="139.202464"/>
      <trkpt lat="35.274196" lon="139.201595"/>
      <trkpt lat="35.273049" lon="139.200382"/>
      <trkpt lat="35.271402" lon="139.198076"/>
      <trkpt lat="35.269519" lon="139.195211"/>
      <trkpt lat="35.268266" lon="139.193044"/>
      <trkpt lat="35.267486" lon="139.191274"/>
      <trkpt lat="35.266654" lon="139.189063"/>
      <trkpt lat="35.265752" lon="139.186263"/>
      <trkpt lat="35.264876" lon="139.183377"/>
      <trkpt lat="35.264236" lon="139.182261"/>
      <trkpt lat="35.262554" lon="139.18047"/>
      <trkpt lat="35.261013" lon="139.178925"/>
      <trkpt lat="35.260325" lon="139.178168"/>
      <trkpt lat="35.259699" lon="139.178345"/>
      <trkpt lat="35.259427" lon="139.177573"/>
      <trkpt lat="35.25923" lon="139.177117"/>
      <trkpt lat="35.259208" lon="139.176929"/>
      <trkpt lat="35.258652" lon="139.17614"/>
      <trkpt lat="35.257973" lon="139.1751"/>
      <trkpt lat="35.257552" lon="139.174413"/>
      <trkpt lat="35.256681" lon="139.17267"/>
      <trkpt lat="35.25633" lon="139.171768"/>
      <trkpt lat="35.256058" lon="139.17069"/>
      <trkpt lat="35.255761" lon="139.16995"/>
      <trkpt lat="35.25481" lon="139.16826"/>
      <trkpt lat="35.254254" lon="139.167332"/>
      <trkpt lat="35.253671" lon="139.166485"/>
      <trkpt lat="35.2529" lon="139.16532"/>
      <trkpt lat="35.252629" lon="139.165058"/>
      <trkpt lat="35.251954" lon="139.165911"/>
      <trkpt lat="35.250591" lon="139.164151"/>
      <trkpt lat="35.24961" lon="139.162874"/>
      <trkpt lat="35.249404" lon="139.162547"/>
      <trkpt lat="35.249212" lon="139.162166"/>
      <trkpt lat="35.248997" lon="139.161603"/>
      <trkpt lat="35.248449" lon="139.16001"/>
      <trkpt lat="35.247862" lon="139.158288"/>
      <trkpt lat="35.247455" lon="139.15715"/>
      <trkpt lat="35.247332" lon="139.156496"/>
      <trkpt lat="35.247262" lon="139.155289"/>
      <trkpt lat="35.247223" lon="139.154264"/>
      <trkpt lat="35.247082" lon="139.153014"/>
      <trkpt lat="35.246833" lon="139.151357"/>
      <trkpt lat="35.246627" lon="139.149898"/>
      <trkpt lat="35.246416" lon="139.148948"/>
      <trkpt lat="35.246136" lon="139.147613"/>
      <trkpt lat="35.246487" lon="139.147409"/>
      <trkpt lat="35.246754" lon="139.146432"/>
      <trkpt lat="35.246982" lon="139.145494"/>
      <trkpt lat="35.247214" lon="139.144126"/>
      <trkpt lat="35.247591" lon="139.141969"/>
      <trkpt lat="35.247577" lon="139.141776"/>
      <trkpt lat="35.247188" lon="139.140987"/>
      <trkpt lat="35.247078" lon="139.140886"/>
      <trkpt lat="35.246912" lon="139.140156"/>
      <trkpt lat="35.246841" lon="139.140065"/>
      <trkpt lat="35.246863" lon="139.139405"/>
      <trkpt lat="35.246614" lon="139.137608"/>
      <trkpt lat="35.246609" lon="139.136261"/>
      <trkpt lat="35.246495" lon="139.135162"/>
      <trkpt lat="35.246925" lon="139.133005"/>
      <trkpt lat="35.246933" lon="139.132705"/>
      <trkpt lat="35.2471" lon="139.132635"/>
      <trkpt lat="35.247192" lon="139.132297"/>
      <trkpt lat="35.247358" lon="139.131948"/>
      <trkpt lat="35.247109" lon="139.131358"/>
      <trkpt lat="35.24678" lon="139.130409"/>
      <trkpt lat="35.246732" lon="139.130049"/>
      <trkpt lat="35.246771" lon="139.129711"/>
      <trkpt lat="35.246609" lon="139.129003"/>
      <trkpt lat="35.246583" lon="139.128499"/>
      <trkpt lat="35.24611" lon="139.127533"/>
      <trkpt lat="35.245864" lon="139.127303"/>
      <trkpt lat="35.245369" lon="139.12704"/>
      <trkpt lat="35.244708" lon="139.125972"/>
      <trkpt lat="35.244572" lon="139.125801"/>
      <trkpt lat="35.244248" lon="139.125179"/>
      <trkpt lat="35.243867" lon="139.12468"/>
      <trkpt lat="35.243499" lon="139.123993"/>
      <trkpt lat="35.243468" lon="139.123741"/>
      <trkpt lat="35.242995" lon="139.122824"/>
      <trkpt lat="35.242903" lon="139.122475"/>
      <trkpt lat="35.24253" lon="139.122099"/>
      <trkpt lat="35.242079" lon="139.121735"/>
      <trkpt lat="35.241606" lon="139.121134"/>
      <trkpt lat="35.240625" lon="139.120206"/>
      <trkpt lat="35.240257" lon="139.120114"/>
      <trkpt lat="35.240002" lon="139.119841"/>
      <trkpt lat="35.239805" lon="139.119583"/>
      <trkpt lat="35.239507" lon="139.118934"/>
      <trkpt lat="35.239192" lon="139.118618"/>
      <trkpt lat="35.23903" lon="139.118634"/>
      <trkpt lat="35.238692" lon="139.118146"/>
      <trkpt lat="35.237877" lon="139.117175"/>
      <trkpt lat="35.237233" lon="139.11622"/>
      <trkpt lat="35.236708" lon="139.115544"/>
      <trkpt lat="35.235923" lon="139.114922"/>
      <trkpt lat="35.235126" lon="139.114214"/>
      <trkpt lat="35.234499" lon="139.11305"/>
      <trkpt lat="35.233995" lon="139.111821"/>
      <trkpt lat="35.233645" lon="139.11026"/>
      <trkpt lat="35.23364" lon="139.109439"/>
      <trkpt lat="35.233754" lon="139.108844"/>
      <trkpt lat="35.23308" lon="139.108533"/>
      <trkpt lat="35.232523" lon="139.108661"/>
      <trkpt lat="35.232225" lon="139.108495"/>
      <trkpt lat="35.231625" lon="139.107615"/>
      <trkpt lat="35.231222" lon="139.107379"/>
      <trkpt lat="35.230604" lon="139.106473"/>
      <trkpt lat="35.229841" lon="139.105786"/>
      <trkpt lat="35.229447" lon="139.104397"/>
      <trkpt lat="35.229224" lon="139.103077"/>
      <trkpt lat="35.228965" lon="139.102004"/>
      <trkpt lat="35.228851" lon="139.100851"/>
      <trkpt lat="35.228764" lon="139.100202"/>
      <trkpt lat="35.22833" lon="139.099102"/>
      <trkpt lat="35.228133" lon="139.098657"/>
      <trkpt lat="35.228076" lon="139.097943"/>
      <trkpt lat="35.228273" lon="139.097621"/>
      <trkpt lat="35.228251" lon="139.097241"/>
      <trkpt lat="35.228097" lon="139.096795"/>
      <trkpt lat="35.228185" lon="139.096264"/>
      <trkpt lat="35.228093" lon="139.095642"/>
      <trkpt lat="35.228097" lon="139.09517"/>
      <trkpt lat="35.227896" lon="139.094859"/>
      <trkpt lat="35.227699" lon="139.094827"/>
      <trkpt lat="35.227313" lon="139.094853"/>
      <trkpt lat="35.227164" lon="139.094617"/>
      <trkpt lat="35.227234" lon="139.094269"/>
      <trkpt lat="35.227182" lon="139.093915"/>
      <trkpt lat="35.22698" lon="139.093641"/>
      <trkpt lat="35.226757" lon="139.09348"/>
      <trkpt lat="35.226226" lon="139.093148"/>
      <trkpt lat="35.225766" lon="139.093083"/>
      <trkpt lat="35.225197" lon="139.092858"/>
      <trkpt lat="35.224807" lon="139.092702"/>
      <trkpt lat="35.224723" lon="139.09245"/>
      <trkpt lat="35.224771" lon="139.09179"/>
      <trkpt lat="35.224631" lon="139.091377"/>
      <trkpt lat="35.224855" lon="139.090937"/>
      <trkpt lat="35.225004" lon="139.090653"/>
      <trkpt lat="35.22485" lon="139.090213"/>
      <trkpt lat="35.223851" lon="139.088159"/>
      <trkpt lat="35.223768" lon="139.087874"/>
      <trkpt lat="35.223575" lon="139.086834"/>
      <trkpt lat="35.223422" lon="139.08671"/>
      <trkpt lat="35.223119" lon="139.086587"/>
      <trkpt lat="35.222948" lon="139.086335"/>
      <trkpt lat="35.222826" lon="139.085857"/>
      <trkpt lat="35.222721" lon="139.085503"/>
      <trkpt lat="35.222791" lon="139.084693"/>
      <trkpt lat="35.222874" lon="139.084382"/>
      <trkpt lat="35.222716" lon="139.083744"/>
      <trkpt lat="35.222374" lon="139.0831"/>
      <trkpt lat="35.222396" lon="139.082494"/>
      <trkpt lat="35.222046" lon="139.081351"/>
      <trkpt lat="35.221949" lon="139.080901"/>
      <trkpt lat="35.221875" lon="139.080021"/>
      <trkpt lat="35.221621" lon="139.07942"/>
      <trkpt lat="35.221432" lon="139.079125"/>
      <trkpt lat="35.221309" lon="139.078653"/>
      <trkpt lat="35.221445" lon="139.077956"/>
      <trkpt lat="35.221178" lon="139.077237"/>
      <trkpt lat="35.22088" lon="139.07677"/>
      <trkpt lat="35.220845" lon="139.076459"/>
      <trkpt lat="35.22102" lon="139.074662"/>
      <trkpt lat="35.220551" lon="139.07405"/>
      <trkpt lat="35.220021" lon="139.07383"/>
      <trkpt lat="35.219613" lon="139.073364"/>
      <trkpt lat="35.219504" lon="139.072655"/>
      <trkpt lat="35.219649" lon="139.072505"/>
      <trkpt lat="35.220236" lon="139.072537"/>
      <trkpt lat="35.220328" lon="139.072264"/>
      <trkpt lat="35.220078" lon="139.072022"/>
      <trkpt lat="35.219486" lon="139.071717"/>
      <trkpt lat="35.218566" lon="139.070832"/>
      <trkpt lat="35.218567" lon="139.070831">
        <ele>297.72</ele>
      </trkpt>
      <trkpt lat="35.218441" lon="139.070682">
        <ele>300.25</ele>
      </trkpt>
      <trkpt lat="35.218067" lon="139.070063">
        <ele>309.81</ele>
      </trkpt>
      <trkpt lat="35.217952" lon="139.06988">
        <ele>311.61</ele>
      </trkpt>
      <trkpt lat="35.217823" lon="139.069693">
        <ele>312.62</ele>
      </trkpt>
      <trkpt lat="35.217837" lon="139.069649">
        <ele>314.76</ele>
      </trkpt>
      <trkpt lat="35.217826" lon="139.069552">
        <ele>317.76</ele>
      </trkpt>
      <trkpt lat="35.217785" lon="139.069474">
        <ele>319.01</ele>
      </trkpt>
      <trkpt lat="35.217624" lon="139.069264">
        <ele>323.15</ele>
      </trkpt>
      <trkpt lat="35.217539" lon="139.069112">
        <ele>325.65</ele>
      </trkpt>
      <trkpt lat="35.217479" lon="139.068976">
        <ele>325.54</ele>
      </trkpt>
      <trkpt lat="35.217439" lon="139.068839">
        <ele>326.3</ele>
      </trkpt>
      <trkpt lat="35.217413" lon="139.068618">
        <ele>327.95</ele>
      </trkpt>
      <trkpt lat="35.217396" lon="139.068391">
        <ele>330.44</ele>
      </trkpt>
      <trkpt lat="35.217362" lon="139.068294">
        <ele>332.51</ele>
      </trkpt>
      <trkpt lat="35.217227" lon="139.067975">
        <ele>337.2</ele>
      </trkpt>
      <trkpt lat="35.217091" lon="139.067656">
        <ele>337.83</ele>
      </trkpt>
      <trkpt lat="35.217147" lon="139.067558">
        <ele>340.38</ele>
      </trkpt>
      <trkpt lat="35.217119" lon="139.067384">
        <ele>340.44</ele>
      </trkpt>
      <trkpt lat="35.217098" lon="139.067312">
        <ele>340</ele>
      </trkpt>
      <trkpt lat="35.217055" lon="139.067237">
        <ele>340.22</ele>
      </trkpt>
      <trkpt lat="35.216773" lon="139.067013">
        <ele>343.79</ele>
      </trkpt>
      <trkpt lat="35.216745" lon="139.066991">
        <ele>344.14</ele>
      </trkpt>
      <trkpt lat="35.216667" lon="139.06698">
        <ele>343.78</ele>
      </trkpt>
      <trkpt lat="35.216399" lon="139.066534">
        <ele>350.02</ele>
      </trkpt>
      <trkpt lat="35.216241" lon="139.066268">
        <ele>351.61</ele>
      </trkpt>
      <trkpt lat="35.21623" lon="139.066277"/>
      <trkpt lat="35.216241" lon="139.066268">
        <ele>351.61</ele>
      </trkpt>
      <trkpt lat="35.216188" lon="139.066206">
        <ele>352.27</ele>
      </trkpt>
      <trkpt lat="35.216141" lon="139.066168">
        <ele>352.9</ele>
      </trkpt>
      <trkpt lat="35.216096" lon="139.066152">
        <ele>353.47</ele>
      </trkpt>
      <trkpt lat="35.215754" lon="139.066135">
        <ele>356.46</ele>
      </trkpt>
      <trkpt lat="35.215654" lon="139.066112">
        <ele>357.15</ele>
      </trkpt>
      <trkpt lat="35.215587" lon="139.066086">
        <ele>358.03</ele>
      </trkpt>
      <trkpt lat="35.215527" lon="139.066052">
        <ele>358.32</ele>
      </trkpt>
      <trkpt lat="35.215471" lon="139.065992">
        <ele>358.74</ele>
      </trkpt>
      <trkpt lat="35.215431" lon="139.065912">
        <ele>359.27</ele>
      </trkpt>
      <trkpt lat="35.215343" lon="139.065898">
        <ele>356.73</ele>
      </trkpt>
      <trkpt lat="35.215263" lon="139.065885">
        <ele>354.38</ele>
      </trkpt>
      <trkpt lat="35.215198" lon="139.065859">
        <ele>352.31</ele>
      </trkpt>
      <trkpt lat="35.215105" lon="139.065791">
        <ele>349.8</ele>
      </trkpt>
      <trkpt lat="35.215009" lon="139.065731">
        <ele>346.19</ele>
      </trkpt>
      <trkpt lat="35.214934" lon="139.065699">
        <ele>344.58</ele>
      </trkpt>
      <trkpt lat="35.214823" lon="139.065673">
        <ele>343.18</ele>
      </trkpt>
      <trkpt lat="35.214778" lon="139.065668">
        <ele>343.59</ele>
      </trkpt>
      <trkpt lat="35.214753" lon="139.065679">
        <ele>343.65</ele>
      </trkpt>
      <trkpt lat="35.214744" lon="139.06565"/>
      <trkpt lat="35.2146" lon="139.066009"/>
      <trkpt lat="35.214477" lon="139.066336"/>
      <trkpt lat="35.21448" lon="139.066339">
        <ele>358.43</ele>
      </trkpt>
      <trkpt lat="35.214456" lon="139.066349">
        <ele>359.65</ele>
      </trkpt>
      <trkpt lat="35.214439" lon="139.066342">
        <ele>360.51</ele>
      </trkpt>
      <trkpt lat="35.214279" lon="139.066117">
        <ele>366.29</ele>
      </trkpt>
      <trkpt lat="35.214175" lon="139.066007">
        <ele>369.3</ele>
      </trkpt>
      <trkpt lat="35.214146" lon="139.065997">
        <ele>370.16</ele>
      </trkpt>
      <trkpt lat="35.214088" lon="139.066006">
        <ele>371.35</ele>
      </trkpt>
      <trkpt lat="35.213948" lon="139.066052">
        <ele>372.74</ele>
      </trkpt>
      <trkpt lat="35.213891" lon="139.066057">
        <ele>372.77</ele>
      </trkpt>
      <trkpt lat="35.213866" lon="139.066051">
        <ele>372.94</ele>
      </trkpt>
      <trkpt lat="35.213827" lon="139.066025">
        <ele>372.26</ele>
      </trkpt>
      <trkpt lat="35.213808" lon="139.065995">
        <ele>372.37</ele>
      </trkpt>
      <trkpt lat="35.213791" lon="139.065968">
        <ele>372.47</ele>
      </trkpt>
      <trkpt lat="35.21375" lon="139.065836">
        <ele>375.31</ele>
      </trkpt>
      <trkpt lat="35.213725" lon="139.065688">
        <ele>377.71</ele>
      </trkpt>
      <trkpt lat="35.213703" lon="139.065498">
        <ele>381.22</ele>
      </trkpt>
      <trkpt lat="35.213691" lon="139.064874">
        <ele>389.03</ele>
      </trkpt>
      <trkpt lat="35.21366" lon="139.064859">
        <ele>388.98</ele>
      </trkpt>
      <trkpt lat="35.213621" lon="139.064818">
        <ele>389.19</ele>
      </trkpt>
      <trkpt lat="35.2136" lon="139.064781">
        <ele>389.27</ele>
      </trkpt>
      <trkpt lat="35.213502" lon="139.06446">
        <ele>388.83</ele>
      </trkpt>
      <trkpt lat="35.213436" lon="139.06422">
        <ele>388.65</ele>
      </trkpt>
      <trkpt lat="35.213343" lon="139.063929">
        <ele>389.04</ele>
      </trkpt>
      <trkpt lat="35.213299" lon="139.063846">
        <ele>388.97</ele>
      </trkpt>
      <trkpt lat="35.213298" lon="139.063847"/>
      <trkpt lat="35.213299" lon="139.063846">
        <ele>388.97</ele>
      </trkpt>
      <trkpt lat="35.213212" lon="139.063713">
        <ele>389.39</ele>
      </trkpt>
      <trkpt lat="35.213113" lon="139.063615">
        <ele>389.91</ele>
      </trkpt>
      <trkpt lat="35.212973" lon="139.063529">
        <ele>390.46</ele>
      </trkpt>
      <trkpt lat="35.212606" lon="139.063336">
        <ele>390.95</ele>
      </trkpt>
      <trkpt lat="35.212496" lon="139.063249">
        <ele>392.4</ele>
      </trkpt>
      <trkpt lat="35.211986" lon="139.062669">
        <ele>396.9</ele>
      </trkpt>
      <trkpt lat="35.211956" lon="139.06263">
        <ele>397.6</ele>
      </trkpt>
      <trkpt lat="35.211943" lon="139.062567">
        <ele>398.8</ele>
      </trkpt>
      <trkpt lat="35.211938" lon="139.062566">
        <ele>398.85</ele>
      </trkpt>
      <trkpt lat="35.211852" lon="139.062537">
        <ele>399.8</ele>
      </trkpt>
      <trkpt lat="35.211681" lon="139.062497">
        <ele>402.04</ele>
      </trkpt>
      <trkpt lat="35.211531" lon="139.062443">
        <ele>402.79</ele>
      </trkpt>
      <trkpt lat="35.211406" lon="139.062366">
        <ele>404.7</ele>
      </trkpt>
      <trkpt lat="35.211184" lon="139.062227">
        <ele>409.16</ele>
      </trkpt>
      <trkpt lat="35.211117" lon="139.062129">
        <ele>411.11</ele>
      </trkpt>
      <trkpt lat="35.211041" lon="139.061962">
        <ele>414.82</ele>
      </trkpt>
      <trkpt lat="35.210978" lon="139.06193">
        <ele>415.84</ele>
      </trkpt>
      <trkpt lat="35.210855" lon="139.061946">
        <ele>414.68</ele>
      </trkpt>
      <trkpt lat="35.210772" lon="139.061899">
        <ele>414.57</ele>
      </trkpt>
      <trkpt lat="35.210678" lon="139.061754">
        <ele>416.81</ele>
      </trkpt>
      <trkpt lat="35.210667" lon="139.061714">
        <ele>417.87</ele>
      </trkpt>
      <trkpt lat="35.210597" lon="139.061681">
        <ele>419.71</ele>
      </trkpt>
      <trkpt lat="35.210482" lon="139.061683">
        <ele>420.57</ele>
      </trkpt>
      <trkpt lat="35.210352" lon="139.061662">
        <ele>423.56</ele>
      </trkpt>
      <trkpt lat="35.210224" lon="139.061606">
        <ele>427.08</ele>
      </trkpt>
      <trkpt lat="35.209987" lon="139.061472">
        <ele>431.51</ele>
      </trkpt>
      <trkpt lat="35.209883" lon="139.061424">
        <ele>434.17</ele>
      </trkpt>
      <trkpt lat="35.209845" lon="139.061258">
        <ele>438.7</ele>
      </trkpt>
      <trkpt lat="35.20985" lon="139.061179">
        <ele>440.04</ele>
      </trkpt>
      <trkpt lat="35.209881" lon="139.061048">
        <ele>442.36</ele>
      </trkpt>
      <trkpt lat="35.209867" lon="139.061017">
        <ele>443.27</ele>
      </trkpt>
      <trkpt lat="35.209858" lon="139.060984">
        <ele>444.36</ele>
      </trkpt>
      <trkpt lat="35.209903" lon="139.060945">
        <ele>444.85</ele>
      </trkpt>
      <trkpt lat="35.209893" lon="139.060918">
        <ele>445.78</ele>
      </trkpt>
      <trkpt lat="35.209901" lon="139.060913"/>
      <trkpt lat="35.209893" lon="139.060918">
        <ele>445.78</ele>
      </trkpt>
      <trkpt lat="35.209874" lon="139.060868">
        <ele>447.49</ele>
      </trkpt>
      <trkpt lat="35.209646" lon="139.061066">
        <ele>448.24</ele>
      </trkpt>
      <trkpt lat="35.209598" lon="139.061087">
        <ele>448.92</ele>
      </trkpt>
      <trkpt lat="35.209557" lon="139.061081">
        <ele>449.93</ele>
      </trkpt>
      <trkpt lat="35.209521" lon="139.061055">
        <ele>450.81</ele>
      </trkpt>
      <trkpt lat="35.209501" lon="139.061008">
        <ele>451.63</ele>
      </trkpt>
      <trkpt lat="35.209496" lon="139.060944">
        <ele>452.25</ele>
      </trkpt>
      <trkpt lat="35.209514" lon="139.060878">
        <ele>451.83</ele>
      </trkpt>
      <trkpt lat="35.209544" lon="139.06083">
        <ele>452.34</ele>
      </trkpt>
      <trkpt lat="35.2096" lon="139.060778">
        <ele>452.59</ele>
      </trkpt>
      <trkpt lat="35.209752" lon="139.060438">
        <ele>457.71</ele>
      </trkpt>
      <trkpt lat="35.2097" lon="139.060476">
        <ele>458.09</ele>
      </trkpt>
      <trkpt lat="35.209704" lon="139.060484"/>
      <trkpt lat="35.20924" lon="139.060757"/>
      <trkpt lat="35.209143" lon="139.060725"/>
      <trkpt lat="35.20888" lon="139.060371"/>
      <trkpt lat="35.208889" lon="139.060258"/>
      <trkpt lat="35.208906" lon="139.060267">
        <ele>476.15</ele>
      </trkpt>
      <trkpt lat="35.208915" lon="139.060243">
        <ele>476.19</ele>
      </trkpt>
      <trkpt lat="35.208969" lon="139.060193">
        <ele>476.17</ele>
      </trkpt>
      <trkpt lat="35.209187" lon="139.060057">
        <ele>479.49</ele>
      </trkpt>
      <trkpt lat="35.209516" lon="139.059851">
        <ele>480.05</ele>
      </trkpt>
      <trkpt lat="35.209664" lon="139.059751">
        <ele>480.82</ele>
      </trkpt>
      <trkpt lat="35.20973" lon="139.059658">
        <ele>483.38</ele>
      </trkpt>
      <trkpt lat="35.209749" lon="139.059601">
        <ele>484.07</ele>
      </trkpt>
      <trkpt lat="35.209753" lon="139.059546">
        <ele>485.26</ele>
      </trkpt>
      <trkpt lat="35.209739" lon="139.059545"/>
      <trkpt lat="35.209753" lon="139.059546">
        <ele>485.26</ele>
      </trkpt>
      <trkpt lat="35.209756" lon="139.059503">
        <ele>486.21</ele>
      </trkpt>
      <trkpt lat="35.20974" lon="139.059434">
        <ele>487.72</ele>
      </trkpt>
      <trkpt lat="35.209702" lon="139.059385">
        <ele>488.87</ele>
      </trkpt>
      <trkpt lat="35.209653" lon="139.059364">
        <ele>489.67</ele>
      </trkpt>
      <trkpt lat="35.209599" lon="139.059368">
        <ele>490.77</ele>
      </trkpt>
      <trkpt lat="35.209474" lon="139.059452">
        <ele>492.68</ele>
      </trkpt>
      <trkpt lat="35.209326" lon="139.059534">
        <ele>493.13</ele>
      </trkpt>
      <trkpt lat="35.208959" lon="139.059644">
        <ele>495.98</ele>
      </trkpt>
      <trkpt lat="35.208895" lon="139.059644">
        <ele>497.32</ele>
      </trkpt>
      <trkpt lat="35.208832" lon="139.059623">
        <ele>498.97</ele>
      </trkpt>
      <trkpt lat="35.208803" lon="139.059606">
        <ele>499.75</ele>
      </trkpt>
      <trkpt lat="35.208772" lon="139.059558">
        <ele>500.11</ele>
      </trkpt>
      <trkpt lat="35.208751" lon="139.059494">
        <ele>500.6</ele>
      </trkpt>
      <trkpt lat="35.208747" lon="139.059418">
        <ele>501.27</ele>
      </trkpt>
      <trkpt lat="35.208763" lon="139.059342">
        <ele>502.39</ele>
      </trkpt>
      <trkpt lat="35.208803" lon="139.05929">
        <ele>504.18</ele>
      </trkpt>
      <trkpt lat="35.208855" lon="139.059266">
        <ele>504.98</ele>
      </trkpt>
      <trkpt lat="35.209309" lon="139.059248">
        <ele>504.83</ele>
      </trkpt>
      <trkpt lat="35.209352" lon="139.059232">
        <ele>505.11</ele>
      </trkpt>
      <trkpt lat="35.20939" lon="139.059201">
        <ele>505.9</ele>
      </trkpt>
      <trkpt lat="35.209418" lon="139.05915">
        <ele>507.74</ele>
      </trkpt>
      <trkpt lat="35.209428" lon="139.059076">
        <ele>508.3</ele>
      </trkpt>
      <trkpt lat="35.209417" lon="139.059028">
        <ele>508.67</ele>
      </trkpt>
      <trkpt lat="35.209419" lon="139.058992"/>
      <trkpt lat="35.209417" lon="139.059028">
        <ele>508.67</ele>
      </trkpt>
      <trkpt lat="35.209391" lon="139.058979">
        <ele>509.25</ele>
      </trkpt>
      <trkpt lat="35.209361" lon="139.058952">
        <ele>509.67</ele>
      </trkpt>
      <trkpt lat="35.209325" lon="139.058925">
        <ele>510.12</ele>
      </trkpt>
      <trkpt lat="35.209252" lon="139.058902">
        <ele>510.91</ele>
      </trkpt>
      <trkpt lat="35.208912" lon="139.05881">
        <ele>515.6</ele>
      </trkpt>
      <trkpt lat="35.208876" lon="139.058801">
        <ele>515.21</ele>
      </trkpt>
      <trkpt lat="35.208824" lon="139.058772">
        <ele>515.04</ele>
      </trkpt>
      <trkpt lat="35.208794" lon="139.058723">
        <ele>516.15</ele>
      </trkpt>
      <trkpt lat="35.20878" lon="139.058669">
        <ele>517.6</ele>
      </trkpt>
      <trkpt lat="35.208787" lon="139.058598">
        <ele>519.76</ele>
      </trkpt>
      <trkpt lat="35.208792" lon="139.058481">
        <ele>521.72</ele>
      </trkpt>
      <trkpt lat="35.208803" lon="139.05842">
        <ele>523.54</ele>
      </trkpt>
      <trkpt lat="35.208806" lon="139.058337">
        <ele>527.81</ele>
      </trkpt>
      <trkpt lat="35.20878" lon="139.058291">
        <ele>529.89</ele>
      </trkpt>
      <trkpt lat="35.208655" lon="139.058202">
        <ele>532.6</ele>
      </trkpt>
      <trkpt lat="35.208625" lon="139.058139">
        <ele>535.29</ele>
      </trkpt>
      <trkpt lat="35.208603" lon="139.058032">
        <ele>538.46</ele>
      </trkpt>
      <trkpt lat="35.208562" lon="139.057931">
        <ele>541.05</ele>
      </trkpt>
      <trkpt lat="35.208506" lon="139.057874">
        <ele>542.28</ele>
      </trkpt>
      <trkpt lat="35.208519" lon="139.057806">
        <ele>545.19</ele>
      </trkpt>
      <trkpt lat="35.208554" lon="139.057744">
        <ele>547.04</ele>
      </trkpt>
      <trkpt lat="35.208619" lon="139.057606">
        <ele>553.03</ele>
      </trkpt>
      <trkpt lat="35.20868" lon="139.057522">
        <ele>557.43</ele>
      </trkpt>
      <trkpt lat="35.208692" lon="139.057485">
        <ele>558.75</ele>
      </trkpt>
      <trkpt lat="35.208698" lon="139.057403">
        <ele>561.44</ele>
      </trkpt>
      <trkpt lat="35.208672" lon="139.057377">
        <ele>562.35</ele>
      </trkpt>
      <trkpt lat="35.208679" lon="139.057367"/>
      <trkpt lat="35.208672" lon="139.057377">
        <ele>562.35</ele>
      </trkpt>
      <trkpt lat="35.20866" lon="139.057365">
        <ele>562.8</ele>
      </trkpt>
      <trkpt lat="35.208625" lon="139.057354">
        <ele>563.21</ele>
      </trkpt>
      <trkpt lat="35.208532" lon="139.057382">
        <ele>561.85</ele>
      </trkpt>
      <trkpt lat="35.208485" lon="139.057411">
        <ele>561.16</ele>
      </trkpt>
      <trkpt lat="35.208414" lon="139.057418">
        <ele>562.32</ele>
      </trkpt>
      <trkpt lat="35.208342" lon="139.057408">
        <ele>562.28</ele>
      </trkpt>
      <trkpt lat="35.208298" lon="139.057375">
        <ele>562.31</ele>
      </trkpt>
      <trkpt lat="35.208229" lon="139.057265">
        <ele>564.4</ele>
      </trkpt>
      <trkpt lat="35.208198" lon="139.057248">
        <ele>564.91</ele>
      </trkpt>
      <trkpt lat="35.208153" lon="139.057302">
        <ele>563.33</ele>
      </trkpt>
      <trkpt lat="35.208058" lon="139.057365">
        <ele>562.05</ele>
      </trkpt>
      <trkpt lat="35.207888" lon="139.057519">
        <ele>556.49</ele>
      </trkpt>
      <trkpt lat="35.207744" lon="139.057581">
        <ele>554.41</ele>
      </trkpt>
      <trkpt lat="35.207509" lon="139.057567">
        <ele>554.56</ele>
      </trkpt>
      <trkpt lat="35.207449" lon="139.057536">
        <ele>554.99</ele>
      </trkpt>
      <trkpt lat="35.207435" lon="139.057521">
        <ele>555.34</ele>
      </trkpt>
      <trkpt lat="35.207404" lon="139.057487">
        <ele>556.15</ele>
      </trkpt>
      <trkpt lat="35.207358" lon="139.057363">
        <ele>560.56</ele>
      </trkpt>
      <trkpt lat="35.207294" lon="139.057296">
        <ele>561.34</ele>
      </trkpt>
      <trkpt lat="35.207254" lon="139.057215">
        <ele>563.01</ele>
      </trkpt>
      <trkpt lat="35.207168" lon="139.057123">
        <ele>563.15</ele>
      </trkpt>
      <trkpt lat="35.207089" lon="139.057054">
        <ele>562.9</ele>
      </trkpt>
      <trkpt lat="35.206962" lon="139.056969">
        <ele>563.45</ele>
      </trkpt>
      <trkpt lat="35.206796" lon="139.056876">
        <ele>564.18</ele>
      </trkpt>
      <trkpt lat="35.206634" lon="139.056813">
        <ele>564.63</ele>
      </trkpt>
      <trkpt lat="35.206357" lon="139.0567">
        <ele>570.09</ele>
      </trkpt>
      <trkpt lat="35.206364" lon="139.05668"/>
      <trkpt lat="35.206357" lon="139.0567">
        <ele>570.09</ele>
      </trkpt>
      <trkpt lat="35.206328" lon="139.056684">
        <ele>570.65</ele>
      </trkpt>
      <trkpt lat="35.206257" lon="139.056577">
        <ele>573.77</ele>
      </trkpt>
      <trkpt lat="35.206166" lon="139.056501">
        <ele>575.17</ele>
      </trkpt>
      <trkpt lat="35.206163" lon="139.056498">
        <ele>575.25</ele>
      </trkpt>
      <trkpt lat="35.206144" lon="139.056481">
        <ele>575.66</ele>
      </trkpt>
      <trkpt lat="35.205869" lon="139.056293">
        <ele>580.81</ele>
      </trkpt>
      <trkpt lat="35.205711" lon="139.056141">
        <ele>585.46</ele>
      </trkpt>
      <trkpt lat="35.205591" lon="139.056045">
        <ele>588.84</ele>
      </trkpt>
      <trkpt lat="35.205602" lon="139.055968">
        <ele>591.59</ele>
      </trkpt>
      <trkpt lat="35.205597" lon="139.055937">
        <ele>592.71</ele>
      </trkpt>
      <trkpt lat="35.205591" lon="139.055904">
        <ele>593.84</ele>
      </trkpt>
      <trkpt lat="35.205552" lon="139.055826">
        <ele>596.34</ele>
      </trkpt>
      <trkpt lat="35.205459" lon="139.055731">
        <ele>598.28</ele>
      </trkpt>
      <trkpt lat="35.20544" lon="139.055686">
        <ele>599.6</ele>
      </trkpt>
      <trkpt lat="35.205416" lon="139.055659">
        <ele>600.41</ele>
      </trkpt>
      <trkpt lat="35.205287" lon="139.055454">
        <ele>604.8</ele>
      </trkpt>
      <trkpt lat="35.2051" lon="139.055161">
        <ele>607.61</ele>
      </trkpt>
      <trkpt lat="35.20506" lon="139.0551">
        <ele>608.73</ele>
      </trkpt>
      <trkpt lat="35.205037" lon="139.055064">
        <ele>609.39</ele>
      </trkpt>
      <trkpt lat="35.205024" lon="139.055045">
        <ele>609.75</ele>
      </trkpt>
      <trkpt lat="35.204995" lon="139.055">
        <ele>610.66</ele>
      </trkpt>
      <trkpt lat="35.204965" lon="139.054956">
        <ele>611.53</ele>
      </trkpt>
      <trkpt lat="35.204725" lon="139.05477">
        <ele>612.87</ele>
      </trkpt>
      <trkpt lat="35.204647" lon="139.054681">
        <ele>614.23</ele>
      </trkpt>
      <trkpt lat="35.204626" lon="139.054657">
        <ele>614.55</ele>
      </trkpt>
      <trkpt lat="35.204559" lon="139.054581">
        <ele>616.05</ele>
      </trkpt>
      <trkpt lat="35.204466" lon="139.054458">
        <ele>620.09</ele>
      </trkpt>
      <trkpt lat="35.2041" lon="139.054114">
        <ele>624.14</ele>
      </trkpt>
      <trkpt lat="35.204124" lon="139.054095"/>
      <trkpt lat="35.2041" lon="139.054114">
        <ele>624.14</ele>
      </trkpt>
      <trkpt lat="35.203885" lon="139.053707">
        <ele>634.96</ele>
      </trkpt>
      <trkpt lat="35.203842" lon="139.053632">
        <ele>637.33</ele>
      </trkpt>
      <trkpt lat="35.203923" lon="139.053505">
        <ele>644.12</ele>
      </trkpt>
      <trkpt lat="35.203891" lon="139.053465">
        <ele>644.85</ele>
      </trkpt>
      <trkpt lat="35.203789" lon="139.053339">
        <ele>647.13</ele>
      </trkpt>
      <trkpt lat="35.203939" lon="139.053122">
        <ele>661.3</ele>
      </trkpt>
      <trkpt lat="35.203945" lon="139.053065">
        <ele>663.28</ele>
      </trkpt>
      <trkpt lat="35.203933" lon="139.053016">
        <ele>663.77</ele>
      </trkpt>
      <trkpt lat="35.203945" lon="139.053011"/>
      <trkpt lat="35.203498" lon="139.052362"/>
      <trkpt lat="35.203287" lon="139.052196"/>
      <trkpt lat="35.202695" lon="139.051369"/>
      <trkpt lat="35.202722" lon="139.051096"/>
      <trkpt lat="35.202647" lon="139.05079"/>
      <trkpt lat="35.202542" lon="139.050329"/>
      <trkpt lat="35.202454" lon="139.049712"/>
      <trkpt lat="35.202503" lon="139.049508"/>
      <trkpt lat="35.202362" lon="139.048714"/>
      <trkpt lat="35.202305" lon="139.048467"/>
      <trkpt lat="35.202542" lon="139.047491"/>
      <trkpt lat="35.202595" lon="139.046745"/>
      <trkpt lat="35.202792" lon="139.045817"/>
      <trkpt lat="35.202866" lon="139.04549"/>
      <trkpt lat="35.202868" lon="139.045491">
        <ele>719.98</ele>
      </trkpt>
      <trkpt lat="35.202981" lon="139.045218">
        <ele>726.2</ele>
      </trkpt>
      <trkpt lat="35.203189" lon="139.044901">
        <ele>732.6</ele>
      </trkpt>
      <trkpt lat="35.203284" lon="139.044773">
        <ele>734.29</ele>
      </trkpt>
      <trkpt lat="35.203377" lon="139.044631">
        <ele>733.86</ele>
      </trkpt>
      <trkpt lat="35.203393" lon="139.044551">
        <ele>733.31</ele>
      </trkpt>
      <trkpt lat="35.203422" lon="139.044312">
        <ele>733.36</ele>
      </trkpt>
      <trkpt lat="35.203429" lon="139.044196">
        <ele>733.46</ele>
      </trkpt>
      <trkpt lat="35.203636" lon="139.043986">
        <ele>737.06</ele>
      </trkpt>
      <trkpt lat="35.20366" lon="139.043963">
        <ele>737.45</ele>
      </trkpt>
      <trkpt lat="35.203756" lon="139.043797">
        <ele>740.34</ele>
      </trkpt>
      <trkpt lat="35.203718" lon="139.043133">
        <ele>748.88</ele>
      </trkpt>
      <trkpt lat="35.203718" lon="139.043021">
        <ele>750.32</ele>
      </trkpt>
      <trkpt lat="35.203664" lon="139.042861">
        <ele>756.91</ele>
      </trkpt>
      <trkpt lat="35.203662" lon="139.042808">
        <ele>758.08</ele>
      </trkpt>
      <trkpt lat="35.203664" lon="139.042808"/>
      <trkpt lat="35.203662" lon="139.042808">
        <ele>758.08</ele>
      </trkpt>
      <trkpt lat="35.203661" lon="139.042789">
        <ele>758.51</ele>
      </trkpt>
      <trkpt lat="35.203684" lon="139.042729">
        <ele>759.72</ele>
      </trkpt>
      <trkpt lat="35.203767" lon="139.042587">
        <ele>763.63</ele>
      </trkpt>
      <trkpt lat="35.203937" lon="139.042374">
        <ele>771.6</ele>
      </trkpt>
      <trkpt lat="35.203996" lon="139.042287">
        <ele>774.1</ele>
      </trkpt>
      <trkpt lat="35.204054" lon="139.042134">
        <ele>778.02</ele>
      </trkpt>
      <trkpt lat="35.204095" lon="139.042074">
        <ele>780.93</ele>
      </trkpt>
      <trkpt lat="35.204121" lon="139.042049">
        <ele>782.51</ele>
      </trkpt>
      <trkpt lat="35.204109" lon="139.041993">
        <ele>784.69</ele>
      </trkpt>
      <trkpt lat="35.203975" lon="139.041975">
        <ele>784.17</ele>
      </trkpt>
      <trkpt lat="35.203894" lon="139.041944">
        <ele>784.85</ele>
      </trkpt>
      <trkpt lat="35.203859" lon="139.041887">
        <ele>785.81</ele>
      </trkpt>
      <trkpt lat="35.203841" lon="139.041804">
        <ele>787.37</ele>
      </trkpt>
      <trkpt lat="35.203807" lon="139.041579">
        <ele>789.44</ele>
      </trkpt>
      <trkpt lat="35.203802" lon="139.041407">
        <ele>789.05</ele>
      </trkpt>
      <trkpt lat="35.20384" lon="139.041249">
        <ele>789.35</ele>
      </trkpt>
      <trkpt lat="35.203805" lon="139.04098">
        <ele>791.56</ele>
      </trkpt>
      <trkpt lat="35.203776" lon="139.040721">
        <ele>795.61</ele>
      </trkpt>
      <trkpt lat="35.203781" lon="139.04062">
        <ele>799.07</ele>
      </trkpt>
      <trkpt lat="35.203819" lon="139.040548">
        <ele>800.2</ele>
      </trkpt>
      <trkpt lat="35.203924" lon="139.040464">
        <ele>798.88</ele>
      </trkpt>
      <trkpt lat="35.20394" lon="139.040422">
        <ele>799.02</ele>
      </trkpt>
      <trkpt lat="35.203922" lon="139.04031">
        <ele>798.37</ele>
      </trkpt>
      <trkpt lat="35.203823" lon="139.040085">
        <ele>800.07</ele>
      </trkpt>
      <trkpt lat="35.203767" lon="139.039926">
        <ele>804.06</ele>
      </trkpt>
      <trkpt lat="35.203767" lon="139.039911">
        <ele>804.34</ele>
      </trkpt>
      <trkpt lat="35.203756" lon="139.039911"/>
      <trkpt lat="35.203767" lon="139.039911">
        <ele>804.34</ele>
      </trkpt>
      <trkpt lat="35.203768" lon="139.039792">
        <ele>806.61</ele>
      </trkpt>
      <trkpt lat="35.20385" lon="139.039589">
        <ele>807.09</ele>
      </trkpt>
      <trkpt lat="35.203951" lon="139.039407">
        <ele>806.34</ele>
      </trkpt>
      <trkpt lat="35.20404" lon="139.039283">
        <ele>804.98</ele>
      </trkpt>
      <trkpt lat="35.204062" lon="139.039197">
        <ele>804.6</ele>
      </trkpt>
      <trkpt lat="35.204059" lon="139.039154">
        <ele>804.46</ele>
      </trkpt>
      <trkpt lat="35.204053" lon="139.039035">
        <ele>804.09</ele>
      </trkpt>
      <trkpt lat="35.203903" lon="139.03836">
        <ele>802.04</ele>
      </trkpt>
      <trkpt lat="35.203908" lon="139.03831">
        <ele>802.04</ele>
      </trkpt>
      <trkpt lat="35.20399" lon="139.038116">
        <ele>800.54</ele>
      </trkpt>
      <trkpt lat="35.203992" lon="139.038006">
        <ele>799.13</ele>
      </trkpt>
      <trkpt lat="35.20401" lon="139.037958">
        <ele>798.44</ele>
      </trkpt>
      <trkpt lat="35.204138" lon="139.037814">
        <ele>795.74</ele>
      </trkpt>
      <trkpt lat="35.204241" lon="139.037714">
        <ele>795.05</ele>
      </trkpt>
      <trkpt lat="35.204265" lon="139.037669">
        <ele>795.14</ele>
      </trkpt>
      <trkpt lat="35.204278" lon="139.037679"/>
      <trkpt lat="35.204265" lon="139.037669">
        <ele>795.14</ele>
      </trkpt>
      <trkpt lat="35.204271" lon="139.037604">
        <ele>794.96</ele>
      </trkpt>
      <trkpt lat="35.204205" lon="139.037152">
        <ele>791.18</ele>
      </trkpt>
      <trkpt lat="35.204192" lon="139.036997">
        <ele>789.67</ele>
      </trkpt>
      <trkpt lat="35.204194" lon="139.036733">
        <ele>788.12</ele>
      </trkpt>
      <trkpt lat="35.204165" lon="139.036405">
        <ele>787.06</ele>
      </trkpt>
      <trkpt lat="35.204132" lon="139.036211">
        <ele>786.86</ele>
      </trkpt>
      <trkpt lat="35.204039" lon="139.035768">
        <ele>786.04</ele>
      </trkpt>
      <trkpt lat="35.204014" lon="139.035686">
        <ele>786.14</ele>
      </trkpt>
      <trkpt lat="35.20387" lon="139.035499">
        <ele>782.03</ele>
      </trkpt>
      <trkpt lat="35.203831" lon="139.035413">
        <ele>781.6</ele>
      </trkpt>
      <trkpt lat="35.203748" lon="139.034876">
        <ele>772.97</ele>
      </trkpt>
      <trkpt lat="35.203726" lon="139.034723">
        <ele>771.93</ele>
      </trkpt>
      <trkpt lat="35.203692" lon="139.034561">
        <ele>768.06</ele>
      </trkpt>
      <trkpt lat="35.20369" lon="139.034486">
        <ele>765.47</ele>
      </trkpt>
      <trkpt lat="35.203707" lon="139.034388">
        <ele>761.75</ele>
      </trkpt>
      <trkpt lat="35.20376" lon="139.034198">
        <ele>757.42</ele>
      </trkpt>
      <trkpt lat="35.203766" lon="139.03412">
        <ele>756.2</ele>
      </trkpt>
      <trkpt lat="35.203737" lon="139.034035">
        <ele>753.68</ele>
      </trkpt>
      <trkpt lat="35.203747" lon="139.034026"/>
      <trkpt lat="35.203737" lon="139.034035">
        <ele>753.68</ele>
      </trkpt>
      <trkpt lat="35.203714" lon="139.033999">
        <ele>751.98</ele>
      </trkpt>
      <trkpt lat="35.203523" lon="139.033861">
        <ele>745.54</ele>
      </trkpt>
      <trkpt lat="35.203411" lon="139.033779">
        <ele>746.12</ele>
      </trkpt>
      <trkpt lat="35.203388" lon="139.033754">
        <ele>745.72</ele>
      </trkpt>
      <trkpt lat="35.203376" lon="139.033699">
        <ele>743.74</ele>
      </trkpt>
      <trkpt lat="35.203418" lon="139.033602">
        <ele>743</ele>
      </trkpt>
      <trkpt lat="35.203418" lon="139.033602">
        <ele>743</ele>
      </trkpt>
      <trkpt lat="35.203376" lon="139.033502">
        <ele>742.84</ele>
      </trkpt>
      <trkpt lat="35.20333" lon="139.033423">
        <ele>740.52</ele>
      </trkpt>
      <trkpt lat="35.203161" lon="139.033257">
        <ele>739.88</ele>
      </trkpt>
      <trkpt lat="35.203035" lon="139.033178">
        <ele>740.16</ele>
      </trkpt>
      <trkpt lat="35.202981" lon="139.033167">
        <ele>740.03</ele>
      </trkpt>
      <trkpt lat="35.202917" lon="139.033171">
        <ele>740.11</ele>
      </trkpt>
      <trkpt lat="35.202846" lon="139.033114">
        <ele>739.96</ele>
      </trkpt>
      <trkpt lat="35.202786" lon="139.033053">
        <ele>739.74</ele>
      </trkpt>
      <trkpt lat="35.202783" lon="139.032948">
        <ele>737.5</ele>
      </trkpt>
      <trkpt lat="35.202732" lon="139.032798">
        <ele>734.58</ele>
      </trkpt>
      <trkpt lat="35.202734" lon="139.032638">
        <ele>733.17</ele>
      </trkpt>
      <trkpt lat="35.202734" lon="139.032638">
        <ele>733.17</ele>
      </trkpt>
      <trkpt lat="35.202737" lon="139.032301">
        <ele>730.2</ele>
      </trkpt>
      <trkpt lat="35.202665" lon="139.032268">
        <ele>730.56</ele>
      </trkpt>
      <trkpt lat="35.202712" lon="139.031825">
        <ele>728.21</ele>
      </trkpt>
      <trkpt lat="35.202738" lon="139.031663">
        <ele>728</ele>
      </trkpt>
      <trkpt lat="35.202734" lon="139.031662">
        <ele>728</ele>
      </trkpt>
      <trkpt lat="35.202652" lon="139.03162">
        <ele>728</ele>
      </trkpt>
      <trkpt lat="35.202196" lon="139.03129">
        <ele>727.21</ele>
      </trkpt>
      <trkpt lat="35.20202" lon="139.031205">
        <ele>727.29</ele>
      </trkpt>
      <trkpt lat="35.20202" lon="139.031205">
        <ele>727.29</ele>
      </trkpt>
      <trkpt lat="35.201936" lon="139.031164">
        <ele>727.33</ele>
      </trkpt>
      <trkpt lat="35.201015" lon="139.030939">
        <ele>727.48</ele>
      </trkpt>
      <trkpt lat="35.201036" lon="139.030839">
        <ele>727.14</ele>
      </trkpt>
      <trkpt lat="35.201068" lon="139.030657">
        <ele>726.46</ele>
      </trkpt>
      <trkpt lat="35.201042" lon="139.030661">
        <ele>726.59</ele>
      </trkpt>
      <trkpt lat="35.200942" lon="139.030618">
        <ele>726.98</ele>
      </trkpt>
      <trkpt lat="35.200658" lon="139.030479">
        <ele>727.37</ele>
      </trkpt>
      <trkpt lat="35.200594" lon="139.03036">
        <ele>726.69</ele>
      </trkpt>
      <trkpt lat="35.200197" lon="139.030159">
        <ele>726.53</ele>
      </trkpt>
      <trkpt lat="35.199898" lon="139.029838">
        <ele>726.26</ele>
      </trkpt>
      <trkpt lat="35.199487" lon="139.029555">
        <ele>727.01</ele>
      </trkpt>
      <trkpt lat="35.199361" lon="139.029418">
        <ele>726.43</ele>
      </trkpt>
      <trkpt lat="35.199289" lon="139.029521">
        <ele>727.55</ele>
      </trkpt>
      <trkpt lat="35.199206" lon="139.02975">
        <ele>730.89</ele>
      </trkpt>
      <trkpt lat="35.199145" lon="139.02968">
        <ele>730.8</ele>
      </trkpt>
      <trkpt lat="35.199104" lon="139.029652">
        <ele>730.64</ele>
      </trkpt>
      <trkpt lat="35.199088" lon="139.029687"/>
      <trkpt lat="35.199104" lon="139.029652">
        <ele>730.64</ele>
      </trkpt>
      <trkpt lat="35.199145" lon="139.02968">
        <ele>730.8</ele>
      </trkpt>
      <trkpt lat="35.199239" lon="139.029782">
        <ele>730.81</ele>
      </trkpt>
      <trkpt lat="35.19922" lon="139.029851">
        <ele>731.74</ele>
      </trkpt>
      <trkpt lat="35.199118" lon="139.029766">
        <ele>732.15</ele>
      </trkpt>
      <trkpt lat="35.199077" lon="139.029799">
        <ele>732.67</ele>
      </trkpt>
      <trkpt lat="35.19889" lon="139.029769">
        <ele>733.4</ele>
      </trkpt>
      <trkpt lat="35.198294" lon="139.029665">
        <ele>731.65</ele>
      </trkpt>
      <trkpt lat="35.198127" lon="139.029624">
        <ele>731.82</ele>
      </trkpt>
      <trkpt lat="35.198025" lon="139.029569">
        <ele>731.32</ele>
      </trkpt>
      <trkpt lat="35.197807" lon="139.029404">
        <ele>731.61</ele>
      </trkpt>
      <trkpt lat="35.197572" lon="139.029207">
        <ele>730.92</ele>
      </trkpt>
      <trkpt lat="35.197396" lon="139.029083">
        <ele>731.06</ele>
      </trkpt>
      <trkpt lat="35.197362" lon="139.029074">
        <ele>731.15</ele>
      </trkpt>
      <trkpt lat="35.197272" lon="139.02905">
        <ele>731.38</ele>
      </trkpt>
      <trkpt lat="35.197052" lon="139.029014">
        <ele>731.74</ele>
      </trkpt>
      <trkpt lat="35.19628" lon="139.028956">
        <ele>731.12</ele>
      </trkpt>
      <trkpt lat="35.196177" lon="139.028919">
        <ele>731.23</ele>
      </trkpt>
      <trkpt lat="35.196035" lon="139.028852">
        <ele>731.71</ele>
      </trkpt>
      <trkpt lat="35.19594" lon="139.028773">
        <ele>732.42</ele>
      </trkpt>
      <trkpt lat="35.195936" lon="139.02878"/>
      <trkpt lat="35.19594" lon="139.028773">
        <ele>732.42</ele>
      </trkpt>
      <trkpt lat="35.195831" lon="139.028685">
        <ele>733.23</ele>
      </trkpt>
      <trkpt lat="35.195704" lon="139.028531">
        <ele>733.94</ele>
      </trkpt>
      <trkpt lat="35.195268" lon="139.028164">
        <ele>735.21</ele>
      </trkpt>
      <trkpt lat="35.194969" lon="139.027994">
        <ele>736.37</ele>
      </trkpt>
      <trkpt lat="35.194871" lon="139.02791">
        <ele>736.69</ele>
      </trkpt>
      <trkpt lat="35.194527" lon="139.027822">
        <ele>736.95</ele>
      </trkpt>
      <trkpt lat="35.194532" lon="139.027704">
        <ele>736.37</ele>
      </trkpt>
      <trkpt lat="35.19453" lon="139.027662">
        <ele>736.19</ele>
      </trkpt>
      <trkpt lat="35.194467" lon="139.027514">
        <ele>737</ele>
      </trkpt>
      <trkpt lat="35.19441" lon="139.027461">
        <ele>737</ele>
      </trkpt>
      <trkpt lat="35.194112" lon="139.027222">
        <ele>737</ele>
      </trkpt>
      <trkpt lat="35.194179" lon="139.027099">
        <ele>737</ele>
      </trkpt>
      <trkpt lat="35.19392" lon="139.02688">
        <ele>737</ele>
      </trkpt>
      <trkpt lat="35.193734" lon="139.02677">
        <ele>737.09</ele>
      </trkpt>
      <trkpt lat="35.193678" lon="139.026733">
        <ele>737.52</ele>
      </trkpt>
      <trkpt lat="35.193325" lon="139.026501">
        <ele>738.16</ele>
      </trkpt>
      <trkpt lat="35.193178" lon="139.026402">
        <ele>735.71</ele>
      </trkpt>
      <trkpt lat="35.193162" lon="139.026398">
        <ele>735.63</ele>
      </trkpt>
      <trkpt lat="35.193071" lon="139.026377">
        <ele>735.14</ele>
      </trkpt>
      <trkpt lat="35.192727" lon="139.026368">
        <ele>733.07</ele>
      </trkpt>
      <trkpt lat="35.192557" lon="139.026353">
        <ele>731.76</ele>
      </trkpt>
      <trkpt lat="35.192307" lon="139.02637">
        <ele>731.29</ele>
      </trkpt>
      <trkpt lat="35.192224" lon="139.026403">
        <ele>731.37</ele>
      </trkpt>
      <trkpt lat="35.192219" lon="139.026393"/>
      <trkpt lat="35.192039" lon="139.026613"/>
      <trkpt lat="35.191504" lon="139.027391"/>
      <trkpt lat="35.191496" lon="139.027404">
        <ele>733.43</ele>
      </trkpt>
      <trkpt lat="35.191475" lon="139.027386">
        <ele>733.27</ele>
      </trkpt>
      <trkpt lat="35.191452" lon="139.027427">
        <ele>733.33</ele>
      </trkpt>
      <trkpt lat="35.191197" lon="139.027214">
        <ele>731.09</ele>
      </trkpt>
      <trkpt lat="35.190722" lon="139.026773">
        <ele>728.31</ele>
      </trkpt>
      <trkpt lat="35.190233" lon="139.026279">
        <ele>728.03</ele>
      </trkpt>
      <trkpt lat="35.190148" lon="139.026243">
        <ele>728.06</ele>
      </trkpt>
      <trkpt lat="35.190021" lon="139.026108">
        <ele>728</ele>
      </trkpt>
      <trkpt lat="35.189988" lon="139.026036">
        <ele>728</ele>
      </trkpt>
      <trkpt lat="35.189127" lon="139.025175">
        <ele>727.98</ele>
      </trkpt>
      <trkpt lat="35.189068" lon="139.025161">
        <ele>727.76</ele>
      </trkpt>
      <trkpt lat="35.188961" lon="139.025045">
        <ele>727.17</ele>
      </trkpt>
      <trkpt lat="35.188946" lon="139.024987">
        <ele>727.15</ele>
      </trkpt>
      <trkpt lat="35.188612" lon="139.02466">
        <ele>727.86</ele>
      </trkpt>
      <trkpt lat="35.187966" lon="139.024066">
        <ele>732.29</ele>
      </trkpt>
      <trkpt lat="35.187865" lon="139.023948">
        <ele>733.61</ele>
      </trkpt>
      <trkpt lat="35.187872" lon="139.023936">
        <ele>733.66</ele>
      </trkpt>
      <trkpt lat="35.187887" lon="139.023909">
        <ele>733.79</ele>
      </trkpt>
      <trkpt lat="35.187916" lon="139.023497">
        <ele>734</ele>
      </trkpt>
      <trkpt lat="35.18809" lon="139.022479">
        <ele>730.87</ele>
      </trkpt>
      <trkpt lat="35.188126" lon="139.022148">
        <ele>729.1</ele>
      </trkpt>
      <trkpt lat="35.188133" lon="139.021725">
        <ele>727.54</ele>
      </trkpt>
      <trkpt lat="35.188103" lon="139.021435">
        <ele>728.45</ele>
      </trkpt>
      <trkpt lat="35.188115" lon="139.021333">
        <ele>728.84</ele>
      </trkpt>
      <trkpt lat="35.188109" lon="139.021236">
        <ele>729.36</ele>
      </trkpt>
      <trkpt lat="35.188087" lon="139.021125">
        <ele>730</ele>
      </trkpt>
      <trkpt lat="35.187989" lon="139.020883">
        <ele>731.76</ele>
      </trkpt>
      <trkpt lat="35.187951" lon="139.020705">
        <ele>734.02</ele>
      </trkpt>
      <trkpt lat="35.187879" lon="139.020554">
        <ele>735.53</ele>
      </trkpt>
      <trkpt lat="35.18786" lon="139.020447">
        <ele>737.72</ele>
      </trkpt>
      <trkpt lat="35.187854" lon="139.02033">
        <ele>741.43</ele>
      </trkpt>
      <trkpt lat="35.18778" lon="139.020035">
        <ele>742.44</ele>
      </trkpt>
      <trkpt lat="35.187766" lon="139.019853">
        <ele>744.85</ele>
      </trkpt>
      <trkpt lat="35.187737" lon="139.019752">
        <ele>747.84</ele>
      </trkpt>
      <trkpt lat="35.18771" lon="139.019702">
        <ele>748.56</ele>
      </trkpt>
      <trkpt lat="35.187721" lon="139.019693"/>
      <trkpt lat="35.18771" lon="139.019702">
        <ele>748.56</ele>
      </trkpt>
      <trkpt lat="35.187625" lon="139.019558">
        <ele>750.46</ele>
      </trkpt>
      <trkpt lat="35.18708" lon="139.019195">
        <ele>758.71</ele>
      </trkpt>
      <trkpt lat="35.186604" lon="139.018925">
        <ele>768.79</ele>
      </trkpt>
      <trkpt lat="35.186378" lon="139.018714">
        <ele>775.02</ele>
      </trkpt>
      <trkpt lat="35.186153" lon="139.018502">
        <ele>784.13</ele>
      </trkpt>
      <trkpt lat="35.18611" lon="139.018423">
        <ele>784.82</ele>
      </trkpt>
      <trkpt lat="35.186072" lon="139.018351">
        <ele>785.43</ele>
      </trkpt>
      <trkpt lat="35.186063" lon="139.018225">
        <ele>783.91</ele>
      </trkpt>
      <trkpt lat="35.186112" lon="139.017761">
        <ele>784.53</ele>
      </trkpt>
      <trkpt lat="35.18611" lon="139.017702">
        <ele>785.46</ele>
      </trkpt>
      <trkpt lat="35.186116" lon="139.017702"/>
      <trkpt lat="35.18611" lon="139.017702">
        <ele>785.46</ele>
      </trkpt>
      <trkpt lat="35.186109" lon="139.017635">
        <ele>786.51</ele>
      </trkpt>
      <trkpt lat="35.185978" lon="139.017482">
        <ele>792.38</ele>
      </trkpt>
      <trkpt lat="35.185688" lon="139.017408">
        <ele>798.96</ele>
      </trkpt>
      <trkpt lat="35.185647" lon="139.017322">
        <ele>800.23</ele>
      </trkpt>
      <trkpt lat="35.185636" lon="139.016908">
        <ele>812.36</ele>
      </trkpt>
      <trkpt lat="35.185601" lon="139.016678">
        <ele>819.21</ele>
      </trkpt>
      <trkpt lat="35.185603" lon="139.016655">
        <ele>819.55</ele>
      </trkpt>
      <trkpt lat="35.185603" lon="139.016655">
        <ele>819.55</ele>
      </trkpt>
      <trkpt lat="35.185617" lon="139.016472">
        <ele>822.32</ele>
      </trkpt>
      <trkpt lat="35.185506" lon="139.016477">
        <ele>822.91</ele>
      </trkpt>
      <trkpt lat="35.185022" lon="139.016553">
        <ele>826.85</ele>
      </trkpt>
      <trkpt lat="35.184568" lon="139.016638">
        <ele>827.14</ele>
      </trkpt>
      <trkpt lat="35.18442" lon="139.016639">
        <ele>827.6</ele>
      </trkpt>
      <trkpt lat="35.184274" lon="139.016596">
        <ele>828.89</ele>
      </trkpt>
      <trkpt lat="35.184123" lon="139.016529">
        <ele>829.3</ele>
      </trkpt>
      <trkpt lat="35.184123" lon="139.016529">
        <ele>829.3</ele>
      </trkpt>
      <trkpt lat="35.18404" lon="139.01645">
        <ele>829.78</ele>
      </trkpt>
      <trkpt lat="35.18395" lon="139.016316">
        <ele>830.39</ele>
      </trkpt>
      <trkpt lat="35.183883" lon="139.016187">
        <ele>831.28</ele>
      </trkpt>
      <trkpt lat="35.183827" lon="139.016038">
        <ele>831.26</ele>
      </trkpt>
      <trkpt lat="35.183786" lon="139.015824">
        <ele>831.85</ele>
      </trkpt>
      <trkpt lat="35.183788" lon="139.015682">
        <ele>832.01</ele>
      </trkpt>
      <trkpt lat="35.183721" lon="139.01563">
        <ele>832.49</ele>
      </trkpt>
      <trkpt lat="35.183597" lon="139.015366">
        <ele>835.41</ele>
      </trkpt>
      <trkpt lat="35.183538" lon="139.01529">
        <ele>837.28</ele>
      </trkpt>
      <trkpt lat="35.183516" lon="139.015315"/>
      <trkpt lat="35.182955" lon="139.015235"/>
      <trkpt lat="35.18274" lon="139.014967"/>
      <trkpt lat="35.182823" lon="139.014591"/>
      <trkpt lat="35.182679" lon="139.014371"/>
      <trkpt lat="35.182074" lon="139.014146"/>
      <trkpt lat="35.181938" lon="139.014216"/>
      <trkpt lat="35.181867" lon="139.01391"/>
      <trkpt lat="35.18128" lon="139.013765"/>
      <trkpt lat="35.181254" lon="139.013507"/>
      <trkpt lat="35.181162" lon="139.013395"/>
      <trkpt lat="35.180438" lon="139.013266"/>
      <trkpt lat="35.180307" lon="139.013143"/>
      <trkpt lat="35.179701" lon="139.013105"/>
      <trkpt lat="35.179605" lon="139.013164"/>
      <trkpt lat="35.179386" lon="139.013116"/>
      <trkpt lat="35.179245" lon="139.013282"/>
      <trkpt lat="35.179035" lon="139.012987"/>
      <trkpt lat="35.178487" lon="139.012585"/>
      <trkpt lat="35.178013" lon="139.012086"/>
      <trkpt lat="35.177619" lon="139.011388"/>
      <trkpt lat="35.17747" lon="139.010916"/>
      <trkpt lat="35.177321" lon="139.010761"/>
      <trkpt lat="35.177027" lon="139.010739"/>
      <trkpt lat="35.176869" lon="139.0106"/>
      <trkpt lat="35.176716" lon="139.010305"/>
      <trkpt lat="35.176194" lon="139.009683"/>
      <trkpt lat="35.176023" lon="139.009586"/>
      <trkpt lat="35.175852" lon="139.009597"/>
      <trkpt lat="35.17579" lon="139.009312"/>
      <trkpt lat="35.175575" lon="139.009055"/>
      <trkpt lat="35.174861" lon="139.008953"/>
      <trkpt lat="35.174681" lon="139.00884"/>
      <trkpt lat="35.174576" lon="139.008851"/>
      <trkpt lat="35.174479" lon="139.008744"/>
      <trkpt lat="35.173835" lon="139.008808"/>
      <trkpt lat="35.173624" lon="139.008567"/>
      <trkpt lat="35.173155" lon="139.008191"/>
      <trkpt lat="35.172953" lon="139.008159"/>
      <trkpt lat="35.172778" lon="139.007226"/>
      <trkpt lat="35.172449" lon="139.007011"/>
      <trkpt lat="35.172195" lon="139.006995"/>
      <trkpt lat="35.172054" lon="139.007075"/>
      <trkpt lat="35.171743" lon="139.006609"/>
      <trkpt lat="35.171379" lon="139.005992"/>
      <trkpt lat="35.170568" lon="139.005327"/>
      <trkpt lat="35.170296" lon="139.005053"/>
      <trkpt lat="35.170191" lon="139.004839"/>
      <trkpt lat="35.169963" lon="139.004833"/>
      <trkpt lat="35.169358" lon="139.004066"/>
      <trkpt lat="35.168897" lon="139.003519"/>
      <trkpt lat="35.168586" lon="139.003438"/>
      <trkpt lat="35.168257" lon="139.003256"/>
      <trkpt lat="35.168016" lon="139.003159"/>
      <trkpt lat="35.167823" lon="139.002999"/>
      <trkpt lat="35.167625" lon="139.00302"/>
      <trkpt lat="35.167419" lon="139.003197"/>
      <trkpt lat="35.167047" lon="139.003063"/>
      <trkpt lat="35.166661" lon="139.003176"/>
      <trkpt lat="35.166384" lon="139.00309"/>
      <trkpt lat="35.166222" lon="139.002661"/>
      <trkpt lat="35.165985" lon="139.002457"/>
      <trkpt lat="35.165889" lon="139.002478"/>
      <trkpt lat="35.165599" lon="139.002274"/>
      <trkpt lat="35.164731" lon="139.001985"/>
      <trkpt lat="35.163889" lon="139.002156"/>
      <trkpt lat="35.163179" lon="139.001266"/>
      <trkpt lat="35.16281" lon="139.001663"/>
      <trkpt lat="35.162249" lon="139.001223"/>
      <trkpt lat="35.161889" lon="139.00044"/>
      <trkpt lat="35.161881" lon="139.000118"/>
      <trkpt lat="35.161381" lon="138.999302"/>
      <trkpt lat="35.160582" lon="138.998519"/>
      <trkpt lat="35.160328" lon="138.998433"/>
      <trkpt lat="35.159179" lon="138.997436"/>
      <trkpt lat="35.158644" lon="138.997328"/>
      <trkpt lat="35.158039" lon="138.996878"/>
      <trkpt lat="35.157837" lon="138.99691"/>
      <trkpt lat="35.15753" lon="138.996545"/>
      <trkpt lat="35.157591" lon="138.996095"/>
      <trkpt lat="35.157249" lon="138.995794"/>
      <trkpt lat="35.156986" lon="138.995912"/>
      <trkpt lat="35.156898" lon="138.995891"/>
      <trkpt lat="35.154811" lon="138.994775"/>
      <trkpt lat="35.154267" lon="138.994464"/>
      <trkpt lat="35.153732" lon="138.99426"/>
      <trkpt lat="35.152811" lon="138.993187"/>
      <trkpt lat="35.152232" lon="138.992575"/>
      <trkpt lat="35.152065" lon="138.991975"/>
      <trkpt lat="35.151565" lon="138.991492"/>
      <trkpt lat="35.151118" lon="138.990634"/>
      <trkpt lat="35.151144" lon="138.990269"/>
      <trkpt lat="35.151039" lon="138.990043"/>
      <trkpt lat="35.150907" lon="138.989239"/>
      <trkpt lat="35.150504" lon="138.98867"/>
      <trkpt lat="35.150232" lon="138.988305"/>
      <trkpt lat="35.150161" lon="138.98749"/>
      <trkpt lat="35.150082" lon="138.986932"/>
      <trkpt lat="35.150126" lon="138.986439"/>
      <trkpt lat="35.150556" lon="138.985999"/>
      <trkpt lat="35.150258" lon="138.985698"/>
      <trkpt lat="35.150337" lon="138.985291"/>
      <trkpt lat="35.150258" lon="138.984464"/>
      <trkpt lat="35.14967" lon="138.983692"/>
      <trkpt lat="35.149433" lon="138.983413"/>
      <trkpt lat="35.148916" lon="138.982555"/>
      <trkpt lat="35.148802" lon="138.982351"/>
      <trkpt lat="35.14874" lon="138.981782"/>
      <trkpt lat="35.148188" lon="138.98101"/>
      <trkpt lat="35.147091" lon="138.978928"/>
      <trkpt lat="35.146845" lon="138.978413"/>
      <trkpt lat="35.146442" lon="138.977394"/>
      <trkpt lat="35.1461" lon="138.976257"/>
      <trkpt lat="35.146187" lon="138.97513"/>
      <trkpt lat="35.14588" lon="138.97468"/>
      <trkpt lat="35.145529" lon="138.97395"/>
      <trkpt lat="35.144898" lon="138.973414"/>
      <trkpt lat="35.144486" lon="138.972609"/>
      <trkpt lat="35.143757" lon="138.971847"/>
      <trkpt lat="35.142862" lon="138.970699"/>
      <trkpt lat="35.14195" lon="138.970013"/>
      <trkpt lat="35.140897" lon="138.968468"/>
      <trkpt lat="35.140388" lon="138.967803"/>
      <trkpt lat="35.140213" lon="138.966966"/>
      <trkpt lat="35.139494" lon="138.966301"/>
      <trkpt lat="35.1388" lon="138.964273"/>
      <trkpt lat="35.138169" lon="138.962964"/>
      <trkpt lat="35.138011" lon="138.96246"/>
      <trkpt lat="35.137476" lon="138.961462"/>
      <trkpt lat="35.137247" lon="138.961076"/>
      <trkpt lat="35.137616" lon="138.960142"/>
      <trkpt lat="35.13766" lon="138.959413"/>
      <trkpt lat="35.137827" lon="138.958662"/>
      <trkpt lat="35.137704" lon="138.957943"/>
      <trkpt lat="35.136888" lon="138.955979"/>
      <trkpt lat="35.13673" lon="138.955808"/>
      <trkpt lat="35.136625" lon="138.954799"/>
      <trkpt lat="35.13673" lon="138.953415"/>
      <trkpt lat="35.136835" lon="138.9529"/>
      <trkpt lat="35.136589" lon="138.952417"/>
      <trkpt lat="35.136396" lon="138.952063"/>
      <trkpt lat="35.136221" lon="138.951817"/>
      <trkpt lat="35.135484" lon="138.950894"/>
      <trkpt lat="35.134861" lon="138.949939"/>
      <trkpt lat="35.134063" lon="138.948898"/>
      <trkpt lat="35.133562" lon="138.947836"/>
      <trkpt lat="35.132913" lon="138.946034"/>
      <trkpt lat="35.132509" lon="138.94495"/>
      <trkpt lat="35.132088" lon="138.944199"/>
      <trkpt lat="35.131965" lon="138.944156"/>
      <trkpt lat="35.13179" lon="138.943813"/>
      <trkpt lat="35.131378" lon="138.943716"/>
      <trkpt lat="35.130877" lon="138.943266"/>
      <trkpt lat="35.129544" lon="138.942493"/>
      <trkpt lat="35.129079" lon="138.941742"/>
      <trkpt lat="35.128113" lon="138.940766"/>
      <trkpt lat="35.127657" lon="138.940219"/>
      <trkpt lat="35.127148" lon="138.939543"/>
      <trkpt lat="35.126429" lon="138.938459"/>
      <trkpt lat="35.125648" lon="138.937365"/>
      <trkpt lat="35.124849" lon="138.936217"/>
      <trkpt lat="35.124244" lon="138.935262"/>
      <trkpt lat="35.123884" lon="138.935005"/>
      <trkpt lat="35.124077" lon="138.934758"/>
      <trkpt lat="35.123866" lon="138.93406"/>
      <trkpt lat="35.123831" lon="138.933717"/>
      <trkpt lat="35.123998" lon="138.933063"/>
      <trkpt lat="35.123708" lon="138.932215"/>
      <trkpt lat="35.123507" lon="138.931775"/>
      <trkpt lat="35.123287" lon="138.931078"/>
      <trkpt lat="35.123252" lon="138.930702"/>
      <trkpt lat="35.122642" lon="138.929259"/>
      <trkpt lat="35.121791" lon="138.926604"/>
      <trkpt lat="35.121335" lon="138.925198"/>
      <trkpt lat="35.120799" lon="138.923648"/>
      <trkpt lat="35.120238" lon="138.919973"/>
      <trkpt lat="35.120154" lon="138.919228"/>
      <trkpt lat="35.12004" lon="138.918461"/>
      <trkpt lat="35.11961" lon="138.916004"/>
      <trkpt lat="35.119386" lon="138.914593"/>
      <trkpt lat="35.118812" lon="138.911621"/>
      <trkpt lat="35.118509" lon="138.910645"/>
      <trkpt lat="35.118189" lon="138.909985"/>
      <trkpt lat="35.117565" lon="138.908826"/>
      <trkpt lat="35.116223" lon="138.906021"/>
      <trkpt lat="35.115938" lon="138.905371"/>
      <trkpt lat="35.115042" lon="138.903912"/>
      <trkpt lat="35.113265" lon="138.900758"/>
      <trkpt lat="35.112993" lon="138.900425"/>
      <trkpt lat="35.109035" lon="138.896595"/>
      <trkpt lat="35.10756" lon="138.895254"/>
      <trkpt lat="35.107086" lon="138.893645"/>
      <trkpt lat="35.106718" lon="138.892336"/>
      <trkpt lat="35.105928" lon="138.890308"/>
      <trkpt lat="35.105349" lon="138.889021"/>
      <trkpt lat="35.105296" lon="138.886403"/>
      <trkpt lat="35.105147" lon="138.885158"/>
      <trkpt lat="35.104532" lon="138.882026"/>
      <trkpt lat="35.104418" lon="138.881425"/>
      <trkpt lat="35.104506" lon="138.88091"/>
      <trkpt lat="35.103567" lon="138.878989"/>
      <trkpt lat="35.102303" lon="138.877133"/>
      <trkpt lat="35.100986" lon="138.875223"/>
      <trkpt lat="35.100591" lon="138.874322"/>
      <trkpt lat="35.100433" lon="138.874247"/>
      <trkpt lat="35.099748" lon="138.872809"/>
      <trkpt lat="35.099389" lon="138.871737"/>
      <trkpt lat="35.099257" lon="138.870513"/>
      <trkpt lat="35.099187" lon="138.869537"/>
      <trkpt lat="35.099327" lon="138.868754"/>
      <trkpt lat="35.099608" lon="138.868003"/>
      <trkpt lat="35.099678" lon="138.867112"/>
      <trkpt lat="35.099766" lon="138.866801"/>
      <trkpt lat="35.099696" lon="138.865203"/>
      <trkpt lat="35.099564" lon="138.862789"/>
      <trkpt lat="35.099292" lon="138.861136"/>
      <trkpt lat="35.098528" lon="138.860536"/>
      <trkpt lat="35.097984" lon="138.859205"/>
      <trkpt lat="35.098107" lon="138.85854"/>
      <trkpt lat="35.096983" lon="138.858089"/>
      <trkpt lat="35.096281" lon="138.857832"/>
      <trkpt lat="35.096448" lon="138.856802"/>
      <trkpt lat="35.094078" lon="138.856158"/>
      <trkpt lat="35.094245" lon="138.855676"/>
      <trkpt lat="35.096149" lon="138.852489"/>
      <trkpt lat="35.097888" lon="138.849968"/>
      <trkpt lat="35.098353" lon="138.849378"/>
      <trkpt lat="35.099485" lon="138.847339"/>
      <trkpt lat="35.100574" lon="138.845054"/>
      <trkpt lat="35.101381" lon="138.843466"/>
      <trkpt lat="35.102171" lon="138.84205"/>
      <trkpt lat="35.105024" lon="138.838509"/>
      <trkpt lat="35.106964" lon="138.835881"/>
      <trkpt lat="35.109044" lon="138.833059"/>
      <trkpt lat="35.111519" lon="138.829637"/>
      <trkpt lat="35.113827" lon="138.824959"/>
      <trkpt lat="35.116153" lon="138.81967"/>
      <trkpt lat="35.117741" lon="138.816"/>
      <trkpt lat="35.119496" lon="138.812363"/>
      <trkpt lat="35.1204" lon="138.810378"/>
      <trkpt lat="35.120848" lon="138.810411"/>
      <trkpt lat="35.12112" lon="138.810228"/>
      <trkpt lat="35.120997" lon="138.809928"/>
      <trkpt lat="35.120734" lon="138.80967"/>
      <trkpt lat="35.121479" lon="138.808136"/>
      <trkpt lat="35.123068" lon="138.804617"/>
      <trkpt lat="35.123884" lon="138.802664"/>
      <trkpt lat="35.124981" lon="138.798941"/>
      <trkpt lat="35.126692" lon="138.79318"/>
      <trkpt lat="35.128184" lon="138.788148"/>
      <trkpt lat="35.129842" lon="138.781807"/>
      <trkpt lat="35.131597" lon="138.774405"/>
      <trkpt lat="35.132738" lon="138.768804"/>
      <trkpt lat="35.13358" lon="138.763483"/>
      <trkpt lat="35.134124" lon="138.758826"/>
      <trkpt lat="35.134256" lon="138.756509"/>
      <trkpt lat="35.134155" lon="138.756332"/>
      <trkpt lat="35.134273" lon="138.752421"/>
      <trkpt lat="35.134282" lon="138.750769"/>
      <trkpt lat="35.134229" lon="138.749825"/>
      <trkpt lat="35.134896" lon="138.747003"/>
      <trkpt lat="35.135326" lon="138.745222"/>
      <trkpt lat="35.135852" lon="138.742476"/>
      <trkpt lat="35.136475" lon="138.739911"/>
      <trkpt lat="35.137291" lon="138.735191"/>
      <trkpt lat="35.137905" lon="138.730631"/>
      <trkpt lat="35.138151" lon="138.729183"/>
      <trkpt lat="35.138818" lon="138.726811"/>
      <trkpt lat="35.138607" lon="138.726447"/>
      <trkpt lat="35.138809" lon="138.725921"/>
      <trkpt lat="35.139099" lon="138.725127"/>
      <trkpt lat="35.139713" lon="138.723067"/>
      <trkpt lat="35.140222" lon="138.720192"/>
      <trkpt lat="35.140853" lon="138.717392"/>
      <trkpt lat="35.140897" lon="138.715246"/>
      <trkpt lat="35.141573" lon="138.713121"/>
      <trkpt lat="35.141704" lon="138.711544"/>
      <trkpt lat="35.14231" lon="138.709431"/>
      <trkpt lat="35.142529" lon="138.70751"/>
      <trkpt lat="35.143178" lon="138.707489"/>
      <trkpt lat="35.143301" lon="138.706684"/>
      <trkpt lat="35.144117" lon="138.704528"/>
      <trkpt lat="35.145749" lon="138.703551"/>
      <trkpt lat="35.147117" lon="138.703122"/>
      <trkpt lat="35.14831" lon="138.701266"/>
      <trkpt lat="35.149284" lon="138.700107"/>
      <trkpt lat="35.149889" lon="138.698959"/>
      <trkpt lat="35.150302" lon="138.698638"/>
      <trkpt lat="35.150811" lon="138.697951"/>
      <trkpt lat="35.152232" lon="138.697275"/>
      <trkpt lat="35.1531" lon="138.697254"/>
      <trkpt lat="35.155363" lon="138.69838"/>
      <trkpt lat="35.15596" lon="138.698198"/>
      <trkpt lat="35.156653" lon="138.6975"/>
      <trkpt lat="35.1586" lon="138.696384"/>
      <trkpt lat="35.160232" lon="138.692297"/>
      <trkpt lat="35.160626" lon="138.691181"/>
      <trkpt lat="35.160995" lon="138.690044"/>
      <trkpt lat="35.161863" lon="138.6894"/>
      <trkpt lat="35.163648" lon="138.683832"/>
      <trkpt lat="35.16228" lon="138.683183"/>
      <trkpt lat="35.162416" lon="138.682115"/>
      <trkpt lat="35.161854" lon="138.679047"/>
      <trkpt lat="35.161468" lon="138.678564"/>
      <trkpt lat="35.16053" lon="138.678349"/>
      <trkpt lat="35.160556" lon="138.678006"/>
      <trkpt lat="35.159188" lon="138.676922"/>
      <trkpt lat="35.156758" lon="138.675066"/>
      <trkpt lat="35.156276" lon="138.674659"/>
      <trkpt lat="35.156223" lon="138.672438"/>
      <trkpt lat="35.156346" lon="138.672347"/>
      <trkpt lat="35.156846" lon="138.67166"/>
      <trkpt lat="35.156648" lon="138.671166"/>
      <trkpt lat="35.15624" lon="138.670571"/>
      <trkpt lat="35.156469" lon="138.669766"/>
      <trkpt lat="35.156881" lon="138.668565"/>
      <trkpt lat="35.156955" lon="138.667669"/>
      <trkpt lat="35.156938" lon="138.666875"/>
      <trkpt lat="35.156969" lon="138.66599"/>
      <trkpt lat="35.156977" lon="138.665636"/>
      <trkpt lat="35.157214" lon="138.664107"/>
      <trkpt lat="35.157411" lon="138.662916"/>
      <trkpt lat="35.157438" lon="138.662197"/>
      <trkpt lat="35.157411" lon="138.66062"/>
      <trkpt lat="35.157276" lon="138.659649"/>
      <trkpt lat="35.157004" lon="138.658319"/>
      <trkpt lat="35.156898" lon="138.65753"/>
      <trkpt lat="35.156846" lon="138.656119"/>
      <trkpt lat="35.156644" lon="138.655942"/>
      <trkpt lat="35.156355" lon="138.655497"/>
      <trkpt lat="35.156214" lon="138.655255"/>
      <trkpt lat="35.155942" lon="138.654891"/>
      <trkpt lat="35.155876" lon="138.65393"/>
      <trkpt lat="35.155789" lon="138.652611"/>
      <trkpt lat="35.15599" lon="138.651774"/>
      <trkpt lat="35.156083" lon="138.651382"/>
      <trkpt lat="35.156284" lon="138.650342"/>
      <trkpt lat="35.156381" lon="138.650079"/>
      <trkpt lat="35.156802" lon="138.649462"/>
      <trkpt lat="35.157109" lon="138.648899"/>
      <trkpt lat="35.157157" lon="138.648319"/>
      <trkpt lat="35.157078" lon="138.647665"/>
      <trkpt lat="35.156916" lon="138.646941"/>
      <trkpt lat="35.15692" lon="138.646393"/>
      <trkpt lat="35.157056" lon="138.645262"/>
      <trkpt lat="35.157056" lon="138.644741"/>
      <trkpt lat="35.156885" lon="138.644216"/>
      <trkpt lat="35.156841" lon="138.64376"/>
      <trkpt lat="35.15685" lon="138.643309"/>
      <trkpt lat="35.157083" lon="138.642821"/>
      <trkpt lat="35.157293" lon="138.64178"/>
      <trkpt lat="35.15739" lon="138.641152"/>
      <trkpt lat="35.157666" lon="138.640385"/>
      <trkpt lat="35.157776" lon="138.640203"/>
      <trkpt lat="35.157833" lon="138.638502"/>
      <trkpt lat="35.157771" lon="138.637408"/>
      <trkpt lat="35.157574" lon="138.636518"/>
      <trkpt lat="35.157381" lon="138.635885"/>
      <trkpt lat="35.157635" lon="138.634747"/>
      <trkpt lat="35.157433" lon="138.634549"/>
      <trkpt lat="35.157205" lon="138.633546"/>
      <trkpt lat="35.156872" lon="138.632746"/>
      <trkpt lat="35.156596" lon="138.632387"/>
      <trkpt lat="35.155903" lon="138.632178"/>
      <trkpt lat="35.155561" lon="138.630166"/>
      <trkpt lat="35.15546" lon="138.628133"/>
      <trkpt lat="35.155394" lon="138.627554"/>
      <trkpt lat="35.155131" lon="138.625606"/>
      <trkpt lat="35.154749" lon="138.622795"/>
      <trkpt lat="35.154578" lon="138.621433"/>
      <trkpt lat="35.15517" lon="138.621406"/>
      <trkpt lat="35.155135" lon="138.62103"/>
      <trkpt lat="35.154626" lon="138.620864"/>
      <trkpt lat="35.154578" lon="138.62073"/>
      <trkpt lat="35.15471" lon="138.620178"/>
      <trkpt lat="35.153548" lon="138.619378"/>
      <trkpt lat="35.153578" lon="138.619196"/>
      <trkpt lat="35.152346" lon="138.618633"/>
      <trkpt lat="35.152162" lon="138.618633"/>
      <trkpt lat="35.150587" lon="138.618885"/>
      <trkpt lat="35.149561" lon="138.619051"/>
      <trkpt lat="35.148552" lon="138.619271"/>
      <trkpt lat="35.148262" lon="138.619405"/>
      <trkpt lat="35.14803" lon="138.618504"/>
      <trkpt lat="35.147644" lon="138.617447"/>
      <trkpt lat="35.147446" lon="138.61734"/>
      <trkpt lat="35.145328" lon="138.617072"/>
      <trkpt lat="35.145122" lon="138.617072"/>
      <trkpt lat="35.144025" lon="138.617216"/>
      <trkpt lat="35.143836" lon="138.617206"/>
      <trkpt lat="35.143845" lon="138.616331"/>
      <trkpt lat="35.14277" lon="138.614996"/>
      <trkpt lat="35.142204" lon="138.614808"/>
      <trkpt lat="35.141871" lon="138.61433"/>
      <trkpt lat="35.141792" lon="138.613633"/>
      <trkpt lat="35.140897" lon="138.613724"/>
      <trkpt lat="35.140603" lon="138.612812"/>
      <trkpt lat="35.139458" lon="138.612319"/>
      <trkpt lat="35.139037" lon="138.612217"/>
      <trkpt lat="35.138134" lon="138.611873"/>
      <trkpt lat="35.137002" lon="138.611337"/>
      <trkpt lat="35.136436" lon="138.611455"/>
      <trkpt lat="35.135936" lon="138.611847"/>
      <trkpt lat="35.135172" lon="138.612206"/>
      <trkpt lat="35.134475" lon="138.612217"/>
      <trkpt lat="35.133966" lon="138.611922"/>
      <trkpt lat="35.133826" lon="138.611922"/>
      <trkpt lat="35.13354" lon="138.612174"/>
      <trkpt lat="35.132948" lon="138.612716"/>
      <trkpt lat="35.132606" lon="138.612941"/>
      <trkpt lat="35.131961" lon="138.612919"/>
      <trkpt lat="35.131641" lon="138.612807"/>
      <trkpt lat="35.131167" lon="138.613231"/>
      <trkpt lat="35.130671" lon="138.613215"/>
      <trkpt lat="35.130412" lon="138.613445"/>
      <trkpt lat="35.13011" lon="138.613322"/>
      <trkpt lat="35.12918" lon="138.612839"/>
      <trkpt lat="35.128552" lon="138.612447"/>
      <trkpt lat="35.128298" lon="138.612941"/>
      <trkpt lat="35.128223" lon="138.613086"/>
      <trkpt lat="35.127596" lon="138.613257"/>
      <trkpt lat="35.127078" lon="138.61329"/>
      <trkpt lat="35.126455" lon="138.613306"/>
      <trkpt lat="35.125964" lon="138.613386"/>
      <trkpt lat="35.124981" lon="138.613386"/>
      <trkpt lat="35.124248" lon="138.613558"/>
      <trkpt lat="35.124042" lon="138.613536"/>
      <trkpt lat="35.123673" lon="138.612726"/>
      <trkpt lat="35.123445" lon="138.612356"/>
      <trkpt lat="35.122269" lon="138.611042"/>
      <trkpt lat="35.122089" lon="138.610908"/>
      <trkpt lat="35.120734" lon="138.609164"/>
      <trkpt lat="35.120396" lon="138.608183"/>
      <trkpt lat="35.120273" lon="138.607609"/>
      <trkpt lat="35.120189" lon="138.607051"/>
      <trkpt lat="35.120146" lon="138.606257"/>
      <trkpt lat="35.120168" lon="138.606032"/>
      <trkpt lat="35.120132" lon="138.605661"/>
      <trkpt lat="35.119931" lon="138.604288"/>
      <trkpt lat="35.119768" lon="138.603489"/>
      <trkpt lat="35.11936" lon="138.602185"/>
      <trkpt lat="35.119154" lon="138.601563"/>
      <trkpt lat="35.118408" lon="138.601579"/>
      <trkpt lat="35.117688" lon="138.601552"/>
      <trkpt lat="35.11739" lon="138.599466"/>
      <trkpt lat="35.117276" lon="138.598098"/>
      <trkpt lat="35.116872" lon="138.59607"/>
      <trkpt lat="35.116495" lon="138.594375"/>
      <trkpt lat="35.116205" lon="138.592304"/>
      <trkpt lat="35.115635" lon="138.589783"/>
      <trkpt lat="35.11545" lon="138.587884"/>
      <trkpt lat="35.115135" lon="138.586178"/>
      <trkpt lat="35.11488" lon="138.584096"/>
      <trkpt lat="35.114661" lon="138.58224"/>
      <trkpt lat="35.114283" lon="138.58032"/>
      <trkpt lat="35.113607" lon="138.578163"/>
      <trkpt lat="35.112598" lon="138.575631"/>
      <trkpt lat="35.111773" lon="138.574226"/>
      <trkpt lat="35.111475" lon="138.573775"/>
      <trkpt lat="35.110606" lon="138.572445"/>
      <trkpt lat="35.109623" lon="138.570975"/>
      <trkpt lat="35.109412" lon="138.570364"/>
      <trkpt lat="35.108728" lon="138.569505"/>
      <trkpt lat="35.108578" lon="138.569387"/>
      <trkpt lat="35.107279" lon="138.566984"/>
      <trkpt lat="35.106235" lon="138.564956"/>
      <trkpt lat="35.105331" lon="138.563025"/>
      <trkpt lat="35.10448" lon="138.561083"/>
      <trkpt lat="35.103637" lon="138.558852"/>
      <trkpt lat="35.103277" lon="138.558058"/>
      <trkpt lat="35.102794" lon="138.556899"/>
      <trkpt lat="35.101925" lon="138.555837"/>
      <trkpt lat="35.101153" lon="138.555032"/>
      <trkpt lat="35.100056" lon="138.554539"/>
      <trkpt lat="35.09974" lon="138.554431"/>
      <trkpt lat="35.09837" lon="138.553444"/>
      <trkpt lat="35.097888" lon="138.552897"/>
      <trkpt lat="35.096316" lon="138.551846"/>
      <trkpt lat="35.095807" lon="138.551449"/>
      <trkpt lat="35.095798" lon="138.551041"/>
      <trkpt lat="35.095421" lon="138.550816"/>
      <trkpt lat="35.094613" lon="138.550633"/>
      <trkpt lat="35.093814" lon="138.550311"/>
      <trkpt lat="35.093411" lon="138.550097"/>
      <trkpt lat="35.093174" lon="138.549936"/>
      <trkpt lat="35.092928" lon="138.549593"/>
      <trkpt lat="35.091988" lon="138.548906"/>
      <trkpt lat="35.091857" lon="138.548691"/>
      <trkpt lat="35.091313" lon="138.54852"/>
      <trkpt lat="35.090882" lon="138.548327"/>
      <trkpt lat="35.090321" lon="138.548251"/>
      <trkpt lat="35.089785" lon="138.548198"/>
      <trkpt lat="35.089381" lon="138.54838"/>
      <trkpt lat="35.08889" lon="138.548294"/>
      <trkpt lat="35.08853" lon="138.548037"/>
      <trkpt lat="35.088354" lon="138.548155"/>
      <trkpt lat="35.087783" lon="138.548101"/>
      <trkpt lat="35.087529" lon="138.548155"/>
      <trkpt lat="35.087011" lon="138.548005"/>
      <trkpt lat="35.086203" lon="138.547629"/>
      <trkpt lat="35.085483" lon="138.547157"/>
      <trkpt lat="35.084658" lon="138.5469"/>
      <trkpt lat="35.084237" lon="138.547028"/>
      <trkpt lat="35.082744" lon="138.546717"/>
      <trkpt lat="35.082393" lon="138.546546"/>
      <trkpt lat="35.081769" lon="138.54661"/>
      <trkpt lat="35.081076" lon="138.546503"/>
      <trkpt lat="35.080716" lon="138.546213"/>
      <trkpt lat="35.080005" lon="138.546095"/>
      <trkpt lat="35.079689" lon="138.54602"/>
      <trkpt lat="35.079487" lon="138.545752"/>
      <trkpt lat="35.078512" lon="138.545591"/>
      <trkpt lat="35.078135" lon="138.545387"/>
      <trkpt lat="35.078126" lon="138.545387"/>
      <trkpt lat="35.077836" lon="138.545398"/>
      <trkpt lat="35.077538" lon="138.544754"/>
      <trkpt lat="35.077248" lon="138.544464"/>
      <trkpt lat="35.07702" lon="138.544464"/>
      <trkpt lat="35.07687" lon="138.544325"/>
      <trkpt lat="35.076809" lon="138.544217"/>
      <trkpt lat="35.076528" lon="138.544014"/>
      <trkpt lat="35.076291" lon="138.544024"/>
      <trkpt lat="35.075843" lon="138.543702"/>
      <trkpt lat="35.075659" lon="138.543466"/>
      <trkpt lat="35.075316" lon="138.543391"/>
      <trkpt lat="35.074684" lon="138.542737"/>
      <trkpt lat="35.074289" lon="138.542683"/>
      <trkpt lat="35.073823" lon="138.542286"/>
      <trkpt lat="35.073657" lon="138.542072"/>
      <trkpt lat="35.073384" lon="138.542136"/>
      <trkpt lat="35.073077" lon="138.542029"/>
      <trkpt lat="35.072691" lon="138.541664"/>
      <trkpt lat="35.072269" lon="138.541557"/>
      <trkpt lat="35.072023" lon="138.540891"/>
      <trkpt lat="35.071619" lon="138.541063"/>
      <trkpt lat="35.07147" lon="138.541353"/>
      <trkpt lat="35.070777" lon="138.541181"/>
      <trkpt lat="35.070083" lon="138.541224"/>
      <trkpt lat="35.06974" lon="138.540827"/>
      <trkpt lat="35.068906" lon="138.540355"/>
      <trkpt lat="35.068529" lon="138.539786"/>
      <trkpt lat="35.068002" lon="138.539636"/>
      <trkpt lat="35.067624" lon="138.539336"/>
      <trkpt lat="35.067185" lon="138.539228"/>
      <trkpt lat="35.066676" lon="138.538971"/>
      <trkpt lat="35.066158" lon="138.5391"/>
      <trkpt lat="35.065938" lon="138.539271"/>
      <trkpt lat="35.065622" lon="138.53911"/>
      <trkpt lat="35.06535" lon="138.539186"/>
      <trkpt lat="35.06513" lon="138.538874"/>
      <trkpt lat="35.064849" lon="138.538703"/>
      <trkpt lat="35.064603" lon="138.538199"/>
      <trkpt lat="35.063435" lon="138.536986"/>
      <trkpt lat="35.065152" lon="138.53476"/>
      <trkpt lat="35.064911" lon="138.534223"/>
      <trkpt lat="35.06531" lon="138.533703"/>
      <trkpt lat="35.065293" lon="138.532882"/>
      <trkpt lat="35.065503" lon="138.532609"/>
      <trkpt lat="35.065367" lon="138.532115"/>
      <trkpt lat="35.064919" lon="138.531831"/>
      <trkpt lat="35.064652" lon="138.53152"/>
      <trkpt lat="35.063936" lon="138.531418"/>
      <trkpt lat="35.063282" lon="138.531176"/>
      <trkpt lat="35.062768" lon="138.531182"/>
      <trkpt lat="35.062663" lon="138.531236"/>
      <trkpt lat="35.061776" lon="138.532287"/>
      <trkpt lat="35.061055" lon="138.532888"/>
      <trkpt lat="35.059984" lon="138.534186"/>
      <trkpt lat="35.059773" lon="138.534862"/>
      <trkpt lat="35.058553" lon="138.53278"/>
      <trkpt lat="35.058557" lon="138.532679"/>
      <trkpt lat="35.058588" lon="138.532566"/>
      <trkpt lat="35.05875" lon="138.532721"/>
      <trkpt lat="35.058926" lon="138.532523"/>
      <trkpt lat="35.058333" lon="138.53138"/>
      <trkpt lat="35.057793" lon="138.531219"/>
      <trkpt lat="35.057165" lon="138.530527"/>
      <trkpt lat="35.056585" lon="138.530152"/>
      <trkpt lat="35.055545" lon="138.530409"/>
      <trkpt lat="35.055132" lon="138.529846"/>
      <trkpt lat="35.054214" lon="138.528543"/>
      <trkpt lat="35.053186" lon="138.526837"/>
      <trkpt lat="35.052168" lon="138.524353"/>
      <trkpt lat="35.051351" lon="138.52232"/>
      <trkpt lat="35.050345" lon="138.520533"/>
      <trkpt lat="35.049476" lon="138.518913"/>
      <trkpt lat="35.048294" lon="138.516762"/>
      <trkpt lat="35.047767" lon="138.516011"/>
      <trkpt lat="35.047192" lon="138.515244"/>
      <trkpt lat="35.046911" lon="138.514429"/>
      <trkpt lat="35.046841" lon="138.513726"/>
      <trkpt lat="35.046902" lon="138.512036"/>
      <trkpt lat="35.04677" lon="138.511071"/>
      <trkpt lat="35.04645" lon="138.509402"/>
      <trkpt lat="35.046305" lon="138.508158"/>
      <trkpt lat="35.046116" lon="138.507326"/>
      <trkpt lat="35.046112" lon="138.506253"/>
      <trkpt lat="35.046015" lon="138.505964"/>
      <trkpt lat="35.045817" lon="138.506071"/>
      <trkpt lat="35.045558" lon="138.506082"/>
      <trkpt lat="35.045176" lon="138.506162"/>
      <trkpt lat="35.044794" lon="138.505122"/>
      <trkpt lat="35.044737" lon="138.504762"/>
      <trkpt lat="35.044715" lon="138.504301"/>
      <trkpt lat="35.044899" lon="138.503459"/>
      <trkpt lat="35.044917" lon="138.502938"/>
      <trkpt lat="35.04414" lon="138.500921"/>
      <trkpt lat="35.043485" lon="138.499478"/>
      <trkpt lat="35.042984" lon="138.498706"/>
      <trkpt lat="35.042273" lon="138.498035"/>
      <trkpt lat="35.041759" lon="138.497799"/>
      <trkpt lat="35.040679" lon="138.497268"/>
      <trkpt lat="35.039778" lon="138.496844"/>
      <trkpt lat="35.039036" lon="138.496222"/>
      <trkpt lat="35.038061" lon="138.495331"/>
      <trkpt lat="35.037288" lon="138.49457"/>
      <trkpt lat="35.036054" lon="138.493508"/>
      <trkpt lat="35.034415" lon="138.491689"/>
      <trkpt lat="35.033326" lon="138.490616"/>
      <trkpt lat="35.031692" lon="138.489275"/>
      <trkpt lat="35.031165" lon="138.488889"/>
      <trkpt lat="35.030111" lon="138.488256"/>
      <trkpt lat="35.028846" lon="138.487687"/>
      <trkpt lat="35.027484" lon="138.48699"/>
      <trkpt lat="35.026078" lon="138.486271"/>
      <trkpt lat="35.025156" lon="138.486078"/>
      <trkpt lat="35.024092" lon="138.485917"/>
      <trkpt lat="35.023319" lon="138.485777"/>
      <trkpt lat="35.022107" lon="138.485724"/>
      <trkpt lat="35.020973" lon="138.485735"/>
      <trkpt lat="35.018601" lon="138.485574"/>
      <trkpt lat="35.019093" lon="138.483707"/>
      <trkpt lat="35.019673" lon="138.481529"/>
      <trkpt lat="35.017389" lon="138.48037"/>
      <trkpt lat="35.016835" lon="138.478664"/>
      <trkpt lat="35.016053" lon="138.476411"/>
      <trkpt lat="35.01535" lon="138.474426"/>
      <trkpt lat="35.014076" lon="138.470854"/>
      <trkpt lat="35.013338" lon="138.468783"/>
      <trkpt lat="35.0126" lon="138.466691"/>
      <trkpt lat="35.01209" lon="138.464921"/>
      <trkpt lat="35.01144" lon="138.463869"/>
      <trkpt lat="35.010825" lon="138.462356"/>
      <trkpt lat="35.010719" lon="138.461444"/>
      <trkpt lat="35.010394" lon="138.460264"/>
      <trkpt lat="35.010517" lon="138.459749"/>
      <trkpt lat="35.011123" lon="138.458462"/>
      <trkpt lat="35.011088" lon="138.4577"/>
      <trkpt lat="35.010464" lon="138.456917"/>
      <trkpt lat="35.0089" lon="138.455554"/>
      <trkpt lat="35.007028" lon="138.453945"/>
      <trkpt lat="35.006396" lon="138.453569"/>
      <trkpt lat="35.006035" lon="138.453387"/>
      <trkpt lat="35.005025" lon="138.451896"/>
      <trkpt lat="35.003997" lon="138.450383"/>
      <trkpt lat="35.003557" lon="138.449214"/>
      <trkpt lat="35.003047" lon="138.446853"/>
      <trkpt lat="35.002555" lon="138.445754"/>
      <trkpt lat="35.001927" lon="138.444632"/>
      <trkpt lat="35.001175" lon="138.443629"/>
      <trkpt lat="35.000868" lon="138.443973"/>
      <trkpt lat="35.000042" lon="138.442959"/>
      <trkpt lat="34.999159" lon="138.442379"/>
      <trkpt lat="34.998411" lon="138.441789"/>
      <trkpt lat="34.997765" lon="138.441172"/>
      <trkpt lat="34.997537" lon="138.440834"/>
      <trkpt lat="34.996957" lon="138.439772"/>
      <trkpt lat="34.996285" lon="138.438909"/>
      <trkpt lat="34.995542" lon="138.437927"/>
      <trkpt lat="34.995225" lon="138.437664"/>
      <trkpt lat="34.994988" lon="138.437305"/>
      <trkpt lat="34.994434" lon="138.436269"/>
      <trkpt lat="34.994048" lon="138.435229"/>
      <trkpt lat="34.993762" lon="138.434236"/>
      <trkpt lat="34.993516" lon="138.433592"/>
      <trkpt lat="34.993063" lon="138.432922"/>
      <trkpt lat="34.992835" lon="138.432562"/>
      <trkpt lat="34.992619" lon="138.431806"/>
      <trkpt lat="34.992505" lon="138.431382"/>
      <trkpt lat="34.992211" lon="138.430744"/>
      <trkpt lat="34.992637" lon="138.43039"/>
      <trkpt lat="34.993138" lon="138.429875"/>
      <trkpt lat="34.992852" lon="138.428716"/>
      <trkpt lat="34.992839" lon="138.427289"/>
      <trkpt lat="34.993019" lon="138.427364"/>
      <trkpt lat="34.993714" lon="138.426914"/>
      <trkpt lat="34.993723" lon="138.426785"/>
      <trkpt lat="34.993578" lon="138.42664"/>
      <trkpt lat="34.993309" lon="138.426254"/>
      <trkpt lat="34.992927" lon="138.425519"/>
      <trkpt lat="34.992707" lon="138.425186"/>
      <trkpt lat="34.992712" lon="138.424317"/>
      <trkpt lat="34.992606" lon="138.4237"/>
      <trkpt lat="34.992272" lon="138.422391"/>
      <trkpt lat="34.991938" lon="138.421533"/>
      <trkpt lat="34.991815" lon="138.42104"/>
      <trkpt lat="34.991666" lon="138.419591"/>
      <trkpt lat="34.990752" lon="138.418089"/>
      <trkpt lat="34.990857" lon="138.417842"/>
      <trkpt lat="34.99069" lon="138.416576"/>
      <trkpt lat="34.989662" lon="138.414624"/>
      <trkpt lat="34.988291" lon="138.411952"/>
      <trkpt lat="34.987702" lon="138.411083"/>
      <trkpt lat="34.986172" lon="138.409452"/>
      <trkpt lat="34.985689" lon="138.409045"/>
      <trkpt lat="34.984906" lon="138.408734"/>
      <trkpt lat="34.984608" lon="138.408723"/>
      <trkpt lat="34.983852" lon="138.407875"/>
      <trkpt lat="34.98292" lon="138.407199"/>
      <trkpt lat="34.982129" lon="138.406577"/>
      <trkpt lat="34.981206" lon="138.406802"/>
      <trkpt lat="34.980054" lon="138.407704"/>
      <trkpt lat="34.979404" lon="138.406824"/>
      <trkpt lat="34.9787" lon="138.405815"/>
      <trkpt lat="34.977953" lon="138.404549"/>
      <trkpt lat="34.97747" lon="138.402908"/>
      <trkpt lat="34.977549" lon="138.402532"/>
      <trkpt lat="34.977602" lon="138.401674"/>
      <trkpt lat="34.97754" lon="138.401374"/>
      <trkpt lat="34.977672" lon="138.399668"/>
      <trkpt lat="34.977751" lon="138.398391"/>
      <trkpt lat="34.977733" lon="138.39691"/>
      <trkpt lat="34.977224" lon="138.395323"/>
      <trkpt lat="34.976591" lon="138.393493"/>
      <trkpt lat="34.976239" lon="138.392463"/>
      <trkpt lat="34.975707" lon="138.390865"/>
      <trkpt lat="34.975329" lon="138.389652"/>
      <trkpt lat="34.974806" lon="138.388091"/>
      <trkpt lat="34.974709" lon="138.387716"/>
      <trkpt lat="34.974643" lon="138.387115"/>
      <trkpt lat="34.974837" lon="138.385844"/>
      <trkpt lat="34.974876" lon="138.385549"/>
      <trkpt lat="34.973663" lon="138.384723"/>
      <trkpt lat="34.974489" lon="138.382781"/>
      <trkpt lat="34.97492" lon="138.38174"/>
      <trkpt lat="34.972459" lon="138.380173"/>
      <trkpt lat="34.971645" lon="138.379669"/>
      <trkpt lat="34.972472" lon="138.377647"/>
      <trkpt lat="34.970731" lon="138.376536"/>
      <trkpt lat="34.968423" lon="138.375056"/>
      <trkpt lat="34.966937" lon="138.374069"/>
      <trkpt lat="34.965707" lon="138.373178"/>
      <trkpt lat="34.964256" lon="138.372116"/>
      <trkpt lat="34.963649" lon="138.371494"/>
      <trkpt lat="34.963438" lon="138.371183"/>
      <trkpt lat="34.962928" lon="138.370625"/>
      <trkpt lat="34.96226" lon="138.369938"/>
      <trkpt lat="34.961759" lon="138.369434"/>
      <trkpt lat="34.961477" lon="138.369209"/>
      <trkpt lat="34.958031" lon="138.365754"/>
      <trkpt lat="34.956826" lon="138.364563"/>
      <trkpt lat="34.95366" lon="138.363329"/>
      <trkpt lat="34.949932" lon="138.360347"/>
      <trkpt lat="34.949448" lon="138.35996"/>
      <trkpt lat="34.948243" lon="138.357782"/>
      <trkpt lat="34.947487" lon="138.357369"/>
      <trkpt lat="34.946709" lon="138.356999"/>
      <trkpt lat="34.945979" lon="138.356232"/>
      <trkpt lat="34.945218" lon="138.35524"/>
      <trkpt lat="34.945016" lon="138.355218"/>
      <trkpt lat="34.945007" lon="138.354558"/>
      <trkpt lat="34.945143" lon="138.354065"/>
      <trkpt lat="34.945552" lon="138.353142"/>
      <trkpt lat="34.945755" lon="138.352203"/>
      <trkpt lat="34.946163" lon="138.35135"/>
      <trkpt lat="34.946801" lon="138.349999"/>
      <trkpt lat="34.947082" lon="138.349714"/>
      <trkpt lat="34.947153" lon="138.34935"/>
      <trkpt lat="34.948129" lon="138.348121"/>
      <trkpt lat="34.948419" lon="138.347359"/>
      <trkpt lat="34.948485" lon="138.346463"/>
      <trkpt lat="34.94896" lon="138.345149"/>
      <trkpt lat="34.949057" lon="138.344109"/>
      <trkpt lat="34.94914" lon="138.342682"/>
      <trkpt lat="34.949321" lon="138.341603"/>
      <trkpt lat="34.949536" lon="138.340611"/>
      <trkpt lat="34.950006" lon="138.338267"/>
      <trkpt lat="34.950182" lon="138.337966"/>
      <trkpt lat="34.950015" lon="138.337258"/>
      <trkpt lat="34.949932" lon="138.336448"/>
      <trkpt lat="34.949822" lon="138.335118"/>
      <trkpt lat="34.949901" lon="138.333616"/>
      <trkpt lat="34.949782" lon="138.33324"/>
      <trkpt lat="34.949" lon="138.332908"/>
      <trkpt lat="34.948151" lon="138.332677"/>
      <trkpt lat="34.947755" lon="138.332441"/>
      <trkpt lat="34.947245" lon="138.33176"/>
      <trkpt lat="34.946761" lon="138.33117"/>
      <trkpt lat="34.946001" lon="138.330478"/>
      <trkpt lat="34.945702" lon="138.330633"/>
      <trkpt lat="34.945618" lon="138.330596"/>
      <trkpt lat="34.945711" lon="138.33037"/>
      <trkpt lat="34.94513" lon="138.330166"/>
      <trkpt lat="34.944959" lon="138.330016"/>
      <trkpt lat="34.944774" lon="138.329984"/>
      <trkpt lat="34.944453" lon="138.329769"/>
      <trkpt lat="34.944163" lon="138.329539"/>
      <trkpt lat="34.944035" lon="138.329442"/>
      <trkpt lat="34.943617" lon="138.329324"/>
      <trkpt lat="34.943371" lon="138.329051"/>
      <trkpt lat="34.942887" lon="138.328171"/>
      <trkpt lat="34.942641" lon="138.327672"/>
      <trkpt lat="34.942162" lon="138.326899"/>
      <trkpt lat="34.942087" lon="138.326401"/>
      <trkpt lat="34.941999" lon="138.325703"/>
      <trkpt lat="34.941608" lon="138.325081"/>
      <trkpt lat="34.94126" lon="138.324544"/>
      <trkpt lat="34.941199" lon="138.324174"/>
      <trkpt lat="34.941309" lon="138.323563"/>
      <trkpt lat="34.94119" lon="138.323144"/>
      <trkpt lat="34.941296" lon="138.322994"/>
      <trkpt lat="34.941291" lon="138.323273"/>
      <trkpt lat="34.941256" lon="138.323134"/>
      <trkpt lat="34.941705" lon="138.323118"/>
      <trkpt lat="34.941678" lon="138.323273"/>
      <trkpt lat="34.941661" lon="138.323053"/>
      <trkpt lat="34.941634" lon="138.322957"/>
      <trkpt lat="34.941837" lon="138.322903"/>
      <trkpt lat="34.941902" lon="138.322704"/>
      <trkpt lat="34.941951" lon="138.322114"/>
      <trkpt lat="34.941788" lon="138.321857"/>
      <trkpt lat="34.941621" lon="138.321025"/>
      <trkpt lat="34.941401" lon="138.320537"/>
      <trkpt lat="34.941129" lon="138.320189"/>
      <trkpt lat="34.940979" lon="138.32013"/>
      <trkpt lat="34.940777" lon="138.319904"/>
      <trkpt lat="34.940517" lon="138.319561"/>
      <trkpt lat="34.940346" lon="138.319282"/>
      <trkpt lat="34.940337" lon="138.318917"/>
      <trkpt lat="34.940196" lon="138.318531"/>
      <trkpt lat="34.939554" lon="138.317957"/>
      <trkpt lat="34.939207" lon="138.317222"/>
      <trkpt lat="34.939093" lon="138.317024"/>
      <trkpt lat="34.938983" lon="138.31624"/>
      <trkpt lat="34.938974" lon="138.315285"/>
      <trkpt lat="34.938969" lon="138.314427"/>
      <trkpt lat="34.938965" lon="138.313703"/>
      <trkpt lat="34.938903" lon="138.312866"/>
      <trkpt lat="34.938873" lon="138.31255"/>
      <trkpt lat="34.938525" lon="138.312609"/>
      <trkpt lat="34.938556" lon="138.31299"/>
      <trkpt lat="34.9386" lon="138.312898"/>
      <trkpt lat="34.938534" lon="138.312458"/>
      <trkpt lat="34.938319" lon="138.312153"/>
      <trkpt lat="34.938077" lon="138.311032"/>
      <trkpt lat="34.937927" lon="138.310817"/>
      <trkpt lat="34.937707" lon="138.310114"/>
      <trkpt lat="34.937769" lon="138.309894"/>
      <trkpt lat="34.93732" lon="138.309251"/>
      <trkpt lat="34.937118" lon="138.309358"/>
      <trkpt lat="34.936933" lon="138.309234"/>
      <trkpt lat="34.936771" lon="138.308945"/>
      <trkpt lat="34.936744" lon="138.308655"/>
      <trkpt lat="34.936859" lon="138.308296"/>
      <trkpt lat="34.937347" lon="138.307534"/>
      <trkpt lat="34.937426" lon="138.307121"/>
      <trkpt lat="34.937307" lon="138.306799"/>
      <trkpt lat="34.936964" lon="138.306541"/>
      <trkpt lat="34.936779" lon="138.306364"/>
      <trkpt lat="34.936625" lon="138.306021"/>
      <trkpt lat="34.93659" lon="138.305613"/>
      <trkpt lat="34.936599" lon="138.305356"/>
      <trkpt lat="34.93652" lon="138.30512"/>
      <trkpt lat="34.936467" lon="138.304857"/>
      <trkpt lat="34.936124" lon="138.304482"/>
      <trkpt lat="34.935627" lon="138.303993"/>
      <trkpt lat="34.935711" lon="138.303747"/>
      <trkpt lat="34.935702" lon="138.303564"/>
      <trkpt lat="34.935746" lon="138.303258"/>
      <trkpt lat="34.93564" lon="138.303328"/>
      <trkpt lat="34.935583" lon="138.303564"/>
      <trkpt lat="34.935403" lon="138.303709"/>
      <trkpt lat="34.935319" lon="138.303704"/>
      <trkpt lat="34.935464" lon="138.303242"/>
      <trkpt lat="34.935442" lon="138.30313"/>
      <trkpt lat="34.935412" lon="138.303183"/>
      <trkpt lat="34.935306" lon="138.303119"/>
      <trkpt lat="34.935157" lon="138.302819"/>
      <trkpt lat="34.935077" lon="138.302872"/>
      <trkpt lat="34.934976" lon="138.303124"/>
      <trkpt lat="34.934712" lon="138.303103"/>
      <trkpt lat="34.934435" lon="138.30299"/>
      <trkpt lat="34.934229" lon="138.303033"/>
      <trkpt lat="34.933974" lon="138.303189"/>
      <trkpt lat="34.933657" lon="138.30328"/>
      <trkpt lat="34.933424" lon="138.303226"/>
      <trkpt lat="34.93298" lon="138.302969"/>
      <trkpt lat="34.933046" lon="138.302867"/>
      <trkpt lat="34.933015" lon="138.30277"/>
      <trkpt lat="34.932835" lon="138.302808"/>
      <trkpt lat="34.932505" lon="138.302931"/>
      <trkpt lat="34.932078" lon="138.302819"/>
      <trkpt lat="34.931823" lon="138.302829"/>
      <trkpt lat="34.931493" lon="138.302958"/>
      <trkpt lat="34.931269" lon="138.303081"/>
      <trkpt lat="34.931031" lon="138.303065"/>
      <trkpt lat="34.930706" lon="138.303511"/>
      <trkpt lat="34.93042" lon="138.303554"/>
      <trkpt lat="34.930372" lon="138.30395"/>
      <trkpt lat="34.930205" lon="138.304149"/>
      <trkpt lat="34.930156" lon="138.304444"/>
      <trkpt lat="34.929888" lon="138.304036"/>
      <trkpt lat="34.92958" lon="138.303704"/>
      <trkpt lat="34.929347" lon="138.303151"/>
      <trkpt lat="34.929285" lon="138.302963"/>
      <trkpt lat="34.928872" lon="138.302749"/>
      <trkpt lat="34.928379" lon="138.302593"/>
      <trkpt lat="34.928331" lon="138.302384"/>
      <trkpt lat="34.926783" lon="138.302003"/>
      <trkpt lat="34.925499" lon="138.301338"/>
      <trkpt lat="34.925063" lon="138.300855"/>
      <trkpt lat="34.924795" lon="138.300367"/>
      <trkpt lat="34.92472" lon="138.300152"/>
      <trkpt lat="34.924637" lon="138.300276"/>
      <trkpt lat="34.924808" lon="138.300512"/>
      <trkpt lat="34.924786" lon="138.300383"/>
      <trkpt lat="34.924984" lon="138.300195"/>
      <trkpt lat="34.924852" lon="138.299943"/>
      <trkpt lat="34.925129" lon="138.299627"/>
      <trkpt lat="34.925358" lon="138.298532"/>
      <trkpt lat="34.925362" lon="138.298152"/>
      <trkpt lat="34.925103" lon="138.297857"/>
      <trkpt lat="34.925041" lon="138.297363"/>
      <trkpt lat="34.924707" lon="138.296805"/>
      <trkpt lat="34.924975" lon="138.296161"/>
      <trkpt lat="34.924966" lon="138.295287"/>
      <trkpt lat="34.924878" lon="138.29482"/>
      <trkpt lat="34.92483" lon="138.292996"/>
      <trkpt lat="34.924659" lon="138.292492"/>
      <trkpt lat="34.923981" lon="138.291854"/>
      <trkpt lat="34.923541" lon="138.290985"/>
      <trkpt lat="34.923216" lon="138.290014"/>
      <trkpt lat="34.92304" lon="138.289815"/>
      <trkpt lat="34.922798" lon="138.288571"/>
      <trkpt lat="34.922341" lon="138.287487"/>
      <trkpt lat="34.921866" lon="138.286248"/>
      <trkpt lat="34.920797" lon="138.283528"/>
      <trkpt lat="34.920766" lon="138.28252"/>
      <trkpt lat="34.920251" lon="138.282423"/>
      <trkpt lat="34.919803" lon="138.28252"/>
      <trkpt lat="34.919178" lon="138.282412"/>
      <trkpt lat="34.917423" lon="138.282037"/>
      <trkpt lat="34.916781" lon="138.282407"/>
      <trkpt lat="34.916636" lon="138.282386"/>
      <trkpt lat="34.915729" lon="138.281581"/>
      <trkpt lat="34.915514" lon="138.281704"/>
      <trkpt lat="34.915109" lon="138.281618"/>
      <trkpt lat="34.914533" lon="138.281581"/>
      <trkpt lat="34.913851" lon="138.281634"/>
      <trkpt lat="34.913499" lon="138.281522"/>
      <trkpt lat="34.911621" lon="138.280792"/>
      <trkpt lat="34.911251" lon="138.280696"/>
      <trkpt lat="34.910833" lon="138.280674"/>
      <trkpt lat="34.910798" lon="138.280385"/>
      <trkpt lat="34.909826" lon="138.280835"/>
      <trkpt lat="34.908524" lon="138.281468"/>
      <trkpt lat="34.907446" lon="138.28186"/>
      <trkpt lat="34.905458" lon="138.282745"/>
      <trkpt lat="34.904437" lon="138.283281"/>
      <trkpt lat="34.902334" lon="138.284687"/>
      <trkpt lat="34.902114" lon="138.284547"/>
      <trkpt lat="34.901252" lon="138.284515"/>
      <trkpt lat="34.900055" lon="138.284193"/>
      <trkpt lat="34.899122" lon="138.284"/>
      <trkpt lat="34.898322" lon="138.283711"/>
      <trkpt lat="34.896773" lon="138.283142"/>
      <trkpt lat="34.895198" lon="138.282573"/>
      <trkpt lat="34.895066" lon="138.282605"/>
      <trkpt lat="34.894912" lon="138.282514"/>
      <trkpt lat="34.894278" lon="138.28238"/>
      <trkpt lat="34.89408" lon="138.282418"/>
      <trkpt lat="34.893759" lon="138.28223"/>
      <trkpt lat="34.893543" lon="138.282294"/>
      <trkpt lat="34.892663" lon="138.28201"/>
      <trkpt lat="34.892377" lon="138.281838"/>
      <trkpt lat="34.891889" lon="138.281318"/>
      <trkpt lat="34.891493" lon="138.280932"/>
      <trkpt lat="34.891405" lon="138.280647"/>
      <trkpt lat="34.890938" lon="138.280406"/>
      <trkpt lat="34.890604" lon="138.280352"/>
      <trkpt lat="34.890164" lon="138.280256"/>
      <trkpt lat="34.888941" lon="138.28047"/>
      <trkpt lat="34.88799" lon="138.281018"/>
      <trkpt lat="34.887506" lon="138.281018"/>
      <trkpt lat="34.886353" lon="138.280503"/>
      <trkpt lat="34.885896" lon="138.280546"/>
      <trkpt lat="34.88506" lon="138.279355"/>
      <trkpt lat="34.883942" lon="138.278024"/>
      <trkpt lat="34.883291" lon="138.276866"/>
      <trkpt lat="34.882296" lon="138.276222"/>
      <trkpt lat="34.881214" lon="138.275567"/>
      <trkpt lat="34.881583" lon="138.274709"/>
      <trkpt lat="34.881663" lon="138.273829"/>
      <trkpt lat="34.880888" lon="138.273218"/>
      <trkpt lat="34.880316" lon="138.272467"/>
      <trkpt lat="34.879392" lon="138.27193"/>
      <trkpt lat="34.879621" lon="138.271303"/>
      <trkpt lat="34.878996" lon="138.270723"/>
      <trkpt lat="34.878195" lon="138.269924"/>
      <trkpt lat="34.877684" lon="138.269146"/>
      <trkpt lat="34.877108" lon="138.2681"/>
      <trkpt lat="34.876456" lon="138.266941"/>
      <trkpt lat="34.875493" lon="138.265418"/>
      <trkpt lat="34.874758" lon="138.264399"/>
      <trkpt lat="34.874326" lon="138.263465"/>
      <trkpt lat="34.873754" lon="138.262162"/>
      <trkpt lat="34.872738" lon="138.259807"/>
      <trkpt lat="34.871818" lon="138.25691"/>
      <trkpt lat="34.871329" lon="138.255542"/>
      <trkpt lat="34.870788" lon="138.254517"/>
      <trkpt lat="34.870647" lon="138.253809"/>
      <trkpt lat="34.870541" lon="138.253144"/>
      <trkpt lat="34.870313" lon="138.25279"/>
      <trkpt lat="34.869842" lon="138.252398"/>
      <trkpt lat="34.869133" lon="138.251873"/>
      <trkpt lat="34.868636" lon="138.251717"/>
      <trkpt lat="34.86721" lon="138.251063"/>
      <trkpt lat="34.865365" lon="138.250451"/>
      <trkpt lat="34.864463" lon="138.250076"/>
      <trkpt lat="34.862927" lon="138.249228"/>
      <trkpt lat="34.861981" lon="138.249019"/>
      <trkpt lat="34.861281" lon="138.248981"/>
      <trkpt lat="34.859163" lon="138.248777"/>
      <trkpt lat="34.857693" lon="138.248692"/>
      <trkpt lat="34.856478" lon="138.248702"/>
      <trkpt lat="34.855501" lon="138.248509"/>
      <trkpt lat="34.854779" lon="138.248187"/>
      <trkpt lat="34.854374" lon="138.247705"/>
      <trkpt lat="34.853952" lon="138.247039"/>
      <trkpt lat="34.853617" lon="138.246567"/>
      <trkpt lat="34.853652" lon="138.245462"/>
      <trkpt lat="34.853476" lon="138.24514"/>
      <trkpt lat="34.852578" lon="138.244443"/>
      <trkpt lat="34.850984" lon="138.243499"/>
      <trkpt lat="34.850324" lon="138.242909"/>
      <trkpt lat="34.849655" lon="138.242447"/>
      <trkpt lat="34.849083" lon="138.241546"/>
      <trkpt lat="34.848458" lon="138.241128"/>
      <trkpt lat="34.84792" lon="138.240688"/>
      <trkpt lat="34.847269" lon="138.239508"/>
      <trkpt lat="34.846362" lon="138.23778"/>
      <trkpt lat="34.846001" lon="138.236439"/>
      <trkpt lat="34.845851" lon="138.235914"/>
      <trkpt lat="34.844909" lon="138.234948"/>
      <trkpt lat="34.844759" lon="138.234186"/>
      <trkpt lat="34.844504" lon="138.233467"/>
      <trkpt lat="34.844302" lon="138.231751"/>
      <trkpt lat="34.844354" lon="138.230174"/>
      <trkpt lat="34.844214" lon="138.229283"/>
      <trkpt lat="34.843835" lon="138.227599"/>
      <trkpt lat="34.843351" lon="138.226247"/>
      <trkpt lat="34.843016" lon="138.225431"/>
      <trkpt lat="34.842884" lon="138.22349"/>
      <trkpt lat="34.842761" lon="138.22247"/>
      <trkpt lat="34.842039" lon="138.219638"/>
      <trkpt lat="34.841889" lon="138.218758"/>
      <trkpt lat="34.841457" lon="138.217503"/>
      <trkpt lat="34.841246" lon="138.216301"/>
      <trkpt lat="34.841299" lon="138.215926"/>
      <trkpt lat="34.839591" lon="138.21157"/>
      <trkpt lat="34.838754" lon="138.209617"/>
      <trkpt lat="34.838094" lon="138.206323"/>
      <trkpt lat="34.837838" lon="138.204982"/>
      <trkpt lat="34.837777" lon="138.204081"/>
      <trkpt lat="34.837671" lon="138.202397"/>
      <trkpt lat="34.837354" lon="138.201088"/>
      <trkpt lat="34.837019" lon="138.200154"/>
      <trkpt lat="34.836509" lon="138.199124"/>
      <trkpt lat="34.836271" lon="138.198738"/>
      <trkpt lat="34.836051" lon="138.198234"/>
      <trkpt lat="34.835989" lon="138.197789"/>
      <trkpt lat="34.835967" lon="138.197274"/>
      <trkpt lat="34.83558" lon="138.195498"/>
      <trkpt lat="34.835192" lon="138.193578"/>
      <trkpt lat="34.83506" lon="138.192784"/>
      <trkpt lat="34.834985" lon="138.192312"/>
      <trkpt lat="34.834849" lon="138.191861"/>
      <trkpt lat="34.834809" lon="138.191003"/>
      <trkpt lat="34.834642" lon="138.189769"/>
      <trkpt lat="34.834347" lon="138.188176"/>
      <trkpt lat="34.834179" lon="138.187661"/>
      <trkpt lat="34.833576" lon="138.1861"/>
      <trkpt lat="34.833387" lon="138.185338"/>
      <trkpt lat="34.833145" lon="138.184163"/>
      <trkpt lat="34.832665" lon="138.182881"/>
      <trkpt lat="34.832198" lon="138.181486"/>
      <trkpt lat="34.832458" lon="138.179104"/>
      <trkpt lat="34.832616" lon="138.177854"/>
      <trkpt lat="34.832761" lon="138.176143"/>
      <trkpt lat="34.832938" lon="138.174121"/>
      <trkpt lat="34.832955" lon="138.17374"/>
      <trkpt lat="34.832621" lon="138.172887"/>
      <trkpt lat="34.832524" lon="138.171723"/>
      <trkpt lat="34.832572" lon="138.169813"/>
      <trkpt lat="34.832713" lon="138.16844"/>
      <trkpt lat="34.832898" lon="138.166305"/>
      <trkpt lat="34.833065" lon="138.164175"/>
      <trkpt lat="34.833171" lon="138.163081"/>
      <trkpt lat="34.833444" lon="138.161509"/>
      <trkpt lat="34.833316" lon="138.161144"/>
      <trkpt lat="34.833277" lon="138.160479"/>
      <trkpt lat="34.833083" lon="138.15961"/>
      <trkpt lat="34.832929" lon="138.158746"/>
      <trkpt lat="34.832378" lon="138.157277"/>
      <trkpt lat="34.83189" lon="138.156434"/>
      <trkpt lat="34.831295" lon="138.155699"/>
      <trkpt lat="34.830991" lon="138.155077"/>
      <trkpt lat="34.830652" lon="138.154321"/>
      <trkpt lat="34.830503" lon="138.154063"/>
      <trkpt lat="34.832211" lon="138.15217"/>
      <trkpt lat="34.833783" lon="138.150448"/>
      <trkpt lat="34.834272" lon="138.150013"/>
      <trkpt lat="34.832783" lon="138.147368"/>
      <trkpt lat="34.830815" lon="138.143903"/>
      <trkpt lat="34.828961" lon="138.140588"/>
      <trkpt lat="34.828759" lon="138.14077"/>
      <trkpt lat="34.827927" lon="138.141452"/>
      <trkpt lat="34.827451" lon="138.141811"/>
      <trkpt lat="34.826953" lon="138.140684"/>
      <trkpt lat="34.826892" lon="138.140309"/>
      <trkpt lat="34.826773" lon="138.139654"/>
      <trkpt lat="34.826694" lon="138.138791"/>
      <trkpt lat="34.826724" lon="138.137986"/>
      <trkpt lat="34.826786" lon="138.137224"/>
      <trkpt lat="34.826821" lon="138.136355"/>
      <trkpt lat="34.827011" lon="138.135459"/>
      <trkpt lat="34.827033" lon="138.134607"/>
      <trkpt lat="34.826967" lon="138.133153"/>
      <trkpt lat="34.826698" lon="138.132294"/>
      <trkpt lat="34.826214" lon="138.131812"/>
      <trkpt lat="34.825122" lon="138.131136"/>
      <trkpt lat="34.824382" lon="138.130717"/>
      <trkpt lat="34.823721" lon="138.130202"/>
      <trkpt lat="34.822629" lon="138.128711"/>
      <trkpt lat="34.821916" lon="138.127906"/>
      <trkpt lat="34.821088" lon="138.127188"/>
      <trkpt lat="34.819903" lon="138.126109"/>
      <trkpt lat="34.819599" lon="138.126496"/>
      <trkpt lat="34.819154" lon="138.126104"/>
      <trkpt lat="34.819022" lon="138.126018"/>
      <trkpt lat="34.818705" lon="138.125712"/>
      <trkpt lat="34.81808" lon="138.125836"/>
      <trkpt lat="34.817727" lon="138.1259"/>
      <trkpt lat="34.81745" lon="138.125841"/>
      <trkpt lat="34.817199" lon="138.125728"/>
      <trkpt lat="34.817313" lon="138.125433"/>
      <trkpt lat="34.817291" lon="138.125364"/>
      <trkpt lat="34.817036" lon="138.125637"/>
      <trkpt lat="34.816701" lon="138.125278"/>
      <trkpt lat="34.816715" lon="138.12487"/>
      <trkpt lat="34.816582" lon="138.124436"/>
      <trkpt lat="34.816111" lon="138.124119"/>
      <trkpt lat="34.815807" lon="138.123985"/>
      <trkpt lat="34.815578" lon="138.123792"/>
      <trkpt lat="34.815235" lon="138.123304"/>
      <trkpt lat="34.815041" lon="138.1231"/>
      <trkpt lat="34.814816" lon="138.123025"/>
      <trkpt lat="34.814675" lon="138.122799"/>
      <trkpt lat="34.814719" lon="138.122301"/>
      <trkpt lat="34.814675" lon="138.121936"/>
      <trkpt lat="34.814759" lon="138.121625"/>
      <trkpt lat="34.815226" lon="138.121002"/>
      <trkpt lat="34.815569" lon="138.120262"/>
      <trkpt lat="34.81582" lon="138.119366"/>
      <trkpt lat="34.815851" lon="138.118578"/>
      <trkpt lat="34.81605" lon="138.117564"/>
      <trkpt lat="34.816036" lon="138.117338"/>
      <trkpt lat="34.816001" lon="138.116942"/>
      <trkpt lat="34.816133" lon="138.116394"/>
      <trkpt lat="34.816138" lon="138.116153"/>
      <trkpt lat="34.816274" lon="138.115965"/>
      <trkpt lat="34.816486" lon="138.115681"/>
      <trkpt lat="34.816675" lon="138.115445"/>
      <trkpt lat="34.817071" lon="138.115123"/>
      <trkpt lat="34.817987" lon="138.114533"/>
      <trkpt lat="34.818159" lon="138.114265"/>
      <trkpt lat="34.818296" lon="138.113905"/>
      <trkpt lat="34.818414" lon="138.113557"/>
      <trkpt lat="34.818287" lon="138.113165"/>
      <trkpt lat="34.818221" lon="138.112999"/>
      <trkpt lat="34.818287" lon="138.112596"/>
      <trkpt lat="34.818238" lon="138.112355"/>
      <trkpt lat="34.8183" lon="138.112097"/>
      <trkpt lat="34.818234" lon="138.111979"/>
      <trkpt lat="34.81804" lon="138.111062"/>
      <trkpt lat="34.817895" lon="138.110526"/>
      <trkpt lat="34.817939" lon="138.11029"/>
      <trkpt lat="34.818207" lon="138.109796"/>
      <trkpt lat="34.818591" lon="138.109351"/>
      <trkpt lat="34.819146" lon="138.108525"/>
      <trkpt lat="34.819251" lon="138.108096"/>
      <trkpt lat="34.819286" lon="138.10764"/>
      <trkpt lat="34.819163" lon="138.107527"/>
      <trkpt lat="34.818912" lon="138.107967"/>
      <trkpt lat="34.818357" lon="138.108498"/>
      <trkpt lat="34.81819" lon="138.108246"/>
      <trkpt lat="34.818084" lon="138.10786"/>
      <trkpt lat="34.81826" lon="138.107076"/>
      <trkpt lat="34.818428" lon="138.106679"/>
      <trkpt lat="34.818481" lon="138.106239"/>
      <trkpt lat="34.818626" lon="138.10566"/>
      <trkpt lat="34.81889" lon="138.104689"/>
      <trkpt lat="34.818895" lon="138.104013"/>
      <trkpt lat="34.81904" lon="138.103514"/>
      <trkpt lat="34.818974" lon="138.102586"/>
      <trkpt lat="34.818806" lon="138.101594"/>
      <trkpt lat="34.818604" lon="138.100215"/>
      <trkpt lat="34.818216" lon="138.098939"/>
      <trkpt lat="34.817899" lon="138.098252"/>
      <trkpt lat="34.817683" lon="138.097919"/>
      <trkpt lat="34.816922" lon="138.097608"/>
      <trkpt lat="34.816164" lon="138.097367"/>
      <trkpt lat="34.815741" lon="138.096626"/>
      <trkpt lat="34.81516" lon="138.095806"/>
      <trkpt lat="34.81446" lon="138.094481"/>
      <trkpt lat="34.814002" lon="138.093612"/>
      <trkpt lat="34.813169" lon="138.092233"/>
      <trkpt lat="34.812359" lon="138.09175"/>
      <trkpt lat="34.811526" lon="138.091514"/>
      <trkpt lat="34.811271" lon="138.091155"/>
      <trkpt lat="34.810597" lon="138.090441"/>
      <trkpt lat="34.809593" lon="138.08939"/>
      <trkpt lat="34.808509" lon="138.088301"/>
      <trkpt lat="34.80813" lon="138.088108"/>
      <trkpt lat="34.807879" lon="138.088102"/>
      <trkpt lat="34.807523" lon="138.088135"/>
      <trkpt lat="34.807201" lon="138.087882"/>
      <trkpt lat="34.806483" lon="138.086745"/>
      <trkpt lat="34.806003" lon="138.085281"/>
      <trkpt lat="34.805448" lon="138.084154"/>
      <trkpt lat="34.804897" lon="138.08277"/>
      <trkpt lat="34.804373" lon="138.081654"/>
      <trkpt lat="34.804017" lon="138.08107"/>
      <trkpt lat="34.804043" lon="138.080356"/>
      <trkpt lat="34.803787" lon="138.079932"/>
      <trkpt lat="34.803576" lon="138.079664"/>
      <trkpt lat="34.803453" lon="138.079031"/>
      <trkpt lat="34.803501" lon="138.078865"/>
      <trkpt lat="34.803607" lon="138.078736"/>
      <trkpt lat="34.803532" lon="138.078473"/>
      <trkpt lat="34.80355" lon="138.078007"/>
      <trkpt lat="34.803431" lon="138.077792"/>
      <trkpt lat="34.803492" lon="138.077556"/>
      <trkpt lat="34.803307" lon="138.077674"/>
      <trkpt lat="34.803343" lon="138.077416"/>
      <trkpt lat="34.803285" lon="138.077288"/>
      <trkpt lat="34.803409" lon="138.077154"/>
      <trkpt lat="34.803924" lon="138.077084"/>
      <trkpt lat="34.80421" lon="138.076885"/>
      <trkpt lat="34.804365" lon="138.076628"/>
      <trkpt lat="34.80466" lon="138.076864"/>
      <trkpt lat="34.804827" lon="138.076585"/>
      <trkpt lat="34.804735" lon="138.076091"/>
      <trkpt lat="34.804475" lon="138.075426"/>
      <trkpt lat="34.804184" lon="138.075137"/>
      <trkpt lat="34.803942" lon="138.074992"/>
      <trkpt lat="34.803497" lon="138.075094"/>
      <trkpt lat="34.803246" lon="138.075271"/>
      <trkpt lat="34.803034" lon="138.075501"/>
      <trkpt lat="34.802492" lon="138.076193"/>
      <trkpt lat="34.802365" lon="138.076258"/>
      <trkpt lat="34.801603" lon="138.076097"/>
      <trkpt lat="34.801114" lon="138.07585"/>
      <trkpt lat="34.800598" lon="138.075668"/>
      <trkpt lat="34.800264" lon="138.075378"/>
      <trkpt lat="34.799418" lon="138.074573"/>
      <trkpt lat="34.799145" lon="138.074579"/>
      <trkpt lat="34.79877" lon="138.074761"/>
      <trkpt lat="34.797735" lon="138.074284"/>
      <trkpt lat="34.795268" lon="138.073232"/>
      <trkpt lat="34.793118" lon="138.07246"/>
      <trkpt lat="34.791162" lon="138.071591"/>
      <trkpt lat="34.789629" lon="138.071097"/>
      <trkpt lat="34.78881" lon="138.070625"/>
      <trkpt lat="34.788413" lon="138.070625"/>
      <trkpt lat="34.787559" lon="138.070121"/>
      <trkpt lat="34.787065" lon="138.069477"/>
      <trkpt lat="34.786025" lon="138.06775"/>
      <trkpt lat="34.786043" lon="138.06731"/>
      <trkpt lat="34.78629" lon="138.065121"/>
      <trkpt lat="34.785973" lon="138.064188"/>
      <trkpt lat="34.785611" lon="138.063544"/>
      <trkpt lat="34.785444" lon="138.063576"/>
      <trkpt lat="34.784342" lon="138.062654"/>
      <trkpt lat="34.784043" lon="138.061999"/>
      <trkpt lat="34.783884" lon="138.061216"/>
      <trkpt lat="34.784149" lon="138.060025"/>
      <trkpt lat="34.784254" lon="138.057697"/>
      <trkpt lat="34.784219" lon="138.055337"/>
      <trkpt lat="34.784536" lon="138.053448"/>
      <trkpt lat="34.784483" lon="138.052708"/>
      <trkpt lat="34.784246" lon="138.051345"/>
      <trkpt lat="34.784351" lon="138.049618"/>
      <trkpt lat="34.784483" lon="138.047891"/>
      <trkpt lat="34.784325" lon="138.047183"/>
      <trkpt lat="34.783655" lon="138.044833"/>
      <trkpt lat="34.783162" lon="138.044061"/>
      <trkpt lat="34.782289" lon="138.042676"/>
      <trkpt lat="34.782131" lon="138.042226"/>
      <trkpt lat="34.781646" lon="138.04008"/>
      <trkpt lat="34.781338" lon="138.039984"/>
      <trkpt lat="34.779716" lon="138.037269"/>
      <trkpt lat="34.778544" lon="138.034952"/>
      <trkpt lat="34.777769" lon="138.033814"/>
      <trkpt lat="34.776914" lon="138.030918"/>
      <trkpt lat="34.776156" lon="138.02786"/>
      <trkpt lat="34.773442" lon="138.024019"/>
      <trkpt lat="34.773301" lon="138.023697"/>
      <trkpt lat="34.773094" lon="138.023794"/>
      <trkpt lat="34.772375" lon="138.02389"/>
      <trkpt lat="34.772204" lon="138.022651"/>
      <trkpt lat="34.772063" lon="138.02271"/>
      <trkpt lat="34.771723" lon="138.022683"/>
      <trkpt lat="34.771662" lon="138.021712"/>
      <trkpt lat="34.771657" lon="138.02094"/>
      <trkpt lat="34.772032" lon="138.020918"/>
      <trkpt lat="34.772111" lon="138.020779"/>
      <trkpt lat="34.772336" lon="138.020725"/>
      <trkpt lat="34.772314" lon="138.019626"/>
      <trkpt lat="34.773089" lon="138.019567"/>
      <trkpt lat="34.773036" lon="138.018574"/>
      <trkpt lat="34.772931" lon="138.016466"/>
      <trkpt lat="34.772825" lon="138.014395"/>
      <trkpt lat="34.772798" lon="138.01255"/>
      <trkpt lat="34.772719" lon="138.010705"/>
      <trkpt lat="34.772622" lon="138.008194"/>
      <trkpt lat="34.772913" lon="138.004932"/>
      <trkpt lat="34.77316" lon="138.004959"/>
      <trkpt lat="34.774667" lon="138.003109"/>
      <trkpt lat="34.774737" lon="138.00284"/>
      <trkpt lat="34.775275" lon="138.002293"/>
      <trkpt lat="34.776491" lon="138.001832"/>
      <trkpt lat="34.776566" lon="138.000212"/>
      <trkpt lat="34.776442" lon="137.999477"/>
      <trkpt lat="34.775909" lon="137.996902"/>
      <trkpt lat="34.775698" lon="137.99577"/>
      <trkpt lat="34.774394" lon="137.995325"/>
      <trkpt lat="34.773336" lon="137.994987"/>
      <trkpt lat="34.77197" lon="137.994365"/>
      <trkpt lat="34.771582" lon="137.993957"/>
      <trkpt lat="34.770692" lon="137.991618"/>
      <trkpt lat="34.770093" lon="137.989901"/>
      <trkpt lat="34.769476" lon="137.988292"/>
      <trkpt lat="34.768824" lon="137.985234"/>
      <trkpt lat="34.768824" lon="137.984462"/>
      <trkpt lat="34.768982" lon="137.983722"/>
      <trkpt lat="34.769088" lon="137.982928"/>
      <trkpt lat="34.769635" lon="137.982144"/>
      <trkpt lat="34.770181" lon="137.980921"/>
      <trkpt lat="34.77041" lon="137.979902"/>
      <trkpt lat="34.770243" lon="137.979033"/>
      <trkpt lat="34.769599" lon="137.977928"/>
      <trkpt lat="34.769837" lon="137.977188"/>
      <trkpt lat="34.769643" lon="137.976995"/>
      <trkpt lat="34.769009" lon="137.976791"/>
      <trkpt lat="34.768595" lon="137.975847"/>
      <trkpt lat="34.768233" lon="137.974688"/>
      <trkpt lat="34.767616" lon="137.973551"/>
      <trkpt lat="34.76677" lon="137.972467"/>
      <trkpt lat="34.766294" lon="137.971952"/>
      <trkpt lat="34.766162" lon="137.970321"/>
      <trkpt lat="34.765915" lon="137.96957"/>
      <trkpt lat="34.765219" lon="137.967703"/>
      <trkpt lat="34.764787" lon="137.966534"/>
      <trkpt lat="34.763932" lon="137.965236"/>
      <trkpt lat="34.763148" lon="137.963798"/>
      <trkpt lat="34.763205" lon="137.96324"/>
      <trkpt lat="34.762698" lon="137.963106"/>
      <trkpt lat="34.762707" lon="137.963187"/>
      <trkpt lat="34.76283" lon="137.963337"/>
      <trkpt lat="34.762901" lon="137.961534"/>
      <trkpt lat="34.762782" lon="137.961443"/>
      <trkpt lat="34.762725" lon="137.961234"/>
      <trkpt lat="34.762504" lon="137.961084"/>
      <trkpt lat="34.762579" lon="137.960869"/>
      <trkpt lat="34.762024" lon="137.960311"/>
      <trkpt lat="34.761623" lon="137.959737"/>
      <trkpt lat="34.761032" lon="137.95897"/>
      <trkpt lat="34.760645" lon="137.958257"/>
      <trkpt lat="34.760526" lon="137.95772"/>
      <trkpt lat="34.760473" lon="137.957093"/>
      <trkpt lat="34.760089" lon="137.955794"/>
      <trkpt lat="34.76001" lon="137.954421"/>
      <trkpt lat="34.759913" lon="137.953407"/>
      <trkpt lat="34.759895" lon="137.952533"/>
      <trkpt lat="34.759516" lon="137.951095"/>
      <trkpt lat="34.759485" lon="137.950468"/>
      <trkpt lat="34.759516" lon="137.94903"/>
      <trkpt lat="34.759314" lon="137.948402"/>
      <trkpt lat="34.758952" lon="137.947624"/>
      <trkpt lat="34.758873" lon="137.9466"/>
      <trkpt lat="34.758639" lon="137.945146"/>
      <trkpt lat="34.75852" lon="137.944685"/>
      <trkpt lat="34.758639" lon="137.943537"/>
      <trkpt lat="34.758626" lon="137.943054"/>
      <trkpt lat="34.758238" lon="137.942035"/>
      <trkpt lat="34.757842" lon="137.941058"/>
      <trkpt lat="34.757423" lon="137.939744"/>
      <trkpt lat="34.757229" lon="137.939031"/>
      <trkpt lat="34.756929" lon="137.938204"/>
      <trkpt lat="34.75689" lon="137.936992"/>
      <trkpt lat="34.756612" lon="137.935812"/>
      <trkpt lat="34.756224" lon="137.934927"/>
      <trkpt lat="34.755753" lon="137.933977"/>
      <trkpt lat="34.754986" lon="137.932743"/>
      <trkpt lat="34.754532" lon="137.931976"/>
      <trkpt lat="34.753505" lon="137.930265"/>
      <trkpt lat="34.753073" lon="137.929224"/>
      <trkpt lat="34.753165" lon="137.928951"/>
      <trkpt lat="34.752698" lon="137.928216"/>
      <trkpt lat="34.752363" lon="137.928377"/>
      <trkpt lat="34.752178" lon="137.927894"/>
      <trkpt lat="34.751416" lon="137.927148"/>
      <trkpt lat="34.751103" lon="137.926853"/>
      <trkpt lat="34.750058" lon="137.926081"/>
      <trkpt lat="34.749965" lon="137.925786"/>
      <trkpt lat="34.749375" lon="137.926016"/>
      <trkpt lat="34.749159" lon="137.9254"/>
      <trkpt lat="34.748916" lon="137.92555"/>
      <trkpt lat="34.7487" lon="137.925416"/>
      <trkpt lat="34.748269" lon="137.92519"/>
      <trkpt lat="34.748017" lon="137.92474"/>
      <trkpt lat="34.747647" lon="137.923774"/>
      <trkpt lat="34.74718" lon="137.922283"/>
      <trkpt lat="34.746642" lon="137.920615"/>
      <trkpt lat="34.746642" lon="137.919906"/>
      <trkpt lat="34.746748" lon="137.919048"/>
      <trkpt lat="34.747435" lon="137.918099"/>
      <trkpt lat="34.747466" lon="137.917627"/>
      <trkpt lat="34.74729" lon="137.916988"/>
      <trkpt lat="34.746823" lon="137.915524"/>
      <trkpt lat="34.746364" lon="137.914274"/>
      <trkpt lat="34.745871" lon="137.912756"/>
      <trkpt lat="34.745527" lon="137.911533"/>
      <trkpt lat="34.744363" lon="137.908008"/>
      <trkpt lat="34.74379" lon="137.905959"/>
      <trkpt lat="34.743896" lon="137.905278"/>
      <trkpt lat="34.74394" lon="137.904291"/>
      <trkpt lat="34.743892" lon="137.903899"/>
      <trkpt lat="34.743583" lon="137.902955"/>
      <trkpt lat="34.743358" lon="137.90207"/>
      <trkpt lat="34.742653" lon="137.900493"/>
      <trkpt lat="34.742252" lon="137.898755"/>
      <trkpt lat="34.74148" lon="137.895455"/>
      <trkpt lat="34.740775" lon="137.893052"/>
      <trkpt lat="34.740123" lon="137.890939"/>
      <trkpt lat="34.739814" lon="137.890155"/>
      <trkpt lat="34.73955" lon="137.889496"/>
      <trkpt lat="34.739356" lon="137.889549"/>
      <trkpt lat="34.73932" lon="137.889356"/>
      <trkpt lat="34.739206" lon="137.889367"/>
      <trkpt lat="34.738968" lon="137.888669"/>
      <trkpt lat="34.738716" lon="137.888267"/>
      <trkpt lat="34.73802" lon="137.887135"/>
      <trkpt lat="34.737363" lon="137.885998"/>
      <trkpt lat="34.736953" lon="137.885199"/>
      <trkpt lat="34.737041" lon="137.88492"/>
      <trkpt lat="34.736883" lon="137.884898"/>
      <trkpt lat="34.736719" lon="137.884941"/>
      <trkpt lat="34.736164" lon="137.885193"/>
      <trkpt lat="34.735877" lon="137.884469"/>
      <trkpt lat="34.735291" lon="137.883359"/>
      <trkpt lat="34.734859" lon="137.882452"/>
      <trkpt lat="34.734612" lon="137.881637"/>
      <trkpt lat="34.734211" lon="137.880526"/>
      <trkpt lat="34.733537" lon="137.878804"/>
      <trkpt lat="34.733131" lon="137.877393"/>
      <trkpt lat="34.732769" lon="137.876471"/>
      <trkpt lat="34.73232" lon="137.875591"/>
      <trkpt lat="34.731531" lon="137.874202"/>
      <trkpt lat="34.731032" lon="137.873504"/>
      <trkpt lat="34.730887" lon="137.87307"/>
      <trkpt lat="34.730913" lon="137.872185"/>
      <trkpt lat="34.730755" lon="137.871493"/>
      <trkpt lat="34.730741" lon="137.87116"/>
      <trkpt lat="34.730358" lon="137.870597"/>
      <trkpt lat="34.72993" lon="137.870076"/>
      <trkpt lat="34.729666" lon="137.869502"/>
      <trkpt lat="34.729242" lon="137.868751"/>
      <trkpt lat="34.728744" lon="137.867834"/>
      <trkpt lat="34.728339" lon="137.867174"/>
      <trkpt lat="34.72803" lon="137.866498"/>
      <trkpt lat="34.727351" lon="137.86483"/>
      <trkpt lat="34.727104" lon="137.86417"/>
      <trkpt lat="34.727038" lon="137.863741"/>
      <trkpt lat="34.726937" lon="137.863553"/>
      <trkpt lat="34.727113" lon="137.862909"/>
      <trkpt lat="34.727104" lon="137.861853"/>
      <trkpt lat="34.726994" lon="137.859385"/>
      <trkpt lat="34.726985" lon="137.858151"/>
      <trkpt lat="34.726915" lon="137.857561"/>
      <trkpt lat="34.726333" lon="137.853919"/>
      <trkpt lat="34.726006" lon="137.853093"/>
      <trkpt lat="34.725627" lon="137.85335"/>
      <trkpt lat="34.725292" lon="137.853355"/>
      <trkpt lat="34.723824" lon="137.853087"/>
      <trkpt lat="34.722982" lon="137.852916"/>
      <trkpt lat="34.722206" lon="137.85327"/>
      <trkpt lat="34.721791" lon="137.853372"/>
      <trkpt lat="34.721549" lon="137.853264"/>
      <trkpt lat="34.721355" lon="137.85306"/>
      <trkpt lat="34.721099" lon="137.852615"/>
      <trkpt lat="34.719344" lon="137.852621"/>
      <trkpt lat="34.718758" lon="137.85261"/>
      <trkpt lat="34.717153" lon="137.852556"/>
      <trkpt lat="34.715826" lon="137.852481"/>
      <trkpt lat="34.713325" lon="137.852325"/>
      <trkpt lat="34.711729" lon="137.852191"/>
      <trkpt lat="34.711835" lon="137.850164"/>
      <trkpt lat="34.711949" lon="137.848839"/>
      <trkpt lat="34.712324" lon="137.847755"/>
      <trkpt lat="34.712739" lon="137.846832"/>
      <trkpt lat="34.713519" lon="137.844831"/>
      <trkpt lat="34.71415" lon="137.84319"/>
      <trkpt lat="34.714635" lon="137.841334"/>
      <trkpt lat="34.715049" lon="137.8404"/>
      <trkpt lat="34.715305" lon="137.839961"/>
      <trkpt lat="34.716897" lon="137.836114"/>
      <trkpt lat="34.718599" lon="137.831941"/>
      <trkpt lat="34.719631" lon="137.828711"/>
      <trkpt lat="34.720751" lon="137.826201"/>
      <trkpt lat="34.721809" lon="137.823325"/>
      <trkpt lat="34.722197" lon="137.822628"/>
      <trkpt lat="34.722206" lon="137.822306"/>
      <trkpt lat="34.722938" lon="137.820343"/>
      <trkpt lat="34.723167" lon="137.819356"/>
      <trkpt lat="34.723229" lon="137.817521"/>
      <trkpt lat="34.723264" lon="137.816277"/>
      <trkpt lat="34.723202" lon="137.814624"/>
      <trkpt lat="34.723141" lon="137.813165"/>
      <trkpt lat="34.72486" lon="137.813348"/>
      <trkpt lat="34.725751" lon="137.814002"/>
      <trkpt lat="34.726531" lon="137.814345"/>
      <trkpt lat="34.727691" lon="137.814265"/>
      <trkpt lat="34.728974" lon="137.814313"/>
      <trkpt lat="34.729569" lon="137.814238"/>
      <trkpt lat="34.731623" lon="137.813342"/>
      <trkpt lat="34.732703" lon="137.813353"/>
      <trkpt lat="34.733488" lon="137.813466"/>
      <trkpt lat="34.73411" lon="137.813262"/>
      <trkpt lat="34.735688" lon="137.813058"/>
      <trkpt lat="34.736719" lon="137.813101"/>
      <trkpt lat="34.737041" lon="137.813031"/>
      <trkpt lat="34.737222" lon="137.812613"/>
      <trkpt lat="34.734841" lon="137.811969"/>
      <trkpt lat="34.730318" lon="137.811352"/>
      <trkpt lat="34.728678" lon="137.811406"/>
      <trkpt lat="34.727554" lon="137.811207"/>
      <trkpt lat="34.72654" lon="137.810703"/>
      <trkpt lat="34.728308" lon="137.811052"/>
      <trkpt lat="34.729533" lon="137.806331"/>
      <trkpt lat="34.730636" lon="137.801857"/>
      <trkpt lat="34.730737" lon="137.801219"/>
      <trkpt lat="34.730521" lon="137.801127"/>
      <trkpt lat="34.73042" lon="137.801026"/>
      <trkpt lat="34.73023" lon="137.801052"/>
      <trkpt lat="34.729384" lon="137.800714"/>
      <trkpt lat="34.729088" lon="137.800607"/>
      <trkpt lat="34.72911" lon="137.800301"/>
      <trkpt lat="34.728806" lon="137.800178"/>
      <trkpt lat="34.728766" lon="137.798815"/>
      <trkpt lat="34.72874" lon="137.796573"/>
      <trkpt lat="34.728705" lon="137.795731"/>
      <trkpt lat="34.728718" lon="137.794202"/>
      <trkpt lat="34.728634" lon="137.792979"/>
      <trkpt lat="34.728453" lon="137.79174"/>
      <trkpt lat="34.728176" lon="137.790726"/>
      <trkpt lat="34.727805" lon="137.789723"/>
      <trkpt lat="34.727259" lon="137.788623"/>
      <trkpt lat="34.726147" lon="137.787405"/>
      <trkpt lat="34.724966" lon="137.785635"/>
      <trkpt lat="34.723934" lon="137.783951"/>
      <trkpt lat="34.722955" lon="137.782513"/>
      <trkpt lat="34.721121" lon="137.780324"/>
      <trkpt lat="34.720433" lon="137.7779"/>
      <trkpt lat="34.718467" lon="137.772031"/>
      <trkpt lat="34.716624" lon="137.767106"/>
      <trkpt lat="34.715292" lon="137.764628"/>
      <trkpt lat="34.713211" lon="137.759854"/>
      <trkpt lat="34.711597" lon="137.755787"/>
      <trkpt lat="34.710565" lon="137.753727"/>
      <trkpt lat="34.709877" lon="137.751946"/>
      <trkpt lat="34.709277" lon="137.749769"/>
      <trkpt lat="34.708475" lon="137.746314"/>
      <trkpt lat="34.708016" lon="137.7442"/>
      <trkpt lat="34.708201" lon="137.741346"/>
      <trkpt lat="34.708201" lon="137.737398"/>
      <trkpt lat="34.708201" lon="137.731712"/>
      <trkpt lat="34.708166" lon="137.729684"/>
      <trkpt lat="34.708025" lon="137.727624"/>
      <trkpt lat="34.70559" lon="137.728311"/>
      <trkpt lat="34.705485" lon="137.728456"/>
      <trkpt lat="34.705348" lon="137.728708"/>
      <trkpt lat="34.705185" lon="137.728745"/>
      <trkpt lat="34.705158" lon="137.728579"/>
      <trkpt lat="34.70503" lon="137.728477"/>
      <trkpt lat="34.703522" lon="137.728756"/>
      <trkpt lat="34.702195" lon="137.72822"/>
      <trkpt lat="34.69991" lon="137.726948"/>
      <trkpt lat="34.699531" lon="137.724717"/>
      <trkpt lat="34.699394" lon="137.724674"/>
      <trkpt lat="34.69819" lon="137.723338"/>
      <trkpt lat="34.69673" lon="137.721857"/>
      <trkpt lat="34.696351" lon="137.721981"/>
      <trkpt lat="34.695994" lon="137.721026"/>
      <trkpt lat="34.694869" lon="137.719846"/>
      <trkpt lat="34.693497" lon="137.718322"/>
      <trkpt lat="34.688284" lon="137.712754"/>
      <trkpt lat="34.687984" lon="137.712153"/>
      <trkpt lat="34.68801" lon="137.708978"/>
      <trkpt lat="34.688001" lon="137.707808"/>
      <trkpt lat="34.688125" lon="137.704901"/>
      <trkpt lat="34.688469" lon="137.701092"/>
      <trkpt lat="34.688575" lon="137.698903"/>
      <trkpt lat="34.688487" lon="137.695996"/>
      <trkpt lat="34.688248" lon="137.691339"/>
      <trkpt lat="34.687878" lon="137.6884"/>
      <trkpt lat="34.687807" lon="137.683668"/>
      <trkpt lat="34.687781" lon="137.68075"/>
      <trkpt lat="34.687834" lon="137.677692"/>
      <trkpt lat="34.687904" lon="137.67589"/>
      <trkpt lat="34.687843" lon="137.674753"/>
      <trkpt lat="34.687878" lon="137.673959"/>
      <trkpt lat="34.687649" lon="137.672789"/>
      <trkpt lat="34.686687" lon="137.668186"/>
      <trkpt lat="34.68614" lon="137.665826"/>
      <trkpt lat="34.685443" lon="137.662307"/>
      <trkpt lat="34.685011" lon="137.659807"/>
      <trkpt lat="34.684596" lon="137.656835"/>
      <trkpt lat="34.684084" lon="137.653284"/>
      <trkpt lat="34.683899" lon="137.651761"/>
      <trkpt lat="34.683599" lon="137.649787"/>
      <trkpt lat="34.682999" lon="137.645109"/>
      <trkpt lat="34.682655" lon="137.642437"/>
      <trkpt lat="34.682814" lon="137.64057"/>
      <trkpt lat="34.683167" lon="137.636858"/>
      <trkpt lat="34.683255" lon="137.634476"/>
      <trkpt lat="34.683634" lon="137.631279"/>
      <trkpt lat="34.683696" lon="137.628071"/>
      <trkpt lat="34.683776" lon="137.620207"/>
      <trkpt lat="34.683873" lon="137.618576"/>
      <trkpt lat="34.684058" lon="137.615905"/>
      <trkpt lat="34.684226" lon="137.614274"/>
      <trkpt lat="34.684261" lon="137.612949"/>
      <trkpt lat="34.684556" lon="137.609859"/>
      <trkpt lat="34.684671" lon="137.608325"/>
      <trkpt lat="34.686471" lon="137.607488"/>
      <trkpt lat="34.688222" lon="137.605771"/>
      <trkpt lat="34.68902" lon="137.604591"/>
      <trkpt lat="34.689236" lon="137.604436"/>
      <trkpt lat="34.689783" lon="137.603148"/>
      <trkpt lat="34.69056" lon="137.601421"/>
      <trkpt lat="34.690754" lon="137.600187"/>
      <trkpt lat="34.690939" lon="137.599796"/>
      <trkpt lat="34.691843" lon="137.597655"/>
      <trkpt lat="34.69187" lon="137.597446"/>
      <trkpt lat="34.692426" lon="137.596175"/>
      <trkpt lat="34.693162" lon="137.59398"/>
      <trkpt lat="34.69359" lon="137.59206"/>
      <trkpt lat="34.69389" lon="137.590258"/>
      <trkpt lat="34.693907" lon="137.589946"/>
      <trkpt lat="34.694013" lon="137.589759"/>
      <trkpt lat="34.694022" lon="137.584271"/>
      <trkpt lat="34.694062" lon="137.583702"/>
      <trkpt lat="34.693956" lon="137.583579"/>
      <trkpt lat="34.694018" lon="137.58249"/>
      <trkpt lat="34.694027" lon="137.578949"/>
      <trkpt lat="34.694044" lon="137.574234"/>
      <trkpt lat="34.694018" lon="137.57277"/>
      <trkpt lat="34.693921" lon="137.569562"/>
      <trkpt lat="34.693872" lon="137.566499"/>
      <trkpt lat="34.693938" lon="137.565195"/>
      <trkpt lat="34.694172" lon="137.562711"/>
      <trkpt lat="34.694234" lon="137.562003"/>
      <trkpt lat="34.69434" lon="137.561569"/>
      <trkpt lat="34.694675" lon="137.560501"/>
      <trkpt lat="34.695037" lon="137.559117"/>
      <trkpt lat="34.694146" lon="137.559004"/>
      <trkpt lat="34.692725" lon="137.558822"/>
      <trkpt lat="34.692439" lon="137.558726"/>
      <trkpt lat="34.69149" lon="137.558334"/>
      <trkpt lat="34.690776" lon="137.55806"/>
      <trkpt lat="34.688919" lon="137.558135"/>
      <trkpt lat="34.688548" lon="137.557272"/>
      <trkpt lat="34.68741" lon="137.557551"/>
      <trkpt lat="34.687163" lon="137.557631"/>
      <trkpt lat="34.686519" lon="137.55563"/>
      <trkpt lat="34.686568" lon="137.555314"/>
      <trkpt lat="34.686599" lon="137.553227"/>
      <trkpt lat="34.687013" lon="137.551902"/>
      <trkpt lat="34.686956" lon="137.5515"/>
      <trkpt lat="34.686621" lon="137.550073"/>
      <trkpt lat="34.686533" lon="137.549273"/>
      <trkpt lat="34.68625" lon="137.548361"/>
      <trkpt lat="34.685589" lon="137.546285"/>
      <trkpt lat="34.685328" lon="137.54517"/>
      <trkpt lat="34.684821" lon="137.544285"/>
      <trkpt lat="34.684248" lon="137.542825"/>
      <trkpt lat="34.683992" lon="137.539687"/>
      <trkpt lat="34.683802" lon="137.538368"/>
      <trkpt lat="34.683714" lon="137.53796"/>
      <trkpt lat="34.683529" lon="137.535852"/>
      <trkpt lat="34.683321" lon="137.534838"/>
      <trkpt lat="34.682986" lon="137.533073"/>
      <trkpt lat="34.682915" lon="137.532011"/>
      <trkpt lat="34.682699" lon="137.531201"/>
      <trkpt lat="34.682629" lon="137.530584"/>
      <trkpt lat="34.682395" lon="137.530037"/>
      <trkpt lat="34.681936" lon="137.528449"/>
      <trkpt lat="34.681513" lon="137.526818"/>
      <trkpt lat="34.681244" lon="137.525927"/>
      <trkpt lat="34.681129" lon="137.525032"/>
      <trkpt lat="34.681107" lon="137.523744"/>
      <trkpt lat="34.68112" lon="137.523063"/>
      <trkpt lat="34.680869" lon="137.521486"/>
      <trkpt lat="34.680622" lon="137.520649"/>
      <trkpt lat="34.680277" lon="137.518562"/>
      <trkpt lat="34.680039" lon="137.51691"/>
      <trkpt lat="34.679673" lon="137.514523"/>
      <trkpt lat="34.679611" lon="137.513192"/>
      <trkpt lat="34.680604" lon="137.512688"/>
      <trkpt lat="34.681336" lon="137.51227"/>
      <trkpt lat="34.681689" lon="137.511798"/>
      <trkpt lat="34.681711" lon="137.511406"/>
      <trkpt lat="34.681482" lon="137.511127"/>
      <trkpt lat="34.681499" lon="137.510628"/>
      <trkpt lat="34.681861" lon="137.510424"/>
      <trkpt lat="34.682205" lon="137.510478"/>
      <trkpt lat="34.682532" lon="137.510237"/>
      <trkpt lat="34.683061" lon="137.509614"/>
      <trkpt lat="34.68382" lon="137.50889"/>
      <trkpt lat="34.68389" lon="137.508531"/>
      <trkpt lat="34.683657" lon="137.507903"/>
      <trkpt lat="34.684009" lon="137.50727"/>
      <trkpt lat="34.685359" lon="137.506122"/>
      <trkpt lat="34.685637" lon="137.505757"/>
      <trkpt lat="34.686391" lon="137.504432"/>
      <trkpt lat="34.687234" lon="137.502919"/>
      <trkpt lat="34.687212" lon="137.502694"/>
      <trkpt lat="34.688526" lon="137.500908"/>
      <trkpt lat="34.689038" lon="137.500269"/>
      <trkpt lat="34.689678" lon="137.499846"/>
      <trkpt lat="34.690943" lon="137.499299"/>
      <trkpt lat="34.691799" lon="137.498757"/>
      <trkpt lat="34.692747" lon="137.498065"/>
      <trkpt lat="34.693409" lon="137.497534"/>
      <trkpt lat="34.694221" lon="137.496809"/>
      <trkpt lat="34.694335" lon="137.49653"/>
      <trkpt lat="34.694534" lon="137.495463"/>
      <trkpt lat="34.694538" lon="137.495222"/>
      <trkpt lat="34.694697" lon="137.494766"/>
      <trkpt lat="34.694851" lon="137.494567"/>
      <trkpt lat="34.695032" lon="137.49402"/>
      <trkpt lat="34.695037" lon="137.493323"/>
      <trkpt lat="34.694957" lon="137.493103"/>
      <trkpt lat="34.69516" lon="137.491306"/>
      <trkpt lat="34.695253" lon="137.490233"/>
      <trkpt lat="34.69576" lon="137.48887"/>
      <trkpt lat="34.696219" lon="137.488387"/>
      <trkpt lat="34.696501" lon="137.487931"/>
      <trkpt lat="34.698102" lon="137.486816"/>
      <trkpt lat="34.699227" lon="137.485946"/>
      <trkpt lat="34.700364" lon="137.484638"/>
      <trkpt lat="34.701604" lon="137.482685"/>
      <trkpt lat="34.702415" lon="137.481945"/>
      <trkpt lat="34.703597" lon="137.481269"/>
      <trkpt lat="34.706428" lon="137.478147"/>
      <trkpt lat="34.708078" lon="137.477299"/>
      <trkpt lat="34.709321" lon="137.476258"/>
      <trkpt lat="34.7115" lon="137.472879"/>
      <trkpt lat="34.713678" lon="137.47069"/>
      <trkpt lat="34.715266" lon="137.468491"/>
      <trkpt lat="34.717073" lon="137.466635"/>
      <trkpt lat="34.72001" lon="137.460948"/>
      <trkpt lat="34.720469" lon="137.459586"/>
      <trkpt lat="34.72061" lon="137.458792"/>
      <trkpt lat="34.721306" lon="137.458974"/>
      <trkpt lat="34.721897" lon="137.458223"/>
      <trkpt lat="34.722056" lon="137.457022"/>
      <trkpt lat="34.722232" lon="137.45685"/>
      <trkpt lat="34.722206" lon="137.456217"/>
      <trkpt lat="34.722523" lon="137.455305"/>
      <trkpt lat="34.722761" lon="137.454093"/>
      <trkpt lat="34.723167" lon="137.45258"/>
      <trkpt lat="34.723299" lon="137.451786"/>
      <trkpt lat="34.72385" lon="137.450037"/>
      <trkpt lat="34.72408" lon="137.449216"/>
      <trkpt lat="34.72426" lon="137.448846"/>
      <trkpt lat="34.725301" lon="137.445043"/>
      <trkpt lat="34.725394" lon="137.444614"/>
      <trkpt lat="34.725438" lon="137.443943"/>
      <trkpt lat="34.725685" lon="137.442082"/>
      <trkpt lat="34.726368" lon="137.437817"/>
      <trkpt lat="34.726712" lon="137.436272"/>
      <trkpt lat="34.727307" lon="137.435387"/>
      <trkpt lat="34.727488" lon="137.434786"/>
      <trkpt lat="34.727902" lon="137.434706"/>
      <trkpt lat="34.728334" lon="137.43462"/>
      <trkpt lat="34.729445" lon="137.433971"/>
      <trkpt lat="34.730728" lon="137.433729"/>
      <trkpt lat="34.731804" lon="137.433536"/>
      <trkpt lat="34.73325" lon="137.433499"/>
      <trkpt lat="34.734251" lon="137.43352"/>
      <trkpt lat="34.734401" lon="137.431675"/>
      <trkpt lat="34.73526" lon="137.430602"/>
      <trkpt lat="34.736715" lon="137.427667"/>
      <trkpt lat="34.738452" lon="137.424803"/>
      <trkpt lat="34.738946" lon="137.423848"/>
      <trkpt lat="34.739942" lon="137.422866"/>
      <trkpt lat="34.740559" lon="137.422351"/>
      <trkpt lat="34.740934" lon="137.42189"/>
      <trkpt lat="34.742053" lon="137.420265"/>
      <trkpt lat="34.743896" lon="137.417513"/>
      <trkpt lat="34.744764" lon="137.416118"/>
      <trkpt lat="34.745302" lon="137.415201"/>
      <trkpt lat="34.74573" lon="137.414879"/>
      <trkpt lat="34.746285" lon="137.41475"/>
      <trkpt lat="34.746854" lon="137.414369"/>
      <trkpt lat="34.747418" lon="137.413892"/>
      <trkpt lat="34.748559" lon="137.4135"/>
      <trkpt lat="34.751733" lon="137.412508"/>
      <trkpt lat="34.753267" lon="137.411671"/>
      <trkpt lat="34.754527" lon="137.411124"/>
      <trkpt lat="34.756123" lon="137.409986"/>
      <trkpt lat="34.758265" lon="137.408452"/>
      <trkpt lat="34.762363" lon="137.404708"/>
      <trkpt lat="34.763879" lon="137.403141"/>
      <trkpt lat="34.765915" lon="137.399783"/>
      <trkpt lat="34.765444" lon="137.399628"/>
      <trkpt lat="34.765298" lon="137.399488"/>
      <trkpt lat="34.765505" lon="137.39849"/>
      <trkpt lat="34.764866" lon="137.398319"/>
      <trkpt lat="34.765598" lon="137.39503"/>
      <trkpt lat="34.765959" lon="137.393437"/>
      <trkpt lat="34.765514" lon="137.393239"/>
      <trkpt lat="34.766105" lon="137.391345"/>
      <trkpt lat="34.766453" lon="137.390235"/>
      <trkpt lat="34.767127" lon="137.387998"/>
      <trkpt lat="34.767572" lon="137.385948"/>
      <trkpt lat="34.769388" lon="137.386431"/>
      <trkpt lat="34.770842" lon="137.386437"/>
      <trkpt lat="34.771344" lon="137.38339"/>
      <trkpt lat="34.772781" lon="137.38384"/>
      <trkpt lat="34.774402" lon="137.385321"/>
      <trkpt lat="34.775063" lon="137.384473"/>
      <trkpt lat="34.776121" lon="137.383218"/>
      <trkpt lat="34.778483" lon="137.380922"/>
      <trkpt lat="34.779108" lon="137.37942"/>
      <trkpt lat="34.779848" lon="137.37854"/>
      <trkpt lat="34.780774" lon="137.377789"/>
      <trkpt lat="34.78199" lon="137.376748"/>
      <trkpt lat="34.784298" lon="137.375161"/>
      <trkpt lat="34.785629" lon="137.374002"/>
      <trkpt lat="34.7874" lon="137.372543"/>
      <trkpt lat="34.788854" lon="137.371362"/>
      <trkpt lat="34.790378" lon="137.369893"/>
      <trkpt lat="34.791577" lon="137.368841"/>
      <trkpt lat="34.794881" lon="137.365998"/>
      <trkpt lat="34.795788" lon="137.365161"/>
      <trkpt lat="34.796502" lon="137.364764"/>
      <trkpt lat="34.799647" lon="137.363992"/>
      <trkpt lat="34.801409" lon="137.362404"/>
      <trkpt lat="34.803109" lon="137.360923"/>
      <trkpt lat="34.80547" lon="137.358842"/>
      <trkpt lat="34.807126" lon="137.357158"/>
      <trkpt lat="34.810324" lon="137.354347"/>
      <trkpt lat="34.81361" lon="137.351321"/>
      <trkpt lat="34.815345" lon="137.34983"/>
      <trkpt lat="34.817864" lon="137.347641"/>
      <trkpt lat="34.818428" lon="137.347105"/>
      <trkpt lat="34.819097" lon="137.345989"/>
      <trkpt lat="34.819634" lon="137.345495"/>
      <trkpt lat="34.820418" lon="137.345002"/>
      <trkpt lat="34.821035" lon="137.343993"/>
      <trkpt lat="34.821264" lon="137.343457"/>
      <trkpt lat="34.82247" lon="137.342234"/>
      <trkpt lat="34.824073" lon="137.340785"/>
      <trkpt lat="34.825941" lon="137.339015"/>
      <trkpt lat="34.827649" lon="137.337416"/>
      <trkpt lat="34.828028" lon="137.337159"/>
      <trkpt lat="34.829411" lon="137.333865"/>
      <trkpt lat="34.830467" lon="137.331634"/>
      <trkpt lat="34.831145" lon="137.330775"/>
      <trkpt lat="34.832493" lon="137.329788"/>
      <trkpt lat="34.833673" lon="137.326859"/>
      <trkpt lat="34.834316" lon="137.325786"/>
      <trkpt lat="34.835038" lon="137.325475"/>
      <trkpt lat="34.836077" lon="137.325132"/>
      <trkpt lat="34.836773" lon="137.324338"/>
      <trkpt lat="34.837918" lon="137.323802"/>
      <trkpt lat="34.83893" lon="137.322954"/>
      <trkpt lat="34.839687" lon="137.322407"/>
      <trkpt lat="34.840638" lon="137.321409"/>
      <trkpt lat="34.841589" lon="137.320272"/>
      <trkpt lat="34.842039" lon="137.319531"/>
      <trkpt lat="34.842347" lon="137.31878"/>
      <trkpt lat="34.842884" lon="137.317579"/>
      <trkpt lat="34.843042" lon="137.317375"/>
      <trkpt lat="34.843632" lon="137.317032"/>
      <trkpt lat="34.844161" lon="137.318029"/>
      <trkpt lat="34.844825" lon="137.317509"/>
      <trkpt lat="34.845829" lon="137.316463"/>
      <trkpt lat="34.846661" lon="137.315953"/>
      <trkpt lat="34.847229" lon="137.315782"/>
      <trkpt lat="34.848039" lon="137.315326"/>
      <trkpt lat="34.848673" lon="137.314714"/>
      <trkpt lat="34.849206" lon="137.314226"/>
      <trkpt lat="34.849734" lon="137.313572"/>
      <trkpt lat="34.850756" lon="137.312847"/>
      <trkpt lat="34.851447" lon="137.31207"/>
      <trkpt lat="34.851957" lon="137.311292"/>
      <trkpt lat="34.852547" lon="137.310906"/>
      <trkpt lat="34.853467" lon="137.310643"/>
      <trkpt lat="34.85444" lon="137.309918"/>
      <trkpt lat="34.855206" lon="137.308888"/>
      <trkpt lat="34.855897" lon="137.308052"/>
      <trkpt lat="34.856817" lon="137.307022"/>
      <trkpt lat="34.857244" lon="137.306448"/>
      <trkpt lat="34.858719" lon="137.304661"/>
      <trkpt lat="34.859969" lon="137.303776"/>
      <trkpt lat="34.860638" lon="137.303277"/>
      <trkpt lat="34.861237" lon="137.3028"/>
      <trkpt lat="34.863407" lon="137.301003"/>
      <trkpt lat="34.863803" lon="137.300037"/>
      <trkpt lat="34.864674" lon="137.297248"/>
      <trkpt lat="34.865026" lon="137.296003"/>
      <trkpt lat="34.865748" lon="137.294512"/>
      <trkpt lat="34.866105" lon="137.293847"/>
      <trkpt lat="34.866805" lon="137.292076"/>
      <trkpt lat="34.867456" lon="137.290633"/>
      <trkpt lat="34.868011" lon="137.28919"/>
      <trkpt lat="34.868499" lon="137.288257"/>
      <trkpt lat="34.869349" lon="137.287082"/>
      <trkpt lat="34.869762" lon="137.286594"/>
      <trkpt lat="34.870401" lon="137.286449"/>
      <trkpt lat="34.871061" lon="137.285736"/>
      <trkpt lat="34.87184" lon="137.284711"/>
      <trkpt lat="34.872377" lon="137.28411"/>
      <trkpt lat="34.872768" lon="137.28322"/>
      <trkpt lat="34.872883" lon="137.282603"/>
      <trkpt lat="34.87323" lon="137.281761"/>
      <trkpt lat="34.873393" lon="137.281053"/>
      <trkpt lat="34.873644" lon="137.280242"/>
      <trkpt lat="34.87375" lon="137.279974"/>
      <trkpt lat="34.874384" lon="137.279384"/>
      <trkpt lat="34.874498" lon="137.278939"/>
      <trkpt lat="34.87467" lon="137.278858"/>
      <trkpt lat="34.87485" lon="137.278242"/>
      <trkpt lat="34.875198" lon="137.277571"/>
      <trkpt lat="34.875488" lon="137.277174"/>
      <trkpt lat="34.876214" lon="137.27608"/>
      <trkpt lat="34.878023" lon="137.273768"/>
      <trkpt lat="34.879295" lon="137.271692"/>
      <trkpt lat="34.880395" lon="137.269868"/>
      <trkpt lat="34.882719" lon="137.267293"/>
      <trkpt lat="34.884144" lon="137.26563"/>
      <trkpt lat="34.884087" lon="137.265501"/>
      <trkpt lat="34.884813" lon="137.265029"/>
      <trkpt lat="34.885588" lon="137.264809"/>
      <trkpt lat="34.886406" lon="137.264589"/>
      <trkpt lat="34.886974" lon="137.264493"/>
      <trkpt lat="34.888127" lon="137.264278"/>
      <trkpt lat="34.888171" lon="137.26409"/>
      <trkpt lat="34.888554" lon="137.263597"/>
      <trkpt lat="34.889231" lon="137.262948"/>
      <trkpt lat="34.890058" lon="137.262186"/>
      <trkpt lat="34.890938" lon="137.261151"/>
      <trkpt lat="34.891444" lon="137.260485"/>
      <trkpt lat="34.891863" lon="137.25975"/>
      <trkpt lat="34.892395" lon="137.25915"/>
      <trkpt lat="34.892993" lon="137.258425"/>
      <trkpt lat="34.893385" lon="137.257884"/>
      <trkpt lat="34.893689" lon="137.257186"/>
      <trkpt lat="34.893909" lon="137.256178"/>
      <trkpt lat="34.89408" lon="137.255534"/>
      <trkpt lat="34.894472" lon="137.254488"/>
      <trkpt lat="34.894718" lon="137.25386"/>
      <trkpt lat="34.894815" lon="137.253576"/>
      <trkpt lat="34.895026" lon="137.253715"/>
      <trkpt lat="34.895418" lon="137.25275"/>
      <trkpt lat="34.896425" lon="137.250894"/>
      <trkpt lat="34.89716" lon="137.249204"/>
      <trkpt lat="34.897895" lon="137.247557"/>
      <trkpt lat="34.898168" lon="137.246463"/>
      <trkpt lat="34.898269" lon="137.245803"/>
      <trkpt lat="34.898414" lon="137.245556"/>
      <trkpt lat="34.898722" lon="137.243941"/>
      <trkpt lat="34.898792" lon="137.243609"/>
      <trkpt lat="34.899399" lon="137.242391"/>
      <trkpt lat="34.899729" lon="137.241613"/>
      <trkpt lat="34.900121" lon="137.240691"/>
      <trkpt lat="34.900763" lon="137.239441"/>
      <trkpt lat="34.901256" lon="137.238523"/>
      <trkpt lat="34.901604" lon="137.237783"/>
      <trkpt lat="34.901986" lon="137.237188"/>
      <trkpt lat="34.90233" lon="137.236898"/>
      <trkpt lat="34.903082" lon="137.235884"/>
      <trkpt lat="34.903377" lon="137.235358"/>
      <trkpt lat="34.903588" lon="137.235117"/>
      <trkpt lat="34.905189" lon="137.234055"/>
      <trkpt lat="34.906021" lon="137.233121"/>
      <trkpt lat="34.906733" lon="137.231829"/>
      <trkpt lat="34.907596" lon="137.230337"/>
      <trkpt lat="34.907877" lon="137.229887"/>
      <trkpt lat="34.908" lon="137.229576"/>
      <trkpt lat="34.90789" lon="137.229914"/>
      <trkpt lat="34.907934" lon="137.229704"/>
      <trkpt lat="34.908308" lon="137.229238"/>
      <trkpt lat="34.908308" lon="137.229077"/>
      <trkpt lat="34.908731" lon="137.228481"/>
      <trkpt lat="34.909171" lon="137.228728"/>
      <trkpt lat="34.909751" lon="137.227076"/>
      <trkpt lat="34.910697" lon="137.224351"/>
      <trkpt lat="34.911203" lon="137.22257"/>
      <trkpt lat="34.911322" lon="137.221727"/>
      <trkpt lat="34.911674" lon="137.219882"/>
      <trkpt lat="34.911832" lon="137.218949"/>
      <trkpt lat="34.912364" lon="137.217978"/>
      <trkpt lat="34.912883" lon="137.217001"/>
      <trkpt lat="34.91342" lon="137.216047"/>
      <trkpt lat="34.914053" lon="137.213981"/>
      <trkpt lat="34.914335" lon="137.213531"/>
      <trkpt lat="34.91529" lon="137.212549"/>
      <trkpt lat="34.915857" lon="137.21197"/>
      <trkpt lat="34.916754" lon="137.210752"/>
      <trkpt lat="34.917982" lon="137.209164"/>
      <trkpt lat="34.918219" lon="137.208971"/>
      <trkpt lat="34.918496" lon="137.208654"/>
      <trkpt lat="34.919222" lon="137.207839"/>
      <trkpt lat="34.920678" lon="137.206428"/>
      <trkpt lat="34.924342" lon="137.202823"/>
      <trkpt lat="34.924293" lon="137.202684"/>
      <trkpt lat="34.925112" lon="137.201402"/>
      <trkpt lat="34.925389" lon="137.200184"/>
      <trkpt lat="34.925666" lon="137.199755"/>
      <trkpt lat="34.926215" lon="137.199186"/>
      <trkpt lat="34.926655" lon="137.198698"/>
      <trkpt lat="34.927328" lon="137.198054"/>
      <trkpt lat="34.927869" lon="137.197593"/>
      <trkpt lat="34.929294" lon="137.196531"/>
      <trkpt lat="34.92973" lon="137.196225"/>
      <trkpt lat="34.930521" lon="137.196096"/>
      <trkpt lat="34.931089" lon="137.195951"/>
      <trkpt lat="34.931089" lon="137.195946"/>
      <trkpt lat="34.932408" lon="137.19564"/>
      <trkpt lat="34.933455" lon="137.195426"/>
      <trkpt lat="34.933547" lon="137.195581"/>
      <trkpt lat="34.933516" lon="137.196016"/>
      <trkpt lat="34.933468" lon="137.196407"/>
      <trkpt lat="34.934418" lon="137.196348"/>
      <trkpt lat="34.935271" lon="137.196284"/>
      <trkpt lat="34.935522" lon="137.196214"/>
      <trkpt lat="34.935324" lon="137.195061"/>
      <trkpt lat="34.935346" lon="137.194932"/>
      <trkpt lat="34.936133" lon="137.195206"/>
      <trkpt lat="34.936854" lon="137.195506"/>
      <trkpt lat="34.937131" lon="137.195662"/>
      <trkpt lat="34.937602" lon="137.195774"/>
      <trkpt lat="34.938085" lon="137.195737"/>
      <trkpt lat="34.938802" lon="137.19549"/>
      <trkpt lat="34.93962" lon="137.195168"/>
      <trkpt lat="34.94017" lon="137.194793"/>
      <trkpt lat="34.9413" lon="137.193881"/>
      <trkpt lat="34.941625" lon="137.193537"/>
      <trkpt lat="34.941995" lon="137.193022"/>
      <trkpt lat="34.942549" lon="137.192245"/>
      <trkpt lat="34.942672" lon="137.191451"/>
      <trkpt lat="34.944106" lon="137.190303"/>
      <trkpt lat="34.944497" lon="137.19048"/>
      <trkpt lat="34.944814" lon="137.19019"/>
      <trkpt lat="34.944937" lon="137.190029"/>
      <trkpt lat="34.945372" lon="137.189863"/>
      <trkpt lat="34.945653" lon="137.189874"/>
      <trkpt lat="34.945944" lon="137.189498"/>
      <trkpt lat="34.946089" lon="137.189021"/>
      <trkpt lat="34.946124" lon="137.188715"/>
      <trkpt lat="34.946594" lon="137.188125"/>
      <trkpt lat="34.947082" lon="137.187299"/>
      <trkpt lat="34.947456" lon="137.186875"/>
      <trkpt lat="34.94801" lon="137.186258"/>
      <trkpt lat="34.948199" lon="137.185679"/>
      <trkpt lat="34.948397" lon="137.185067"/>
      <trkpt lat="34.948687" lon="137.184284"/>
      <trkpt lat="34.949057" lon="137.183484"/>
      <trkpt lat="34.949778" lon="137.183275"/>
      <trkpt lat="34.950477" lon="137.182514"/>
      <trkpt lat="34.950921" lon="137.181966"/>
      <trkpt lat="34.951427" lon="137.181548"/>
      <trkpt lat="34.951708" lon="137.181382"/>
      <trkpt lat="34.952565" lon="137.181843"/>
      <trkpt lat="34.953177" lon="137.180212"/>
      <trkpt lat="34.953546" lon="137.179209"/>
      <trkpt lat="34.953906" lon="137.178249"/>
      <trkpt lat="34.954865" lon="137.176725"/>
      <trkpt lat="34.955199" lon="137.175631"/>
      <trkpt lat="34.955881" lon="137.175947"/>
      <trkpt lat="34.956712" lon="137.173179"/>
      <trkpt lat="34.957525" lon="137.170524"/>
      <trkpt lat="34.957973" lon="137.169054"/>
      <trkpt lat="34.95749" lon="137.168818"/>
      <trkpt lat="34.957727" lon="137.168099"/>
      <trkpt lat="34.957951" lon="137.167332"/>
      <trkpt lat="34.957991" lon="137.167128"/>
      <trkpt lat="34.958505" lon="137.167327"/>
      <trkpt lat="34.958558" lon="137.167161"/>
      <trkpt lat="34.959596" lon="137.167257"/>
      <trkpt lat="34.959662" lon="137.167053"/>
      <trkpt lat="34.959618" lon="137.165911"/>
      <trkpt lat="34.959578" lon="137.163894"/>
      <trkpt lat="34.959552" lon="137.163089"/>
      <trkpt lat="34.960308" lon="137.163169"/>
      <trkpt lat="34.960273" lon="137.162118"/>
      <trkpt lat="34.961636" lon="137.162156"/>
      <trkpt lat="34.961715" lon="137.160273"/>
      <trkpt lat="34.961917" lon="137.158433"/>
      <trkpt lat="34.961055" lon="137.158358"/>
      <trkpt lat="34.960167" lon="137.158417"/>
      <trkpt lat="34.960123" lon="137.157757"/>
      <trkpt lat="34.960136" lon="137.157311"/>
      <trkpt lat="34.958976" lon="137.156968"/>
      <trkpt lat="34.958633" lon="137.156882"/>
      <trkpt lat="34.958734" lon="137.155568"/>
      <trkpt lat="34.958646" lon="137.155509"/>
      <trkpt lat="34.958519" lon="137.155557"/>
      <trkpt lat="34.958466" lon="137.156067"/>
      <trkpt lat="34.958176" lon="137.156003"/>
      <trkpt lat="34.957573" lon="137.156045"/>
      <trkpt lat="34.957046" lon="137.156094"/>
      <trkpt lat="34.956219" lon="137.156137"/>
      <trkpt lat="34.956404" lon="137.155032"/>
      <trkpt lat="34.956707" lon="137.153862"/>
      <trkpt lat="34.956879" lon="137.152907"/>
      <trkpt lat="34.957226" lon="137.151336"/>
      <trkpt lat="34.957367" lon="137.150762"/>
      <trkpt lat="34.958158" lon="137.151137"/>
      <trkpt lat="34.958721" lon="137.151405"/>
      <trkpt lat="34.958703" lon="137.151668"/>
      <trkpt lat="34.958782" lon="137.151496"/>
      <trkpt lat="34.958839" lon="137.150939"/>
      <trkpt lat="34.959081" lon="137.149512"/>
      <trkpt lat="34.959679" lon="137.147602"/>
      <trkpt lat="34.960176" lon="137.147918"/>
      <trkpt lat="34.960919" lon="137.146282"/>
      <trkpt lat="34.961491" lon="137.145016"/>
      <trkpt lat="34.962115" lon="137.143718"/>
      <trkpt lat="34.962695" lon="137.142854"/>
      <trkpt lat="34.963174" lon="137.141857"/>
      <trkpt lat="34.964383" lon="137.140011"/>
      <trkpt lat="34.964673" lon="137.139239"/>
      <trkpt lat="34.965003" lon="137.138064"/>
      <trkpt lat="34.965117" lon="137.136916"/>
      <trkpt lat="34.965157" lon="137.136256"/>
      <trkpt lat="34.965711" lon="137.134851"/>
      <trkpt lat="34.966234" lon="137.133923"/>
      <trkpt lat="34.967707" lon="137.1319"/>
      <trkpt lat="34.968265" lon="137.131106"/>
      <trkpt lat="34.968489" lon="137.130479"/>
      <trkpt lat="34.968815" lon="137.129384"/>
      <trkpt lat="34.969157" lon="137.128499"/>
      <trkpt lat="34.969298" lon="137.127695"/>
      <trkpt lat="34.969465" lon="137.127287"/>
      <trkpt lat="34.970059" lon="137.126262"/>
      <trkpt lat="34.970907" lon="137.125104"/>
      <trkpt lat="34.971474" lon="137.123736"/>
      <trkpt lat="34.972358" lon="137.121214"/>
      <trkpt lat="34.972947" lon="137.120254"/>
      <trkpt lat="34.974577" lon="137.118698"/>
      <trkpt lat="34.975246" lon="137.118151"/>
      <trkpt lat="34.976481" lon="137.11695"/>
      <trkpt lat="34.977329" lon="137.116032"/>
      <trkpt lat="34.978032" lon="137.115126"/>
      <trkpt lat="34.979153" lon="137.114235"/>
      <trkpt lat="34.980441" lon="137.112696"/>
      <trkpt lat="34.981113" lon="137.111751"/>
      <trkpt lat="34.98281" lon="137.10952"/>
      <trkpt lat="34.984669" lon="137.10694"/>
      <trkpt lat="34.985865" lon="137.105073"/>
      <trkpt lat="34.986744" lon="137.103292"/>
      <trkpt lat="34.987122" lon="137.102326"/>
      <trkpt lat="34.987711" lon="137.100395"/>
      <trkpt lat="34.988581" lon="137.098013"/>
      <trkpt lat="34.989671" lon="137.095417"/>
      <trkpt lat="34.990145" lon="137.09384"/>
      <trkpt lat="34.990488" lon="137.092048"/>
      <trkpt lat="34.990743" lon="137.090235"/>
      <trkpt lat="34.991701" lon="137.086598"/>
      <trkpt lat="34.992527" lon="137.084549"/>
      <trkpt lat="34.993661" lon="137.0828"/>
      <trkpt lat="34.994672" lon="137.081512"/>
      <trkpt lat="34.995551" lon="137.080096"/>
      <trkpt lat="34.99708" lon="137.077682"/>
      <trkpt lat="34.998513" lon="137.07618"/>
      <trkpt lat="34.999963" lon="137.074882"/>
      <trkpt lat="35.000877" lon="137.073144"/>
      <trkpt lat="35.00143" lon="137.070816"/>
      <trkpt lat="35.002292" lon="137.067232"/>
      <trkpt lat="35.002353" lon="137.065988"/>
      <trkpt lat="35.002186" lon="137.064636"/>
      <trkpt lat="35.001914" lon="137.062522"/>
      <trkpt lat="35.002063" lon="137.061213"/>
      <trkpt lat="35.002529" lon="137.059089"/>
      <trkpt lat="35.003047" lon="137.056342"/>
      <trkpt lat="35.003557" lon="137.054282"/>
      <trkpt lat="35.004067" lon="137.052888"/>
      <trkpt lat="35.004691" lon="137.051257"/>
      <trkpt lat="35.005376" lon="137.049519"/>
      <trkpt lat="35.006" lon="137.047319"/>
      <trkpt lat="35.006475" lon="137.045367"/>
      <trkpt lat="35.007187" lon="137.043607"/>
      <trkpt lat="35.007274" lon="137.043189"/>
      <trkpt lat="35.007705" lon="137.04261"/>
      <trkpt lat="35.008724" lon="137.041462"/>
      <trkpt lat="35.009243" lon="137.040378"/>
      <trkpt lat="35.009972" lon="137.040743"/>
      <trkpt lat="35.010218" lon="137.040346"/>
      <trkpt lat="35.010789" lon="137.039756"/>
      <trkpt lat="35.011545" lon="137.039563"/>
      <trkpt lat="35.012371" lon="137.039563"/>
      <trkpt lat="35.012854" lon="137.039294"/>
      <trkpt lat="35.01368" lon="137.039058"/>
      <trkpt lat="35.014164" lon="137.038307"/>
      <trkpt lat="35.014164" lon="137.037835"/>
      <trkpt lat="35.015447" lon="137.037374"/>
      <trkpt lat="35.015781" lon="137.036848"/>
      <trkpt lat="35.0168" lon="137.035775"/>
      <trkpt lat="35.01803" lon="137.034499"/>
      <trkpt lat="35.020077" lon="137.032707"/>
      <trkpt lat="35.020868" lon="137.031741"/>
      <trkpt lat="35.021641" lon="137.03054"/>
      <trkpt lat="35.022515" lon="137.030186"/>
      <trkpt lat="35.023495" lon="137.029359"/>
      <trkpt lat="35.023912" lon="137.028823"/>
      <trkpt lat="35.024009" lon="137.028533"/>
      <trkpt lat="35.024176" lon="137.027514"/>
      <trkpt lat="35.024299" lon="137.026833"/>
      <trkpt lat="35.024396" lon="137.026484"/>
      <trkpt lat="35.024659" lon="137.026055"/>
      <trkpt lat="35.024677" lon="137.025738"/>
      <trkpt lat="35.024892" lon="137.024848"/>
      <trkpt lat="35.025195" lon="137.023791"/>
      <trkpt lat="35.025336" lon="137.023341"/>
      <trkpt lat="35.025929" lon="137.022734"/>
      <trkpt lat="35.026974" lon="137.021774"/>
      <trkpt lat="35.027427" lon="137.021189"/>
      <trkpt lat="35.027835" lon="137.020556"/>
      <trkpt lat="35.028397" lon="137.019612"/>
      <trkpt lat="35.028973" lon="137.018791"/>
      <trkpt lat="35.029478" lon="137.018164"/>
      <trkpt lat="35.030168" lon="137.017568"/>
      <trkpt lat="35.031156" lon="137.016753"/>
      <trkpt lat="35.031732" lon="137.016318"/>
      <trkpt lat="35.032342" lon="137.016131"/>
      <trkpt lat="35.033607" lon="137.015943"/>
      <trkpt lat="35.034046" lon="137.015825"/>
      <trkpt lat="35.034266" lon="137.015809"/>
      <trkpt lat="35.035751" lon="137.015031"/>
      <trkpt lat="35.036317" lon="137.014822"/>
      <trkpt lat="35.037301" lon="137.0142"/>
      <trkpt lat="35.037868" lon="137.01355"/>
      <trkpt lat="35.038518" lon="137.012757"/>
      <trkpt lat="35.039172" lon="137.011673"/>
      <trkpt lat="35.039712" lon="137.01133"/>
      <trkpt lat="35.039849" lon="137.011088"/>
      <trkpt lat="35.03977" lon="137.010788"/>
      <trkpt lat="35.04031" lon="137.010289"/>
      <trkpt lat="35.041553" lon="137.008991"/>
      <trkpt lat="35.042809" lon="137.007714"/>
      <trkpt lat="35.043305" lon="137.007285"/>
      <trkpt lat="35.045971" lon="137.005311"/>
      <trkpt lat="35.04634" lon="137.004764"/>
      <trkpt lat="35.046709" lon="137.004334"/>
      <trkpt lat="35.047662" lon="137.003251"/>
      <trkpt lat="35.048505" lon="137.002323"/>
      <trkpt lat="35.049243" lon="137.001475"/>
      <trkpt lat="35.050424" lon="137.00007"/>
      <trkpt lat="35.050929" lon="136.999345"/>
      <trkpt lat="35.051764" lon="136.998058"/>
      <trkpt lat="35.052519" lon="136.996856"/>
      <trkpt lat="35.052743" lon="136.996025"/>
      <trkpt lat="35.053186" lon="136.995816"/>
      <trkpt lat="35.0537" lon="136.994759"/>
      <trkpt lat="35.054038" lon="136.993944"/>
      <trkpt lat="35.054526" lon="136.993375"/>
      <trkpt lat="35.055088" lon="136.992876"/>
      <trkpt lat="35.055685" lon="136.992195"/>
      <trkpt lat="35.056102" lon="136.991615"/>
      <trkpt lat="35.056493" lon="136.991165"/>
      <trkpt lat="35.0576" lon="136.990001"/>
      <trkpt lat="35.0581" lon="136.989287"/>
      <trkpt lat="35.058667" lon="136.988273"/>
      <trkpt lat="35.059264" lon="136.986809"/>
      <trkpt lat="35.059571" lon="136.986122"/>
      <trkpt lat="35.060603" lon="136.984518"/>
      <trkpt lat="35.061108" lon="136.983579"/>
      <trkpt lat="35.061055" lon="136.983043"/>
      <trkpt lat="35.060827" lon="136.981804"/>
      <trkpt lat="35.060796" lon="136.981283"/>
      <trkpt lat="35.061029" lon="136.980366"/>
      <trkpt lat="35.060968" lon="136.980141"/>
      <trkpt lat="35.06113" lon="136.97924"/>
      <trkpt lat="35.061139" lon="136.978725"/>
      <trkpt lat="35.061683" lon="136.977899"/>
      <trkpt lat="35.061885" lon="136.977244"/>
      <trkpt lat="35.062219" lon="136.976992"/>
      <trkpt lat="35.062636" lon="136.975865"/>
      <trkpt lat="35.063172" lon="136.974787"/>
      <trkpt lat="35.063374" lon="136.974814"/>
      <trkpt lat="35.064502" lon="136.974031"/>
      <trkpt lat="35.064687" lon="136.973725"/>
      <trkpt lat="35.064862" lon="136.973355"/>
      <trkpt lat="35.065236" lon="136.972985"/>
      <trkpt lat="35.065754" lon="136.972266"/>
      <trkpt lat="35.066079" lon="136.97188"/>
      <trkpt lat="35.066324" lon="136.971279"/>
      <trkpt lat="35.066649" lon="136.970914"/>
      <trkpt lat="35.066821" lon="136.970576"/>
      <trkpt lat="35.067286" lon="136.970286"/>
      <trkpt lat="35.067563" lon="136.969911"/>
      <trkpt lat="35.067971" lon="136.968634"/>
      <trkpt lat="35.068147" lon="136.967921"/>
      <trkpt lat="35.068594" lon="136.967261"/>
      <trkpt lat="35.068884" lon="136.966558"/>
      <trkpt lat="35.069279" lon="136.966161"/>
      <trkpt lat="35.069582" lon="136.965866"/>
      <trkpt lat="35.070421" lon="136.964579"/>
      <trkpt lat="35.070697" lon="136.963871"/>
      <trkpt lat="35.07133" lon="136.962669"/>
      <trkpt lat="35.071857" lon="136.961628"/>
      <trkpt lat="35.071936" lon="136.961145"/>
      <trkpt lat="35.072585" lon="136.959976"/>
      <trkpt lat="35.073007" lon="136.958506"/>
      <trkpt lat="35.072963" lon="136.957347"/>
      <trkpt lat="35.073288" lon="136.9568"/>
      <trkpt lat="35.073788" lon="136.956199"/>
      <trkpt lat="35.076747" lon="136.954311"/>
      <trkpt lat="35.077502" lon="136.95429"/>
      <trkpt lat="35.078117" lon="136.953667"/>
      <trkpt lat="35.079355" lon="136.952294"/>
      <trkpt lat="35.079697" lon="136.95208"/>
      <trkpt lat="35.080448" lon="136.950154"/>
      <trkpt lat="35.080747" lon="136.948845"/>
      <trkpt lat="35.080905" lon="136.948593"/>
      <trkpt lat="35.081366" lon="136.948539"/>
      <trkpt lat="35.082147" lon="136.948641"/>
      <trkpt lat="35.08295" lon="136.949038"/>
      <trkpt lat="35.083328" lon="136.949177"/>
      <trkpt lat="35.084272" lon="136.949902"/>
      <trkpt lat="35.085176" lon="136.950036"/>
      <trkpt lat="35.085966" lon="136.949719"/>
      <trkpt lat="35.086611" lon="136.949515"/>
      <trkpt lat="35.087423" lon="136.949639"/>
      <trkpt lat="35.088407" lon="136.950057"/>
      <trkpt lat="35.089276" lon="136.949971"/>
      <trkpt lat="35.090154" lon="136.949757"/>
      <trkpt lat="35.091058" lon="136.949617"/>
      <trkpt lat="35.09126" lon="136.949263"/>
      <trkpt lat="35.091804" lon="136.948131"/>
      <trkpt lat="35.092024" lon="136.947708"/>
      <trkpt lat="35.092506" lon="136.94671"/>
      <trkpt lat="35.093007" lon="136.94561"/>
      <trkpt lat="35.093634" lon="136.94406"/>
      <trkpt lat="35.094051" lon="136.94296"/>
      <trkpt lat="35.094227" lon="136.942214"/>
      <trkpt lat="35.094442" lon="136.940793"/>
      <trkpt lat="35.094767" lon="136.939446"/>
      <trkpt lat="35.095245" lon="136.93913"/>
      <trkpt lat="35.096202" lon="136.938593"/>
      <trkpt lat="35.09701" lon="136.937987"/>
      <trkpt lat="35.098568" lon="136.936571"/>
      <trkpt lat="35.099024" lon="136.936115"/>
      <trkpt lat="35.099125" lon="136.935981"/>
      <trkpt lat="35.099441" lon="136.935863"/>
      <trkpt lat="35.099784" lon="136.934978"/>
      <trkpt lat="35.100205" lon="136.934125"/>
      <trkpt lat="35.100859" lon="136.933106"/>
      <trkpt lat="35.10193" lon="136.933052"/>
      <trkpt lat="35.103927" lon="136.932977"/>
      <trkpt lat="35.105256" lon="136.933009"/>
      <trkpt lat="35.106248" lon="136.933374"/>
      <trkpt lat="35.107262" lon="136.933883"/>
      <trkpt lat="35.108772" lon="136.932693"/>
      <trkpt lat="35.110386" lon="136.931942"/>
      <trkpt lat="35.111369" lon="136.931523"/>
      <trkpt lat="35.112133" lon="136.931276"/>
      <trkpt lat="35.112616" lon="136.930697"/>
      <trkpt lat="35.113239" lon="136.929807"/>
      <trkpt lat="35.114301" lon="136.928208"/>
      <trkpt lat="35.114064" lon="136.927092"/>
      <trkpt lat="35.114125" lon="136.926116"/>
      <trkpt lat="35.114143" lon="136.925118"/>
      <trkpt lat="35.114766" lon="136.923037"/>
      <trkpt lat="35.115328" lon="136.921245"/>
      <trkpt lat="35.11617" lon="136.919078"/>
      <trkpt lat="35.116565" lon="136.917458"/>
      <trkpt lat="35.116872" lon="136.916288"/>
      <trkpt lat="35.117206" lon="136.915269"/>
      <trkpt lat="35.117135" lon="136.914228"/>
      <trkpt lat="35.11746" lon="136.913531"/>
      <trkpt lat="35.118004" lon="136.912576"/>
      <trkpt lat="35.118592" lon="136.912018"/>
      <trkpt lat="35.119312" lon="136.911417"/>
      <trkpt lat="35.119751" lon="136.910859"/>
      <trkpt lat="35.12011" lon="136.910082"/>
      <trkpt lat="35.120461" lon="136.910301"/>
      <trkpt lat="35.120532" lon="136.910092"/>
      <trkpt lat="35.120216" lon="136.90984"/>
      <trkpt lat="35.121133" lon="136.907829"/>
      <trkpt lat="35.121629" lon="136.908091"/>
      <trkpt lat="35.121694" lon="136.907786"/>
      <trkpt lat="35.121633" lon="136.907609"/>
      <trkpt lat="35.121747" lon="136.907496"/>
      <trkpt lat="35.122199" lon="136.907485"/>
      <trkpt lat="35.121896" lon="136.908236"/>
      <trkpt lat="35.122532" lon="136.908526"/>
      <trkpt lat="35.122919" lon="136.907394"/>
      <trkpt lat="35.125507" lon="136.907147"/>
      <trkpt lat="35.128034" lon="136.906546"/>
      <trkpt lat="35.132053" lon="136.903639"/>
      <trkpt lat="35.137221" lon="136.899927"/>
      <trkpt lat="35.140108" lon="136.899101"/>
      <trkpt lat="35.14252" lon="136.899101"/>
      <trkpt lat="35.142678" lon="136.895957"/>
      <trkpt lat="35.142529" lon="136.895345"/>
      <trkpt lat="35.143713" lon="136.890839"/>
      <trkpt lat="35.144547" lon="136.887674"/>
      <trkpt lat="35.145547" lon="136.883984"/>
      <trkpt lat="35.146881" lon="136.879531"/>
      <trkpt lat="35.147644" lon="136.877149"/>
      <trkpt lat="35.148591" lon="136.874489"/>
      <trkpt lat="35.15024" lon="136.870079"/>
      <trkpt lat="35.151214" lon="136.867257"/>
      <trkpt lat="35.152881" lon="136.862558"/>
      <trkpt lat="35.154556" lon="136.857902"/>
      <trkpt lat="35.154925" lon="136.853921"/>
      <trkpt lat="35.155337" lon="136.849619"/>
      <trkpt lat="35.155872" lon="136.844115"/>
      <trkpt lat="35.156223" lon="136.839835"/>
      <trkpt lat="35.15567" lon="136.83984"/>
      <trkpt lat="35.156618" lon="136.839609"/>
      <trkpt lat="35.157569" lon="136.839228"/>
      <trkpt lat="35.156784" lon="136.835886"/>
      <trkpt lat="35.156262" lon="136.836036"/>
      <trkpt lat="35.155745" lon="136.836069"/>
      <trkpt lat="35.15524" lon="136.835854"/>
      <trkpt lat="35.154916" lon="136.835693"/>
      <trkpt lat="35.154828" lon="136.834738"/>
      <trkpt lat="35.154719" lon="136.832759"/>
      <trkpt lat="35.154675" lon="136.83167"/>
      <trkpt lat="35.155258" lon="136.83152"/>
      <trkpt lat="35.155837" lon="136.830415"/>
      <trkpt lat="35.156346" lon="136.829444"/>
      <trkpt lat="35.156526" lon="136.828795"/>
      <trkpt lat="35.156596" lon="136.828435"/>
      <trkpt lat="35.157157" lon="136.828135"/>
      <trkpt lat="35.157982" lon="136.827577"/>
      <trkpt lat="35.158021" lon="136.827121"/>
      <trkpt lat="35.15817" lon="136.827035"/>
      <trkpt lat="35.159179" lon="136.826992"/>
      <trkpt lat="35.159745" lon="136.826912"/>
      <trkpt lat="35.159802" lon="136.82622"/>
      <trkpt lat="35.159964" lon="136.825136"/>
      <trkpt lat="35.160161" lon="136.824192"/>
      <trkpt lat="35.160394" lon="136.823704"/>
      <trkpt lat="35.160468" lon="136.823473"/>
      <trkpt lat="35.161473" lon="136.823285"/>
      <trkpt lat="35.163108" lon="136.823221"/>
      <trkpt lat="35.163345" lon="136.821134"/>
      <trkpt lat="35.164464" lon="136.818774"/>
      <trkpt lat="35.164595" lon="136.818211"/>
      <trkpt lat="35.164727" lon="136.816832"/>
      <trkpt lat="35.164889" lon="136.816065"/>
      <trkpt lat="35.165266" lon="136.815046"/>
      <trkpt lat="35.165731" lon="136.813114"/>
      <trkpt lat="35.165994" lon="136.812079"/>
      <trkpt lat="35.166683" lon="136.810851"/>
      <trkpt lat="35.167143" lon="136.810378"/>
      <trkpt lat="35.167796" lon="136.810024"/>
      <trkpt lat="35.168831" lon="136.809804"/>
      <trkpt lat="35.169397" lon="136.810003"/>
      <trkpt lat="35.170107" lon="136.810448"/>
      <trkpt lat="35.170533" lon="136.810631"/>
      <trkpt lat="35.170827" lon="136.80989"/>
      <trkpt lat="35.171195" lon="136.809306"/>
      <trkpt lat="35.171287" lon="136.80863"/>
      <trkpt lat="35.171524" lon="136.807374"/>
      <trkpt lat="35.172011" lon="136.805803"/>
      <trkpt lat="35.172182" lon="136.80407"/>
      <trkpt lat="35.172054" lon="136.800942"/>
      <trkpt lat="35.171879" lon="136.798309"/>
      <trkpt lat="35.171958" lon="136.797579"/>
      <trkpt lat="35.172116" lon="136.796812"/>
      <trkpt lat="35.172296" lon="136.795514"/>
      <trkpt lat="35.172427" lon="136.793314"/>
      <trkpt lat="35.172488" lon="136.790557"/>
      <trkpt lat="35.172418" lon="136.786088"/>
      <trkpt lat="35.172541" lon="136.783519"/>
      <trkpt lat="35.172467" lon="136.779785"/>
      <trkpt lat="35.172467" lon="136.777269"/>
      <trkpt lat="35.172546" lon="136.77617"/>
      <trkpt lat="35.172866" lon="136.775086"/>
      <trkpt lat="35.173611" lon="136.773697"/>
      <trkpt lat="35.174677" lon="136.771857"/>
      <trkpt lat="35.175558" lon="136.771975"/>
      <trkpt lat="35.177921" lon="136.772248"/>
      <trkpt lat="35.178013" lon="136.770194"/>
      <trkpt lat="35.178145" lon="136.769802"/>
      <trkpt lat="35.178417" lon="136.768305"/>
      <trkpt lat="35.178447" lon="136.766578"/>
      <trkpt lat="35.178101" lon="136.765425"/>
      <trkpt lat="35.178105" lon="136.76477"/>
      <trkpt lat="35.178412" lon="136.763595"/>
      <trkpt lat="35.178333" lon="136.762437"/>
      <trkpt lat="35.178369" lon="136.760817"/>
      <trkpt lat="35.178316" lon="136.760092"/>
      <trkpt lat="35.178281" lon="136.759164"/>
      <trkpt lat="35.178189" lon="136.758757"/>
      <trkpt lat="35.178158" lon="136.757716"/>
      <trkpt lat="35.17811" lon="136.756777"/>
      <trkpt lat="35.178132" lon="136.755152"/>
      <trkpt lat="35.178035" lon="136.753832"/>
      <trkpt lat="35.177807" lon="136.751955"/>
      <trkpt lat="35.177281" lon="136.750281"/>
      <trkpt lat="35.177141" lon="136.749101"/>
      <trkpt lat="35.177088" lon="136.74762"/>
      <trkpt lat="35.176422" lon="136.746354"/>
      <trkpt lat="35.175641" lon="136.744123"/>
      <trkpt lat="35.175492" lon="136.743811"/>
      <trkpt lat="35.175624" lon="136.742803"/>
      <trkpt lat="35.175738" lon="136.740915"/>
      <trkpt lat="35.175418" lon="136.740888"/>
      <trkpt lat="35.175312" lon="136.739772"/>
      <trkpt lat="35.175347" lon="136.738812"/>
      <trkpt lat="35.175312" lon="136.737723"/>
      <trkpt lat="35.175282" lon="136.737025"/>
      <trkpt lat="35.173387" lon="136.736854"/>
      <trkpt lat="35.171546" lon="136.736687"/>
      <trkpt lat="35.168783" lon="136.736462"/>
      <trkpt lat="35.168437" lon="136.736414"/>
      <trkpt lat="35.168625" lon="136.73592"/>
      <trkpt lat="35.168625" lon="136.735674"/>
      <trkpt lat="35.168397" lon="136.735507"/>
      <trkpt lat="35.167459" lon="136.73371"/>
      <trkpt lat="35.167235" lon="136.733115"/>
      <trkpt lat="35.166814" lon="136.732541"/>
      <trkpt lat="35.166498" lon="136.732208"/>
      <trkpt lat="35.166055" lon="136.732122"/>
      <trkpt lat="35.165463" lon="136.731817"/>
      <trkpt lat="35.165485" lon="136.731656"/>
      <trkpt lat="35.165389" lon="136.731618"/>
      <trkpt lat="35.165196" lon="136.73121"/>
      <trkpt lat="35.165016" lon="136.731017"/>
      <trkpt lat="35.164906" lon="136.73099"/>
      <trkpt lat="35.164683" lon="136.730642"/>
      <trkpt lat="35.164288" lon="136.730234"/>
      <trkpt lat="35.163779" lon="136.730207"/>
      <trkpt lat="35.163082" lon="136.730132"/>
      <trkpt lat="35.161337" lon="136.730143"/>
      <trkpt lat="35.160924" lon="136.730229"/>
      <trkpt lat="35.160442" lon="136.730433"/>
      <trkpt lat="35.160433" lon="136.728609"/>
      <trkpt lat="35.160346" lon="136.726077"/>
      <trkpt lat="35.160302" lon="136.722472"/>
      <trkpt lat="35.160267" lon="136.720744"/>
      <trkpt lat="35.160267" lon="136.72024"/>
      <trkpt lat="35.159539" lon="136.719682"/>
      <trkpt lat="35.159012" lon="136.719382"/>
      <trkpt lat="35.157951" lon="136.719285"/>
      <trkpt lat="35.156565" lon="136.718845"/>
      <trkpt lat="35.154723" lon="136.717901"/>
      <trkpt lat="35.153451" lon="136.717097"/>
      <trkpt lat="35.151951" lon="136.716528"/>
      <trkpt lat="35.151749" lon="136.714693"/>
      <trkpt lat="35.151363" lon="136.712987"/>
      <trkpt lat="35.151144" lon="136.711775"/>
      <trkpt lat="35.149977" lon="136.711421"/>
      <trkpt lat="35.148723" lon="136.711217"/>
      <trkpt lat="35.145626" lon="136.710359"/>
      <trkpt lat="35.14495" lon="136.709994"/>
      <trkpt lat="35.143652" lon="136.709018"/>
      <trkpt lat="35.14195" lon="136.708782"/>
      <trkpt lat="35.140055" lon="136.708149"/>
      <trkpt lat="35.139318" lon="136.708052"/>
      <trkpt lat="35.136712" lon="136.707194"/>
      <trkpt lat="35.134106" lon="136.706379"/>
      <trkpt lat="35.132931" lon="136.706089"/>
      <trkpt lat="35.132404" lon="136.706175"/>
      <trkpt lat="35.13014" lon="136.706904"/>
      <trkpt lat="35.127912" lon="136.708106"/>
      <trkpt lat="35.125086" lon="136.70979"/>
      <trkpt lat="35.121892" lon="136.711571"/>
      <trkpt lat="35.12076" lon="136.712623"/>
      <trkpt lat="35.118426" lon="136.714886"/>
      <trkpt lat="35.117311" lon="136.715841"/>
      <trkpt lat="35.116311" lon="136.717172"/>
      <trkpt lat="35.113923" lon="136.72009"/>
      <trkpt lat="35.113406" lon="136.720433"/>
      <trkpt lat="35.112467" lon="136.720873"/>
      <trkpt lat="35.112028" lon="136.72097"/>
      <trkpt lat="35.111782" lon="136.720948"/>
      <trkpt lat="35.111422" lon="136.720369"/>
      <trkpt lat="35.110764" lon="136.720401"/>
      <trkpt lat="35.110922" lon="136.720777"/>
      <trkpt lat="35.110527" lon="136.720659"/>
      <trkpt lat="35.110097" lon="136.720358"/>
      <trkpt lat="35.109079" lon="136.720133"/>
      <trkpt lat="35.108328" lon="136.718856"/>
      <trkpt lat="35.1081" lon="136.71884"/>
      <trkpt lat="35.107279" lon="136.718502"/>
      <trkpt lat="35.107126" lon="136.71869"/>
      <trkpt lat="35.106906" lon="136.718443"/>
      <trkpt lat="35.106516" lon="136.717982"/>
      <trkpt lat="35.106446" lon="136.717612"/>
      <trkpt lat="35.106819" lon="136.717172"/>
      <trkpt lat="35.10692" lon="136.716952"/>
      <trkpt lat="35.107121" lon="136.716721"/>
      <trkpt lat="35.104822" lon="136.712794"/>
      <trkpt lat="35.102483" lon="136.708717"/>
      <trkpt lat="35.10103" lon="136.706255"/>
      <trkpt lat="35.10042" lon="136.705263"/>
      <trkpt lat="35.099626" lon="136.704512"/>
      <trkpt lat="35.098963" lon="136.704088"/>
      <trkpt lat="35.098397" lon="136.703895"/>
      <trkpt lat="35.097536" lon="136.703621"/>
      <trkpt lat="35.096689" lon="136.702344"/>
      <trkpt lat="35.095772" lon="136.701615"/>
      <trkpt lat="35.095021" lon="136.701052"/>
      <trkpt lat="35.094692" lon="136.70161"/>
      <trkpt lat="35.093981" lon="136.70117"/>
      <trkpt lat="35.09298" lon="136.700767"/>
      <trkpt lat="35.092735" lon="136.700622"/>
      <trkpt lat="35.091883" lon="136.699641"/>
      <trkpt lat="35.091514" lon="136.700236"/>
      <trkpt lat="35.091054" lon="136.699882"/>
      <trkpt lat="35.090448" lon="136.699308"/>
      <trkpt lat="35.090009" lon="136.69882"/>
      <trkpt lat="35.089952" lon="136.698756"/>
      <trkpt lat="35.090149" lon="136.698359"/>
      <trkpt lat="35.089162" lon="136.697157"/>
      <trkpt lat="35.08806" lon="136.695891"/>
      <trkpt lat="35.0877" lon="136.696411"/>
      <trkpt lat="35.08662" lon="136.696047"/>
      <trkpt lat="35.086251" lon="136.69632"/>
      <trkpt lat="35.086067" lon="136.696465"/>
      <trkpt lat="35.085589" lon="136.696878"/>
      <trkpt lat="35.085505" lon="136.697055"/>
      <trkpt lat="35.085084" lon="136.697318"/>
      <trkpt lat="35.084987" lon="136.69757"/>
      <trkpt lat="35.084728" lon="136.697747"/>
      <trkpt lat="35.083012" lon="136.69462"/>
      <trkpt lat="35.08141" lon="136.691734"/>
      <trkpt lat="35.07896" lon="136.687372"/>
      <trkpt lat="35.078556" lon="136.6877"/>
      <trkpt lat="35.078389" lon="136.688"/>
      <trkpt lat="35.077322" lon="136.688944"/>
      <trkpt lat="35.075755" lon="136.690307"/>
      <trkpt lat="35.074732" lon="136.691176"/>
      <trkpt lat="35.073973" lon="136.691862"/>
      <trkpt lat="35.073907" lon="136.691878"/>
      <trkpt lat="35.072195" lon="136.693214"/>
      <trkpt lat="35.070781" lon="136.694292"/>
      <trkpt lat="35.069626" lon="136.695172"/>
      <trkpt lat="35.069385" lon="136.695242"/>
      <trkpt lat="35.069055" lon="136.695617"/>
      <trkpt lat="35.068981" lon="136.695945"/>
      <trkpt lat="35.068577" lon="136.696599"/>
      <trkpt lat="35.068212" lon="136.69654"/>
      <trkpt lat="35.068037" lon="136.696476"/>
      <trkpt lat="35.067435" lon="136.696374"/>
      <trkpt lat="35.066017" lon="136.696143"/>
      <trkpt lat="35.064871" lon="136.695955"/>
      <trkpt lat="35.063967" lon="136.695752"/>
      <trkpt lat="35.063181" lon="136.695532"/>
      <trkpt lat="35.063413" lon="136.694588"/>
      <trkpt lat="35.063642" lon="136.69374"/>
      <trkpt lat="35.063743" lon="136.693397"/>
      <trkpt lat="35.062487" lon="136.692184"/>
      <trkpt lat="35.061999" lon="136.69175"/>
      <trkpt lat="35.061683" lon="136.691594"/>
      <trkpt lat="35.061209" lon="136.691315"/>
      <trkpt lat="35.060805" lon="136.690999"/>
      <trkpt lat="35.060643" lon="136.69131"/>
      <trkpt lat="35.06059" lon="136.691621"/>
      <trkpt lat="35.060423" lon="136.691927"/>
      <trkpt lat="35.058917" lon="136.691203"/>
      <trkpt lat="35.056809" lon="136.690221"/>
      <trkpt lat="35.056541" lon="136.690167"/>
      <trkpt lat="35.055773" lon="136.690194"/>
      <trkpt lat="35.055628" lon="136.690269"/>
      <trkpt lat="35.055268" lon="136.69013"/>
      <trkpt lat="35.055408" lon="136.689481"/>
      <trkpt lat="35.055918" lon="136.688381"/>
      <trkpt lat="35.056475" lon="136.687249"/>
      <trkpt lat="35.056787" lon="136.686493"/>
      <trkpt lat="35.057016" lon="136.685575"/>
      <trkpt lat="35.057266" lon="136.684181"/>
      <trkpt lat="35.05749" lon="136.682743"/>
      <trkpt lat="35.057617" lon="136.681874"/>
      <trkpt lat="35.055496" lon="136.680967"/>
      <trkpt lat="35.054451" lon="136.680554"/>
      <trkpt lat="35.053336" lon="136.680071"/>
      <trkpt lat="35.052049" lon="136.679508"/>
      <trkpt lat="35.050863" lon="136.678972"/>
      <trkpt lat="35.049937" lon="136.678612"/>
      <trkpt lat="35.048782" lon="136.678237"/>
      <trkpt lat="35.048237" lon="136.678033"/>
      <trkpt lat="35.046906" lon="136.677625"/>
      <trkpt lat="35.046599" lon="136.677416"/>
      <trkpt lat="35.046423" lon="136.677266"/>
      <trkpt lat="35.046024" lon="136.677411"/>
      <trkpt lat="35.045743" lon="136.677609"/>
      <trkpt lat="35.043762" lon="136.675662"/>
      <trkpt lat="35.043767" lon="136.675655">
        <ele>9.03</ele>
      </trkpt>
      <trkpt lat="35.043744" lon="136.675631">
        <ele>9.5</ele>
      </trkpt>
      <trkpt lat="35.043789" lon="136.675576">
        <ele>10</ele>
      </trkpt>
      <trkpt lat="35.043855" lon="136.675597">
        <ele>9.59</ele>
      </trkpt>
      <trkpt lat="35.044386" lon="136.675355">
        <ele>6.54</ele>
      </trkpt>
      <trkpt lat="35.044424" lon="136.675309">
        <ele>6.84</ele>
      </trkpt>
      <trkpt lat="35.044463" lon="136.675262">
        <ele>7.14</ele>
      </trkpt>
      <trkpt lat="35.043955" lon="136.674747">
        <ele>7.04</ele>
      </trkpt>
      <trkpt lat="35.043644" lon="136.674361">
        <ele>5.98</ele>
      </trkpt>
      <trkpt lat="35.043579" lon="136.674262">
        <ele>5.52</ele>
      </trkpt>
      <trkpt lat="35.043579" lon="136.674262">
        <ele>5.52</ele>
      </trkpt>
      <trkpt lat="35.043539" lon="136.6742">
        <ele>5.23</ele>
      </trkpt>
      <trkpt lat="35.04349" lon="136.674051">
        <ele>6.18</ele>
      </trkpt>
      <trkpt lat="35.043427" lon="136.673827">
        <ele>6.37</ele>
      </trkpt>
      <trkpt lat="35.04336" lon="136.673666">
        <ele>6</ele>
      </trkpt>
      <trkpt lat="35.043333" lon="136.673639">
        <ele>6</ele>
      </trkpt>
      <trkpt lat="35.043333" lon="136.673639">
        <ele>6</ele>
      </trkpt>
      <trkpt lat="35.043111" lon="136.673423">
        <ele>6</ele>
      </trkpt>
      <trkpt lat="35.042437" lon="136.672805">
        <ele>5.5</ele>
      </trkpt>
      <trkpt lat="35.041721" lon="136.672183">
        <ele>5.22</ele>
      </trkpt>
      <trkpt lat="35.041451" lon="136.671964">
        <ele>5.13</ele>
      </trkpt>
      <trkpt lat="35.041237" lon="136.671769">
        <ele>5</ele>
      </trkpt>
      <trkpt lat="35.041134" lon="136.671654">
        <ele>5</ele>
      </trkpt>
      <trkpt lat="35.041134" lon="136.671654">
        <ele>5</ele>
      </trkpt>
      <trkpt lat="35.040956" lon="136.671457">
        <ele>5</ele>
      </trkpt>
      <trkpt lat="35.040838" lon="136.671293">
        <ele>5.03</ele>
      </trkpt>
      <trkpt lat="35.04066" lon="136.670979">
        <ele>5.62</ele>
      </trkpt>
      <trkpt lat="35.040412" lon="136.670444">
        <ele>5</ele>
      </trkpt>
      <trkpt lat="35.040306" lon="136.670321">
        <ele>5</ele>
      </trkpt>
      <trkpt lat="35.040306" lon="136.670321">
        <ele>5</ele>
      </trkpt>
      <trkpt lat="35.040216" lon="136.670236">
        <ele>5</ele>
      </trkpt>
      <trkpt lat="35.039513" lon="136.669731">
        <ele>5</ele>
      </trkpt>
      <trkpt lat="35.039236" lon="136.669485">
        <ele>5</ele>
      </trkpt>
      <trkpt lat="35.039172" lon="136.669414">
        <ele>5</ele>
      </trkpt>
      <trkpt lat="35.039172" lon="136.669414">
        <ele>5</ele>
      </trkpt>
      <trkpt lat="35.039172" lon="136.669414">
        <ele>5</ele>
      </trkpt>
      <trkpt lat="35.03912" lon="136.669355">
        <ele>5</ele>
      </trkpt>
      <trkpt lat="35.039084" lon="136.669274">
        <ele>5</ele>
      </trkpt>
      <trkpt lat="35.039019" lon="136.66918">
        <ele>5</ele>
      </trkpt>
      <trkpt lat="35.038962" lon="136.669075">
        <ele>4.97</ele>
      </trkpt>
      <trkpt lat="35.038896" lon="136.66891">
        <ele>5</ele>
      </trkpt>
      <trkpt lat="35.038795" lon="136.668739">
        <ele>5</ele>
      </trkpt>
      <trkpt lat="35.038738" lon="136.668667">
        <ele>5</ele>
      </trkpt>
      <trkpt lat="35.03865" lon="136.668556">
        <ele>5</ele>
      </trkpt>
      <trkpt lat="35.037729" lon="136.667564">
        <ele>4.07</ele>
      </trkpt>
      <trkpt lat="35.037382" lon="136.667213">
        <ele>5</ele>
      </trkpt>
      <trkpt lat="35.037107" lon="136.66695">
        <ele>5</ele>
      </trkpt>
      <trkpt lat="35.036828" lon="136.666664">
        <ele>4.97</ele>
      </trkpt>
      <trkpt lat="35.036539" lon="136.666383">
        <ele>4.26</ele>
      </trkpt>
      <trkpt lat="35.036349" lon="136.66621">
        <ele>4.06</ele>
      </trkpt>
      <trkpt lat="35.035957" lon="136.665814">
        <ele>3.32</ele>
      </trkpt>
      <trkpt lat="35.035957" lon="136.665814">
        <ele>3.32</ele>
      </trkpt>
      <trkpt lat="35.035884" lon="136.665739">
        <ele>3.25</ele>
      </trkpt>
      <trkpt lat="35.035738" lon="136.665531">
        <ele>3.41</ele>
      </trkpt>
      <trkpt lat="35.035368" lon="136.66494">
        <ele>3.14</ele>
      </trkpt>
      <trkpt lat="35.035263" lon="136.664691">
        <ele>4</ele>
      </trkpt>
      <trkpt lat="35.035276" lon="136.664686"/>
      <trkpt lat="35.035263" lon="136.664691">
        <ele>4</ele>
      </trkpt>
      <trkpt lat="35.035242" lon="136.664605">
        <ele>4</ele>
      </trkpt>
      <trkpt lat="35.035175" lon="136.664297">
        <ele>4</ele>
      </trkpt>
      <trkpt lat="35.03507" lon="136.663938">
        <ele>4.79</ele>
      </trkpt>
      <trkpt lat="35.03499" lon="136.663591">
        <ele>5</ele>
      </trkpt>
      <trkpt lat="35.034942" lon="136.663325">
        <ele>5.92</ele>
      </trkpt>
      <trkpt lat="35.034881" lon="136.662388">
        <ele>8</ele>
      </trkpt>
      <trkpt lat="35.034857" lon="136.662133">
        <ele>8.52</ele>
      </trkpt>
      <trkpt lat="35.034807" lon="136.661806">
        <ele>8.16</ele>
      </trkpt>
      <trkpt lat="35.034759" lon="136.661341">
        <ele>7.09</ele>
      </trkpt>
      <trkpt lat="35.034735" lon="136.661236">
        <ele>7.03</ele>
      </trkpt>
      <trkpt lat="35.034726" lon="136.661192">
        <ele>7</ele>
      </trkpt>
      <trkpt lat="35.034666" lon="136.661073">
        <ele>7</ele>
      </trkpt>
      <trkpt lat="35.034335" lon="136.66062">
        <ele>6.07</ele>
      </trkpt>
      <trkpt lat="35.034182" lon="136.660374">
        <ele>6.52</ele>
      </trkpt>
      <trkpt lat="35.03403" lon="136.660097">
        <ele>7.08</ele>
      </trkpt>
      <trkpt lat="35.033737" lon="136.659667">
        <ele>7</ele>
      </trkpt>
      <trkpt lat="35.033132" lon="136.658965">
        <ele>6</ele>
      </trkpt>
      <trkpt lat="35.032545" lon="136.658237">
        <ele>7</ele>
      </trkpt>
      <trkpt lat="35.03253" lon="136.65823">
        <ele>6.95</ele>
      </trkpt>
      <trkpt lat="35.03253" lon="136.65823">
        <ele>6.95</ele>
      </trkpt>
      <trkpt lat="35.0325" lon="136.658216">
        <ele>6.84</ele>
      </trkpt>
      <trkpt lat="35.032426" lon="136.658236">
        <ele>6.25</ele>
      </trkpt>
      <trkpt lat="35.032359" lon="136.65829">
        <ele>5.92</ele>
      </trkpt>
      <trkpt lat="35.032205" lon="136.658437">
        <ele>5</ele>
      </trkpt>
      <trkpt lat="35.032159" lon="136.658459">
        <ele>5</ele>
      </trkpt>
      <trkpt lat="35.032159" lon="136.658459">
        <ele>5</ele>
      </trkpt>
      <trkpt lat="35.032042" lon="136.658446">
        <ele>4.87</ele>
      </trkpt>
      <trkpt lat="35.031634" lon="136.658298">
        <ele>4</ele>
      </trkpt>
      <trkpt lat="35.03143" lon="136.65821">
        <ele>4</ele>
      </trkpt>
      <trkpt lat="35.031323" lon="136.658183">
        <ele>3.86</ele>
      </trkpt>
      <trkpt lat="35.03068" lon="136.657907">
        <ele>4</ele>
      </trkpt>
      <trkpt lat="35.029683" lon="136.657446">
        <ele>4</ele>
      </trkpt>
      <trkpt lat="35.029092" lon="136.657139">
        <ele>4.7</ele>
      </trkpt>
      <trkpt lat="35.029092" lon="136.657139">
        <ele>4.7</ele>
      </trkpt>
      <trkpt lat="35.02892" lon="136.657049">
        <ele>4.9</ele>
      </trkpt>
      <trkpt lat="35.028751" lon="136.656901">
        <ele>5.59</ele>
      </trkpt>
      <trkpt lat="35.028161" lon="136.656329">
        <ele>5.94</ele>
      </trkpt>
      <trkpt lat="35.027877" lon="136.656019">
        <ele>5.95</ele>
      </trkpt>
      <trkpt lat="35.027743" lon="136.655905">
        <ele>5.5</ele>
      </trkpt>
      <trkpt lat="35.02736" lon="136.655554">
        <ele>5.67</ele>
      </trkpt>
      <trkpt lat="35.027291" lon="136.655475">
        <ele>5.99</ele>
      </trkpt>
      <trkpt lat="35.027093" lon="136.6553">
        <ele>6</ele>
      </trkpt>
      <trkpt lat="35.026726" lon="136.654987">
        <ele>9.37</ele>
      </trkpt>
      <trkpt lat="35.026726" lon="136.654987">
        <ele>9.37</ele>
      </trkpt>
      <trkpt lat="35.0267" lon="136.654965">
        <ele>9.61</ele>
      </trkpt>
      <trkpt lat="35.026153" lon="136.654691">
        <ele>9.71</ele>
      </trkpt>
      <trkpt lat="35.02502" lon="136.654224">
        <ele>10.82</ele>
      </trkpt>
      <trkpt lat="35.024973" lon="136.654202">
        <ele>10.9</ele>
      </trkpt>
      <trkpt lat="35.024973" lon="136.654202">
        <ele>10.9</ele>
      </trkpt>
      <trkpt lat="35.024854" lon="136.654146">
        <ele>9.83</ele>
      </trkpt>
      <trkpt lat="35.024785" lon="136.654061">
        <ele>8.99</ele>
      </trkpt>
      <trkpt lat="35.024601" lon="136.653541">
        <ele>6.93</ele>
      </trkpt>
      <trkpt lat="35.024562" lon="136.653478">
        <ele>6.55</ele>
      </trkpt>
      <trkpt lat="35.024562" lon="136.653478">
        <ele>6.55</ele>
      </trkpt>
      <trkpt lat="35.024526" lon="136.65342">
        <ele>6.21</ele>
      </trkpt>
      <trkpt lat="35.024447" lon="136.653339">
        <ele>6.25</ele>
      </trkpt>
      <trkpt lat="35.02404" lon="136.653071">
        <ele>5</ele>
      </trkpt>
      <trkpt lat="35.023948" lon="136.653025">
        <ele>5</ele>
      </trkpt>
      <trkpt lat="35.023952" lon="136.653013"/>
      <trkpt lat="35.023948" lon="136.653025">
        <ele>5</ele>
      </trkpt>
      <trkpt lat="35.023862" lon="136.652982">
        <ele>5</ele>
      </trkpt>
      <trkpt lat="35.023464" lon="136.652861">
        <ele>5</ele>
      </trkpt>
      <trkpt lat="35.022694" lon="136.652713">
        <ele>5</ele>
      </trkpt>
      <trkpt lat="35.021727" lon="136.652423">
        <ele>5</ele>
      </trkpt>
      <trkpt lat="35.020745" lon="136.652113">
        <ele>4.07</ele>
      </trkpt>
      <trkpt lat="35.019774" lon="136.651771">
        <ele>4</ele>
      </trkpt>
      <trkpt lat="35.019778" lon="136.651758"/>
      <trkpt lat="35.019774" lon="136.651771">
        <ele>4</ele>
      </trkpt>
      <trkpt lat="35.019533" lon="136.651661">
        <ele>4</ele>
      </trkpt>
      <trkpt lat="35.018911" lon="136.651301">
        <ele>4</ele>
      </trkpt>
      <trkpt lat="35.016833" lon="136.650028">
        <ele>4</ele>
      </trkpt>
      <trkpt lat="35.016427" lon="136.64975">
        <ele>4</ele>
      </trkpt>
      <trkpt lat="35.015938" lon="136.649396">
        <ele>4</ele>
      </trkpt>
      <trkpt lat="35.015272" lon="136.648953">
        <ele>4</ele>
      </trkpt>
      <trkpt lat="35.014871" lon="136.648701">
        <ele>4</ele>
      </trkpt>
      <trkpt lat="35.013973" lon="136.648098">
        <ele>4</ele>
      </trkpt>
      <trkpt lat="35.013912" lon="136.648068">
        <ele>4</ele>
      </trkpt>
      <trkpt lat="35.01389" lon="136.648066">
        <ele>4</ele>
      </trkpt>
      <trkpt lat="35.013842" lon="136.64806">
        <ele>4</ele>
      </trkpt>
      <trkpt lat="35.013796" lon="136.648085">
        <ele>4</ele>
      </trkpt>
      <trkpt lat="35.013741" lon="136.648128">
        <ele>4</ele>
      </trkpt>
      <trkpt lat="35.013239" lon="136.648696">
        <ele>3</ele>
      </trkpt>
      <trkpt lat="35.013098" lon="136.648843">
        <ele>3</ele>
      </trkpt>
      <trkpt lat="35.013027" lon="136.648934">
        <ele>3</ele>
      </trkpt>
      <trkpt lat="35.012733" lon="136.649126">
        <ele>3</ele>
      </trkpt>
      <trkpt lat="35.012479" lon="136.649261">
        <ele>3</ele>
      </trkpt>
      <trkpt lat="35.012119" lon="136.649435">
        <ele>2.19</ele>
      </trkpt>
      <trkpt lat="35.011784" lon="136.649657">
        <ele>2</ele>
      </trkpt>
      <trkpt lat="35.011551" lon="136.649826">
        <ele>2</ele>
      </trkpt>
      <trkpt lat="35.011461" lon="136.649894">
        <ele>2</ele>
      </trkpt>
      <trkpt lat="35.011369" lon="136.649979">
        <ele>2</ele>
      </trkpt>
      <trkpt lat="35.011369" lon="136.649979">
        <ele>2</ele>
      </trkpt>
      <trkpt lat="35.011118" lon="136.650213">
        <ele>2</ele>
      </trkpt>
      <trkpt lat="35.01078" lon="136.650532">
        <ele>2.46</ele>
      </trkpt>
      <trkpt lat="35.010722" lon="136.650578">
        <ele>2.63</ele>
      </trkpt>
      <trkpt lat="35.010728" lon="136.650589"/>
      <trkpt lat="35.010722" lon="136.650578">
        <ele>2.63</ele>
      </trkpt>
      <trkpt lat="35.010637" lon="136.650645">
        <ele>2.88</ele>
      </trkpt>
      <trkpt lat="35.010401" lon="136.650766">
        <ele>3.46</ele>
      </trkpt>
      <trkpt lat="35.010169" lon="136.650852">
        <ele>2</ele>
      </trkpt>
      <trkpt lat="35.010074" lon="136.650841">
        <ele>2</ele>
      </trkpt>
      <trkpt lat="35.009669" lon="136.650718">
        <ele>2</ele>
      </trkpt>
      <trkpt lat="35.009552" lon="136.650696">
        <ele>2</ele>
      </trkpt>
      <trkpt lat="35.009436" lon="136.650697">
        <ele>2</ele>
      </trkpt>
      <trkpt lat="35.009009" lon="136.650777">
        <ele>2</ele>
      </trkpt>
      <trkpt lat="35.008762" lon="136.650813">
        <ele>1.58</ele>
      </trkpt>
      <trkpt lat="35.008267" lon="136.650885">
        <ele>1.68</ele>
      </trkpt>
      <trkpt lat="35.008137" lon="136.650895">
        <ele>1.51</ele>
      </trkpt>
      <trkpt lat="35.007807" lon="136.65089">
        <ele>1.65</ele>
      </trkpt>
      <trkpt lat="35.007644" lon="136.650903">
        <ele>1.58</ele>
      </trkpt>
      <trkpt lat="35.007465" lon="136.650947">
        <ele>1.01</ele>
      </trkpt>
      <trkpt lat="35.007373" lon="136.651007">
        <ele>1</ele>
      </trkpt>
      <trkpt lat="35.00735" lon="136.650979">
        <ele>1</ele>
      </trkpt>
      <trkpt lat="35.007362" lon="136.650964"/>
      <trkpt lat="35.00735" lon="136.650979">
        <ele>1</ele>
      </trkpt>
      <trkpt lat="35.007373" lon="136.651007">
        <ele>1</ele>
      </trkpt>
      <trkpt lat="35.007281" lon="136.651096">
        <ele>1</ele>
      </trkpt>
      <trkpt lat="35.007008" lon="136.651423">
        <ele>1.55</ele>
      </trkpt>
      <trkpt lat="35.006725" lon="136.651742">
        <ele>1</ele>
      </trkpt>
      <trkpt lat="35.006272" lon="136.652341">
        <ele>1.09</ele>
      </trkpt>
      <trkpt lat="35.00612" lon="136.652525">
        <ele>1</ele>
      </trkpt>
      <trkpt lat="35.006118" lon="136.652528">
        <ele>1</ele>
      </trkpt>
      <trkpt lat="35.006057" lon="136.652449">
        <ele>1</ele>
      </trkpt>
      <trkpt lat="35.005846" lon="136.652072">
        <ele>1</ele>
      </trkpt>
      <trkpt lat="35.005493" lon="136.651394">
        <ele>1</ele>
      </trkpt>
      <trkpt lat="35.005465" lon="136.651346">
        <ele>1.06</ele>
      </trkpt>
      <trkpt lat="35.005465" lon="136.651346">
        <ele>1.06</ele>
      </trkpt>
      <trkpt lat="35.005325" lon="136.651109">
        <ele>1.38</ele>
      </trkpt>
      <trkpt lat="35.005156" lon="136.650891">
        <ele>2</ele>
      </trkpt>
      <trkpt lat="35.004945" lon="136.650698">
        <ele>2</ele>
      </trkpt>
      <trkpt lat="35.004945" lon="136.650698">
        <ele>2</ele>
      </trkpt>
      <trkpt lat="35.004899" lon="136.650655">
        <ele>2</ele>
      </trkpt>
      <trkpt lat="35.004537" lon="136.65043">
        <ele>2</ele>
      </trkpt>
      <trkpt lat="35.004127" lon="136.650208">
        <ele>2</ele>
      </trkpt>
      <trkpt lat="35.004093" lon="136.650197">
        <ele>2</ele>
      </trkpt>
      <trkpt lat="35.003535" lon="136.649888">
        <ele>2</ele>
      </trkpt>
      <trkpt lat="35.003516" lon="136.649879">
        <ele>2</ele>
      </trkpt>
      <trkpt lat="35.003494" lon="136.649879">
        <ele>2</ele>
      </trkpt>
      <trkpt lat="35.003434" lon="136.649849">
        <ele>2</ele>
      </trkpt>
      <trkpt lat="35.002962" lon="136.649592">
        <ele>1</ele>
      </trkpt>
      <trkpt lat="35.002064" lon="136.649128">
        <ele>1</ele>
      </trkpt>
      <trkpt lat="35.001822" lon="136.648959">
        <ele>1</ele>
      </trkpt>
      <trkpt lat="35.001817" lon="136.648966">
        <ele>1</ele>
      </trkpt>
      <trkpt lat="35.001817" lon="136.648966">
        <ele>1</ele>
      </trkpt>
      <trkpt lat="35.001822" lon="136.648959">
        <ele>1</ele>
      </trkpt>
      <trkpt lat="35.001597" lon="136.648757">
        <ele>1</ele>
      </trkpt>
      <trkpt lat="35.001405" lon="136.648556">
        <ele>1</ele>
      </trkpt>
      <trkpt lat="35.001266" lon="136.648429">
        <ele>1</ele>
      </trkpt>
      <trkpt lat="35.000968" lon="136.648114">
        <ele>1.02</ele>
      </trkpt>
      <trkpt lat="35.000872" lon="136.647978">
        <ele>1</ele>
      </trkpt>
      <trkpt lat="35.000558" lon="136.647478">
        <ele>1</ele>
      </trkpt>
      <trkpt lat="35.000518" lon="136.647456">
        <ele>1.16</ele>
      </trkpt>
      <trkpt lat="35.000506" lon="136.64746">
        <ele>1.21</ele>
      </trkpt>
      <trkpt lat="35.000506" lon="136.64746">
        <ele>1.21</ele>
      </trkpt>
      <trkpt lat="35.000486" lon="136.647465">
        <ele>1.28</ele>
      </trkpt>
      <trkpt lat="35.000252" lon="136.647695">
        <ele>2</ele>
      </trkpt>
      <trkpt lat="35.000001" lon="136.647977">
        <ele>1.97</ele>
      </trkpt>
      <trkpt lat="34.999916" lon="136.647925">
        <ele>2</ele>
      </trkpt>
      <trkpt lat="34.999797" lon="136.647813">
        <ele>1.46</ele>
      </trkpt>
      <trkpt lat="34.99952" lon="136.647578">
        <ele>1.03</ele>
      </trkpt>
      <trkpt lat="34.999454" lon="136.64751">
        <ele>1.05</ele>
      </trkpt>
      <trkpt lat="34.999301" lon="136.647326">
        <ele>1</ele>
      </trkpt>
      <trkpt lat="34.999047" lon="136.646957">
        <ele>1</ele>
      </trkpt>
      <trkpt lat="34.998483" lon="136.64626">
        <ele>1</ele>
      </trkpt>
      <trkpt lat="34.998417" lon="136.646163">
        <ele>1</ele>
      </trkpt>
      <trkpt lat="34.998268" lon="136.645987">
        <ele>1</ele>
      </trkpt>
      <trkpt lat="34.997828" lon="136.645605">
        <ele>1</ele>
      </trkpt>
      <trkpt lat="34.997385" lon="136.645153">
        <ele>1</ele>
      </trkpt>
      <trkpt lat="34.997228" lon="136.644971">
        <ele>1.03</ele>
      </trkpt>
      <trkpt lat="34.997178" lon="136.644923">
        <ele>1.01</ele>
      </trkpt>
      <trkpt lat="34.997072" lon="136.644846">
        <ele>1.15</ele>
      </trkpt>
      <trkpt lat="34.997079" lon="136.644833">
        <ele>1.17</ele>
      </trkpt>
      <trkpt lat="34.997079" lon="136.644833">
        <ele>1.17</ele>
      </trkpt>
      <trkpt lat="34.997072" lon="136.644846">
        <ele>1.15</ele>
      </trkpt>
      <trkpt lat="34.996912" lon="136.644754">
        <ele>1.04</ele>
      </trkpt>
      <trkpt lat="34.996256" lon="136.644475">
        <ele>1.02</ele>
      </trkpt>
      <trkpt lat="34.996134" lon="136.644448">
        <ele>1.11</ele>
      </trkpt>
      <trkpt lat="34.995926" lon="136.644429">
        <ele>1.22</ele>
      </trkpt>
      <trkpt lat="34.99578" lon="136.644405">
        <ele>1.93</ele>
      </trkpt>
      <trkpt lat="34.995607" lon="136.644364">
        <ele>1.41</ele>
      </trkpt>
      <trkpt lat="34.995502" lon="136.644304">
        <ele>1.06</ele>
      </trkpt>
      <trkpt lat="34.995258" lon="136.64409">
        <ele>1.89</ele>
      </trkpt>
      <trkpt lat="34.995104" lon="136.643976">
        <ele>1.74</ele>
      </trkpt>
      <trkpt lat="34.995039" lon="136.643938">
        <ele>2.01</ele>
      </trkpt>
      <trkpt lat="34.994159" lon="136.643549">
        <ele>3</ele>
      </trkpt>
      <trkpt lat="34.994021" lon="136.643497">
        <ele>3</ele>
      </trkpt>
      <trkpt lat="34.993833" lon="136.643366">
        <ele>3</ele>
      </trkpt>
      <trkpt lat="34.993646" lon="136.643199">
        <ele>2.63</ele>
      </trkpt>
      <trkpt lat="34.99335" lon="136.642867">
        <ele>2.25</ele>
      </trkpt>
      <trkpt lat="34.993336" lon="136.642885"/>
      <trkpt lat="34.99335" lon="136.642867">
        <ele>2.25</ele>
      </trkpt>
      <trkpt lat="34.993158" lon="136.64265">
        <ele>2</ele>
      </trkpt>
      <trkpt lat="34.992596" lon="136.641779">
        <ele>2</ele>
      </trkpt>
      <trkpt lat="34.992409" lon="136.64156">
        <ele>2.9</ele>
      </trkpt>
      <trkpt lat="34.991993" lon="136.641131">
        <ele>2.53</ele>
      </trkpt>
      <trkpt lat="34.991816" lon="136.640918">
        <ele>2.61</ele>
      </trkpt>
      <trkpt lat="34.991267" lon="136.640107">
        <ele>2.39</ele>
      </trkpt>
      <trkpt lat="34.990626" lon="136.63926">
        <ele>2</ele>
      </trkpt>
      <trkpt lat="34.990441" lon="136.638981">
        <ele>2</ele>
      </trkpt>
      <trkpt lat="34.99011" lon="136.638438">
        <ele>1.78</ele>
      </trkpt>
      <trkpt lat="34.989894" lon="136.638138">
        <ele>2</ele>
      </trkpt>
      <trkpt lat="34.989569" lon="136.637718">
        <ele>2.26</ele>
      </trkpt>
      <trkpt lat="34.989298" lon="136.637322">
        <ele>3</ele>
      </trkpt>
      <trkpt lat="34.989155" lon="136.637055">
        <ele>3</ele>
      </trkpt>
      <trkpt lat="34.988963" lon="136.636669">
        <ele>3</ele>
      </trkpt>
      <trkpt lat="34.988819" lon="136.636419">
        <ele>3</ele>
      </trkpt>
      <trkpt lat="34.988476" lon="136.635899">
        <ele>3</ele>
      </trkpt>
      <trkpt lat="34.988287" lon="136.635581">
        <ele>3</ele>
      </trkpt>
      <trkpt lat="34.988164" lon="136.635406">
        <ele>3</ele>
      </trkpt>
      <trkpt lat="34.987912" lon="136.63512">
        <ele>3</ele>
      </trkpt>
      <trkpt lat="34.98764" lon="136.634879">
        <ele>3</ele>
      </trkpt>
      <trkpt lat="34.987464" lon="136.634693">
        <ele>3</ele>
      </trkpt>
      <trkpt lat="34.987279" lon="136.634442">
        <ele>3</ele>
      </trkpt>
      <trkpt lat="34.987033" lon="136.634137">
        <ele>3</ele>
      </trkpt>
      <trkpt lat="34.986958" lon="136.634078">
        <ele>3</ele>
      </trkpt>
      <trkpt lat="34.986963" lon="136.634045"/>
      <trkpt lat="34.986958" lon="136.634078">
        <ele>3</ele>
      </trkpt>
      <trkpt lat="34.986905" lon="136.634066">
        <ele>3</ele>
      </trkpt>
      <trkpt lat="34.986862" lon="136.634082">
        <ele>3</ele>
      </trkpt>
      <trkpt lat="34.986816" lon="136.634115">
        <ele>3</ele>
      </trkpt>
      <trkpt lat="34.986568" lon="136.634366">
        <ele>3</ele>
      </trkpt>
      <trkpt lat="34.986504" lon="136.63442">
        <ele>3</ele>
      </trkpt>
      <trkpt lat="34.986435" lon="136.63444">
        <ele>3</ele>
      </trkpt>
      <trkpt lat="34.986343" lon="136.634445">
        <ele>3</ele>
      </trkpt>
      <trkpt lat="34.986234" lon="136.634418">
        <ele>3</ele>
      </trkpt>
      <trkpt lat="34.986117" lon="136.634369">
        <ele>3</ele>
      </trkpt>
      <trkpt lat="34.98597" lon="136.634292">
        <ele>2.92</ele>
      </trkpt>
      <trkpt lat="34.985919" lon="136.634375">
        <ele>3</ele>
      </trkpt>
      <trkpt lat="34.98589" lon="136.634336">
        <ele>3</ele>
      </trkpt>
      <trkpt lat="34.985882" lon="136.634345"/>
      <trkpt lat="34.98589" lon="136.634336">
        <ele>3</ele>
      </trkpt>
      <trkpt lat="34.985604" lon="136.633962">
        <ele>3</ele>
      </trkpt>
      <trkpt lat="34.985415" lon="136.633736">
        <ele>3</ele>
      </trkpt>
      <trkpt lat="34.984929" lon="136.63321">
        <ele>3</ele>
      </trkpt>
      <trkpt lat="34.98478" lon="136.633049">
        <ele>3</ele>
      </trkpt>
      <trkpt lat="34.984063" lon="136.632161">
        <ele>3</ele>
      </trkpt>
      <trkpt lat="34.983963" lon="136.632023">
        <ele>3.34</ele>
      </trkpt>
      <trkpt lat="34.983976" lon="136.632005">
        <ele>3.38</ele>
      </trkpt>
      <trkpt lat="34.983976" lon="136.632005">
        <ele>3.38</ele>
      </trkpt>
      <trkpt lat="34.983976" lon="136.632005">
        <ele>3.38</ele>
      </trkpt>
      <trkpt lat="34.983963" lon="136.632023">
        <ele>3.34</ele>
      </trkpt>
      <trkpt lat="34.983412" lon="136.631415">
        <ele>3</ele>
      </trkpt>
      <trkpt lat="34.982871" lon="136.630879">
        <ele>3</ele>
      </trkpt>
      <trkpt lat="34.982539" lon="136.630546">
        <ele>3</ele>
      </trkpt>
      <trkpt lat="34.981674" lon="136.629653">
        <ele>4</ele>
      </trkpt>
      <trkpt lat="34.981449" lon="136.629438">
        <ele>4.22</ele>
      </trkpt>
      <trkpt lat="34.981432" lon="136.629464">
        <ele>4.16</ele>
      </trkpt>
      <trkpt lat="34.981417" lon="136.629459">
        <ele>4.16</ele>
      </trkpt>
      <trkpt lat="34.981417" lon="136.629459">
        <ele>4.16</ele>
      </trkpt>
      <trkpt lat="34.981033" lon="136.629342">
        <ele>4</ele>
      </trkpt>
      <trkpt lat="34.980466" lon="136.629124">
        <ele>4.69</ele>
      </trkpt>
      <trkpt lat="34.980467" lon="136.62912"/>
      <trkpt lat="34.980466" lon="136.629124">
        <ele>4.69</ele>
      </trkpt>
      <trkpt lat="34.980446" lon="136.629116">
        <ele>4.72</ele>
      </trkpt>
      <trkpt lat="34.980501" lon="136.628899">
        <ele>5.02</ele>
      </trkpt>
      <trkpt lat="34.980507" lon="136.628827">
        <ele>5.61</ele>
      </trkpt>
      <trkpt lat="34.980535" lon="136.628742">
        <ele>5.47</ele>
      </trkpt>
      <trkpt lat="34.980543" lon="136.628718">
        <ele>5.42</ele>
      </trkpt>
      <trkpt lat="34.979608" lon="136.628139">
        <ele>5.61</ele>
      </trkpt>
      <trkpt lat="34.97961" lon="136.628131">
        <ele>5.59</ele>
      </trkpt>
      <trkpt lat="34.979615" lon="136.628133"/>
      <trkpt lat="34.97961" lon="136.628131">
        <ele>5.59</ele>
      </trkpt>
      <trkpt lat="34.979526" lon="136.628362">
        <ele>5</ele>
      </trkpt>
      <trkpt lat="34.979449" lon="136.62851">
        <ele>5</ele>
      </trkpt>
      <trkpt lat="34.979329" lon="136.628671">
        <ele>5</ele>
      </trkpt>
      <trkpt lat="34.979299" lon="136.628711">
        <ele>5</ele>
      </trkpt>
      <trkpt lat="34.979249" lon="136.628729">
        <ele>4.79</ele>
      </trkpt>
      <trkpt lat="34.978906" lon="136.62865">
        <ele>4</ele>
      </trkpt>
      <trkpt lat="34.977779" lon="136.628373">
        <ele>4</ele>
      </trkpt>
      <trkpt lat="34.977147" lon="136.628193">
        <ele>4</ele>
      </trkpt>
      <trkpt lat="34.977147" lon="136.628193">
        <ele>4</ele>
      </trkpt>
      <trkpt lat="34.977052" lon="136.628158">
        <ele>4</ele>
      </trkpt>
      <trkpt lat="34.976722" lon="136.628004">
        <ele>4</ele>
      </trkpt>
      <trkpt lat="34.976163" lon="136.62773">
        <ele>4</ele>
      </trkpt>
      <trkpt lat="34.97473" lon="136.627083">
        <ele>4</ele>
      </trkpt>
      <trkpt lat="34.973914" lon="136.626735">
        <ele>4.01</ele>
      </trkpt>
      <trkpt lat="34.973435" lon="136.626521">
        <ele>5.16</ele>
      </trkpt>
      <trkpt lat="34.97326" lon="136.626471">
        <ele>3.78</ele>
      </trkpt>
      <trkpt lat="34.972595" lon="136.626253">
        <ele>3.26</ele>
      </trkpt>
      <trkpt lat="34.972346" lon="136.626166">
        <ele>4.81</ele>
      </trkpt>
      <trkpt lat="34.972008" lon="136.626045">
        <ele>4</ele>
      </trkpt>
      <trkpt lat="34.972008" lon="136.626045">
        <ele>4</ele>
      </trkpt>
      <trkpt lat="34.971353" lon="136.625873">
        <ele>4</ele>
      </trkpt>
      <trkpt lat="34.970998" lon="136.625749">
        <ele>4</ele>
      </trkpt>
      <trkpt lat="34.970426" lon="136.625521">
        <ele>4</ele>
      </trkpt>
      <trkpt lat="34.969994" lon="136.625297">
        <ele>3.13</ele>
      </trkpt>
      <trkpt lat="34.969191" lon="136.624934">
        <ele>3</ele>
      </trkpt>
      <trkpt lat="34.968986" lon="136.624862">
        <ele>3</ele>
      </trkpt>
      <trkpt lat="34.968986" lon="136.624862">
        <ele>3</ele>
      </trkpt>
      <trkpt lat="34.96882" lon="136.624781">
        <ele>3</ele>
      </trkpt>
      <trkpt lat="34.96872" lon="136.624677">
        <ele>3</ele>
      </trkpt>
      <trkpt lat="34.968657" lon="136.62453">
        <ele>3</ele>
      </trkpt>
      <trkpt lat="34.968658" lon="136.624527">
        <ele>3</ele>
      </trkpt>
      <trkpt lat="34.968658" lon="136.624527">
        <ele>3</ele>
      </trkpt>
      <trkpt lat="34.968658" lon="136.624527">
        <ele>3</ele>
      </trkpt>
      <trkpt lat="34.968807" lon="136.623906">
        <ele>2.38</ele>
      </trkpt>
      <trkpt lat="34.968795" lon="136.623901">
        <ele>2.37</ele>
      </trkpt>
      <trkpt lat="34.967933" lon="136.623562">
        <ele>2</ele>
      </trkpt>
      <trkpt lat="34.967933" lon="136.623562">
        <ele>2</ele>
      </trkpt>
      <trkpt lat="34.967505" lon="136.623384">
        <ele>2</ele>
      </trkpt>
      <trkpt lat="34.967565" lon="136.623247">
        <ele>2</ele>
      </trkpt>
      <trkpt lat="34.967854" lon="136.623364">
        <ele>2</ele>
      </trkpt>
      <trkpt lat="34.967839" lon="136.623235">
        <ele>2</ele>
      </trkpt>
      <trkpt lat="34.967673" lon="136.622927">
        <ele>2</ele>
      </trkpt>
      <trkpt lat="34.967571" lon="136.622803">
        <ele>2</ele>
      </trkpt>
      <trkpt lat="34.967477" lon="136.622753">
        <ele>2</ele>
      </trkpt>
      <trkpt lat="34.967477" lon="136.622753">
        <ele>2</ele>
      </trkpt>
      <trkpt lat="34.966976" lon="136.622449">
        <ele>2</ele>
      </trkpt>
      <trkpt lat="34.966514" lon="136.622133">
        <ele>2</ele>
      </trkpt>
      <trkpt lat="34.966106" lon="136.621832">
        <ele>2</ele>
      </trkpt>
      <trkpt lat="34.966106" lon="136.621832">
        <ele>2</ele>
      </trkpt>
      <trkpt lat="34.965716" lon="136.621693">
        <ele>2</ele>
      </trkpt>
      <trkpt lat="34.965669" lon="136.621683">
        <ele>2</ele>
      </trkpt>
      <trkpt lat="34.965666" lon="136.621691">
        <ele>2</ele>
      </trkpt>
      <trkpt lat="34.965666" lon="136.621691">
        <ele>2</ele>
      </trkpt>
      <trkpt lat="34.965666" lon="136.621691">
        <ele>2</ele>
      </trkpt>
      <trkpt lat="34.965539" lon="136.622055">
        <ele>1.85</ele>
      </trkpt>
      <trkpt lat="34.96548" lon="136.622025">
        <ele>1.6</ele>
      </trkpt>
      <trkpt lat="34.965075" lon="136.621817">
        <ele>2</ele>
      </trkpt>
      <trkpt lat="34.965077" lon="136.621811">
        <ele>2</ele>
      </trkpt>
      <trkpt lat="34.96506" lon="136.621803"/>
      <trkpt lat="34.965077" lon="136.621811">
        <ele>2</ele>
      </trkpt>
      <trkpt lat="34.965173" lon="136.621516">
        <ele>2</ele>
      </trkpt>
      <trkpt lat="34.965118" lon="136.62149">
        <ele>1.99</ele>
      </trkpt>
      <trkpt lat="34.964541" lon="136.621218">
        <ele>1.91</ele>
      </trkpt>
      <trkpt lat="34.964514" lon="136.621216">
        <ele>1.86</ele>
      </trkpt>
      <trkpt lat="34.964441" lon="136.621184">
        <ele>1.56</ele>
      </trkpt>
      <trkpt lat="34.964252" lon="136.62108">
        <ele>1.99</ele>
      </trkpt>
      <trkpt lat="34.964063" lon="136.620961">
        <ele>2</ele>
      </trkpt>
      <trkpt lat="34.963667" lon="136.620681">
        <ele>2</ele>
      </trkpt>
      <trkpt lat="34.963148" lon="136.620333">
        <ele>2</ele>
      </trkpt>
      <trkpt lat="34.963141" lon="136.620348">
        <ele>2</ele>
      </trkpt>
      <trkpt lat="34.963141" lon="136.620348">
        <ele>2</ele>
      </trkpt>
      <trkpt lat="34.963148" lon="136.620333">
        <ele>2</ele>
      </trkpt>
      <trkpt lat="34.962857" lon="136.620123">
        <ele>2.26</ele>
      </trkpt>
      <trkpt lat="34.962223" lon="136.619724">
        <ele>2</ele>
      </trkpt>
      <trkpt lat="34.961992" lon="136.619578">
        <ele>2</ele>
      </trkpt>
      <trkpt lat="34.961613" lon="136.619312">
        <ele>2</ele>
      </trkpt>
      <trkpt lat="34.961614" lon="136.619309"/>
      <trkpt lat="34.961613" lon="136.619312">
        <ele>2</ele>
      </trkpt>
      <trkpt lat="34.961532" lon="136.619255">
        <ele>2</ele>
      </trkpt>
      <trkpt lat="34.961313" lon="136.618901">
        <ele>2</ele>
      </trkpt>
      <trkpt lat="34.96117" lon="136.61864">
        <ele>2</ele>
      </trkpt>
      <trkpt lat="34.960962" lon="136.618206">
        <ele>2</ele>
      </trkpt>
      <trkpt lat="34.960774" lon="136.617598">
        <ele>2</ele>
      </trkpt>
      <trkpt lat="34.960517" lon="136.616707">
        <ele>2</ele>
      </trkpt>
      <trkpt lat="34.960379" lon="136.616299">
        <ele>2</ele>
      </trkpt>
      <trkpt lat="34.960354" lon="136.616203">
        <ele>2</ele>
      </trkpt>
      <trkpt lat="34.960337" lon="136.616139">
        <ele>2</ele>
      </trkpt>
      <trkpt lat="34.960337" lon="136.615921">
        <ele>2</ele>
      </trkpt>
      <trkpt lat="34.960418" lon="136.615075">
        <ele>3</ele>
      </trkpt>
      <trkpt lat="34.96055" lon="136.614069">
        <ele>2.88</ele>
      </trkpt>
      <trkpt lat="34.960593" lon="136.613785">
        <ele>3</ele>
      </trkpt>
      <trkpt lat="34.960593" lon="136.613784">
        <ele>3</ele>
      </trkpt>
      <trkpt lat="34.960594" lon="136.613783"/>
      <trkpt lat="34.960374" lon="136.613306"/>
      <trkpt lat="34.959209" lon="136.610935"/>
      <trkpt lat="34.958567" lon="136.609803"/>
      <trkpt lat="34.957648" lon="136.60858"/>
      <trkpt lat="34.957195" lon="136.607925"/>
      <trkpt lat="34.957173" lon="136.607512"/>
      <trkpt lat="34.955995" lon="136.606327"/>
      <trkpt lat="34.955036" lon="136.605635"/>
      <trkpt lat="34.954672" lon="136.605361"/>
      <trkpt lat="34.953665" lon="136.604605"/>
      <trkpt lat="34.952288" lon="136.603859"/>
      <trkpt lat="34.950991" lon="136.603253"/>
      <trkpt lat="34.950094" lon="136.602776"/>
      <trkpt lat="34.949321" lon="136.602395"/>
      <trkpt lat="34.949317" lon="136.602412">
        <ele>2.04</ele>
      </trkpt>
      <trkpt lat="34.948841" lon="136.602237">
        <ele>2</ele>
      </trkpt>
      <trkpt lat="34.948648" lon="136.602185">
        <ele>2</ele>
      </trkpt>
      <trkpt lat="34.948491" lon="136.602166">
        <ele>2</ele>
      </trkpt>
      <trkpt lat="34.94829" lon="136.602163">
        <ele>2</ele>
      </trkpt>
      <trkpt lat="34.94797" lon="136.602191">
        <ele>2</ele>
      </trkpt>
      <trkpt lat="34.947492" lon="136.602158">
        <ele>2</ele>
      </trkpt>
      <trkpt lat="34.946263" lon="136.602038">
        <ele>2.15</ele>
      </trkpt>
      <trkpt lat="34.946028" lon="136.601999">
        <ele>2.91</ele>
      </trkpt>
      <trkpt lat="34.945798" lon="136.601951">
        <ele>2.78</ele>
      </trkpt>
      <trkpt lat="34.945798" lon="136.601949"/>
      <trkpt lat="34.945798" lon="136.601951">
        <ele>2.78</ele>
      </trkpt>
      <trkpt lat="34.945035" lon="136.601756">
        <ele>2</ele>
      </trkpt>
      <trkpt lat="34.944981" lon="136.601753">
        <ele>2</ele>
      </trkpt>
      <trkpt lat="34.944566" lon="136.601634">
        <ele>2.01</ele>
      </trkpt>
      <trkpt lat="34.943903" lon="136.601409">
        <ele>3</ele>
      </trkpt>
      <trkpt lat="34.943454" lon="136.601291">
        <ele>4</ele>
      </trkpt>
      <trkpt lat="34.942833" lon="136.601145">
        <ele>3</ele>
      </trkpt>
      <trkpt lat="34.942833" lon="136.601142">
        <ele>3</ele>
      </trkpt>
      <trkpt lat="34.942833" lon="136.601145">
        <ele>3</ele>
      </trkpt>
      <trkpt lat="34.941744" lon="136.60084">
        <ele>3</ele>
      </trkpt>
      <trkpt lat="34.941744" lon="136.600839"/>
      <trkpt lat="34.941744" lon="136.60084">
        <ele>3</ele>
      </trkpt>
      <trkpt lat="34.941151" lon="136.600659">
        <ele>3.3</ele>
      </trkpt>
      <trkpt lat="34.940892" lon="136.600578">
        <ele>3</ele>
      </trkpt>
      <trkpt lat="34.940337" lon="136.600367">
        <ele>3.74</ele>
      </trkpt>
      <trkpt lat="34.940204" lon="136.600286">
        <ele>3.05</ele>
      </trkpt>
      <trkpt lat="34.940201" lon="136.600292"/>
      <trkpt lat="34.940204" lon="136.600286">
        <ele>3.05</ele>
      </trkpt>
      <trkpt lat="34.939981" lon="136.600118">
        <ele>3.97</ele>
      </trkpt>
      <trkpt lat="34.939678" lon="136.599839">
        <ele>4</ele>
      </trkpt>
      <trkpt lat="34.939397" lon="136.599562">
        <ele>4</ele>
      </trkpt>
      <trkpt lat="34.93901" lon="136.599258">
        <ele>4</ele>
      </trkpt>
      <trkpt lat="34.938957" lon="136.599228">
        <ele>4</ele>
      </trkpt>
      <trkpt lat="34.938588" lon="136.599023">
        <ele>4</ele>
      </trkpt>
      <trkpt lat="34.938256" lon="136.598828">
        <ele>5</ele>
      </trkpt>
      <trkpt lat="34.937989" lon="136.598701">
        <ele>5</ele>
      </trkpt>
      <trkpt lat="34.937989" lon="136.598701">
        <ele>5</ele>
      </trkpt>
      <trkpt lat="34.937882" lon="136.59865">
        <ele>5</ele>
      </trkpt>
      <trkpt lat="34.937475" lon="136.598513">
        <ele>5.1</ele>
      </trkpt>
      <trkpt lat="34.937131" lon="136.598409">
        <ele>7</ele>
      </trkpt>
      <trkpt lat="34.936952" lon="136.598385">
        <ele>7</ele>
      </trkpt>
      <trkpt lat="34.936952" lon="136.598385">
        <ele>7</ele>
      </trkpt>
      <trkpt lat="34.936944" lon="136.598385">
        <ele>7</ele>
      </trkpt>
      <trkpt lat="34.936863" lon="136.598383">
        <ele>7</ele>
      </trkpt>
      <trkpt lat="34.93677" lon="136.59842">
        <ele>7</ele>
      </trkpt>
      <trkpt lat="34.936565" lon="136.598314">
        <ele>7</ele>
      </trkpt>
      <trkpt lat="34.936405" lon="136.59827">
        <ele>7</ele>
      </trkpt>
      <trkpt lat="34.936405" lon="136.59827">
        <ele>7</ele>
      </trkpt>
      <trkpt lat="34.936134" lon="136.598234">
        <ele>6.95</ele>
      </trkpt>
      <trkpt lat="34.936024" lon="136.598237">
        <ele>6.34</ele>
      </trkpt>
      <trkpt lat="34.935871" lon="136.598264">
        <ele>6.03</ele>
      </trkpt>
      <trkpt lat="34.935871" lon="136.598264">
        <ele>6.03</ele>
      </trkpt>
      <trkpt lat="34.935764" lon="136.598226">
        <ele>6</ele>
      </trkpt>
      <trkpt lat="34.935621" lon="136.598146">
        <ele>6.31</ele>
      </trkpt>
      <trkpt lat="34.935586" lon="136.598116">
        <ele>6.41</ele>
      </trkpt>
      <trkpt lat="34.935544" lon="136.598189"/>
      <trkpt lat="34.935586" lon="136.598116">
        <ele>6.41</ele>
      </trkpt>
      <trkpt lat="34.935222" lon="136.597807">
        <ele>6.62</ele>
      </trkpt>
      <trkpt lat="34.935107" lon="136.597693">
        <ele>6.61</ele>
      </trkpt>
      <trkpt lat="34.934967" lon="136.597514">
        <ele>6.98</ele>
      </trkpt>
      <trkpt lat="34.934864" lon="136.597351">
        <ele>6.99</ele>
      </trkpt>
      <trkpt lat="34.934598" lon="136.596865">
        <ele>8</ele>
      </trkpt>
      <trkpt lat="34.934487" lon="136.596538">
        <ele>8.74</ele>
      </trkpt>
      <trkpt lat="34.934277" lon="136.595778">
        <ele>9.98</ele>
      </trkpt>
      <trkpt lat="34.934273" lon="136.595765">
        <ele>10</ele>
      </trkpt>
      <trkpt lat="34.934164" lon="136.595707">
        <ele>10</ele>
      </trkpt>
      <trkpt lat="34.934093" lon="136.595646">
        <ele>10</ele>
      </trkpt>
      <trkpt lat="34.933982" lon="136.595509">
        <ele>10</ele>
      </trkpt>
      <trkpt lat="34.933692" lon="136.595181">
        <ele>10.83</ele>
      </trkpt>
      <trkpt lat="34.933336" lon="136.594834">
        <ele>11</ele>
      </trkpt>
      <trkpt lat="34.933039" lon="136.594561">
        <ele>10.15</ele>
      </trkpt>
      <trkpt lat="34.931752" lon="136.593426">
        <ele>11.79</ele>
      </trkpt>
      <trkpt lat="34.931752" lon="136.593426">
        <ele>11.79</ele>
      </trkpt>
      <trkpt lat="34.931687" lon="136.593324">
        <ele>12.34</ele>
      </trkpt>
      <trkpt lat="34.931558" lon="136.593019">
        <ele>13</ele>
      </trkpt>
      <trkpt lat="34.931289" lon="136.592503">
        <ele>13.12</ele>
      </trkpt>
      <trkpt lat="34.931167" lon="136.592304">
        <ele>13.71</ele>
      </trkpt>
      <trkpt lat="34.93117" lon="136.592283">
        <ele>13.73</ele>
      </trkpt>
      <trkpt lat="34.931063" lon="136.592142">
        <ele>13.21</ele>
      </trkpt>
      <trkpt lat="34.930777" lon="136.591879">
        <ele>12.99</ele>
      </trkpt>
      <trkpt lat="34.930715" lon="136.591807">
        <ele>13</ele>
      </trkpt>
      <trkpt lat="34.930512" lon="136.591478">
        <ele>13</ele>
      </trkpt>
      <trkpt lat="34.930512" lon="136.591478">
        <ele>13</ele>
      </trkpt>
      <trkpt lat="34.9305" lon="136.591457">
        <ele>13</ele>
      </trkpt>
      <trkpt lat="34.929957" lon="136.591064">
        <ele>12.55</ele>
      </trkpt>
      <trkpt lat="34.929818" lon="136.591001">
        <ele>12.85</ele>
      </trkpt>
      <trkpt lat="34.92965" lon="136.590937">
        <ele>12.21</ele>
      </trkpt>
      <trkpt lat="34.929434" lon="136.590875">
        <ele>12</ele>
      </trkpt>
      <trkpt lat="34.928925" lon="136.590766">
        <ele>10.85</ele>
      </trkpt>
      <trkpt lat="34.928705" lon="136.590707">
        <ele>10.14</ele>
      </trkpt>
      <trkpt lat="34.928705" lon="136.590707">
        <ele>10.14</ele>
      </trkpt>
      <trkpt lat="34.928698" lon="136.590706">
        <ele>10.11</ele>
      </trkpt>
      <trkpt lat="34.928757" lon="136.590283">
        <ele>10</ele>
      </trkpt>
      <trkpt lat="34.928878" lon="136.589538">
        <ele>11.48</ele>
      </trkpt>
      <trkpt lat="34.928863" lon="136.589529">
        <ele>11.44</ele>
      </trkpt>
      <trkpt lat="34.928863" lon="136.589529">
        <ele>11.44</ele>
      </trkpt>
      <trkpt lat="34.927872" lon="136.588922">
        <ele>10.02</ele>
      </trkpt>
      <trkpt lat="34.927319" lon="136.588361">
        <ele>11</ele>
      </trkpt>
      <trkpt lat="34.927319" lon="136.588361"/>
      <trkpt lat="34.927319" lon="136.588361">
        <ele>11</ele>
      </trkpt>
      <trkpt lat="34.927128" lon="136.588169">
        <ele>11</ele>
      </trkpt>
      <trkpt lat="34.926986" lon="136.588006">
        <ele>11.02</ele>
      </trkpt>
      <trkpt lat="34.926839" lon="136.587697">
        <ele>12</ele>
      </trkpt>
      <trkpt lat="34.926513" lon="136.587113">
        <ele>12.32</ele>
      </trkpt>
      <trkpt lat="34.926305" lon="136.586823">
        <ele>12.38</ele>
      </trkpt>
      <trkpt lat="34.926147" lon="136.586644">
        <ele>13.18</ele>
      </trkpt>
      <trkpt lat="34.926019" lon="136.586483">
        <ele>14</ele>
      </trkpt>
      <trkpt lat="34.925738" lon="136.586184">
        <ele>14</ele>
      </trkpt>
      <trkpt lat="34.925198" lon="136.585538">
        <ele>13</ele>
      </trkpt>
      <trkpt lat="34.924966" lon="136.585272">
        <ele>12.78</ele>
      </trkpt>
      <trkpt lat="34.924889" lon="136.585179">
        <ele>12.76</ele>
      </trkpt>
      <trkpt lat="34.924757" lon="136.584996">
        <ele>12.94</ele>
      </trkpt>
      <trkpt lat="34.924712" lon="136.584934">
        <ele>13</ele>
      </trkpt>
      <trkpt lat="34.924622" lon="136.584757">
        <ele>12.89</ele>
      </trkpt>
      <trkpt lat="34.924293" lon="136.584171">
        <ele>13</ele>
      </trkpt>
      <trkpt lat="34.924083" lon="136.583849">
        <ele>13</ele>
      </trkpt>
      <trkpt lat="34.924063" lon="136.583801">
        <ele>13</ele>
      </trkpt>
      <trkpt lat="34.923624" lon="136.583239">
        <ele>13.81</ele>
      </trkpt>
      <trkpt lat="34.92362" lon="136.583244"/>
      <trkpt lat="34.923624" lon="136.583239">
        <ele>13.81</ele>
      </trkpt>
      <trkpt lat="34.923605" lon="136.583215">
        <ele>14.03</ele>
      </trkpt>
      <trkpt lat="34.923428" lon="136.583352">
        <ele>14.38</ele>
      </trkpt>
      <trkpt lat="34.923399" lon="136.583318">
        <ele>14.51</ele>
      </trkpt>
      <trkpt lat="34.923195" lon="136.583623">
        <ele>15.35</ele>
      </trkpt>
      <trkpt lat="34.92313" lon="136.583714">
        <ele>15.88</ele>
      </trkpt>
      <trkpt lat="34.923077" lon="136.583792">
        <ele>15.61</ele>
      </trkpt>
      <trkpt lat="34.922372" lon="136.58278">
        <ele>15.76</ele>
      </trkpt>
      <trkpt lat="34.922241" lon="136.582609">
        <ele>15.05</ele>
      </trkpt>
      <trkpt lat="34.921956" lon="136.582275">
        <ele>12.98</ele>
      </trkpt>
      <trkpt lat="34.921956" lon="136.582275">
        <ele>12.98</ele>
      </trkpt>
      <trkpt lat="34.92175" lon="136.582058">
        <ele>13</ele>
      </trkpt>
      <trkpt lat="34.92163" lon="136.5821">
        <ele>13</ele>
      </trkpt>
      <trkpt lat="34.921346" lon="136.582045">
        <ele>13</ele>
      </trkpt>
      <trkpt lat="34.920784" lon="136.581897">
        <ele>12.78</ele>
      </trkpt>
      <trkpt lat="34.920757" lon="136.581872">
        <ele>12.93</ele>
      </trkpt>
      <trkpt lat="34.92048" lon="136.581797">
        <ele>12.36</ele>
      </trkpt>
      <trkpt lat="34.91995" lon="136.58168">
        <ele>13</ele>
      </trkpt>
      <trkpt lat="34.919765" lon="136.581618">
        <ele>13.66</ele>
      </trkpt>
      <trkpt lat="34.919106" lon="136.581439">
        <ele>15</ele>
      </trkpt>
      <trkpt lat="34.919067" lon="136.581409">
        <ele>15</ele>
      </trkpt>
      <trkpt lat="34.919063" lon="136.581413">
        <ele>15</ele>
      </trkpt>
      <trkpt lat="34.919063" lon="136.581413">
        <ele>15</ele>
      </trkpt>
      <trkpt lat="34.919067" lon="136.581409">
        <ele>15</ele>
      </trkpt>
      <trkpt lat="34.919048" lon="136.581286">
        <ele>15</ele>
      </trkpt>
      <trkpt lat="34.919039" lon="136.580864">
        <ele>15.23</ele>
      </trkpt>
      <trkpt lat="34.919037" lon="136.580128">
        <ele>16</ele>
      </trkpt>
      <trkpt lat="34.919029" lon="136.580077">
        <ele>16</ele>
      </trkpt>
      <trkpt lat="34.91902" lon="136.580079"/>
      <trkpt lat="34.919029" lon="136.580077">
        <ele>16</ele>
      </trkpt>
      <trkpt lat="34.919028" lon="136.580068">
        <ele>16</ele>
      </trkpt>
      <trkpt lat="34.91857" lon="136.580003">
        <ele>16.62</ele>
      </trkpt>
      <trkpt lat="34.918479" lon="136.580003">
        <ele>17.21</ele>
      </trkpt>
      <trkpt lat="34.918485" lon="136.579987">
        <ele>17.2</ele>
      </trkpt>
      <trkpt lat="34.918405" lon="136.579979">
        <ele>17.73</ele>
      </trkpt>
      <trkpt lat="34.918322" lon="136.579984">
        <ele>17.98</ele>
      </trkpt>
      <trkpt lat="34.918209" lon="136.58">
        <ele>18.69</ele>
      </trkpt>
      <trkpt lat="34.918185" lon="136.580017">
        <ele>19.24</ele>
      </trkpt>
      <trkpt lat="34.918107" lon="136.580247">
        <ele>21.37</ele>
      </trkpt>
      <trkpt lat="34.918038" lon="136.580347">
        <ele>23.59</ele>
      </trkpt>
      <trkpt lat="34.917991" lon="136.580364">
        <ele>24.76</ele>
      </trkpt>
      <trkpt lat="34.917957" lon="136.580348">
        <ele>25.65</ele>
      </trkpt>
      <trkpt lat="34.917834" lon="136.580213">
        <ele>29.59</ele>
      </trkpt>
      <trkpt lat="34.91777" lon="136.580147">
        <ele>31.81</ele>
      </trkpt>
      <trkpt lat="34.91764" lon="136.579858">
        <ele>37.12</ele>
      </trkpt>
      <trkpt lat="34.917615" lon="136.579656">
        <ele>39.37</ele>
      </trkpt>
      <trkpt lat="34.917594" lon="136.57957">
        <ele>40.02</ele>
      </trkpt>
      <trkpt lat="34.917553" lon="136.579508">
        <ele>41.2</ele>
      </trkpt>
      <trkpt lat="34.917505" lon="136.579472">
        <ele>42.51</ele>
      </trkpt>
      <trkpt lat="34.917403" lon="136.579426">
        <ele>44.17</ele>
      </trkpt>
      <trkpt lat="34.917111" lon="136.579323">
        <ele>45.97</ele>
      </trkpt>
      <trkpt lat="34.917023" lon="136.579261">
        <ele>46.58</ele>
      </trkpt>
      <trkpt lat="34.917014" lon="136.579274"/>
      <trkpt lat="34.917023" lon="136.579261">
        <ele>46.58</ele>
      </trkpt>
      <trkpt lat="34.916778" lon="136.57895">
        <ele>46.06</ele>
      </trkpt>
      <trkpt lat="34.916643" lon="136.578745">
        <ele>45.93</ele>
      </trkpt>
      <trkpt lat="34.916569" lon="136.578585">
        <ele>45.79</ele>
      </trkpt>
      <trkpt lat="34.916362" lon="136.578179">
        <ele>45.55</ele>
      </trkpt>
      <trkpt lat="34.916089" lon="136.577773">
        <ele>43.29</ele>
      </trkpt>
      <trkpt lat="34.916034" lon="136.577689">
        <ele>44.2</ele>
      </trkpt>
      <trkpt lat="34.915991" lon="136.577589">
        <ele>45.34</ele>
      </trkpt>
      <trkpt lat="34.915922" lon="136.577277">
        <ele>46</ele>
      </trkpt>
      <trkpt lat="34.915845" lon="136.576973">
        <ele>45.92</ele>
      </trkpt>
      <trkpt lat="34.915542" lon="136.575938">
        <ele>45.56</ele>
      </trkpt>
      <trkpt lat="34.915354" lon="136.57527">
        <ele>44.77</ele>
      </trkpt>
      <trkpt lat="34.915065" lon="136.574498">
        <ele>45.94</ele>
      </trkpt>
      <trkpt lat="34.91494" lon="136.573927">
        <ele>46.36</ele>
      </trkpt>
      <trkpt lat="34.914942" lon="136.573864">
        <ele>46.34</ele>
      </trkpt>
      <trkpt lat="34.914999" lon="136.573842">
        <ele>46</ele>
      </trkpt>
      <trkpt lat="34.914816" lon="136.572957">
        <ele>46.19</ele>
      </trkpt>
      <trkpt lat="34.914452" lon="136.571054">
        <ele>46</ele>
      </trkpt>
      <trkpt lat="34.914368" lon="136.570572">
        <ele>45.41</ele>
      </trkpt>
      <trkpt lat="34.914338" lon="136.570344">
        <ele>45.62</ele>
      </trkpt>
      <trkpt lat="34.914323" lon="136.570131">
        <ele>45.54</ele>
      </trkpt>
      <trkpt lat="34.914318" lon="136.569639">
        <ele>44.89</ele>
      </trkpt>
      <trkpt lat="34.914318" lon="136.569639">
        <ele>44.89</ele>
      </trkpt>
      <trkpt lat="34.914318" lon="136.569639">
        <ele>44.89</ele>
      </trkpt>
      <trkpt lat="34.914319" lon="136.569353">
        <ele>45</ele>
      </trkpt>
      <trkpt lat="34.914349" lon="136.56864">
        <ele>45</ele>
      </trkpt>
      <trkpt lat="34.914367" lon="136.568244">
        <ele>45</ele>
      </trkpt>
      <trkpt lat="34.914367" lon="136.568244">
        <ele>45</ele>
      </trkpt>
      <trkpt lat="34.914426" lon="136.566663">
        <ele>46</ele>
      </trkpt>
      <trkpt lat="34.914475" lon="136.565652">
        <ele>46</ele>
      </trkpt>
      <trkpt lat="34.914479" lon="136.565341">
        <ele>46</ele>
      </trkpt>
      <trkpt lat="34.914642" lon="136.561224">
        <ele>48</ele>
      </trkpt>
      <trkpt lat="34.914643" lon="136.56089">
        <ele>48</ele>
      </trkpt>
      <trkpt lat="34.914575" lon="136.560679">
        <ele>48</ele>
      </trkpt>
      <trkpt lat="34.914542" lon="136.560586">
        <ele>48</ele>
      </trkpt>
      <trkpt lat="34.914526" lon="136.560296">
        <ele>48</ele>
      </trkpt>
      <trkpt lat="34.914564" lon="136.560124">
        <ele>48</ele>
      </trkpt>
      <trkpt lat="34.914652" lon="136.560116">
        <ele>48</ele>
      </trkpt>
      <trkpt lat="34.914652" lon="136.560112"/>
      <trkpt lat="34.914652" lon="136.560116">
        <ele>48</ele>
      </trkpt>
      <trkpt lat="34.914564" lon="136.560124">
        <ele>48</ele>
      </trkpt>
      <trkpt lat="34.914546" lon="136.560096">
        <ele>48</ele>
      </trkpt>
      <trkpt lat="34.914533" lon="136.560001">
        <ele>48</ele>
      </trkpt>
      <trkpt lat="34.914499" lon="136.55963">
        <ele>48</ele>
      </trkpt>
      <trkpt lat="34.914321" lon="136.558357">
        <ele>47</ele>
      </trkpt>
      <trkpt lat="34.914292" lon="136.558027">
        <ele>46.05</ele>
      </trkpt>
      <trkpt lat="34.91426" lon="136.557825">
        <ele>46.01</ele>
      </trkpt>
      <trkpt lat="34.914196" lon="136.557641">
        <ele>46</ele>
      </trkpt>
      <trkpt lat="34.913928" lon="136.557115">
        <ele>46</ele>
      </trkpt>
      <trkpt lat="34.913445" lon="136.556257">
        <ele>47.99</ele>
      </trkpt>
      <trkpt lat="34.913185" lon="136.555812">
        <ele>48</ele>
      </trkpt>
      <trkpt lat="34.912015" lon="136.553986">
        <ele>48</ele>
      </trkpt>
      <trkpt lat="34.911876" lon="136.553721">
        <ele>47.5</ele>
      </trkpt>
      <trkpt lat="34.911876" lon="136.553721">
        <ele>47.5</ele>
      </trkpt>
      <trkpt lat="34.911736" lon="136.553454">
        <ele>47</ele>
      </trkpt>
      <trkpt lat="34.911641" lon="136.553205">
        <ele>46.55</ele>
      </trkpt>
      <trkpt lat="34.911603" lon="136.553067">
        <ele>45.6</ele>
      </trkpt>
      <trkpt lat="34.911243" lon="136.552015">
        <ele>38.71</ele>
      </trkpt>
      <trkpt lat="34.911238" lon="136.55193">
        <ele>38.42</ele>
      </trkpt>
      <trkpt lat="34.911238" lon="136.55193">
        <ele>38.42</ele>
      </trkpt>
      <trkpt lat="34.911251" lon="136.551798">
        <ele>38.11</ele>
      </trkpt>
      <trkpt lat="34.911286" lon="136.551684">
        <ele>38</ele>
      </trkpt>
      <trkpt lat="34.911286" lon="136.551574">
        <ele>37.92</ele>
      </trkpt>
      <trkpt lat="34.911221" lon="136.551437">
        <ele>37.13</ele>
      </trkpt>
      <trkpt lat="34.910912" lon="136.55104">
        <ele>36</ele>
      </trkpt>
      <trkpt lat="34.910762" lon="136.550938">
        <ele>36</ele>
      </trkpt>
      <trkpt lat="34.910714" lon="136.550912">
        <ele>35.68</ele>
      </trkpt>
      <trkpt lat="34.91067" lon="136.550901">
        <ele>35.37</ele>
      </trkpt>
      <trkpt lat="34.910607" lon="136.551001">
        <ele>34.84</ele>
      </trkpt>
      <trkpt lat="34.910481" lon="136.550919">
        <ele>33.06</ele>
      </trkpt>
      <trkpt lat="34.910233" lon="136.550783">
        <ele>32.41</ele>
      </trkpt>
      <trkpt lat="34.910001" lon="136.550677">
        <ele>33.34</ele>
      </trkpt>
      <trkpt lat="34.909746" lon="136.550593">
        <ele>34.14</ele>
      </trkpt>
      <trkpt lat="34.909447" lon="136.55052">
        <ele>34.65</ele>
      </trkpt>
      <trkpt lat="34.909439" lon="136.550466">
        <ele>34.14</ele>
      </trkpt>
      <trkpt lat="34.909418" lon="136.550399">
        <ele>33.64</ele>
      </trkpt>
      <trkpt lat="34.909354" lon="136.550335">
        <ele>33.36</ele>
      </trkpt>
      <trkpt lat="34.909141" lon="136.550194">
        <ele>33.36</ele>
      </trkpt>
      <trkpt lat="34.90892" lon="136.550073">
        <ele>34.02</ele>
      </trkpt>
      <trkpt lat="34.908454" lon="136.549836">
        <ele>36.6</ele>
      </trkpt>
      <trkpt lat="34.908279" lon="136.549766">
        <ele>37.17</ele>
      </trkpt>
      <trkpt lat="34.908128" lon="136.549665">
        <ele>38.9</ele>
      </trkpt>
      <trkpt lat="34.907719" lon="136.549352">
        <ele>42.55</ele>
      </trkpt>
      <trkpt lat="34.907619" lon="136.549292">
        <ele>43.52</ele>
      </trkpt>
      <trkpt lat="34.907512" lon="136.549241">
        <ele>43.77</ele>
      </trkpt>
      <trkpt lat="34.907512" lon="136.549241">
        <ele>43.77</ele>
      </trkpt>
      <trkpt lat="34.907415" lon="136.549194">
        <ele>44</ele>
      </trkpt>
      <trkpt lat="34.906752" lon="136.548944">
        <ele>45</ele>
      </trkpt>
      <trkpt lat="34.905535" lon="136.548498">
        <ele>45</ele>
      </trkpt>
      <trkpt lat="34.903333" lon="136.547721">
        <ele>44.61</ele>
      </trkpt>
      <trkpt lat="34.903333" lon="136.547721">
        <ele>44.61</ele>
      </trkpt>
      <trkpt lat="34.903072" lon="136.547656">
        <ele>43.57</ele>
      </trkpt>
      <trkpt lat="34.902759" lon="136.547609">
        <ele>42.29</ele>
      </trkpt>
      <trkpt lat="34.901702" lon="136.547536">
        <ele>40</ele>
      </trkpt>
      <trkpt lat="34.901674" lon="136.547545">
        <ele>40</ele>
      </trkpt>
      <trkpt lat="34.901102" lon="136.547573">
        <ele>40</ele>
      </trkpt>
      <trkpt lat="34.90083" lon="136.547597">
        <ele>40</ele>
      </trkpt>
      <trkpt lat="34.900829" lon="136.547592"/>
      <trkpt lat="34.90083" lon="136.547597">
        <ele>40</ele>
      </trkpt>
      <trkpt lat="34.900232" lon="136.547738">
        <ele>40</ele>
      </trkpt>
      <trkpt lat="34.899271" lon="136.548049">
        <ele>40</ele>
      </trkpt>
      <trkpt lat="34.899096" lon="136.54812">
        <ele>39.43</ele>
      </trkpt>
      <trkpt lat="34.89906" lon="136.548174">
        <ele>38.15</ele>
      </trkpt>
      <trkpt lat="34.898925" lon="136.54849">
        <ele>34.86</ele>
      </trkpt>
      <trkpt lat="34.898879" lon="136.54859">
        <ele>35.66</ele>
      </trkpt>
      <trkpt lat="34.898775" lon="136.548686">
        <ele>35.88</ele>
      </trkpt>
      <trkpt lat="34.898618" lon="136.548768">
        <ele>33.86</ele>
      </trkpt>
      <trkpt lat="34.898483" lon="136.548799">
        <ele>31.97</ele>
      </trkpt>
      <trkpt lat="34.898185" lon="136.548846">
        <ele>30.57</ele>
      </trkpt>
      <trkpt lat="34.897519" lon="136.548961">
        <ele>27.77</ele>
      </trkpt>
      <trkpt lat="34.897305" lon="136.548981">
        <ele>26</ele>
      </trkpt>
      <trkpt lat="34.897061" lon="136.54898">
        <ele>24.58</ele>
      </trkpt>
      <trkpt lat="34.897061" lon="136.54898">
        <ele>24.58</ele>
      </trkpt>
      <trkpt lat="34.896818" lon="136.54898">
        <ele>23.17</ele>
      </trkpt>
      <trkpt lat="34.89673" lon="136.548971">
        <ele>22.9</ele>
      </trkpt>
      <trkpt lat="34.89633" lon="136.548928">
        <ele>21.71</ele>
      </trkpt>
      <trkpt lat="34.895835" lon="136.548849">
        <ele>19</ele>
      </trkpt>
      <trkpt lat="34.895527" lon="136.548741">
        <ele>18.55</ele>
      </trkpt>
      <trkpt lat="34.895456" lon="136.548702">
        <ele>18.78</ele>
      </trkpt>
      <trkpt lat="34.895322" lon="136.548601">
        <ele>19</ele>
      </trkpt>
      <trkpt lat="34.89517" lon="136.548427">
        <ele>19</ele>
      </trkpt>
      <trkpt lat="34.894976" lon="136.548101">
        <ele>19.01</ele>
      </trkpt>
      <trkpt lat="34.894976" lon="136.548101">
        <ele>19.01</ele>
      </trkpt>
      <trkpt lat="34.894965" lon="136.54808">
        <ele>19.01</ele>
      </trkpt>
      <trkpt lat="34.894886" lon="136.548124">
        <ele>19.01</ele>
      </trkpt>
      <trkpt lat="34.894771" lon="136.548131">
        <ele>19.01</ele>
      </trkpt>
      <trkpt lat="34.894654" lon="136.548103">
        <ele>19.01</ele>
      </trkpt>
      <trkpt lat="34.894483" lon="136.548046">
        <ele>19</ele>
      </trkpt>
      <trkpt lat="34.8944" lon="136.548042">
        <ele>19</ele>
      </trkpt>
      <trkpt lat="34.8943" lon="136.548057">
        <ele>20.24</ele>
      </trkpt>
      <trkpt lat="34.894226" lon="136.548067">
        <ele>20.32</ele>
      </trkpt>
      <trkpt lat="34.894226" lon="136.548067">
        <ele>20.32</ele>
      </trkpt>
      <trkpt lat="34.894222" lon="136.548068">
        <ele>20.32</ele>
      </trkpt>
      <trkpt lat="34.894146" lon="136.547489">
        <ele>18.45</ele>
      </trkpt>
      <trkpt lat="34.894075" lon="136.546914">
        <ele>19.23</ele>
      </trkpt>
      <trkpt lat="34.894054" lon="136.546817">
        <ele>19.05</ele>
      </trkpt>
      <trkpt lat="34.89399" lon="136.546648">
        <ele>18.79</ele>
      </trkpt>
      <trkpt lat="34.89397" lon="136.546568">
        <ele>18.96</ele>
      </trkpt>
      <trkpt lat="34.893939" lon="136.546481">
        <ele>18.52</ele>
      </trkpt>
      <trkpt lat="34.893913" lon="136.546343">
        <ele>18.15</ele>
      </trkpt>
      <trkpt lat="34.893899" lon="136.546226">
        <ele>18.05</ele>
      </trkpt>
      <trkpt lat="34.893884" lon="136.546169">
        <ele>18.06</ele>
      </trkpt>
      <trkpt lat="34.893882" lon="136.546104">
        <ele>18.28</ele>
      </trkpt>
      <trkpt lat="34.893747" lon="136.545518">
        <ele>19.69</ele>
      </trkpt>
      <trkpt lat="34.893719" lon="136.545452">
        <ele>19.88</ele>
      </trkpt>
      <trkpt lat="34.8937" lon="136.545426">
        <ele>19.97</ele>
      </trkpt>
      <trkpt lat="34.893711" lon="136.545414"/>
      <trkpt lat="34.893183" lon="136.54506"/>
      <trkpt lat="34.892857" lon="136.544781"/>
      <trkpt lat="34.892894" lon="136.544788">
        <ele>22.52</ele>
      </trkpt>
      <trkpt lat="34.8929" lon="136.544743">
        <ele>23.86</ele>
      </trkpt>
      <trkpt lat="34.892924" lon="136.544282">
        <ele>21.49</ele>
      </trkpt>
      <trkpt lat="34.892927" lon="136.544161">
        <ele>18.56</ele>
      </trkpt>
      <trkpt lat="34.89279" lon="136.544059">
        <ele>18.72</ele>
      </trkpt>
      <trkpt lat="34.892784" lon="136.544027">
        <ele>18.14</ele>
      </trkpt>
      <trkpt lat="34.892872" lon="136.543691">
        <ele>17.8</ele>
      </trkpt>
      <trkpt lat="34.892939" lon="136.543474">
        <ele>17.12</ele>
      </trkpt>
      <trkpt lat="34.893004" lon="136.543299">
        <ele>18.19</ele>
      </trkpt>
      <trkpt lat="34.893057" lon="136.543203">
        <ele>18.75</ele>
      </trkpt>
      <trkpt lat="34.893049" lon="136.543196">
        <ele>18.79</ele>
      </trkpt>
      <trkpt lat="34.892887" lon="136.543092">
        <ele>18.34</ele>
      </trkpt>
      <trkpt lat="34.892801" lon="136.542855">
        <ele>18.16</ele>
      </trkpt>
      <trkpt lat="34.89272" lon="136.542687">
        <ele>17.91</ele>
      </trkpt>
      <trkpt lat="34.892598" lon="136.542473">
        <ele>17.74</ele>
      </trkpt>
      <trkpt lat="34.892474" lon="136.542288">
        <ele>18.58</ele>
      </trkpt>
      <trkpt lat="34.892285" lon="136.542134">
        <ele>18.03</ele>
      </trkpt>
      <trkpt lat="34.892027" lon="136.541971">
        <ele>17.93</ele>
      </trkpt>
      <trkpt lat="34.891711" lon="136.541791">
        <ele>17.96</ele>
      </trkpt>
      <trkpt lat="34.891495" lon="136.54163">
        <ele>17.61</ele>
      </trkpt>
      <trkpt lat="34.891207" lon="136.541317">
        <ele>18.89</ele>
      </trkpt>
      <trkpt lat="34.891041" lon="136.541125">
        <ele>19</ele>
      </trkpt>
      <trkpt lat="34.890929" lon="136.540976">
        <ele>19</ele>
      </trkpt>
      <trkpt lat="34.890859" lon="136.540953">
        <ele>19</ele>
      </trkpt>
      <trkpt lat="34.890772" lon="136.540971">
        <ele>19.01</ele>
      </trkpt>
      <trkpt lat="34.890772" lon="136.540971">
        <ele>19.01</ele>
      </trkpt>
      <trkpt lat="34.890776" lon="136.540968">
        <ele>19</ele>
      </trkpt>
      <trkpt lat="34.89055" lon="136.540518">
        <ele>20</ele>
      </trkpt>
      <trkpt lat="34.89044" lon="136.540259">
        <ele>20</ele>
      </trkpt>
      <trkpt lat="34.890353" lon="136.540011">
        <ele>20</ele>
      </trkpt>
      <trkpt lat="34.890303" lon="136.539844">
        <ele>20</ele>
      </trkpt>
      <trkpt lat="34.890303" lon="136.539844">
        <ele>20</ele>
      </trkpt>
      <trkpt lat="34.890219" lon="136.539535">
        <ele>20</ele>
      </trkpt>
      <trkpt lat="34.890177" lon="136.539302">
        <ele>19.96</ele>
      </trkpt>
      <trkpt lat="34.890135" lon="136.538995">
        <ele>19.2</ele>
      </trkpt>
      <trkpt lat="34.89012" lon="136.53863">
        <ele>19.41</ele>
      </trkpt>
      <trkpt lat="34.890125" lon="136.538266">
        <ele>19.55</ele>
      </trkpt>
      <trkpt lat="34.890333" lon="136.535796">
        <ele>20.59</ele>
      </trkpt>
      <trkpt lat="34.890342" lon="136.535387">
        <ele>21.19</ele>
      </trkpt>
      <trkpt lat="34.890336" lon="136.535146">
        <ele>21.37</ele>
      </trkpt>
      <trkpt lat="34.890311" lon="136.53482">
        <ele>21.61</ele>
      </trkpt>
      <trkpt lat="34.890266" lon="136.534534">
        <ele>21.82</ele>
      </trkpt>
      <trkpt lat="34.890191" lon="136.534218">
        <ele>22.05</ele>
      </trkpt>
      <trkpt lat="34.890191" lon="136.534218">
        <ele>22.05</ele>
      </trkpt>
      <trkpt lat="34.890094" lon="136.533934">
        <ele>22.27</ele>
      </trkpt>
      <trkpt lat="34.88998" lon="136.533663">
        <ele>22.49</ele>
      </trkpt>
      <trkpt lat="34.88988" lon="136.533451">
        <ele>22.66</ele>
      </trkpt>
      <trkpt lat="34.88954" lon="136.532841">
        <ele>22.72</ele>
      </trkpt>
      <trkpt lat="34.888517" lon="136.531095">
        <ele>23.1</ele>
      </trkpt>
      <trkpt lat="34.888165" lon="136.530537">
        <ele>23.67</ele>
      </trkpt>
      <trkpt lat="34.887819" lon="136.530043">
        <ele>23.6</ele>
      </trkpt>
      <trkpt lat="34.887595" lon="136.529765">
        <ele>23.45</ele>
      </trkpt>
      <trkpt lat="34.887595" lon="136.529765">
        <ele>23.45</ele>
      </trkpt>
      <trkpt lat="34.887337" lon="136.529445">
        <ele>23.29</ele>
      </trkpt>
      <trkpt lat="34.887124" lon="136.529218">
        <ele>22.93</ele>
      </trkpt>
      <trkpt lat="34.886693" lon="136.528814">
        <ele>23.26</ele>
      </trkpt>
      <trkpt lat="34.886693" lon="136.528814">
        <ele>23.26</ele>
      </trkpt>
      <trkpt lat="34.886595" lon="136.528722">
        <ele>23.33</ele>
      </trkpt>
      <trkpt lat="34.886685" lon="136.528544">
        <ele>21.97</ele>
      </trkpt>
      <trkpt lat="34.88714" lon="136.527674">
        <ele>20.98</ele>
      </trkpt>
      <trkpt lat="34.887306" lon="136.527404">
        <ele>20.45</ele>
      </trkpt>
      <trkpt lat="34.887343" lon="136.527332">
        <ele>20.11</ele>
      </trkpt>
      <trkpt lat="34.887343" lon="136.527332">
        <ele>20.11</ele>
      </trkpt>
      <trkpt lat="34.88735" lon="136.527319">
        <ele>20.05</ele>
      </trkpt>
      <trkpt lat="34.887234" lon="136.527224">
        <ele>20.77</ele>
      </trkpt>
      <trkpt lat="34.887169" lon="136.527153">
        <ele>21</ele>
      </trkpt>
      <trkpt lat="34.887114" lon="136.527106">
        <ele>21</ele>
      </trkpt>
      <trkpt lat="34.886875" lon="136.526933">
        <ele>21</ele>
      </trkpt>
      <trkpt lat="34.886577" lon="136.526735">
        <ele>21</ele>
      </trkpt>
      <trkpt lat="34.884798" lon="136.525611">
        <ele>22</ele>
      </trkpt>
      <trkpt lat="34.883307" lon="136.524689">
        <ele>22</ele>
      </trkpt>
      <trkpt lat="34.883246" lon="136.524664">
        <ele>22</ele>
      </trkpt>
      <trkpt lat="34.882586" lon="136.524284">
        <ele>22</ele>
      </trkpt>
      <trkpt lat="34.882092" lon="136.523978">
        <ele>22</ele>
      </trkpt>
      <trkpt lat="34.881791" lon="136.523756">
        <ele>22</ele>
      </trkpt>
      <trkpt lat="34.881791" lon="136.523756">
        <ele>22</ele>
      </trkpt>
      <trkpt lat="34.881636" lon="136.523629">
        <ele>22.51</ele>
      </trkpt>
      <trkpt lat="34.881521" lon="136.523522">
        <ele>22</ele>
      </trkpt>
      <trkpt lat="34.881071" lon="136.523055">
        <ele>22</ele>
      </trkpt>
      <trkpt lat="34.88048" lon="136.522369">
        <ele>23</ele>
      </trkpt>
      <trkpt lat="34.880411" lon="136.522311">
        <ele>23</ele>
      </trkpt>
      <trkpt lat="34.880217" lon="136.522027">
        <ele>23</ele>
      </trkpt>
      <trkpt lat="34.880007" lon="136.521826">
        <ele>23</ele>
      </trkpt>
      <trkpt lat="34.880007" lon="136.521826">
        <ele>23</ele>
      </trkpt>
      <trkpt lat="34.879637" lon="136.521582">
        <ele>23</ele>
      </trkpt>
      <trkpt lat="34.879627" lon="136.52156">
        <ele>23</ele>
      </trkpt>
      <trkpt lat="34.879504" lon="136.521483">
        <ele>23</ele>
      </trkpt>
      <trkpt lat="34.879238" lon="136.52134">
        <ele>23.51</ele>
      </trkpt>
      <trkpt lat="34.879217" lon="136.521301">
        <ele>23.54</ele>
      </trkpt>
      <trkpt lat="34.879217" lon="136.521301">
        <ele>23.55</ele>
      </trkpt>
      <trkpt lat="34.879035" lon="136.520979">
        <ele>23.88</ele>
      </trkpt>
      <trkpt lat="34.878984" lon="136.520949">
        <ele>24</ele>
      </trkpt>
      <trkpt lat="34.878933" lon="136.520941">
        <ele>24</ele>
      </trkpt>
      <trkpt lat="34.87892" lon="136.520833">
        <ele>24</ele>
      </trkpt>
      <trkpt lat="34.878937" lon="136.520759">
        <ele>24</ele>
      </trkpt>
      <trkpt lat="34.87896" lon="136.520725">
        <ele>24</ele>
      </trkpt>
      <trkpt lat="34.87896" lon="136.520725">
        <ele>24</ele>
      </trkpt>
      <trkpt lat="34.878969" lon="136.520711">
        <ele>24</ele>
      </trkpt>
      <trkpt lat="34.878955" lon="136.520615">
        <ele>24</ele>
      </trkpt>
      <trkpt lat="34.878879" lon="136.520247">
        <ele>24</ele>
      </trkpt>
      <trkpt lat="34.878879" lon="136.520247">
        <ele>24</ele>
      </trkpt>
      <trkpt lat="34.878879" lon="136.520247">
        <ele>24</ele>
      </trkpt>
      <trkpt lat="34.878819" lon="136.52021">
        <ele>24.18</ele>
      </trkpt>
      <trkpt lat="34.878612" lon="136.520311">
        <ele>24</ele>
      </trkpt>
      <trkpt lat="34.878504" lon="136.519667">
        <ele>23.04</ele>
      </trkpt>
      <trkpt lat="34.878034" lon="136.519795">
        <ele>23</ele>
      </trkpt>
      <trkpt lat="34.877952" lon="136.519831">
        <ele>23</ele>
      </trkpt>
      <trkpt lat="34.877792" lon="136.519675">
        <ele>23</ele>
      </trkpt>
      <trkpt lat="34.877467" lon="136.51921">
        <ele>23</ele>
      </trkpt>
      <trkpt lat="34.877213" lon="136.51886">
        <ele>24</ele>
      </trkpt>
      <trkpt lat="34.877062" lon="136.518669">
        <ele>24</ele>
      </trkpt>
      <trkpt lat="34.877029" lon="136.518586">
        <ele>24</ele>
      </trkpt>
      <trkpt lat="34.877029" lon="136.518586"/>
      <trkpt lat="34.877068" lon="136.517492"/>
      <trkpt lat="34.877147" lon="136.517202"/>
      <trkpt lat="34.877209" lon="136.516526"/>
      <trkpt lat="34.877328" lon="136.515958"/>
      <trkpt lat="34.877328" lon="136.514944"/>
      <trkpt lat="34.877125" lon="136.514429"/>
      <trkpt lat="34.876324" lon="136.513104"/>
      <trkpt lat="34.876327" lon="136.513102">
        <ele>25</ele>
      </trkpt>
      <trkpt lat="34.87629" lon="136.513039">
        <ele>25</ele>
      </trkpt>
      <trkpt lat="34.876249" lon="136.512994">
        <ele>25</ele>
      </trkpt>
      <trkpt lat="34.876201" lon="136.512842">
        <ele>25</ele>
      </trkpt>
      <trkpt lat="34.876019" lon="136.512129">
        <ele>25.22</ele>
      </trkpt>
      <trkpt lat="34.875937" lon="136.511918">
        <ele>25.3</ele>
      </trkpt>
      <trkpt lat="34.875757" lon="136.511462">
        <ele>25.03</ele>
      </trkpt>
      <trkpt lat="34.875705" lon="136.511255">
        <ele>25.24</ele>
      </trkpt>
      <trkpt lat="34.875704" lon="136.511194">
        <ele>25.16</ele>
      </trkpt>
      <trkpt lat="34.875704" lon="136.511194"/>
      <trkpt lat="34.875704" lon="136.511194">
        <ele>25.16</ele>
      </trkpt>
      <trkpt lat="34.875702" lon="136.511066">
        <ele>25</ele>
      </trkpt>
      <trkpt lat="34.87572" lon="136.510735">
        <ele>25</ele>
      </trkpt>
      <trkpt lat="34.875723" lon="136.510735">
        <ele>25</ele>
      </trkpt>
      <trkpt lat="34.87572" lon="136.510735">
        <ele>25</ele>
      </trkpt>
      <trkpt lat="34.875988" lon="136.509148">
        <ele>26</ele>
      </trkpt>
      <trkpt lat="34.876052" lon="136.508842">
        <ele>25.49</ele>
      </trkpt>
      <trkpt lat="34.876048" lon="136.508673">
        <ele>25.75</ele>
      </trkpt>
      <trkpt lat="34.876047" lon="136.508673"/>
      <trkpt lat="34.876048" lon="136.508673">
        <ele>25.75</ele>
      </trkpt>
      <trkpt lat="34.876047" lon="136.508618">
        <ele>25.84</ele>
      </trkpt>
      <trkpt lat="34.875988" lon="136.508277">
        <ele>26</ele>
      </trkpt>
      <trkpt lat="34.875928" lon="136.507908">
        <ele>25.04</ele>
      </trkpt>
      <trkpt lat="34.875806" lon="136.507">
        <ele>26</ele>
      </trkpt>
      <trkpt lat="34.875778" lon="136.506861">
        <ele>26</ele>
      </trkpt>
      <trkpt lat="34.875679" lon="136.506511">
        <ele>26</ele>
      </trkpt>
      <trkpt lat="34.875419" lon="136.505933">
        <ele>26</ele>
      </trkpt>
      <trkpt lat="34.875325" lon="136.505742">
        <ele>26</ele>
      </trkpt>
      <trkpt lat="34.874847" lon="136.504831">
        <ele>26.47</ele>
      </trkpt>
      <trkpt lat="34.874557" lon="136.504327">
        <ele>27</ele>
      </trkpt>
      <trkpt lat="34.874479" lon="136.504214">
        <ele>27</ele>
      </trkpt>
      <trkpt lat="34.874377" lon="136.504089">
        <ele>27</ele>
      </trkpt>
      <trkpt lat="34.874377" lon="136.504089">
        <ele>27</ele>
      </trkpt>
      <trkpt lat="34.874213" lon="136.503912">
        <ele>27</ele>
      </trkpt>
      <trkpt lat="34.873986" lon="136.503724">
        <ele>27</ele>
      </trkpt>
      <trkpt lat="34.873825" lon="136.503623">
        <ele>27</ele>
      </trkpt>
      <trkpt lat="34.873569" lon="136.503483">
        <ele>27.42</ele>
      </trkpt>
      <trkpt lat="34.873321" lon="136.503367">
        <ele>28.95</ele>
      </trkpt>
      <trkpt lat="34.873321" lon="136.503367">
        <ele>28.95</ele>
      </trkpt>
      <trkpt lat="34.87328" lon="136.503353">
        <ele>29.69</ele>
      </trkpt>
      <trkpt lat="34.873274" lon="136.503391">
        <ele>29.89</ele>
      </trkpt>
      <trkpt lat="34.873274" lon="136.503391">
        <ele>29.89</ele>
      </trkpt>
      <trkpt lat="34.87318" lon="136.503986">
        <ele>31.7</ele>
      </trkpt>
      <trkpt lat="34.87318" lon="136.503986">
        <ele>31.7</ele>
      </trkpt>
      <trkpt lat="34.873168" lon="136.504066">
        <ele>31.68</ele>
      </trkpt>
      <trkpt lat="34.873167" lon="136.5042">
        <ele>31.8</ele>
      </trkpt>
      <trkpt lat="34.873143" lon="136.504288">
        <ele>31.73</ele>
      </trkpt>
      <trkpt lat="34.873171" lon="136.504488">
        <ele>31.63</ele>
      </trkpt>
      <trkpt lat="34.873156" lon="136.504491">
        <ele>31.63</ele>
      </trkpt>
      <trkpt lat="34.873156" lon="136.504489"/>
      <trkpt lat="34.872157" lon="136.50465"/>
      <trkpt lat="34.871246" lon="136.504794"/>
      <trkpt lat="34.87125" lon="136.504793">
        <ele>32.92</ele>
      </trkpt>
      <trkpt lat="34.871228" lon="136.504653">
        <ele>33.1</ele>
      </trkpt>
      <trkpt lat="34.871242" lon="136.504418">
        <ele>32.36</ele>
      </trkpt>
      <trkpt lat="34.871215" lon="136.503533">
        <ele>31.12</ele>
      </trkpt>
      <trkpt lat="34.871232" lon="136.503218">
        <ele>31.65</ele>
      </trkpt>
      <trkpt lat="34.871249" lon="136.503046">
        <ele>32.06</ele>
      </trkpt>
      <trkpt lat="34.871248" lon="136.503053">
        <ele>32.07</ele>
      </trkpt>
      <trkpt lat="34.871206" lon="136.503018">
        <ele>31.67</ele>
      </trkpt>
      <trkpt lat="34.871119" lon="136.502921">
        <ele>31</ele>
      </trkpt>
      <trkpt lat="34.870942" lon="136.50267">
        <ele>31.55</ele>
      </trkpt>
      <trkpt lat="34.870942" lon="136.50267"/>
      <trkpt lat="34.870942" lon="136.50267">
        <ele>31.55</ele>
      </trkpt>
      <trkpt lat="34.870628" lon="136.501668">
        <ele>34</ele>
      </trkpt>
      <trkpt lat="34.870503" lon="136.501226">
        <ele>34.27</ele>
      </trkpt>
      <trkpt lat="34.870297" lon="136.500559">
        <ele>35</ele>
      </trkpt>
      <trkpt lat="34.870239" lon="136.500329">
        <ele>35</ele>
      </trkpt>
      <trkpt lat="34.870206" lon="136.500158">
        <ele>35</ele>
      </trkpt>
      <trkpt lat="34.870209" lon="136.500038">
        <ele>35</ele>
      </trkpt>
      <trkpt lat="34.870255" lon="136.499875">
        <ele>34.93</ele>
      </trkpt>
      <trkpt lat="34.870412" lon="136.49941">
        <ele>35</ele>
      </trkpt>
      <trkpt lat="34.870823" lon="136.498354">
        <ele>36</ele>
      </trkpt>
      <trkpt lat="34.870819" lon="136.498352"/>
      <trkpt lat="34.871074" lon="136.497488"/>
      <trkpt lat="34.871067" lon="136.497486">
        <ele>35.65</ele>
      </trkpt>
      <trkpt lat="34.871095" lon="136.497332">
        <ele>35.41</ele>
      </trkpt>
      <trkpt lat="34.871114" lon="136.497181">
        <ele>34.34</ele>
      </trkpt>
      <trkpt lat="34.87112" lon="136.497021">
        <ele>33.09</ele>
      </trkpt>
      <trkpt lat="34.871114" lon="136.496955">
        <ele>33</ele>
      </trkpt>
      <trkpt lat="34.870897" lon="136.496474">
        <ele>31</ele>
      </trkpt>
      <trkpt lat="34.870773" lon="136.496451">
        <ele>31</ele>
      </trkpt>
      <trkpt lat="34.870782" lon="136.496245">
        <ele>31</ele>
      </trkpt>
      <trkpt lat="34.870742" lon="136.496068">
        <ele>31</ele>
      </trkpt>
      <trkpt lat="34.870419" lon="136.495222">
        <ele>30.11</ele>
      </trkpt>
      <trkpt lat="34.870381" lon="136.495134">
        <ele>30</ele>
      </trkpt>
      <trkpt lat="34.870004" lon="136.494386">
        <ele>30.07</ele>
      </trkpt>
      <trkpt lat="34.869956" lon="136.494266">
        <ele>30.21</ele>
      </trkpt>
      <trkpt lat="34.870037" lon="136.494211">
        <ele>30.95</ele>
      </trkpt>
      <trkpt lat="34.870121" lon="136.494063">
        <ele>31.57</ele>
      </trkpt>
      <trkpt lat="34.870132" lon="136.494002">
        <ele>31.19</ele>
      </trkpt>
      <trkpt lat="34.870127" lon="136.493977">
        <ele>31.05</ele>
      </trkpt>
      <trkpt lat="34.869777" lon="136.493691">
        <ele>31.19</ele>
      </trkpt>
      <trkpt lat="34.869746" lon="136.493645">
        <ele>31.08</ele>
      </trkpt>
      <trkpt lat="34.869745" lon="136.493631">
        <ele>31.07</ele>
      </trkpt>
      <trkpt lat="34.869745" lon="136.493631">
        <ele>31.07</ele>
      </trkpt>
      <trkpt lat="34.869745" lon="136.493631">
        <ele>31.07</ele>
      </trkpt>
      <trkpt lat="34.869742" lon="136.493508">
        <ele>31</ele>
      </trkpt>
      <trkpt lat="34.869786" lon="136.492724">
        <ele>32.56</ele>
      </trkpt>
      <trkpt lat="34.869787" lon="136.492553">
        <ele>33.14</ele>
      </trkpt>
      <trkpt lat="34.869782" lon="136.49255">
        <ele>33.13</ele>
      </trkpt>
      <trkpt lat="34.869312" lon="136.49223">
        <ele>33.02</ele>
      </trkpt>
      <trkpt lat="34.86878" lon="136.492008">
        <ele>32.67</ele>
      </trkpt>
      <trkpt lat="34.86851" lon="136.491919">
        <ele>33</ele>
      </trkpt>
      <trkpt lat="34.868266" lon="136.491839">
        <ele>33</ele>
      </trkpt>
      <trkpt lat="34.86802" lon="136.491746">
        <ele>33</ele>
      </trkpt>
      <trkpt lat="34.867757" lon="136.491616">
        <ele>33</ele>
      </trkpt>
      <trkpt lat="34.866987" lon="136.491166">
        <ele>32.22</ele>
      </trkpt>
      <trkpt lat="34.86688" lon="136.491099">
        <ele>31.99</ele>
      </trkpt>
      <trkpt lat="34.866844" lon="136.491062">
        <ele>31.77</ele>
      </trkpt>
      <trkpt lat="34.866822" lon="136.491094"/>
      <trkpt lat="34.866844" lon="136.491062">
        <ele>31.77</ele>
      </trkpt>
      <trkpt lat="34.866802" lon="136.491018">
        <ele>31.5</ele>
      </trkpt>
      <trkpt lat="34.866723" lon="136.490863">
        <ele>31.06</ele>
      </trkpt>
      <trkpt lat="34.866654" lon="136.490669">
        <ele>32.07</ele>
      </trkpt>
      <trkpt lat="34.866582" lon="136.490549">
        <ele>31.89</ele>
      </trkpt>
      <trkpt lat="34.866415" lon="136.490372">
        <ele>31.6</ele>
      </trkpt>
      <trkpt lat="34.866212" lon="136.490216">
        <ele>31</ele>
      </trkpt>
      <trkpt lat="34.866115" lon="136.490089">
        <ele>31</ele>
      </trkpt>
      <trkpt lat="34.866043" lon="136.489955">
        <ele>31.34</ele>
      </trkpt>
      <trkpt lat="34.865973" lon="136.4897">
        <ele>32</ele>
      </trkpt>
      <trkpt lat="34.865947" lon="136.489548">
        <ele>31.56</ele>
      </trkpt>
      <trkpt lat="34.865939" lon="136.489548">
        <ele>31.54</ele>
      </trkpt>
      <trkpt lat="34.865947" lon="136.489548">
        <ele>31.56</ele>
      </trkpt>
      <trkpt lat="34.865996" lon="136.489125">
        <ele>32</ele>
      </trkpt>
      <trkpt lat="34.866035" lon="136.489002">
        <ele>32</ele>
      </trkpt>
      <trkpt lat="34.866058" lon="136.488875">
        <ele>32</ele>
      </trkpt>
      <trkpt lat="34.866302" lon="136.488323">
        <ele>31</ele>
      </trkpt>
      <trkpt lat="34.866355" lon="136.488174">
        <ele>31.01</ele>
      </trkpt>
      <trkpt lat="34.866356" lon="136.488175"/>
      <trkpt lat="34.866355" lon="136.488174">
        <ele>31.01</ele>
      </trkpt>
      <trkpt lat="34.866375" lon="136.488117">
        <ele>31.01</ele>
      </trkpt>
      <trkpt lat="34.866116" lon="136.487877">
        <ele>32</ele>
      </trkpt>
      <trkpt lat="34.865921" lon="136.487722">
        <ele>32</ele>
      </trkpt>
      <trkpt lat="34.865756" lon="136.487608">
        <ele>32</ele>
      </trkpt>
      <trkpt lat="34.865504" lon="136.487482">
        <ele>32</ele>
      </trkpt>
      <trkpt lat="34.865102" lon="136.487213">
        <ele>32</ele>
      </trkpt>
      <trkpt lat="34.864857" lon="136.487024">
        <ele>32</ele>
      </trkpt>
      <trkpt lat="34.86464" lon="136.486776">
        <ele>32</ele>
      </trkpt>
      <trkpt lat="34.864473" lon="136.486538">
        <ele>32</ele>
      </trkpt>
      <trkpt lat="34.864357" lon="136.4864">
        <ele>32</ele>
      </trkpt>
      <trkpt lat="34.864223" lon="136.486257">
        <ele>32</ele>
      </trkpt>
      <trkpt lat="34.86398" lon="136.486022">
        <ele>32.11</ele>
      </trkpt>
      <trkpt lat="34.86381" lon="136.485894">
        <ele>32.22</ele>
      </trkpt>
      <trkpt lat="34.863589" lon="136.485779">
        <ele>32</ele>
      </trkpt>
      <trkpt lat="34.863277" lon="136.485672">
        <ele>33</ele>
      </trkpt>
      <trkpt lat="34.86289" lon="136.48539">
        <ele>32.96</ele>
      </trkpt>
      <trkpt lat="34.862772" lon="136.485281">
        <ele>33</ele>
      </trkpt>
      <trkpt lat="34.862658" lon="136.485161">
        <ele>33.02</ele>
      </trkpt>
      <trkpt lat="34.862582" lon="136.485096">
        <ele>33.01</ele>
      </trkpt>
      <trkpt lat="34.862582" lon="136.485096">
        <ele>33</ele>
      </trkpt>
      <trkpt lat="34.862515" lon="136.485039">
        <ele>33</ele>
      </trkpt>
      <trkpt lat="34.862155" lon="136.484793">
        <ele>33.35</ele>
      </trkpt>
      <trkpt lat="34.862045" lon="136.484744">
        <ele>33.63</ele>
      </trkpt>
      <trkpt lat="34.86189" lon="136.484736">
        <ele>33.8</ele>
      </trkpt>
      <trkpt lat="34.861747" lon="136.484746">
        <ele>34</ele>
      </trkpt>
      <trkpt lat="34.86147" lon="136.484749">
        <ele>34.35</ele>
      </trkpt>
      <trkpt lat="34.861363" lon="136.484743">
        <ele>35</ele>
      </trkpt>
      <trkpt lat="34.861273" lon="136.484727">
        <ele>35</ele>
      </trkpt>
      <trkpt lat="34.861194" lon="136.484701">
        <ele>35</ele>
      </trkpt>
      <trkpt lat="34.861018" lon="136.484608">
        <ele>35</ele>
      </trkpt>
      <trkpt lat="34.860892" lon="136.484512">
        <ele>35</ele>
      </trkpt>
      <trkpt lat="34.860627" lon="136.484188">
        <ele>35.63</ele>
      </trkpt>
      <trkpt lat="34.860231" lon="136.483936">
        <ele>35.41</ele>
      </trkpt>
      <trkpt lat="34.860059" lon="136.484477">
        <ele>35.8</ele>
      </trkpt>
      <trkpt lat="34.860059" lon="136.484477">
        <ele>35.8</ele>
      </trkpt>
      <trkpt lat="34.860231" lon="136.483936">
        <ele>35.41</ele>
      </trkpt>
      <trkpt lat="34.860058" lon="136.483838">
        <ele>36</ele>
      </trkpt>
      <trkpt lat="34.859851" lon="136.483703">
        <ele>36</ele>
      </trkpt>
      <trkpt lat="34.859603" lon="136.483606">
        <ele>36</ele>
      </trkpt>
      <trkpt lat="34.859195" lon="136.483508">
        <ele>36.38</ele>
      </trkpt>
      <trkpt lat="34.858934" lon="136.483507">
        <ele>37</ele>
      </trkpt>
      <trkpt lat="34.858786" lon="136.483497">
        <ele>37</ele>
      </trkpt>
      <trkpt lat="34.858696" lon="136.483467">
        <ele>37</ele>
      </trkpt>
      <trkpt lat="34.858685" lon="136.483486">
        <ele>37</ele>
      </trkpt>
      <trkpt lat="34.858685" lon="136.483486">
        <ele>37</ele>
      </trkpt>
      <trkpt lat="34.858696" lon="136.483467">
        <ele>37</ele>
      </trkpt>
      <trkpt lat="34.858645" lon="136.483432">
        <ele>37</ele>
      </trkpt>
      <trkpt lat="34.858576" lon="136.483363">
        <ele>37</ele>
      </trkpt>
      <trkpt lat="34.858514" lon="136.483276">
        <ele>37</ele>
      </trkpt>
      <trkpt lat="34.858294" lon="136.482865">
        <ele>37.08</ele>
      </trkpt>
      <trkpt lat="34.85819" lon="136.482648">
        <ele>37.01</ele>
      </trkpt>
      <trkpt lat="34.85819" lon="136.482648">
        <ele>37.01</ele>
      </trkpt>
      <trkpt lat="34.85818" lon="136.482628">
        <ele>37</ele>
      </trkpt>
      <trkpt lat="34.85818" lon="136.482364">
        <ele>37</ele>
      </trkpt>
      <trkpt lat="34.858236" lon="136.481585">
        <ele>39.26</ele>
      </trkpt>
      <trkpt lat="34.858216" lon="136.481379">
        <ele>40.2</ele>
      </trkpt>
      <trkpt lat="34.858161" lon="136.48107">
        <ele>41</ele>
      </trkpt>
      <trkpt lat="34.858063" lon="136.479918">
        <ele>42</ele>
      </trkpt>
      <trkpt lat="34.858017" lon="136.479603">
        <ele>41.91</ele>
      </trkpt>
      <trkpt lat="34.857935" lon="136.479044">
        <ele>43</ele>
      </trkpt>
      <trkpt lat="34.857785" lon="136.478069">
        <ele>47.81</ele>
      </trkpt>
      <trkpt lat="34.857741" lon="136.477845">
        <ele>48.78</ele>
      </trkpt>
      <trkpt lat="34.857556" lon="136.477199">
        <ele>51.34</ele>
      </trkpt>
      <trkpt lat="34.857468" lon="136.476769">
        <ele>53</ele>
      </trkpt>
      <trkpt lat="34.857441" lon="136.476556">
        <ele>53.64</ele>
      </trkpt>
      <trkpt lat="34.857441" lon="136.476556">
        <ele>53.65</ele>
      </trkpt>
      <trkpt lat="34.857424" lon="136.47641">
        <ele>54.09</ele>
      </trkpt>
      <trkpt lat="34.857387" lon="136.475662">
        <ele>56.59</ele>
      </trkpt>
      <trkpt lat="34.857357" lon="136.475427">
        <ele>57.8</ele>
      </trkpt>
      <trkpt lat="34.857358" lon="136.475277">
        <ele>58</ele>
      </trkpt>
      <trkpt lat="34.857318" lon="136.474981">
        <ele>58</ele>
      </trkpt>
      <trkpt lat="34.857304" lon="136.47436">
        <ele>59</ele>
      </trkpt>
      <trkpt lat="34.857302" lon="136.474094">
        <ele>59</ele>
      </trkpt>
      <trkpt lat="34.857328" lon="136.473365">
        <ele>59.3</ele>
      </trkpt>
      <trkpt lat="34.857389" lon="136.472006">
        <ele>61</ele>
      </trkpt>
      <trkpt lat="34.857404" lon="136.471118">
        <ele>61.72</ele>
      </trkpt>
      <trkpt lat="34.857316" lon="136.469248">
        <ele>63.16</ele>
      </trkpt>
      <trkpt lat="34.857223" lon="136.468349">
        <ele>63.99</ele>
      </trkpt>
      <trkpt lat="34.857223" lon="136.468349">
        <ele>63.99</ele>
      </trkpt>
      <trkpt lat="34.85718" lon="136.468013">
        <ele>64.23</ele>
      </trkpt>
      <trkpt lat="34.856917" lon="136.466774">
        <ele>65.65</ele>
      </trkpt>
      <trkpt lat="34.856887" lon="136.466673">
        <ele>65.95</ele>
      </trkpt>
      <trkpt lat="34.856823" lon="136.466361">
        <ele>66</ele>
      </trkpt>
      <trkpt lat="34.856715" lon="136.465904">
        <ele>66.04</ele>
      </trkpt>
      <trkpt lat="34.856603" lon="136.465288">
        <ele>67</ele>
      </trkpt>
      <trkpt lat="34.856523" lon="136.464255">
        <ele>67.85</ele>
      </trkpt>
      <trkpt lat="34.856506" lon="136.46389">
        <ele>68</ele>
      </trkpt>
      <trkpt lat="34.856454" lon="136.463419">
        <ele>68</ele>
      </trkpt>
      <trkpt lat="34.856358" lon="136.462808">
        <ele>68</ele>
      </trkpt>
      <trkpt lat="34.856143" lon="136.461196">
        <ele>69.58</ele>
      </trkpt>
      <trkpt lat="34.856081" lon="136.460835">
        <ele>69.92</ele>
      </trkpt>
      <trkpt lat="34.856081" lon="136.460835">
        <ele>69.92</ele>
      </trkpt>
      <trkpt lat="34.856053" lon="136.460684">
        <ele>70</ele>
      </trkpt>
      <trkpt lat="34.855981" lon="136.460447">
        <ele>70</ele>
      </trkpt>
      <trkpt lat="34.855829" lon="136.460053">
        <ele>70</ele>
      </trkpt>
      <trkpt lat="34.85558" lon="136.459492">
        <ele>71</ele>
      </trkpt>
      <trkpt lat="34.855421" lon="136.459241">
        <ele>71</ele>
      </trkpt>
      <trkpt lat="34.855307" lon="136.459133">
        <ele>71</ele>
      </trkpt>
      <trkpt lat="34.855307" lon="136.459133">
        <ele>71</ele>
      </trkpt>
      <trkpt lat="34.855279" lon="136.459107">
        <ele>71</ele>
      </trkpt>
      <trkpt lat="34.854945" lon="136.458932">
        <ele>71.7</ele>
      </trkpt>
      <trkpt lat="34.854734" lon="136.458843">
        <ele>72</ele>
      </trkpt>
      <trkpt lat="34.853967" lon="136.458571">
        <ele>72</ele>
      </trkpt>
      <trkpt lat="34.853734" lon="136.458457">
        <ele>72.47</ele>
      </trkpt>
      <trkpt lat="34.853529" lon="136.458296">
        <ele>72.94</ele>
      </trkpt>
      <trkpt lat="34.853529" lon="136.458296">
        <ele>72.94</ele>
      </trkpt>
      <trkpt lat="34.853504" lon="136.458276">
        <ele>73</ele>
      </trkpt>
      <trkpt lat="34.85351" lon="136.457957">
        <ele>73</ele>
      </trkpt>
      <trkpt lat="34.85362" lon="136.45716">
        <ele>73</ele>
      </trkpt>
      <trkpt lat="34.853673" lon="136.456733">
        <ele>74</ele>
      </trkpt>
      <trkpt lat="34.853722" lon="136.456429">
        <ele>74</ele>
      </trkpt>
      <trkpt lat="34.853777" lon="136.456198">
        <ele>74</ele>
      </trkpt>
      <trkpt lat="34.853858" lon="136.455967">
        <ele>74.93</ele>
      </trkpt>
      <trkpt lat="34.853858" lon="136.455967">
        <ele>74.93</ele>
      </trkpt>
      <trkpt lat="34.854244" lon="136.455126">
        <ele>75</ele>
      </trkpt>
      <trkpt lat="34.854337" lon="136.454948">
        <ele>75</ele>
      </trkpt>
      <trkpt lat="34.854423" lon="136.454811">
        <ele>75</ele>
      </trkpt>
      <trkpt lat="34.854423" lon="136.454811">
        <ele>75</ele>
      </trkpt>
      <trkpt lat="34.854496" lon="136.454695">
        <ele>75</ele>
      </trkpt>
      <trkpt lat="34.854641" lon="136.454506">
        <ele>75</ele>
      </trkpt>
      <trkpt lat="34.855104" lon="136.454002">
        <ele>75.99</ele>
      </trkpt>
      <trkpt lat="34.855105" lon="136.454004"/>
      <trkpt lat="34.855104" lon="136.454002">
        <ele>75.99</ele>
      </trkpt>
      <trkpt lat="34.855106" lon="136.453999">
        <ele>76</ele>
      </trkpt>
      <trkpt lat="34.854313" lon="136.453378">
        <ele>75.95</ele>
      </trkpt>
      <trkpt lat="34.854306" lon="136.453345">
        <ele>75.72</ele>
      </trkpt>
      <trkpt lat="34.854342" lon="136.453181">
        <ele>75.13</ele>
      </trkpt>
      <trkpt lat="34.854198" lon="136.453093">
        <ele>74.43</ele>
      </trkpt>
      <trkpt lat="34.854132" lon="136.452976">
        <ele>73.77</ele>
      </trkpt>
      <trkpt lat="34.854123" lon="136.452945">
        <ele>73.79</ele>
      </trkpt>
      <trkpt lat="34.854119" lon="136.452947"/>
      <trkpt lat="34.854123" lon="136.452945">
        <ele>73.79</ele>
      </trkpt>
      <trkpt lat="34.854089" lon="136.452824">
        <ele>73.86</ele>
      </trkpt>
      <trkpt lat="34.854054" lon="136.452617">
        <ele>73.06</ele>
      </trkpt>
      <trkpt lat="34.854022" lon="136.452374">
        <ele>72.17</ele>
      </trkpt>
      <trkpt lat="34.854029" lon="136.452308">
        <ele>71.74</ele>
      </trkpt>
      <trkpt lat="34.854069" lon="136.452191">
        <ele>71.1</ele>
      </trkpt>
      <trkpt lat="34.854232" lon="136.451956">
        <ele>69.73</ele>
      </trkpt>
      <trkpt lat="34.854317" lon="136.451806">
        <ele>69</ele>
      </trkpt>
      <trkpt lat="34.854421" lon="136.451494">
        <ele>68.05</ele>
      </trkpt>
      <trkpt lat="34.854467" lon="136.451326">
        <ele>67.1</ele>
      </trkpt>
      <trkpt lat="34.854465" lon="136.451306">
        <ele>67.09</ele>
      </trkpt>
      <trkpt lat="34.854465" lon="136.451306">
        <ele>67.09</ele>
      </trkpt>
      <trkpt lat="34.854456" lon="136.451206">
        <ele>67</ele>
      </trkpt>
      <trkpt lat="34.854427" lon="136.451063">
        <ele>67</ele>
      </trkpt>
      <trkpt lat="34.854346" lon="136.450962">
        <ele>67</ele>
      </trkpt>
      <trkpt lat="34.854028" lon="136.450671">
        <ele>66.65</ele>
      </trkpt>
      <trkpt lat="34.853992" lon="136.450623">
        <ele>66.69</ele>
      </trkpt>
      <trkpt lat="34.853959" lon="136.450494">
        <ele>67.63</ele>
      </trkpt>
      <trkpt lat="34.853996" lon="136.450477">
        <ele>67.82</ele>
      </trkpt>
      <trkpt lat="34.853974" lon="136.45041">
        <ele>68.25</ele>
      </trkpt>
      <trkpt lat="34.853919" lon="136.450345">
        <ele>68.63</ele>
      </trkpt>
      <trkpt lat="34.853885" lon="136.450321">
        <ele>68.86</ele>
      </trkpt>
      <trkpt lat="34.853824" lon="136.450313">
        <ele>69.34</ele>
      </trkpt>
      <trkpt lat="34.853717" lon="136.450316">
        <ele>70.08</ele>
      </trkpt>
      <trkpt lat="34.853717" lon="136.45031">
        <ele>70.11</ele>
      </trkpt>
      <trkpt lat="34.853804" lon="136.44969">
        <ele>71</ele>
      </trkpt>
      <trkpt lat="34.853928" lon="136.448878">
        <ele>72</ele>
      </trkpt>
      <trkpt lat="34.854032" lon="136.448308">
        <ele>72</ele>
      </trkpt>
      <trkpt lat="34.854032" lon="136.448308">
        <ele>72</ele>
      </trkpt>
      <trkpt lat="34.85412" lon="136.447887">
        <ele>72</ele>
      </trkpt>
      <trkpt lat="34.85421" lon="136.447538">
        <ele>71.8</ele>
      </trkpt>
      <trkpt lat="34.854261" lon="136.44742">
        <ele>71.15</ele>
      </trkpt>
      <trkpt lat="34.85434" lon="136.44729">
        <ele>71</ele>
      </trkpt>
      <trkpt lat="34.854349" lon="136.447296">
        <ele>71</ele>
      </trkpt>
      <trkpt lat="34.854349" lon="136.447295">
        <ele>71</ele>
      </trkpt>
      <trkpt lat="34.854897" lon="136.447614">
        <ele>71</ele>
      </trkpt>
      <trkpt lat="34.854898" lon="136.44761"/>
      <trkpt lat="34.854897" lon="136.447614">
        <ele>71</ele>
      </trkpt>
      <trkpt lat="34.854909" lon="136.447621">
        <ele>71</ele>
      </trkpt>
      <trkpt lat="34.855248" lon="136.447037">
        <ele>71.49</ele>
      </trkpt>
      <trkpt lat="34.855464" lon="136.446669">
        <ele>71.09</ele>
      </trkpt>
      <trkpt lat="34.85551" lon="136.446543">
        <ele>71.09</ele>
      </trkpt>
      <trkpt lat="34.855515" lon="136.44653">
        <ele>71.09</ele>
      </trkpt>
      <trkpt lat="34.855516" lon="136.446236">
        <ele>69.67</ele>
      </trkpt>
      <trkpt lat="34.85551" lon="136.446016">
        <ele>67.24</ele>
      </trkpt>
      <trkpt lat="34.855501" lon="136.445231">
        <ele>64.28</ele>
      </trkpt>
      <trkpt lat="34.855489" lon="136.445176">
        <ele>64.45</ele>
      </trkpt>
      <trkpt lat="34.85549" lon="136.445139">
        <ele>64.43</ele>
      </trkpt>
      <trkpt lat="34.85549" lon="136.445139">
        <ele>64.43</ele>
      </trkpt>
      <trkpt lat="34.855781" lon="136.444261">
        <ele>64</ele>
      </trkpt>
      <trkpt lat="34.855921" lon="136.443926">
        <ele>64</ele>
      </trkpt>
      <trkpt lat="34.856098" lon="136.443532">
        <ele>65</ele>
      </trkpt>
      <trkpt lat="34.856293" lon="136.442982">
        <ele>65</ele>
      </trkpt>
      <trkpt lat="34.856293" lon="136.442982">
        <ele>65</ele>
      </trkpt>
      <trkpt lat="34.856434" lon="136.442531">
        <ele>65</ele>
      </trkpt>
      <trkpt lat="34.856631" lon="136.441749">
        <ele>65.63</ele>
      </trkpt>
      <trkpt lat="34.856643" lon="136.44167">
        <ele>65.43</ele>
      </trkpt>
      <trkpt lat="34.856646" lon="136.441671"/>
      <trkpt lat="34.856643" lon="136.44167">
        <ele>65.43</ele>
      </trkpt>
      <trkpt lat="34.856799" lon="136.440691">
        <ele>66</ele>
      </trkpt>
      <trkpt lat="34.856915" lon="136.439655">
        <ele>66.3</ele>
      </trkpt>
      <trkpt lat="34.856975" lon="136.439241">
        <ele>67</ele>
      </trkpt>
      <trkpt lat="34.85703" lon="136.438607">
        <ele>68</ele>
      </trkpt>
      <trkpt lat="34.857079" lon="136.438216">
        <ele>68.07</ele>
      </trkpt>
      <trkpt lat="34.85709" lon="136.438075">
        <ele>68.37</ele>
      </trkpt>
      <trkpt lat="34.857102" lon="136.437845">
        <ele>69</ele>
      </trkpt>
      <trkpt lat="34.857115" lon="136.437306">
        <ele>69.55</ele>
      </trkpt>
      <trkpt lat="34.857159" lon="136.436443">
        <ele>70.48</ele>
      </trkpt>
      <trkpt lat="34.857181" lon="136.436092">
        <ele>71</ele>
      </trkpt>
      <trkpt lat="34.857197" lon="136.435807">
        <ele>71</ele>
      </trkpt>
      <trkpt lat="34.85723" lon="136.435473">
        <ele>71</ele>
      </trkpt>
      <trkpt lat="34.85723" lon="136.435473">
        <ele>71</ele>
      </trkpt>
      <trkpt lat="34.857251" lon="136.435265">
        <ele>71</ele>
      </trkpt>
      <trkpt lat="34.857309" lon="136.435013">
        <ele>71.17</ele>
      </trkpt>
      <trkpt lat="34.857388" lon="136.434797">
        <ele>71.38</ele>
      </trkpt>
      <trkpt lat="34.857499" lon="136.434534">
        <ele>69.67</ele>
      </trkpt>
      <trkpt lat="34.857824" lon="136.433873">
        <ele>69.93</ele>
      </trkpt>
      <trkpt lat="34.857889" lon="136.433755">
        <ele>70.31</ele>
      </trkpt>
      <trkpt lat="34.857914" lon="136.43366">
        <ele>69.52</ele>
      </trkpt>
      <trkpt lat="34.858023" lon="136.432968">
        <ele>72.74</ele>
      </trkpt>
      <trkpt lat="34.858077" lon="136.432802">
        <ele>73.38</ele>
      </trkpt>
      <trkpt lat="34.858188" lon="136.432566">
        <ele>74.39</ele>
      </trkpt>
      <trkpt lat="34.858255" lon="136.432366">
        <ele>75</ele>
      </trkpt>
      <trkpt lat="34.858255" lon="136.432366">
        <ele>75</ele>
      </trkpt>
      <trkpt lat="34.858307" lon="136.43216">
        <ele>75.09</ele>
      </trkpt>
      <trkpt lat="34.858351" lon="136.431585">
        <ele>76</ele>
      </trkpt>
      <trkpt lat="34.858341" lon="136.43129">
        <ele>76</ele>
      </trkpt>
      <trkpt lat="34.858304" lon="136.431039">
        <ele>76.19</ele>
      </trkpt>
      <trkpt lat="34.858271" lon="136.430909">
        <ele>76.51</ele>
      </trkpt>
      <trkpt lat="34.858271" lon="136.430909">
        <ele>76.51</ele>
      </trkpt>
      <trkpt lat="34.858222" lon="136.430711">
        <ele>77</ele>
      </trkpt>
      <trkpt lat="34.858182" lon="136.4306">
        <ele>77.15</ele>
      </trkpt>
      <trkpt lat="34.858117" lon="136.430516">
        <ele>77</ele>
      </trkpt>
      <trkpt lat="34.857912" lon="136.430318">
        <ele>77.07</ele>
      </trkpt>
      <trkpt lat="34.857912" lon="136.430318">
        <ele>77.07</ele>
      </trkpt>
      <trkpt lat="34.857967" lon="136.430183">
        <ele>77.85</ele>
      </trkpt>
      <trkpt lat="34.858066" lon="136.429997">
        <ele>78</ele>
      </trkpt>
      <trkpt lat="34.858295" lon="136.429726">
        <ele>79</ele>
      </trkpt>
      <trkpt lat="34.858383" lon="136.429574">
        <ele>79</ele>
      </trkpt>
      <trkpt lat="34.858419" lon="136.429495">
        <ele>79</ele>
      </trkpt>
      <trkpt lat="34.858419" lon="136.429495">
        <ele>79</ele>
      </trkpt>
      <trkpt lat="34.858483" lon="136.429321">
        <ele>79</ele>
      </trkpt>
      <trkpt lat="34.858521" lon="136.429095">
        <ele>79.42</ele>
      </trkpt>
      <trkpt lat="34.858538" lon="136.428793">
        <ele>80.12</ele>
      </trkpt>
      <trkpt lat="34.858535" lon="136.428579">
        <ele>80.15</ele>
      </trkpt>
      <trkpt lat="34.858514" lon="136.428377">
        <ele>80.29</ele>
      </trkpt>
      <trkpt lat="34.858478" lon="136.428213">
        <ele>80.69</ele>
      </trkpt>
      <trkpt lat="34.858481" lon="136.428212"/>
      <trkpt lat="34.858478" lon="136.428213">
        <ele>80.69</ele>
      </trkpt>
      <trkpt lat="34.858404" lon="136.427888">
        <ele>81.07</ele>
      </trkpt>
      <trkpt lat="34.858294" lon="136.427557">
        <ele>82.12</ele>
      </trkpt>
      <trkpt lat="34.858168" lon="136.427257">
        <ele>83</ele>
      </trkpt>
      <trkpt lat="34.858058" lon="136.426935">
        <ele>83</ele>
      </trkpt>
      <trkpt lat="34.858043" lon="136.426869">
        <ele>83</ele>
      </trkpt>
      <trkpt lat="34.858031" lon="136.426816">
        <ele>83</ele>
      </trkpt>
      <trkpt lat="34.858011" lon="136.42659">
        <ele>83</ele>
      </trkpt>
      <trkpt lat="34.858016" lon="136.426477">
        <ele>83</ele>
      </trkpt>
      <trkpt lat="34.858004" lon="136.426391">
        <ele>83</ele>
      </trkpt>
      <trkpt lat="34.858005" lon="136.426074">
        <ele>81.66</ele>
      </trkpt>
      <trkpt lat="34.857964" lon="136.425832">
        <ele>77.14</ele>
      </trkpt>
      <trkpt lat="34.857979" lon="136.425638">
        <ele>75.22</ele>
      </trkpt>
      <trkpt lat="34.857982" lon="136.425458">
        <ele>73.55</ele>
      </trkpt>
      <trkpt lat="34.857963" lon="136.425347">
        <ele>72.64</ele>
      </trkpt>
      <trkpt lat="34.857847" lon="136.42496">
        <ele>70.98</ele>
      </trkpt>
      <trkpt lat="34.857804" lon="136.424564">
        <ele>71</ele>
      </trkpt>
      <trkpt lat="34.857762" lon="136.423799">
        <ele>70.95</ele>
      </trkpt>
      <trkpt lat="34.857762" lon="136.423799">
        <ele>70.95</ele>
      </trkpt>
      <trkpt lat="34.857761" lon="136.423779">
        <ele>70.95</ele>
      </trkpt>
      <trkpt lat="34.857721" lon="136.423734">
        <ele>70.68</ele>
      </trkpt>
      <trkpt lat="34.857651" lon="136.423727">
        <ele>70.21</ele>
      </trkpt>
      <trkpt lat="34.857561" lon="136.4237">
        <ele>69.39</ele>
      </trkpt>
      <trkpt lat="34.857333" lon="136.42361">
        <ele>68.78</ele>
      </trkpt>
      <trkpt lat="34.857324" lon="136.423591">
        <ele>68.74</ele>
      </trkpt>
      <trkpt lat="34.857511" lon="136.422914">
        <ele>67</ele>
      </trkpt>
      <trkpt lat="34.857511" lon="136.422607">
        <ele>66.64</ele>
      </trkpt>
      <trkpt lat="34.857471" lon="136.42249">
        <ele>66.02</ele>
      </trkpt>
      <trkpt lat="34.857471" lon="136.42249">
        <ele>66.02</ele>
      </trkpt>
      <trkpt lat="34.85736" lon="136.422171">
        <ele>64.3</ele>
      </trkpt>
      <trkpt lat="34.85734" lon="136.422129">
        <ele>64.12</ele>
      </trkpt>
      <trkpt lat="34.857145" lon="136.421466">
        <ele>63</ele>
      </trkpt>
      <trkpt lat="34.856635" lon="136.419748">
        <ele>64.71</ele>
      </trkpt>
      <trkpt lat="34.856372" lon="136.418675">
        <ele>65.42</ele>
      </trkpt>
      <trkpt lat="34.856363" lon="136.418618">
        <ele>65.47</ele>
      </trkpt>
      <trkpt lat="34.85633" lon="136.418634">
        <ele>65.23</ele>
      </trkpt>
      <trkpt lat="34.856325" lon="136.418613">
        <ele>65.23</ele>
      </trkpt>
      <trkpt lat="34.85632" lon="136.418615"/>
      <trkpt lat="34.856325" lon="136.418613">
        <ele>65.23</ele>
      </trkpt>
      <trkpt lat="34.85607" lon="136.417374">
        <ele>64.97</ele>
      </trkpt>
      <trkpt lat="34.855914" lon="136.416575">
        <ele>65.15</ele>
      </trkpt>
      <trkpt lat="34.855839" lon="136.416149">
        <ele>65.25</ele>
      </trkpt>
      <trkpt lat="34.855639" lon="136.415015">
        <ele>65.7</ele>
      </trkpt>
      <trkpt lat="34.855521" lon="136.414432">
        <ele>65.43</ele>
      </trkpt>
      <trkpt lat="34.855428" lon="136.414053">
        <ele>66.6</ele>
      </trkpt>
      <trkpt lat="34.855428" lon="136.414053">
        <ele>66.6</ele>
      </trkpt>
      <trkpt lat="34.855336" lon="136.41376">
        <ele>66.74</ele>
      </trkpt>
      <trkpt lat="34.855185" lon="136.413443">
        <ele>66.86</ele>
      </trkpt>
      <trkpt lat="34.855019" lon="136.413134">
        <ele>67.77</ele>
      </trkpt>
      <trkpt lat="34.854927" lon="136.413014">
        <ele>67.11</ele>
      </trkpt>
      <trkpt lat="34.854797" lon="136.412889">
        <ele>66.72</ele>
      </trkpt>
      <trkpt lat="34.854797" lon="136.412889">
        <ele>66.72</ele>
      </trkpt>
      <trkpt lat="34.854705" lon="136.41276">
        <ele>67.42</ele>
      </trkpt>
      <trkpt lat="34.854136" lon="136.412093">
        <ele>67.41</ele>
      </trkpt>
      <trkpt lat="34.853683" lon="136.411525">
        <ele>67.8</ele>
      </trkpt>
      <trkpt lat="34.853323" lon="136.411044">
        <ele>67.94</ele>
      </trkpt>
      <trkpt lat="34.853323" lon="136.411044">
        <ele>67.94</ele>
      </trkpt>
      <trkpt lat="34.853192" lon="136.41086">
        <ele>68.19</ele>
      </trkpt>
      <trkpt lat="34.853045" lon="136.410621">
        <ele>68.49</ele>
      </trkpt>
      <trkpt lat="34.852816" lon="136.410221">
        <ele>68.22</ele>
      </trkpt>
      <trkpt lat="34.852663" lon="136.409879">
        <ele>68.7</ele>
      </trkpt>
      <trkpt lat="34.852363" lon="136.409255">
        <ele>69.46</ele>
      </trkpt>
      <trkpt lat="34.852221" lon="136.40892">
        <ele>69.88</ele>
      </trkpt>
      <trkpt lat="34.852176" lon="136.408774">
        <ele>69.94</ele>
      </trkpt>
      <trkpt lat="34.852176" lon="136.408774">
        <ele>69.94</ele>
      </trkpt>
      <trkpt lat="34.852081" lon="136.408435">
        <ele>69</ele>
      </trkpt>
      <trkpt lat="34.852014" lon="136.40811">
        <ele>69</ele>
      </trkpt>
      <trkpt lat="34.852014" lon="136.40811">
        <ele>69</ele>
      </trkpt>
      <trkpt lat="34.851999" lon="136.407858">
        <ele>69</ele>
      </trkpt>
      <trkpt lat="34.852077" lon="136.407333">
        <ele>70.07</ele>
      </trkpt>
      <trkpt lat="34.852109" lon="136.407221">
        <ele>70.57</ele>
      </trkpt>
      <trkpt lat="34.852161" lon="136.407115">
        <ele>70.99</ele>
      </trkpt>
      <trkpt lat="34.85223" lon="136.407015">
        <ele>71.73</ele>
      </trkpt>
      <trkpt lat="34.852228" lon="136.407014">
        <ele>71.73</ele>
      </trkpt>
      <trkpt lat="34.852228" lon="136.407014">
        <ele>71.73</ele>
      </trkpt>
      <trkpt lat="34.852228" lon="136.407014">
        <ele>71.73</ele>
      </trkpt>
      <trkpt lat="34.851764" lon="136.406617">
        <ele>71</ele>
      </trkpt>
      <trkpt lat="34.851115" lon="136.405982">
        <ele>72.24</ele>
      </trkpt>
      <trkpt lat="34.851106" lon="136.405962">
        <ele>72.25</ele>
      </trkpt>
      <trkpt lat="34.851106" lon="136.405962">
        <ele>72.25</ele>
      </trkpt>
      <trkpt lat="34.851043" lon="136.405815">
        <ele>72.3</ele>
      </trkpt>
      <trkpt lat="34.850839" lon="136.405592">
        <ele>74.28</ele>
      </trkpt>
      <trkpt lat="34.850766" lon="136.405501">
        <ele>75.42</ele>
      </trkpt>
      <trkpt lat="34.850682" lon="136.405375">
        <ele>76.79</ele>
      </trkpt>
      <trkpt lat="34.850633" lon="136.40527">
        <ele>77.05</ele>
      </trkpt>
      <trkpt lat="34.850569" lon="136.405065">
        <ele>78.84</ele>
      </trkpt>
      <trkpt lat="34.850616" lon="136.404446">
        <ele>81.62</ele>
      </trkpt>
      <trkpt lat="34.850635" lon="136.404342">
        <ele>81.95</ele>
      </trkpt>
      <trkpt lat="34.850628" lon="136.40434"/>
      <trkpt lat="34.850635" lon="136.404342">
        <ele>81.95</ele>
      </trkpt>
      <trkpt lat="34.850736" lon="136.40394">
        <ele>82</ele>
      </trkpt>
      <trkpt lat="34.850945" lon="136.403271">
        <ele>81</ele>
      </trkpt>
      <trkpt lat="34.851069" lon="136.40295">
        <ele>81.18</ele>
      </trkpt>
      <trkpt lat="34.851185" lon="136.40268">
        <ele>81.81</ele>
      </trkpt>
      <trkpt lat="34.851423" lon="136.402036">
        <ele>82</ele>
      </trkpt>
      <trkpt lat="34.851533" lon="136.40166">
        <ele>82</ele>
      </trkpt>
      <trkpt lat="34.851573" lon="136.401435">
        <ele>82.55</ele>
      </trkpt>
      <trkpt lat="34.851583" lon="136.401438"/>
      <trkpt lat="34.851573" lon="136.401435">
        <ele>82.55</ele>
      </trkpt>
      <trkpt lat="34.851625" lon="136.401099">
        <ele>83.95</ele>
      </trkpt>
      <trkpt lat="34.851627" lon="136.400549">
        <ele>85</ele>
      </trkpt>
      <trkpt lat="34.851606" lon="136.400387">
        <ele>84.98</ele>
      </trkpt>
      <trkpt lat="34.851626" lon="136.400262">
        <ele>84.92</ele>
      </trkpt>
      <trkpt lat="34.851642" lon="136.400048">
        <ele>85</ele>
      </trkpt>
      <trkpt lat="34.851748" lon="136.399181">
        <ele>84.08</ele>
      </trkpt>
      <trkpt lat="34.85182" lon="136.39849">
        <ele>85.12</ele>
      </trkpt>
      <trkpt lat="34.851897" lon="136.39775">
        <ele>88.42</ele>
      </trkpt>
      <trkpt lat="34.851999" lon="136.397355">
        <ele>90</ele>
      </trkpt>
      <trkpt lat="34.852059" lon="136.397059">
        <ele>90.43</ele>
      </trkpt>
      <trkpt lat="34.852116" lon="136.396624">
        <ele>91</ele>
      </trkpt>
      <trkpt lat="34.852201" lon="136.395852">
        <ele>92</ele>
      </trkpt>
      <trkpt lat="34.852288" lon="136.395229">
        <ele>93</ele>
      </trkpt>
      <trkpt lat="34.852387" lon="136.394635">
        <ele>93.79</ele>
      </trkpt>
      <trkpt lat="34.852387" lon="136.394635">
        <ele>93.79</ele>
      </trkpt>
      <trkpt lat="34.852433" lon="136.394168">
        <ele>94</ele>
      </trkpt>
      <trkpt lat="34.852439" lon="136.394093">
        <ele>94</ele>
      </trkpt>
      <trkpt lat="34.852434" lon="136.393673">
        <ele>94.33</ele>
      </trkpt>
      <trkpt lat="34.852409" lon="136.392964">
        <ele>95</ele>
      </trkpt>
      <trkpt lat="34.852433" lon="136.392455">
        <ele>95</ele>
      </trkpt>
      <trkpt lat="34.852479" lon="136.392042">
        <ele>95.57</ele>
      </trkpt>
      <trkpt lat="34.852516" lon="136.39184">
        <ele>95.69</ele>
      </trkpt>
      <trkpt lat="34.852503" lon="136.391836"/>
      <trkpt lat="34.852516" lon="136.39184">
        <ele>95.69</ele>
      </trkpt>
      <trkpt lat="34.852617" lon="136.39129">
        <ele>96</ele>
      </trkpt>
      <trkpt lat="34.852762" lon="136.390576">
        <ele>95.87</ele>
      </trkpt>
      <trkpt lat="34.852906" lon="136.390044">
        <ele>95</ele>
      </trkpt>
      <trkpt lat="34.852947" lon="136.389808">
        <ele>95.7</ele>
      </trkpt>
      <trkpt lat="34.852981" lon="136.389709">
        <ele>95.97</ele>
      </trkpt>
      <trkpt lat="34.852985" lon="136.389697">
        <ele>96</ele>
      </trkpt>
      <trkpt lat="34.85327" lon="136.389202">
        <ele>97.05</ele>
      </trkpt>
      <trkpt lat="34.853475" lon="136.38873">
        <ele>98</ele>
      </trkpt>
      <trkpt lat="34.853996" lon="136.38767">
        <ele>101.96</ele>
      </trkpt>
      <trkpt lat="34.854" lon="136.387673"/>
      <trkpt lat="34.853996" lon="136.38767">
        <ele>101.96</ele>
      </trkpt>
      <trkpt lat="34.854163" lon="136.387312">
        <ele>103</ele>
      </trkpt>
      <trkpt lat="34.854334" lon="136.38689">
        <ele>103.56</ele>
      </trkpt>
      <trkpt lat="34.854693" lon="136.385972">
        <ele>104.33</ele>
      </trkpt>
      <trkpt lat="34.854959" lon="136.385237">
        <ele>105</ele>
      </trkpt>
      <trkpt lat="34.855155" lon="136.384737">
        <ele>105.52</ele>
      </trkpt>
      <trkpt lat="34.85533" lon="136.384294">
        <ele>106</ele>
      </trkpt>
      <trkpt lat="34.855727" lon="136.383177">
        <ele>107</ele>
      </trkpt>
      <trkpt lat="34.855988" lon="136.382418">
        <ele>105.67</ele>
      </trkpt>
      <trkpt lat="34.855988" lon="136.382418">
        <ele>105.67</ele>
      </trkpt>
      <trkpt lat="34.856022" lon="136.382147">
        <ele>103.06</ele>
      </trkpt>
      <trkpt lat="34.85603" lon="136.38197">
        <ele>102.12</ele>
      </trkpt>
      <trkpt lat="34.856092" lon="136.381559">
        <ele>100.7</ele>
      </trkpt>
      <trkpt lat="34.856135" lon="136.381368">
        <ele>100.15</ele>
      </trkpt>
      <trkpt lat="34.856166" lon="136.381289">
        <ele>100</ele>
      </trkpt>
      <trkpt lat="34.856166" lon="136.381289"/>
      <trkpt lat="34.856166" lon="136.381289">
        <ele>100</ele>
      </trkpt>
      <trkpt lat="34.856201" lon="136.381153">
        <ele>100</ele>
      </trkpt>
      <trkpt lat="34.856232" lon="136.381158">
        <ele>100</ele>
      </trkpt>
      <trkpt lat="34.85626" lon="136.38115">
        <ele>100</ele>
      </trkpt>
      <trkpt lat="34.856334" lon="136.381069">
        <ele>99.89</ele>
      </trkpt>
      <trkpt lat="34.856439" lon="136.380905">
        <ele>99.36</ele>
      </trkpt>
      <trkpt lat="34.856498" lon="136.380766">
        <ele>100</ele>
      </trkpt>
      <trkpt lat="34.85653" lon="136.380668">
        <ele>100</ele>
      </trkpt>
      <trkpt lat="34.856627" lon="136.380276">
        <ele>101.68</ele>
      </trkpt>
      <trkpt lat="34.856662" lon="136.38003">
        <ele>102.58</ele>
      </trkpt>
      <trkpt lat="34.856702" lon="136.379855">
        <ele>102.87</ele>
      </trkpt>
      <trkpt lat="34.856752" lon="136.379707">
        <ele>103.22</ele>
      </trkpt>
      <trkpt lat="34.857071" lon="136.379736">
        <ele>106.4</ele>
      </trkpt>
      <trkpt lat="34.857111" lon="136.37969">
        <ele>106.67</ele>
      </trkpt>
      <trkpt lat="34.857122" lon="136.379712">
        <ele>106.93</ele>
      </trkpt>
      <trkpt lat="34.857121" lon="136.379712"/>
      <trkpt lat="34.857122" lon="136.379712">
        <ele>106.93</ele>
      </trkpt>
      <trkpt lat="34.856985" lon="136.37951">
        <ele>104.4</ele>
      </trkpt>
      <trkpt lat="34.856861" lon="136.37939">
        <ele>103.16</ele>
      </trkpt>
      <trkpt lat="34.85666" lon="136.379247">
        <ele>103</ele>
      </trkpt>
      <trkpt lat="34.856658" lon="136.379253">
        <ele>102.98</ele>
      </trkpt>
      <trkpt lat="34.856924" lon="136.378538">
        <ele>101.77</ele>
      </trkpt>
      <trkpt lat="34.857187" lon="136.377801">
        <ele>103.51</ele>
      </trkpt>
      <trkpt lat="34.85754" lon="136.376692">
        <ele>104</ele>
      </trkpt>
      <trkpt lat="34.857539" lon="136.376692"/>
      <trkpt lat="34.85754" lon="136.376692">
        <ele>104</ele>
      </trkpt>
      <trkpt lat="34.857716" lon="136.376188">
        <ele>104</ele>
      </trkpt>
      <trkpt lat="34.857928" lon="136.375666">
        <ele>106.09</ele>
      </trkpt>
      <trkpt lat="34.858042" lon="136.375433">
        <ele>106.92</ele>
      </trkpt>
      <trkpt lat="34.858141" lon="136.375285">
        <ele>108.03</ele>
      </trkpt>
      <trkpt lat="34.858246" lon="136.375156">
        <ele>108.03</ele>
      </trkpt>
      <trkpt lat="34.858466" lon="136.374906">
        <ele>108.45</ele>
      </trkpt>
      <trkpt lat="34.858686" lon="136.374656">
        <ele>106.83</ele>
      </trkpt>
      <trkpt lat="34.858856" lon="136.374463">
        <ele>103.77</ele>
      </trkpt>
      <trkpt lat="34.858874" lon="136.37444">
        <ele>103.32</ele>
      </trkpt>
      <trkpt lat="34.858877" lon="136.374444"/>
      <trkpt lat="34.858874" lon="136.37444">
        <ele>103.32</ele>
      </trkpt>
      <trkpt lat="34.858856" lon="136.374463">
        <ele>103.77</ele>
      </trkpt>
      <trkpt lat="34.859277" lon="136.374603">
        <ele>106.9</ele>
      </trkpt>
      <trkpt lat="34.859583" lon="136.374753">
        <ele>108</ele>
      </trkpt>
      <trkpt lat="34.860041" lon="136.374956">
        <ele>106.49</ele>
      </trkpt>
      <trkpt lat="34.860154" lon="136.374887">
        <ele>106</ele>
      </trkpt>
      <trkpt lat="34.860186" lon="136.374857">
        <ele>106</ele>
      </trkpt>
      <trkpt lat="34.860307" lon="136.374597">
        <ele>105.85</ele>
      </trkpt>
      <trkpt lat="34.860497" lon="136.374187">
        <ele>108.32</ele>
      </trkpt>
      <trkpt lat="34.860488" lon="136.374185">
        <ele>108.29</ele>
      </trkpt>
      <trkpt lat="34.860488" lon="136.374182"/>
      <trkpt lat="34.860488" lon="136.374185">
        <ele>108.29</ele>
      </trkpt>
      <trkpt lat="34.860497" lon="136.374187">
        <ele>108.32</ele>
      </trkpt>
      <trkpt lat="34.861169" lon="136.37431">
        <ele>109.7</ele>
      </trkpt>
      <trkpt lat="34.861263" lon="136.374312">
        <ele>109.6</ele>
      </trkpt>
      <trkpt lat="34.861263" lon="136.374312">
        <ele>109.6</ele>
      </trkpt>
      <trkpt lat="34.861285" lon="136.374313">
        <ele>109.57</ele>
      </trkpt>
      <trkpt lat="34.861369" lon="136.37429">
        <ele>109.65</ele>
      </trkpt>
      <trkpt lat="34.861631" lon="136.374145">
        <ele>111.12</ele>
      </trkpt>
      <trkpt lat="34.861775" lon="136.374087">
        <ele>111.99</ele>
      </trkpt>
      <trkpt lat="34.862074" lon="136.373942">
        <ele>112</ele>
      </trkpt>
      <trkpt lat="34.862314" lon="136.373848">
        <ele>112.78</ele>
      </trkpt>
      <trkpt lat="34.862368" lon="136.373836">
        <ele>112.87</ele>
      </trkpt>
      <trkpt lat="34.862447" lon="136.373819">
        <ele>113</ele>
      </trkpt>
      <trkpt lat="34.863065" lon="136.373806">
        <ele>114</ele>
      </trkpt>
      <trkpt lat="34.863207" lon="136.373828">
        <ele>114.05</ele>
      </trkpt>
      <trkpt lat="34.863207" lon="136.373828">
        <ele>114.05</ele>
      </trkpt>
      <trkpt lat="34.863253" lon="136.373842">
        <ele>114.12</ele>
      </trkpt>
      <trkpt lat="34.863351" lon="136.373912">
        <ele>114.01</ele>
      </trkpt>
      <trkpt lat="34.863571" lon="136.374113">
        <ele>114.47</ele>
      </trkpt>
      <trkpt lat="34.863665" lon="136.374183">
        <ele>115.2</ele>
      </trkpt>
      <trkpt lat="34.863665" lon="136.374183">
        <ele>115.2</ele>
      </trkpt>
      <trkpt lat="34.863803" lon="136.374242">
        <ele>116</ele>
      </trkpt>
      <trkpt lat="34.863952" lon="136.374265">
        <ele>116.23</ele>
      </trkpt>
      <trkpt lat="34.864032" lon="136.374312">
        <ele>116.56</ele>
      </trkpt>
      <trkpt lat="34.864065" lon="136.374297">
        <ele>116.83</ele>
      </trkpt>
      <trkpt lat="34.864063" lon="136.374289"/>
      <trkpt lat="34.864065" lon="136.374297">
        <ele>116.83</ele>
      </trkpt>
      <trkpt lat="34.864165" lon="136.37425">
        <ele>117.66</ele>
      </trkpt>
      <trkpt lat="34.864313" lon="136.374182">
        <ele>118.89</ele>
      </trkpt>
      <trkpt lat="34.865184" lon="136.373687">
        <ele>121.66</ele>
      </trkpt>
      <trkpt lat="34.865621" lon="136.373432">
        <ele>120.58</ele>
      </trkpt>
      <trkpt lat="34.866498" lon="136.372916">
        <ele>121.56</ele>
      </trkpt>
      <trkpt lat="34.867637" lon="136.372245">
        <ele>126.7</ele>
      </trkpt>
      <trkpt lat="34.867935" lon="136.372022">
        <ele>128.55</ele>
      </trkpt>
      <trkpt lat="34.868019" lon="136.37194">
        <ele>128.84</ele>
      </trkpt>
      <trkpt lat="34.868019" lon="136.37194">
        <ele>128.84</ele>
      </trkpt>
      <trkpt lat="34.868183" lon="136.371778">
        <ele>129.41</ele>
      </trkpt>
      <trkpt lat="34.868587" lon="136.37132">
        <ele>130.18</ele>
      </trkpt>
      <trkpt lat="34.868767" lon="136.371084">
        <ele>133.64</ele>
      </trkpt>
      <trkpt lat="34.868767" lon="136.371084">
        <ele>133.64</ele>
      </trkpt>
      <trkpt lat="34.868886" lon="136.370929">
        <ele>135.92</ele>
      </trkpt>
      <trkpt lat="34.86922" lon="136.370432">
        <ele>137.91</ele>
      </trkpt>
      <trkpt lat="34.86922" lon="136.370432">
        <ele>137.91</ele>
      </trkpt>
      <trkpt lat="34.86922" lon="136.370432">
        <ele>137.91</ele>
      </trkpt>
      <trkpt lat="34.86939" lon="136.370179">
        <ele>138.92</ele>
      </trkpt>
      <trkpt lat="34.869501" lon="136.369996">
        <ele>139.04</ele>
      </trkpt>
      <trkpt lat="34.869663" lon="136.369728">
        <ele>139.22</ele>
      </trkpt>
      <trkpt lat="34.869663" lon="136.369728">
        <ele>139.22</ele>
      </trkpt>
      <trkpt lat="34.869695" lon="136.369675">
        <ele>139.26</ele>
      </trkpt>
      <trkpt lat="34.869749" lon="136.369504">
        <ele>139.13</ele>
      </trkpt>
      <trkpt lat="34.86976" lon="136.369426">
        <ele>139.16</ele>
      </trkpt>
      <trkpt lat="34.869759" lon="136.36929">
        <ele>139.22</ele>
      </trkpt>
      <trkpt lat="34.869733" lon="136.369111">
        <ele>139.3</ele>
      </trkpt>
      <trkpt lat="34.869676" lon="136.368956">
        <ele>139.37</ele>
      </trkpt>
      <trkpt lat="34.869564" lon="136.368796">
        <ele>139.45</ele>
      </trkpt>
      <trkpt lat="34.86901" lon="136.36826">
        <ele>139.75</ele>
      </trkpt>
      <trkpt lat="34.868901" lon="136.36813">
        <ele>139.81</ele>
      </trkpt>
      <trkpt lat="34.868679" lon="136.3678">
        <ele>139.96</ele>
      </trkpt>
      <trkpt lat="34.868622" lon="136.367676">
        <ele>140.01</ele>
      </trkpt>
      <trkpt lat="34.868609" lon="136.367583">
        <ele>140.04</ele>
      </trkpt>
      <trkpt lat="34.868609" lon="136.367583">
        <ele>140.04</ele>
      </trkpt>
      <trkpt lat="34.868609" lon="136.367583">
        <ele>140.04</ele>
      </trkpt>
      <trkpt lat="34.868578" lon="136.36717">
        <ele>140.2</ele>
      </trkpt>
      <trkpt lat="34.868585" lon="136.366943">
        <ele>140.28</ele>
      </trkpt>
      <trkpt lat="34.868597" lon="136.366816">
        <ele>140.33</ele>
      </trkpt>
      <trkpt lat="34.86866" lon="136.366667">
        <ele>140.39</ele>
      </trkpt>
      <trkpt lat="34.868928" lon="136.36624">
        <ele>140.6</ele>
      </trkpt>
      <trkpt lat="34.868977" lon="136.366134">
        <ele>140.65</ele>
      </trkpt>
      <trkpt lat="34.869146" lon="136.365594">
        <ele>142.35</ele>
      </trkpt>
      <trkpt lat="34.86928" lon="136.365202">
        <ele>143.99</ele>
      </trkpt>
      <trkpt lat="34.869424" lon="136.364845">
        <ele>144.28</ele>
      </trkpt>
      <trkpt lat="34.869424" lon="136.364845">
        <ele>144.28</ele>
      </trkpt>
      <trkpt lat="34.869426" lon="136.36484">
        <ele>144.29</ele>
      </trkpt>
      <trkpt lat="34.870051" lon="136.36485">
        <ele>146.3</ele>
      </trkpt>
      <trkpt lat="34.870281" lon="136.364829">
        <ele>147.18</ele>
      </trkpt>
      <trkpt lat="34.870592" lon="136.364775">
        <ele>146.59</ele>
      </trkpt>
      <trkpt lat="34.870923" lon="136.364696">
        <ele>145.88</ele>
      </trkpt>
      <trkpt lat="34.871142" lon="136.364664">
        <ele>146.29</ele>
      </trkpt>
      <trkpt lat="34.871264" lon="136.364661">
        <ele>146.27</ele>
      </trkpt>
      <trkpt lat="34.871367" lon="136.364671">
        <ele>147.52</ele>
      </trkpt>
      <trkpt lat="34.871479" lon="136.364706">
        <ele>148.38</ele>
      </trkpt>
      <trkpt lat="34.871915" lon="136.364589">
        <ele>150.3</ele>
      </trkpt>
      <trkpt lat="34.871988" lon="136.364551">
        <ele>150.3</ele>
      </trkpt>
      <trkpt lat="34.872044" lon="136.364508">
        <ele>150.2</ele>
      </trkpt>
      <trkpt lat="34.872044" lon="136.364508">
        <ele>150.2</ele>
      </trkpt>
      <trkpt lat="34.872274" lon="136.364303">
        <ele>151.45</ele>
      </trkpt>
      <trkpt lat="34.872459" lon="136.364157">
        <ele>151.68</ele>
      </trkpt>
      <trkpt lat="34.872598" lon="136.364052">
        <ele>153.85</ele>
      </trkpt>
      <trkpt lat="34.872652" lon="136.363987">
        <ele>154.71</ele>
      </trkpt>
      <trkpt lat="34.872703" lon="136.363898">
        <ele>156.19</ele>
      </trkpt>
      <trkpt lat="34.872729" lon="136.363823">
        <ele>157.63</ele>
      </trkpt>
      <trkpt lat="34.872795" lon="136.363579">
        <ele>160.3</ele>
      </trkpt>
      <trkpt lat="34.872843" lon="136.363494">
        <ele>161.85</ele>
      </trkpt>
      <trkpt lat="34.872901" lon="136.363415">
        <ele>161.31</ele>
      </trkpt>
      <trkpt lat="34.872901" lon="136.363415">
        <ele>161.31</ele>
      </trkpt>
      <trkpt lat="34.872968" lon="136.363356">
        <ele>160.22</ele>
      </trkpt>
      <trkpt lat="34.873025" lon="136.363328">
        <ele>160.38</ele>
      </trkpt>
      <trkpt lat="34.873379" lon="136.363257">
        <ele>158.35</ele>
      </trkpt>
      <trkpt lat="34.873654" lon="136.363176">
        <ele>159.26</ele>
      </trkpt>
      <trkpt lat="34.873792" lon="136.363165">
        <ele>159.5</ele>
      </trkpt>
      <trkpt lat="34.874002" lon="136.363174">
        <ele>157.26</ele>
      </trkpt>
      <trkpt lat="34.874197" lon="136.363138">
        <ele>156.86</ele>
      </trkpt>
      <trkpt lat="34.874322" lon="136.363099">
        <ele>157.08</ele>
      </trkpt>
      <trkpt lat="34.87443" lon="136.363047">
        <ele>156.44</ele>
      </trkpt>
      <trkpt lat="34.874584" lon="136.362957">
        <ele>157.26</ele>
      </trkpt>
      <trkpt lat="34.874807" lon="136.362768">
        <ele>156.28</ele>
      </trkpt>
      <trkpt lat="34.874913" lon="136.362704">
        <ele>156.83</ele>
      </trkpt>
      <trkpt lat="34.875165" lon="136.362603">
        <ele>156.78</ele>
      </trkpt>
      <trkpt lat="34.875239" lon="136.36259">
        <ele>157.28</ele>
      </trkpt>
      <trkpt lat="34.875239" lon="136.36259">
        <ele>157.28</ele>
      </trkpt>
      <trkpt lat="34.875301" lon="136.362579">
        <ele>157.69</ele>
      </trkpt>
      <trkpt lat="34.875981" lon="136.362531">
        <ele>158.48</ele>
      </trkpt>
      <trkpt lat="34.876419" lon="136.362458">
        <ele>160</ele>
      </trkpt>
      <trkpt lat="34.876755" lon="136.362451">
        <ele>161</ele>
      </trkpt>
      <trkpt lat="34.877243" lon="136.362411">
        <ele>159.81</ele>
      </trkpt>
      <trkpt lat="34.877646" lon="136.362287">
        <ele>162.8</ele>
      </trkpt>
      <trkpt lat="34.877911" lon="136.362313">
        <ele>164.17</ele>
      </trkpt>
      <trkpt lat="34.87801" lon="136.362296">
        <ele>164.42</ele>
      </trkpt>
      <trkpt lat="34.87801" lon="136.362296">
        <ele>164.41</ele>
      </trkpt>
      <trkpt lat="34.878066" lon="136.362258">
        <ele>164.68</ele>
      </trkpt>
      <trkpt lat="34.878154" lon="136.362143">
        <ele>165.32</ele>
      </trkpt>
      <trkpt lat="34.878372" lon="136.361924">
        <ele>166.43</ele>
      </trkpt>
      <trkpt lat="34.878599" lon="136.361629">
        <ele>166.6</ele>
      </trkpt>
      <trkpt lat="34.878599" lon="136.361629">
        <ele>166.6</ele>
      </trkpt>
      <trkpt lat="34.878657" lon="136.361589">
        <ele>166.78</ele>
      </trkpt>
      <trkpt lat="34.878825" lon="136.361541">
        <ele>167.85</ele>
      </trkpt>
      <trkpt lat="34.879443" lon="136.36123">
        <ele>167.53</ele>
      </trkpt>
      <trkpt lat="34.879517" lon="136.361209">
        <ele>167.86</ele>
      </trkpt>
      <trkpt lat="34.88004" lon="136.361195">
        <ele>168.57</ele>
      </trkpt>
      <trkpt lat="34.880237" lon="136.36115">
        <ele>170.61</ele>
      </trkpt>
      <trkpt lat="34.880237" lon="136.361151"/>
      <trkpt lat="34.880237" lon="136.36115">
        <ele>170.61</ele>
      </trkpt>
      <trkpt lat="34.880304" lon="136.361141">
        <ele>171</ele>
      </trkpt>
      <trkpt lat="34.880471" lon="136.361047">
        <ele>171.3</ele>
      </trkpt>
      <trkpt lat="34.880687" lon="136.360877">
        <ele>172</ele>
      </trkpt>
      <trkpt lat="34.88085" lon="136.360768">
        <ele>172</ele>
      </trkpt>
      <trkpt lat="34.881129" lon="136.360613">
        <ele>172.64</ele>
      </trkpt>
      <trkpt lat="34.881249" lon="136.360525">
        <ele>172.16</ele>
      </trkpt>
      <trkpt lat="34.881429" lon="136.360325">
        <ele>172</ele>
      </trkpt>
      <trkpt lat="34.88153" lon="136.360185">
        <ele>172.66</ele>
      </trkpt>
      <trkpt lat="34.881721" lon="136.359994">
        <ele>174.2</ele>
      </trkpt>
      <trkpt lat="34.88174" lon="136.359997">
        <ele>174.44</ele>
      </trkpt>
      <trkpt lat="34.882078" lon="136.360046">
        <ele>178.6</ele>
      </trkpt>
      <trkpt lat="34.882258" lon="136.360055">
        <ele>179.82</ele>
      </trkpt>
      <trkpt lat="34.882362" lon="136.360025">
        <ele>180.56</ele>
      </trkpt>
      <trkpt lat="34.882453" lon="136.359973">
        <ele>180.89</ele>
      </trkpt>
      <trkpt lat="34.883167" lon="136.359635">
        <ele>179.37</ele>
      </trkpt>
      <trkpt lat="34.883323" lon="136.359524">
        <ele>179.01</ele>
      </trkpt>
      <trkpt lat="34.88354" lon="136.359492">
        <ele>179.68</ele>
      </trkpt>
      <trkpt lat="34.883741" lon="136.359399">
        <ele>178.71</ele>
      </trkpt>
      <trkpt lat="34.88374" lon="136.359397"/>
      <trkpt lat="34.883741" lon="136.359399">
        <ele>178.71</ele>
      </trkpt>
      <trkpt lat="34.883869" lon="136.359324">
        <ele>178.1</ele>
      </trkpt>
      <trkpt lat="34.884009" lon="136.359189">
        <ele>178.44</ele>
      </trkpt>
      <trkpt lat="34.88412" lon="136.359059">
        <ele>178.69</ele>
      </trkpt>
      <trkpt lat="34.884198" lon="136.35894">
        <ele>178.67</ele>
      </trkpt>
      <trkpt lat="34.884256" lon="136.358834">
        <ele>178.45</ele>
      </trkpt>
      <trkpt lat="34.88432" lon="136.358668">
        <ele>178.31</ele>
      </trkpt>
      <trkpt lat="34.884418" lon="136.358101">
        <ele>179.1</ele>
      </trkpt>
      <trkpt lat="34.884447" lon="136.357965">
        <ele>179.58</ele>
      </trkpt>
      <trkpt lat="34.884504" lon="136.35781">
        <ele>180.02</ele>
      </trkpt>
      <trkpt lat="34.8846" lon="136.357677">
        <ele>180.55</ele>
      </trkpt>
      <trkpt lat="34.884768" lon="136.357486">
        <ele>181.2</ele>
      </trkpt>
      <trkpt lat="34.884869" lon="136.35741">
        <ele>181.91</ele>
      </trkpt>
      <trkpt lat="34.884975" lon="136.357354">
        <ele>183.15</ele>
      </trkpt>
      <trkpt lat="34.885585" lon="136.357088">
        <ele>187.62</ele>
      </trkpt>
      <trkpt lat="34.88594" lon="136.356914">
        <ele>192.94</ele>
      </trkpt>
      <trkpt lat="34.886312" lon="136.356762">
        <ele>192.92</ele>
      </trkpt>
      <trkpt lat="34.886465" lon="136.356717">
        <ele>192.05</ele>
      </trkpt>
      <trkpt lat="34.886575" lon="136.356711">
        <ele>192.48</ele>
      </trkpt>
      <trkpt lat="34.886678" lon="136.356729">
        <ele>193.8</ele>
      </trkpt>
      <trkpt lat="34.886882" lon="136.356676">
        <ele>191.36</ele>
      </trkpt>
      <trkpt lat="34.887043" lon="136.356583">
        <ele>189.46</ele>
      </trkpt>
      <trkpt lat="34.887164" lon="136.356451">
        <ele>192.55</ele>
      </trkpt>
      <trkpt lat="34.887164" lon="136.356451">
        <ele>192.55</ele>
      </trkpt>
      <trkpt lat="34.887479" lon="136.355951">
        <ele>195.97</ele>
      </trkpt>
      <trkpt lat="34.888235" lon="136.354826">
        <ele>200</ele>
      </trkpt>
      <trkpt lat="34.888348" lon="136.35463">
        <ele>200.24</ele>
      </trkpt>
      <trkpt lat="34.888445" lon="136.354431">
        <ele>201</ele>
      </trkpt>
      <trkpt lat="34.888788" lon="136.353596">
        <ele>203</ele>
      </trkpt>
      <trkpt lat="34.888902" lon="136.353318">
        <ele>201.56</ele>
      </trkpt>
      <trkpt lat="34.889015" lon="136.353021">
        <ele>204.47</ele>
      </trkpt>
      <trkpt lat="34.889069" lon="136.352761">
        <ele>206.22</ele>
      </trkpt>
      <trkpt lat="34.889068" lon="136.352761"/>
      <trkpt lat="34.889069" lon="136.352761">
        <ele>206.22</ele>
      </trkpt>
      <trkpt lat="34.889085" lon="136.352542">
        <ele>207.24</ele>
      </trkpt>
      <trkpt lat="34.889062" lon="136.351664">
        <ele>209.56</ele>
      </trkpt>
      <trkpt lat="34.889058" lon="136.351272">
        <ele>212.08</ele>
      </trkpt>
      <trkpt lat="34.889074" lon="136.351076">
        <ele>212.25</ele>
      </trkpt>
      <trkpt lat="34.889093" lon="136.35085">
        <ele>212.45</ele>
      </trkpt>
      <trkpt lat="34.889208" lon="136.350107">
        <ele>215.95</ele>
      </trkpt>
      <trkpt lat="34.889326" lon="136.349512">
        <ele>216.32</ele>
      </trkpt>
      <trkpt lat="34.889384" lon="136.349215">
        <ele>218.43</ele>
      </trkpt>
      <trkpt lat="34.889447" lon="136.348875">
        <ele>217.8</ele>
      </trkpt>
      <trkpt lat="34.889574" lon="136.348194">
        <ele>222.13</ele>
      </trkpt>
      <trkpt lat="34.889614" lon="136.347936">
        <ele>221.19</ele>
      </trkpt>
      <trkpt lat="34.88963" lon="136.347547">
        <ele>219.73</ele>
      </trkpt>
      <trkpt lat="34.889632" lon="136.347547"/>
      <trkpt lat="34.889579" lon="136.34707"/>
      <trkpt lat="34.88946" lon="136.346887"/>
      <trkpt lat="34.889376" lon="136.346287"/>
      <trkpt lat="34.889148" lon="136.345353"/>
      <trkpt lat="34.889148" lon="136.345031"/>
      <trkpt lat="34.889144" lon="136.34503">
        <ele>234.95</ele>
      </trkpt>
      <trkpt lat="34.889148" lon="136.345001">
        <ele>235.16</ele>
      </trkpt>
      <trkpt lat="34.889244" lon="136.344711">
        <ele>236.73</ele>
      </trkpt>
      <trkpt lat="34.88934" lon="136.344456">
        <ele>237.34</ele>
      </trkpt>
      <trkpt lat="34.889415" lon="136.344201">
        <ele>241.54</ele>
      </trkpt>
      <trkpt lat="34.889434" lon="136.344111">
        <ele>240.55</ele>
      </trkpt>
      <trkpt lat="34.889434" lon="136.344111">
        <ele>240.55</ele>
      </trkpt>
      <trkpt lat="34.889453" lon="136.344021">
        <ele>239.57</ele>
      </trkpt>
      <trkpt lat="34.889499" lon="136.343787">
        <ele>241.11</ele>
      </trkpt>
      <trkpt lat="34.889573" lon="136.343345">
        <ele>242.82</ele>
      </trkpt>
      <trkpt lat="34.889701" lon="136.342743">
        <ele>251.08</ele>
      </trkpt>
      <trkpt lat="34.889765" lon="136.342529">
        <ele>252.38</ele>
      </trkpt>
      <trkpt lat="34.88984" lon="136.342307">
        <ele>250.96</ele>
      </trkpt>
      <trkpt lat="34.889877" lon="136.34216">
        <ele>250.24</ele>
      </trkpt>
      <trkpt lat="34.889892" lon="136.34206">
        <ele>250.22</ele>
      </trkpt>
      <trkpt lat="34.889899" lon="136.342012">
        <ele>250.21</ele>
      </trkpt>
      <trkpt lat="34.889899" lon="136.341754">
        <ele>250.35</ele>
      </trkpt>
      <trkpt lat="34.889864" lon="136.341268">
        <ele>254.6</ele>
      </trkpt>
      <trkpt lat="34.88982" lon="136.340797">
        <ele>257.57</ele>
      </trkpt>
      <trkpt lat="34.88982" lon="136.340797">
        <ele>257.57</ele>
      </trkpt>
      <trkpt lat="34.889817" lon="136.340763">
        <ele>257.78</ele>
      </trkpt>
      <trkpt lat="34.88987" lon="136.340738">
        <ele>259.46</ele>
      </trkpt>
      <trkpt lat="34.889907" lon="136.340695">
        <ele>260.76</ele>
      </trkpt>
      <trkpt lat="34.889997" lon="136.340453">
        <ele>266.91</ele>
      </trkpt>
      <trkpt lat="34.890003" lon="136.340428">
        <ele>266.39</ele>
      </trkpt>
      <trkpt lat="34.890003" lon="136.340428">
        <ele>266.4</ele>
      </trkpt>
      <trkpt lat="34.890057" lon="136.340234">
        <ele>262.31</ele>
      </trkpt>
      <trkpt lat="34.890175" lon="136.339805">
        <ele>267.2</ele>
      </trkpt>
      <trkpt lat="34.890258" lon="136.339505">
        <ele>267.89</ele>
      </trkpt>
      <trkpt lat="34.890426" lon="136.339">
        <ele>270.18</ele>
      </trkpt>
      <trkpt lat="34.890521" lon="136.338752">
        <ele>269.81</ele>
      </trkpt>
      <trkpt lat="34.89052" lon="136.33875"/>
      <trkpt lat="34.890521" lon="136.338752">
        <ele>269.81</ele>
      </trkpt>
      <trkpt lat="34.890705" lon="136.338507">
        <ele>273.77</ele>
      </trkpt>
      <trkpt lat="34.890807" lon="136.33835">
        <ele>276.32</ele>
      </trkpt>
      <trkpt lat="34.890925" lon="136.338063">
        <ele>282.82</ele>
      </trkpt>
      <trkpt lat="34.890923" lon="136.337886">
        <ele>287.62</ele>
      </trkpt>
      <trkpt lat="34.890938" lon="136.33782">
        <ele>290.56</ele>
      </trkpt>
      <trkpt lat="34.891063" lon="136.337568">
        <ele>295.11</ele>
      </trkpt>
      <trkpt lat="34.891091" lon="136.337483">
        <ele>296.47</ele>
      </trkpt>
      <trkpt lat="34.891102" lon="136.337368">
        <ele>297.07</ele>
      </trkpt>
      <trkpt lat="34.891102" lon="136.337234">
        <ele>297.7</ele>
      </trkpt>
      <trkpt lat="34.891102" lon="136.337234">
        <ele>297.7</ele>
      </trkpt>
      <trkpt lat="34.891102" lon="136.337231">
        <ele>297.71</ele>
      </trkpt>
      <trkpt lat="34.89115" lon="136.337241">
        <ele>299.41</ele>
      </trkpt>
      <trkpt lat="34.89118" lon="136.337439">
        <ele>301.2</ele>
      </trkpt>
      <trkpt lat="34.891189" lon="136.337452">
        <ele>301.64</ele>
      </trkpt>
      <trkpt lat="34.891275" lon="136.337405">
        <ele>305.69</ele>
      </trkpt>
      <trkpt lat="34.891286" lon="136.337546">
        <ele>306.33</ele>
      </trkpt>
      <trkpt lat="34.891397" lon="136.33762">
        <ele>309.97</ele>
      </trkpt>
      <trkpt lat="34.891397" lon="136.33762">
        <ele>309.98</ele>
      </trkpt>
      <trkpt lat="34.891408" lon="136.337604">
        <ele>310.35</ele>
      </trkpt>
      <trkpt lat="34.89139" lon="136.337497">
        <ele>310.04</ele>
      </trkpt>
      <trkpt lat="34.89139" lon="136.337497">
        <ele>310.04</ele>
      </trkpt>
      <trkpt lat="34.891403" lon="136.337478">
        <ele>310.61</ele>
      </trkpt>
      <trkpt lat="34.891425" lon="136.337482">
        <ele>311.51</ele>
      </trkpt>
      <trkpt lat="34.891477" lon="136.337545">
        <ele>311.82</ele>
      </trkpt>
      <trkpt lat="34.891477" lon="136.337545">
        <ele>311.82</ele>
      </trkpt>
      <trkpt lat="34.891486" lon="136.337545">
        <ele>311.89</ele>
      </trkpt>
      <trkpt lat="34.8915" lon="136.337527">
        <ele>312.46</ele>
      </trkpt>
      <trkpt lat="34.891485" lon="136.337465">
        <ele>313.54</ele>
      </trkpt>
      <trkpt lat="34.891486" lon="136.337434">
        <ele>314.27</ele>
      </trkpt>
      <trkpt lat="34.891486" lon="136.337434">
        <ele>314.27</ele>
      </trkpt>
      <trkpt lat="34.89151" lon="136.337428">
        <ele>315.26</ele>
      </trkpt>
      <trkpt lat="34.89154" lon="136.337441">
        <ele>316.01</ele>
      </trkpt>
      <trkpt lat="34.891585" lon="136.337482">
        <ele>315.63</ele>
      </trkpt>
      <trkpt lat="34.891612" lon="136.337489">
        <ele>315.37</ele>
      </trkpt>
      <trkpt lat="34.891797" lon="136.33747">
        <ele>318.76</ele>
      </trkpt>
      <trkpt lat="34.891939" lon="136.337469">
        <ele>325.1</ele>
      </trkpt>
      <trkpt lat="34.89204" lon="136.337504">
        <ele>330.82</ele>
      </trkpt>
      <trkpt lat="34.892048" lon="136.337495">
        <ele>331.56</ele>
      </trkpt>
      <trkpt lat="34.892048" lon="136.337495">
        <ele>331.55</ele>
      </trkpt>
      <trkpt lat="34.892048" lon="136.337495">
        <ele>331.56</ele>
      </trkpt>
      <trkpt lat="34.891906" lon="136.337299">
        <ele>331.42</ele>
      </trkpt>
      <trkpt lat="34.891936" lon="136.337253">
        <ele>333.63</ele>
      </trkpt>
      <trkpt lat="34.89194" lon="136.337247">
        <ele>333.91</ele>
      </trkpt>
      <trkpt lat="34.892068" lon="136.337348">
        <ele>335.33</ele>
      </trkpt>
      <trkpt lat="34.892068" lon="136.337348">
        <ele>335.33</ele>
      </trkpt>
      <trkpt lat="34.892068" lon="136.337348">
        <ele>335.33</ele>
      </trkpt>
      <trkpt lat="34.892111" lon="136.337273">
        <ele>337.56</ele>
      </trkpt>
      <trkpt lat="34.892079" lon="136.337177">
        <ele>338.84</ele>
      </trkpt>
      <trkpt lat="34.892083" lon="136.337168">
        <ele>339.15</ele>
      </trkpt>
      <trkpt lat="34.892098" lon="136.337169">
        <ele>339.5</ele>
      </trkpt>
      <trkpt lat="34.892304" lon="136.337273">
        <ele>348.45</ele>
      </trkpt>
      <trkpt lat="34.892363" lon="136.337241">
        <ele>351.82</ele>
      </trkpt>
      <trkpt lat="34.89244" lon="136.337147">
        <ele>354.82</ele>
      </trkpt>
      <trkpt lat="34.892459" lon="136.337148">
        <ele>356.12</ele>
      </trkpt>
      <trkpt lat="34.892459" lon="136.337148">
        <ele>356.15</ele>
      </trkpt>
      <trkpt lat="34.892527" lon="136.33715">
        <ele>360.85</ele>
      </trkpt>
      <trkpt lat="34.892557" lon="136.337224">
        <ele>363.33</ele>
      </trkpt>
      <trkpt lat="34.892546" lon="136.337341">
        <ele>364.66</ele>
      </trkpt>
      <trkpt lat="34.892413" lon="136.337581">
        <ele>361.93</ele>
      </trkpt>
      <trkpt lat="34.89244" lon="136.33763">
        <ele>361.95</ele>
      </trkpt>
      <trkpt lat="34.892487" lon="136.337658">
        <ele>361.49</ele>
      </trkpt>
      <trkpt lat="34.892501" lon="136.337687"/>
      <trkpt lat="34.892487" lon="136.337658">
        <ele>361.49</ele>
      </trkpt>
      <trkpt lat="34.892697" lon="136.337506">
        <ele>364.56</ele>
      </trkpt>
      <trkpt lat="34.892912" lon="136.33747">
        <ele>368.59</ele>
      </trkpt>
      <trkpt lat="34.892941" lon="136.337448">
        <ele>370.86</ele>
      </trkpt>
      <trkpt lat="34.892934" lon="136.337427">
        <ele>371.35</ele>
      </trkpt>
      <trkpt lat="34.892858" lon="136.337372">
        <ele>371.52</ele>
      </trkpt>
      <trkpt lat="34.892847" lon="136.337349">
        <ele>372.2</ele>
      </trkpt>
      <trkpt lat="34.892858" lon="136.337336">
        <ele>372.95</ele>
      </trkpt>
      <trkpt lat="34.892886" lon="136.337338">
        <ele>373.4</ele>
      </trkpt>
      <trkpt lat="34.893002" lon="136.33738">
        <ele>374.6</ele>
      </trkpt>
      <trkpt lat="34.893167" lon="136.337363">
        <ele>378.8</ele>
      </trkpt>
      <trkpt lat="34.893334" lon="136.33723">
        <ele>380.62</ele>
      </trkpt>
      <trkpt lat="34.893764" lon="136.336956">
        <ele>377.13</ele>
      </trkpt>
      <trkpt lat="34.89401" lon="136.336799">
        <ele>378.49</ele>
      </trkpt>
      <trkpt lat="34.894128" lon="136.336729">
        <ele>378.25</ele>
      </trkpt>
      <trkpt lat="34.894128" lon="136.336729">
        <ele>378.25</ele>
      </trkpt>
      <trkpt lat="34.894596" lon="136.336458">
        <ele>377.77</ele>
      </trkpt>
      <trkpt lat="34.894851" lon="136.33629">
        <ele>377.35</ele>
      </trkpt>
      <trkpt lat="34.894905" lon="136.336222">
        <ele>376.87</ele>
      </trkpt>
      <trkpt lat="34.895096" lon="136.335964">
        <ele>375.73</ele>
      </trkpt>
      <trkpt lat="34.895164" lon="136.335936">
        <ele>375.81</ele>
      </trkpt>
      <trkpt lat="34.895309" lon="136.335911">
        <ele>375.46</ele>
      </trkpt>
      <trkpt lat="34.895495" lon="136.335911">
        <ele>375.67</ele>
      </trkpt>
      <trkpt lat="34.895549" lon="136.335887">
        <ele>375.82</ele>
      </trkpt>
      <trkpt lat="34.895692" lon="136.335748">
        <ele>374.05</ele>
      </trkpt>
      <trkpt lat="34.895805" lon="136.33567">
        <ele>372.2</ele>
      </trkpt>
      <trkpt lat="34.895846" lon="136.335656">
        <ele>371.9</ele>
      </trkpt>
      <trkpt lat="34.895919" lon="136.335656">
        <ele>370.57</ele>
      </trkpt>
      <trkpt lat="34.895919" lon="136.335656">
        <ele>370.58</ele>
      </trkpt>
      <trkpt lat="34.896379" lon="136.335693">
        <ele>365.74</ele>
      </trkpt>
      <trkpt lat="34.896466" lon="136.335694">
        <ele>364.23</ele>
      </trkpt>
      <trkpt lat="34.896764" lon="136.33558">
        <ele>360.68</ele>
      </trkpt>
      <trkpt lat="34.896972" lon="136.335482">
        <ele>359.52</ele>
      </trkpt>
      <trkpt lat="34.897049" lon="136.335462">
        <ele>358.86</ele>
      </trkpt>
      <trkpt lat="34.897397" lon="136.335442">
        <ele>356.73</ele>
      </trkpt>
      <trkpt lat="34.89743" lon="136.33562">
        <ele>356.31</ele>
      </trkpt>
      <trkpt lat="34.897481" lon="136.335633">
        <ele>355.76</ele>
      </trkpt>
      <trkpt lat="34.898137" lon="136.335467">
        <ele>352.48</ele>
      </trkpt>
      <trkpt lat="34.898883" lon="136.335312">
        <ele>348.67</ele>
      </trkpt>
      <trkpt lat="34.899104" lon="136.335245">
        <ele>348.17</ele>
      </trkpt>
      <trkpt lat="34.899503" lon="136.335171">
        <ele>346.74</ele>
      </trkpt>
      <trkpt lat="34.900133" lon="136.335108">
        <ele>344.58</ele>
      </trkpt>
      <trkpt lat="34.900479" lon="136.335094">
        <ele>343.88</ele>
      </trkpt>
      <trkpt lat="34.900544" lon="136.335073">
        <ele>343.42</ele>
      </trkpt>
      <trkpt lat="34.900801" lon="136.335084">
        <ele>342.59</ele>
      </trkpt>
      <trkpt lat="34.90083" lon="136.335057">
        <ele>342.39</ele>
      </trkpt>
      <trkpt lat="34.900999" lon="136.335043">
        <ele>342</ele>
      </trkpt>
      <trkpt lat="34.901015" lon="136.33508">
        <ele>342</ele>
      </trkpt>
      <trkpt lat="34.901228" lon="136.335088">
        <ele>340.83</ele>
      </trkpt>
      <trkpt lat="34.901613" lon="136.335033">
        <ele>338.88</ele>
      </trkpt>
      <trkpt lat="34.901613" lon="136.335033">
        <ele>338.88</ele>
      </trkpt>
      <trkpt lat="34.901802" lon="136.334984">
        <ele>338.32</ele>
      </trkpt>
      <trkpt lat="34.902057" lon="136.334897">
        <ele>337.35</ele>
      </trkpt>
      <trkpt lat="34.902312" lon="136.334769">
        <ele>335.77</ele>
      </trkpt>
      <trkpt lat="34.902595" lon="136.334595">
        <ele>334.88</ele>
      </trkpt>
      <trkpt lat="34.902838" lon="136.334413">
        <ele>334.31</ele>
      </trkpt>
      <trkpt lat="34.902968" lon="136.334287">
        <ele>333.95</ele>
      </trkpt>
      <trkpt lat="34.902968" lon="136.334287">
        <ele>333.95</ele>
      </trkpt>
      <trkpt lat="34.903126" lon="136.334133">
        <ele>333.51</ele>
      </trkpt>
      <trkpt lat="34.903382" lon="136.333819">
        <ele>331.67</ele>
      </trkpt>
      <trkpt lat="34.903579" lon="136.333526">
        <ele>330.14</ele>
      </trkpt>
      <trkpt lat="34.903658" lon="136.333388">
        <ele>329.59</ele>
      </trkpt>
      <trkpt lat="34.903687" lon="136.333309">
        <ele>329.14</ele>
      </trkpt>
      <trkpt lat="34.903742" lon="136.33325">
        <ele>329</ele>
      </trkpt>
      <trkpt lat="34.90406" lon="136.332695">
        <ele>328.77</ele>
      </trkpt>
      <trkpt lat="34.90406" lon="136.332695">
        <ele>328.77</ele>
      </trkpt>
      <trkpt lat="34.904474" lon="136.331972">
        <ele>328.47</ele>
      </trkpt>
      <trkpt lat="34.904609" lon="136.331773">
        <ele>328.62</ele>
      </trkpt>
      <trkpt lat="34.905003" lon="136.331346">
        <ele>327.49</ele>
      </trkpt>
      <trkpt lat="34.905171" lon="136.331195">
        <ele>327.85</ele>
      </trkpt>
      <trkpt lat="34.905247" lon="136.331136">
        <ele>327.13</ele>
      </trkpt>
      <trkpt lat="34.905447" lon="136.331007">
        <ele>326.35</ele>
      </trkpt>
      <trkpt lat="34.90571" lon="136.330854">
        <ele>325</ele>
      </trkpt>
      <trkpt lat="34.905842" lon="136.331017">
        <ele>324.94</ele>
      </trkpt>
      <trkpt lat="34.906311" lon="136.330779">
        <ele>321.42</ele>
      </trkpt>
      <trkpt lat="34.906546" lon="136.33066">
        <ele>317.52</ele>
      </trkpt>
      <trkpt lat="34.906805" lon="136.330506">
        <ele>317.55</ele>
      </trkpt>
      <trkpt lat="34.906955" lon="136.330447">
        <ele>318.4</ele>
      </trkpt>
      <trkpt lat="34.907115" lon="136.330315">
        <ele>317.79</ele>
      </trkpt>
      <trkpt lat="34.907115" lon="136.330315">
        <ele>317.79</ele>
      </trkpt>
      <trkpt lat="34.907362" lon="136.330066">
        <ele>317.16</ele>
      </trkpt>
      <trkpt lat="34.907502" lon="136.32988">
        <ele>316.19</ele>
      </trkpt>
      <trkpt lat="34.907632" lon="136.329604">
        <ele>314.2</ele>
      </trkpt>
      <trkpt lat="34.907812" lon="136.32925">
        <ele>310.66</ele>
      </trkpt>
      <trkpt lat="34.90787" lon="136.329155">
        <ele>310.85</ele>
      </trkpt>
      <trkpt lat="34.907982" lon="136.329035">
        <ele>310.86</ele>
      </trkpt>
      <trkpt lat="34.908042" lon="136.328734">
        <ele>309.91</ele>
      </trkpt>
      <trkpt lat="34.908142" lon="136.328439">
        <ele>309.51</ele>
      </trkpt>
      <trkpt lat="34.908227" lon="136.328141">
        <ele>310.78</ele>
      </trkpt>
      <trkpt lat="34.908414" lon="136.327535">
        <ele>307.04</ele>
      </trkpt>
      <trkpt lat="34.908712" lon="136.326549">
        <ele>305.45</ele>
      </trkpt>
      <trkpt lat="34.908782" lon="136.326316">
        <ele>303.78</ele>
      </trkpt>
      <trkpt lat="34.908896" lon="136.325987">
        <ele>301.57</ele>
      </trkpt>
      <trkpt lat="34.908998" lon="136.32572">
        <ele>301.86</ele>
      </trkpt>
      <trkpt lat="34.909087" lon="136.325576">
        <ele>302.57</ele>
      </trkpt>
      <trkpt lat="34.909168" lon="136.325413">
        <ele>302.98</ele>
      </trkpt>
      <trkpt lat="34.909212" lon="136.325274">
        <ele>302.93</ele>
      </trkpt>
      <trkpt lat="34.909277" lon="136.325119">
        <ele>302</ele>
      </trkpt>
      <trkpt lat="34.909353" lon="136.324973">
        <ele>301.91</ele>
      </trkpt>
      <trkpt lat="34.909519" lon="136.324622">
        <ele>299.55</ele>
      </trkpt>
      <trkpt lat="34.909668" lon="136.324333">
        <ele>299.12</ele>
      </trkpt>
      <trkpt lat="34.909803" lon="136.324113">
        <ele>298.63</ele>
      </trkpt>
      <trkpt lat="34.909855" lon="136.324045">
        <ele>298.34</ele>
      </trkpt>
      <trkpt lat="34.909855" lon="136.324045">
        <ele>298.34</ele>
      </trkpt>
      <trkpt lat="34.910044" lon="136.323819">
        <ele>297.57</ele>
      </trkpt>
      <trkpt lat="34.910183" lon="136.323688">
        <ele>298.08</ele>
      </trkpt>
      <trkpt lat="34.910512" lon="136.323427">
        <ele>294.54</ele>
      </trkpt>
      <trkpt lat="34.911025" lon="136.32302">
        <ele>294.89</ele>
      </trkpt>
      <trkpt lat="34.911936" lon="136.322296">
        <ele>292.27</ele>
      </trkpt>
      <trkpt lat="34.911889" lon="136.3223">
        <ele>292.67</ele>
      </trkpt>
      <trkpt lat="34.911889" lon="136.3223">
        <ele>292.68</ele>
      </trkpt>
      <trkpt lat="34.911936" lon="136.322296">
        <ele>292.27</ele>
      </trkpt>
      <trkpt lat="34.912048" lon="136.322269">
        <ele>290.6</ele>
      </trkpt>
      <trkpt lat="34.912147" lon="136.322237">
        <ele>290.4</ele>
      </trkpt>
      <trkpt lat="34.912368" lon="136.32215">
        <ele>292.32</ele>
      </trkpt>
      <trkpt lat="34.912929" lon="136.321918">
        <ele>289.43</ele>
      </trkpt>
      <trkpt lat="34.913185" lon="136.321835">
        <ele>289.63</ele>
      </trkpt>
      <trkpt lat="34.913384" lon="136.321753">
        <ele>289.27</ele>
      </trkpt>
      <trkpt lat="34.913566" lon="136.321646">
        <ele>289.79</ele>
      </trkpt>
      <trkpt lat="34.913561" lon="136.321632"/>
      <trkpt lat="34.913566" lon="136.321646">
        <ele>289.79</ele>
      </trkpt>
      <trkpt lat="34.913783" lon="136.321491">
        <ele>289.35</ele>
      </trkpt>
      <trkpt lat="34.914537" lon="136.320741">
        <ele>287.55</ele>
      </trkpt>
      <trkpt lat="34.914751" lon="136.320538">
        <ele>287.8</ele>
      </trkpt>
      <trkpt lat="34.915057" lon="136.32022">
        <ele>287.43</ele>
      </trkpt>
      <trkpt lat="34.915073" lon="136.320187">
        <ele>287.33</ele>
      </trkpt>
      <trkpt lat="34.915124" lon="136.320079">
        <ele>287</ele>
      </trkpt>
      <trkpt lat="34.915295" lon="136.319663">
        <ele>285.83</ele>
      </trkpt>
      <trkpt lat="34.915523" lon="136.319145">
        <ele>285.88</ele>
      </trkpt>
      <trkpt lat="34.915594" lon="136.319037">
        <ele>285.78</ele>
      </trkpt>
      <trkpt lat="34.915685" lon="136.31892">
        <ele>285.81</ele>
      </trkpt>
      <trkpt lat="34.915982" lon="136.318592">
        <ele>285.34</ele>
      </trkpt>
      <trkpt lat="34.915998" lon="136.318559">
        <ele>285.29</ele>
      </trkpt>
      <trkpt lat="34.915998" lon="136.318559">
        <ele>285.29</ele>
      </trkpt>
      <trkpt lat="34.915998" lon="136.318559">
        <ele>285.29</ele>
      </trkpt>
      <trkpt lat="34.916134" lon="136.318272">
        <ele>284.89</ele>
      </trkpt>
      <trkpt lat="34.916151" lon="136.31822">
        <ele>284.77</ele>
      </trkpt>
      <trkpt lat="34.916205" lon="136.317907">
        <ele>284.63</ele>
      </trkpt>
      <trkpt lat="34.916225" lon="136.317722">
        <ele>285.02</ele>
      </trkpt>
      <trkpt lat="34.916298" lon="136.317457">
        <ele>284.9</ele>
      </trkpt>
      <trkpt lat="34.916306" lon="136.317385">
        <ele>284.67</ele>
      </trkpt>
      <trkpt lat="34.916295" lon="136.317313">
        <ele>285.05</ele>
      </trkpt>
      <trkpt lat="34.916242" lon="136.317239">
        <ele>286.12</ele>
      </trkpt>
      <trkpt lat="34.916242" lon="136.317239">
        <ele>286.12</ele>
      </trkpt>
      <trkpt lat="34.916249" lon="136.317247">
        <ele>286.07</ele>
      </trkpt>
      <trkpt lat="34.916282" lon="136.317176">
        <ele>285.78</ele>
      </trkpt>
      <trkpt lat="34.916304" lon="136.317069">
        <ele>285.68</ele>
      </trkpt>
      <trkpt lat="34.916421" lon="136.316847">
        <ele>285.3</ele>
      </trkpt>
      <trkpt lat="34.916688" lon="136.316513">
        <ele>283.87</ele>
      </trkpt>
      <trkpt lat="34.916974" lon="136.316231">
        <ele>285</ele>
      </trkpt>
      <trkpt lat="34.918412" lon="136.31496">
        <ele>286</ele>
      </trkpt>
      <trkpt lat="34.918626" lon="136.314759">
        <ele>286.05</ele>
      </trkpt>
      <trkpt lat="34.918867" lon="136.314487">
        <ele>286.97</ele>
      </trkpt>
      <trkpt lat="34.919005" lon="136.314304">
        <ele>286.89</ele>
      </trkpt>
      <trkpt lat="34.91908" lon="136.314206">
        <ele>286.85</ele>
      </trkpt>
      <trkpt lat="34.919263" lon="136.313884">
        <ele>285.11</ele>
      </trkpt>
      <trkpt lat="34.919394" lon="136.313598">
        <ele>284.48</ele>
      </trkpt>
      <trkpt lat="34.919495" lon="136.313246">
        <ele>284.79</ele>
      </trkpt>
      <trkpt lat="34.919701" lon="136.31227">
        <ele>283.95</ele>
      </trkpt>
      <trkpt lat="34.919743" lon="136.312177">
        <ele>283.56</ele>
      </trkpt>
      <trkpt lat="34.919786" lon="136.311959">
        <ele>283.98</ele>
      </trkpt>
      <trkpt lat="34.919786" lon="136.311959">
        <ele>283.98</ele>
      </trkpt>
      <trkpt lat="34.919844" lon="136.311664">
        <ele>284.54</ele>
      </trkpt>
      <trkpt lat="34.919867" lon="136.311623">
        <ele>284.52</ele>
      </trkpt>
      <trkpt lat="34.919903" lon="136.311508">
        <ele>284.86</ele>
      </trkpt>
      <trkpt lat="34.919956" lon="136.311542">
        <ele>284.02</ele>
      </trkpt>
      <trkpt lat="34.920032" lon="136.311628">
        <ele>283.08</ele>
      </trkpt>
      <trkpt lat="34.920052" lon="136.31169">
        <ele>283.31</ele>
      </trkpt>
      <trkpt lat="34.92005" lon="136.311752">
        <ele>283.63</ele>
      </trkpt>
      <trkpt lat="34.92003" lon="136.311811">
        <ele>283.95</ele>
      </trkpt>
      <trkpt lat="34.920015" lon="136.311831">
        <ele>283.93</ele>
      </trkpt>
      <trkpt lat="34.920155" lon="136.312024">
        <ele>280.11</ele>
      </trkpt>
      <trkpt lat="34.920277" lon="136.312187">
        <ele>279.42</ele>
      </trkpt>
      <trkpt lat="34.920277" lon="136.312187">
        <ele>279.42</ele>
      </trkpt>
      <trkpt lat="34.920286" lon="136.312197">
        <ele>279.37</ele>
      </trkpt>
      <trkpt lat="34.920392" lon="136.311892">
        <ele>279</ele>
      </trkpt>
      <trkpt lat="34.920633" lon="136.311317">
        <ele>277.05</ele>
      </trkpt>
      <trkpt lat="34.920696" lon="136.311136">
        <ele>277</ele>
      </trkpt>
      <trkpt lat="34.920711" lon="136.311061">
        <ele>277</ele>
      </trkpt>
      <trkpt lat="34.920721" lon="136.310954">
        <ele>277</ele>
      </trkpt>
      <trkpt lat="34.920724" lon="136.310805">
        <ele>277</ele>
      </trkpt>
      <trkpt lat="34.920684" lon="136.310517">
        <ele>277.6</ele>
      </trkpt>
      <trkpt lat="34.920681" lon="136.31039">
        <ele>278.33</ele>
      </trkpt>
      <trkpt lat="34.920726" lon="136.310187">
        <ele>280.71</ele>
      </trkpt>
      <trkpt lat="34.920755" lon="136.309996">
        <ele>282.66</ele>
      </trkpt>
      <trkpt lat="34.920751" lon="136.309941">
        <ele>283.35</ele>
      </trkpt>
      <trkpt lat="34.920743" lon="136.309925">
        <ele>283.75</ele>
      </trkpt>
      <trkpt lat="34.92074" lon="136.309927"/>
      <trkpt lat="34.920743" lon="136.309925">
        <ele>283.75</ele>
      </trkpt>
      <trkpt lat="34.920734" lon="136.309905">
        <ele>284.24</ele>
      </trkpt>
      <trkpt lat="34.920716" lon="136.309893">
        <ele>284.77</ele>
      </trkpt>
      <trkpt lat="34.92062" lon="136.309896">
        <ele>286.6</ele>
      </trkpt>
      <trkpt lat="34.920538" lon="136.309887">
        <ele>288.01</ele>
      </trkpt>
      <trkpt lat="34.920486" lon="136.309863">
        <ele>289.3</ele>
      </trkpt>
      <trkpt lat="34.920397" lon="136.309788">
        <ele>292.05</ele>
      </trkpt>
      <trkpt lat="34.920335" lon="136.309691">
        <ele>293.75</ele>
      </trkpt>
      <trkpt lat="34.920277" lon="136.309539">
        <ele>294.77</ele>
      </trkpt>
      <trkpt lat="34.920265" lon="136.309463">
        <ele>295.13</ele>
      </trkpt>
      <trkpt lat="34.920262" lon="136.30944">
        <ele>295.24</ele>
      </trkpt>
      <trkpt lat="34.920333" lon="136.309255">
        <ele>295.27</ele>
      </trkpt>
      <trkpt lat="34.920384" lon="136.30915">
        <ele>296.11</ele>
      </trkpt>
      <trkpt lat="34.92045" lon="136.309027">
        <ele>296.3</ele>
      </trkpt>
      <trkpt lat="34.920564" lon="136.308853">
        <ele>296.64</ele>
      </trkpt>
      <trkpt lat="34.920644" lon="136.308745">
        <ele>296.28</ele>
      </trkpt>
      <trkpt lat="34.920881" lon="136.308499">
        <ele>294.52</ele>
      </trkpt>
      <trkpt lat="34.921053" lon="136.308358">
        <ele>293.7</ele>
      </trkpt>
      <trkpt lat="34.921247" lon="136.308242">
        <ele>292.48</ele>
      </trkpt>
      <trkpt lat="34.921888" lon="136.307901">
        <ele>288.56</ele>
      </trkpt>
      <trkpt lat="34.922111" lon="136.307737">
        <ele>287.48</ele>
      </trkpt>
      <trkpt lat="34.922244" lon="136.307612">
        <ele>286.52</ele>
      </trkpt>
      <trkpt lat="34.922235" lon="136.307598"/>
      <trkpt lat="34.922244" lon="136.307612">
        <ele>286.52</ele>
      </trkpt>
      <trkpt lat="34.922306" lon="136.307553">
        <ele>286.06</ele>
      </trkpt>
      <trkpt lat="34.922492" lon="136.307317">
        <ele>284.8</ele>
      </trkpt>
      <trkpt lat="34.922665" lon="136.307057">
        <ele>283.82</ele>
      </trkpt>
      <trkpt lat="34.922813" lon="136.30677">
        <ele>282.38</ele>
      </trkpt>
      <trkpt lat="34.922923" lon="136.306473">
        <ele>280.89</ele>
      </trkpt>
      <trkpt lat="34.922973" lon="136.306284">
        <ele>279.8</ele>
      </trkpt>
      <trkpt lat="34.923095" lon="136.306044">
        <ele>278.25</ele>
      </trkpt>
      <trkpt lat="34.923236" lon="136.305822">
        <ele>275.59</ele>
      </trkpt>
      <trkpt lat="34.923474" lon="136.305361">
        <ele>275</ele>
      </trkpt>
      <trkpt lat="34.923537" lon="136.305261">
        <ele>275</ele>
      </trkpt>
      <trkpt lat="34.923669" lon="136.305103">
        <ele>275.54</ele>
      </trkpt>
      <trkpt lat="34.923783" lon="136.304995">
        <ele>276</ele>
      </trkpt>
      <trkpt lat="34.924137" lon="136.30462">
        <ele>273.26</ele>
      </trkpt>
      <trkpt lat="34.924282" lon="136.30441">
        <ele>272</ele>
      </trkpt>
      <trkpt lat="34.92465" lon="136.303844">
        <ele>267.6</ele>
      </trkpt>
      <trkpt lat="34.924789" lon="136.303601">
        <ele>265.39</ele>
      </trkpt>
      <trkpt lat="34.924836" lon="136.303553">
        <ele>264.96</ele>
      </trkpt>
      <trkpt lat="34.924851" lon="136.303538">
        <ele>264.83</ele>
      </trkpt>
      <trkpt lat="34.924951" lon="136.303499">
        <ele>264.6</ele>
      </trkpt>
      <trkpt lat="34.925581" lon="136.303384">
        <ele>264</ele>
      </trkpt>
      <trkpt lat="34.925693" lon="136.303352">
        <ele>264</ele>
      </trkpt>
      <trkpt lat="34.925693" lon="136.303352">
        <ele>264</ele>
      </trkpt>
      <trkpt lat="34.925939" lon="136.303081">
        <ele>263.28</ele>
      </trkpt>
      <trkpt lat="34.926186" lon="136.302776">
        <ele>262.92</ele>
      </trkpt>
      <trkpt lat="34.926267" lon="136.302646">
        <ele>262.4</ele>
      </trkpt>
      <trkpt lat="34.926343" lon="136.302472">
        <ele>263.13</ele>
      </trkpt>
      <trkpt lat="34.926467" lon="136.302116">
        <ele>262.74</ele>
      </trkpt>
      <trkpt lat="34.926537" lon="136.301993">
        <ele>260.92</ele>
      </trkpt>
      <trkpt lat="34.926695" lon="136.301804">
        <ele>259.49</ele>
      </trkpt>
      <trkpt lat="34.926976" lon="136.301641">
        <ele>258.59</ele>
      </trkpt>
      <trkpt lat="34.927035" lon="136.301594">
        <ele>258.24</ele>
      </trkpt>
      <trkpt lat="34.927084" lon="136.301523">
        <ele>257.9</ele>
      </trkpt>
      <trkpt lat="34.927459" lon="136.300777">
        <ele>256</ele>
      </trkpt>
      <trkpt lat="34.927823" lon="136.300093">
        <ele>256</ele>
      </trkpt>
      <trkpt lat="34.928059" lon="136.299537">
        <ele>255</ele>
      </trkpt>
      <trkpt lat="34.928178" lon="136.299111">
        <ele>254.4</ele>
      </trkpt>
      <trkpt lat="34.928178" lon="136.299111">
        <ele>254.4</ele>
      </trkpt>
      <trkpt lat="34.928287" lon="136.29893">
        <ele>251.8</ele>
      </trkpt>
      <trkpt lat="34.928679" lon="136.298597">
        <ele>253.77</ele>
      </trkpt>
      <trkpt lat="34.928813" lon="136.298407">
        <ele>254</ele>
      </trkpt>
      <trkpt lat="34.928976" lon="136.298215">
        <ele>254</ele>
      </trkpt>
      <trkpt lat="34.929245" lon="136.297754">
        <ele>254.1</ele>
      </trkpt>
      <trkpt lat="34.929245" lon="136.297754">
        <ele>254.1</ele>
      </trkpt>
      <trkpt lat="34.929248" lon="136.297748">
        <ele>254.1</ele>
      </trkpt>
      <trkpt lat="34.928653" lon="136.297123">
        <ele>253</ele>
      </trkpt>
      <trkpt lat="34.928256" lon="136.296707">
        <ele>253.99</ele>
      </trkpt>
      <trkpt lat="34.928182" lon="136.296611">
        <ele>253.56</ele>
      </trkpt>
      <trkpt lat="34.928118" lon="136.296508">
        <ele>253</ele>
      </trkpt>
      <trkpt lat="34.927556" lon="136.29584">
        <ele>252.16</ele>
      </trkpt>
      <trkpt lat="34.927473" lon="136.295686">
        <ele>252.01</ele>
      </trkpt>
      <trkpt lat="34.927469" lon="136.295689"/>
      <trkpt lat="34.927473" lon="136.295686">
        <ele>252.01</ele>
      </trkpt>
      <trkpt lat="34.927465" lon="136.295671">
        <ele>252</ele>
      </trkpt>
      <trkpt lat="34.927516" lon="136.295549">
        <ele>252</ele>
      </trkpt>
      <trkpt lat="34.927681" lon="136.295212">
        <ele>252</ele>
      </trkpt>
      <trkpt lat="34.927835" lon="136.294832">
        <ele>251.02</ele>
      </trkpt>
      <trkpt lat="34.928046" lon="136.294094">
        <ele>250</ele>
      </trkpt>
      <trkpt lat="34.928126" lon="136.293846">
        <ele>250</ele>
      </trkpt>
      <trkpt lat="34.928353" lon="136.293317">
        <ele>249.31</ele>
      </trkpt>
      <trkpt lat="34.928459" lon="136.293105">
        <ele>249</ele>
      </trkpt>
      <trkpt lat="34.928513" lon="136.293027">
        <ele>249</ele>
      </trkpt>
      <trkpt lat="34.928537" lon="136.292993">
        <ele>249</ele>
      </trkpt>
      <trkpt lat="34.928606" lon="136.292934">
        <ele>249</ele>
      </trkpt>
      <trkpt lat="34.928743" lon="136.292853">
        <ele>249.15</ele>
      </trkpt>
      <trkpt lat="34.92895" lon="136.292744">
        <ele>250</ele>
      </trkpt>
      <trkpt lat="34.92903" lon="136.292719">
        <ele>250</ele>
      </trkpt>
      <trkpt lat="34.929117" lon="136.292673">
        <ele>250</ele>
      </trkpt>
      <trkpt lat="34.9292" lon="136.292613">
        <ele>250</ele>
      </trkpt>
      <trkpt lat="34.929361" lon="136.292471">
        <ele>250.44</ele>
      </trkpt>
      <trkpt lat="34.929458" lon="136.292372">
        <ele>250.54</ele>
      </trkpt>
      <trkpt lat="34.929531" lon="136.292283">
        <ele>250.5</ele>
      </trkpt>
      <trkpt lat="34.929531" lon="136.292283">
        <ele>250.5</ele>
      </trkpt>
      <trkpt lat="34.92977" lon="136.291874">
        <ele>250.82</ele>
      </trkpt>
      <trkpt lat="34.929841" lon="136.291791">
        <ele>251</ele>
      </trkpt>
      <trkpt lat="34.929946" lon="136.291647">
        <ele>251</ele>
      </trkpt>
      <trkpt lat="34.930084" lon="136.291485">
        <ele>251</ele>
      </trkpt>
      <trkpt lat="34.93091" lon="136.290572">
        <ele>250.06</ele>
      </trkpt>
      <trkpt lat="34.931291" lon="136.290125">
        <ele>250</ele>
      </trkpt>
      <trkpt lat="34.931291" lon="136.290125">
        <ele>250</ele>
      </trkpt>
      <trkpt lat="34.931527" lon="136.289828">
        <ele>250</ele>
      </trkpt>
      <trkpt lat="34.931709" lon="136.289576">
        <ele>250</ele>
      </trkpt>
      <trkpt lat="34.931881" lon="136.289228">
        <ele>249.92</ele>
      </trkpt>
      <trkpt lat="34.932044" lon="136.288923">
        <ele>249.06</ele>
      </trkpt>
      <trkpt lat="34.932233" lon="136.288622">
        <ele>249.35</ele>
      </trkpt>
      <trkpt lat="34.932747" lon="136.287895">
        <ele>249</ele>
      </trkpt>
      <trkpt lat="34.933297" lon="136.287003">
        <ele>248.13</ele>
      </trkpt>
      <trkpt lat="34.93345" lon="136.286784">
        <ele>247.48</ele>
      </trkpt>
      <trkpt lat="34.933824" lon="136.286355">
        <ele>244.46</ele>
      </trkpt>
      <trkpt lat="34.934052" lon="136.286081">
        <ele>245.84</ele>
      </trkpt>
      <trkpt lat="34.934104" lon="136.285971">
        <ele>246.42</ele>
      </trkpt>
      <trkpt lat="34.934104" lon="136.285971">
        <ele>246.42</ele>
      </trkpt>
      <trkpt lat="34.934155" lon="136.285861">
        <ele>246.99</ele>
      </trkpt>
      <trkpt lat="34.934311" lon="136.285406">
        <ele>248</ele>
      </trkpt>
      <trkpt lat="34.934547" lon="136.28462">
        <ele>248</ele>
      </trkpt>
      <trkpt lat="34.934609" lon="136.284387">
        <ele>248</ele>
      </trkpt>
      <trkpt lat="34.934674" lon="136.283978">
        <ele>247.62</ele>
      </trkpt>
      <trkpt lat="34.934674" lon="136.283978">
        <ele>247.62</ele>
      </trkpt>
      <trkpt lat="34.934758" lon="136.283113">
        <ele>247</ele>
      </trkpt>
      <trkpt lat="34.934804" lon="136.282698">
        <ele>246</ele>
      </trkpt>
      <trkpt lat="34.934812" lon="136.282404">
        <ele>246</ele>
      </trkpt>
      <trkpt lat="34.934812" lon="136.282404">
        <ele>246</ele>
      </trkpt>
      <trkpt lat="34.934818" lon="136.282309">
        <ele>246</ele>
      </trkpt>
      <trkpt lat="34.934804" lon="136.281819">
        <ele>245</ele>
      </trkpt>
      <trkpt lat="34.93476" lon="136.281448">
        <ele>244</ele>
      </trkpt>
      <trkpt lat="34.934662" lon="136.280908">
        <ele>243</ele>
      </trkpt>
      <trkpt lat="34.934666" lon="136.280617">
        <ele>243</ele>
      </trkpt>
      <trkpt lat="34.934698" lon="136.280396">
        <ele>242.28</ele>
      </trkpt>
      <trkpt lat="34.934758" lon="136.280203">
        <ele>242</ele>
      </trkpt>
      <trkpt lat="34.934818" lon="136.280117">
        <ele>241.62</ele>
      </trkpt>
      <trkpt lat="34.934818" lon="136.280117">
        <ele>241.62</ele>
      </trkpt>
      <trkpt lat="34.934864" lon="136.280052">
        <ele>241.33</ele>
      </trkpt>
      <trkpt lat="34.93496" lon="136.279963">
        <ele>241</ele>
      </trkpt>
      <trkpt lat="34.935207" lon="136.279846">
        <ele>241</ele>
      </trkpt>
      <trkpt lat="34.935496" lon="136.27969">
        <ele>242</ele>
      </trkpt>
      <trkpt lat="34.935974" lon="136.279286">
        <ele>243</ele>
      </trkpt>
      <trkpt lat="34.936712" lon="136.278739">
        <ele>243.02</ele>
      </trkpt>
      <trkpt lat="34.937287" lon="136.278153">
        <ele>243</ele>
      </trkpt>
      <trkpt lat="34.937789" lon="136.277805">
        <ele>243</ele>
      </trkpt>
      <trkpt lat="34.937865" lon="136.277744">
        <ele>243</ele>
      </trkpt>
      <trkpt lat="34.937865" lon="136.277744">
        <ele>243</ele>
      </trkpt>
      <trkpt lat="34.937865" lon="136.277744">
        <ele>243</ele>
      </trkpt>
      <trkpt lat="34.937962" lon="136.277668">
        <ele>243</ele>
      </trkpt>
      <trkpt lat="34.938113" lon="136.277492">
        <ele>243.74</ele>
      </trkpt>
      <trkpt lat="34.938167" lon="136.277429">
        <ele>244</ele>
      </trkpt>
      <trkpt lat="34.938148" lon="136.277504">
        <ele>244</ele>
      </trkpt>
      <trkpt lat="34.93824" lon="136.277535">
        <ele>244</ele>
      </trkpt>
      <trkpt lat="34.938405" lon="136.276872">
        <ele>243.8</ele>
      </trkpt>
      <trkpt lat="34.938565" lon="136.276256">
        <ele>242.19</ele>
      </trkpt>
      <trkpt lat="34.938565" lon="136.276256">
        <ele>242.19</ele>
      </trkpt>
      <trkpt lat="34.938564" lon="136.27626">
        <ele>242.19</ele>
      </trkpt>
      <trkpt lat="34.93861" lon="136.276238">
        <ele>242.05</ele>
      </trkpt>
      <trkpt lat="34.938906" lon="136.276007">
        <ele>241</ele>
      </trkpt>
      <trkpt lat="34.939117" lon="136.27583">
        <ele>241</ele>
      </trkpt>
      <trkpt lat="34.939501" lon="136.275433">
        <ele>241</ele>
      </trkpt>
      <trkpt lat="34.939716" lon="136.275246">
        <ele>241.12</ele>
      </trkpt>
      <trkpt lat="34.939869" lon="136.27514">
        <ele>241</ele>
      </trkpt>
      <trkpt lat="34.940056" lon="136.275029">
        <ele>241</ele>
      </trkpt>
      <trkpt lat="34.940238" lon="136.274932">
        <ele>240.02</ele>
      </trkpt>
      <trkpt lat="34.940417" lon="136.274818">
        <ele>240</ele>
      </trkpt>
      <trkpt lat="34.940632" lon="136.27463">
        <ele>240</ele>
      </trkpt>
      <trkpt lat="34.940743" lon="136.274432">
        <ele>239.6</ele>
      </trkpt>
      <trkpt lat="34.940732" lon="136.274427">
        <ele>239.57</ele>
      </trkpt>
      <trkpt lat="34.940733" lon="136.274425"/>
      <trkpt lat="34.940732" lon="136.274427">
        <ele>239.57</ele>
      </trkpt>
      <trkpt lat="34.94052" lon="136.274325">
        <ele>239</ele>
      </trkpt>
      <trkpt lat="34.940362" lon="136.274271">
        <ele>239.67</ele>
      </trkpt>
      <trkpt lat="34.940284" lon="136.274255">
        <ele>239.57</ele>
      </trkpt>
      <trkpt lat="34.939725" lon="136.274221">
        <ele>239.38</ele>
      </trkpt>
      <trkpt lat="34.939643" lon="136.274203">
        <ele>239.27</ele>
      </trkpt>
      <trkpt lat="34.939606" lon="136.274194">
        <ele>239.22</ele>
      </trkpt>
      <trkpt lat="34.939071" lon="136.273949">
        <ele>239</ele>
      </trkpt>
      <trkpt lat="34.93894" lon="136.273843">
        <ele>239</ele>
      </trkpt>
      <trkpt lat="34.938639" lon="136.273513">
        <ele>238.18</ele>
      </trkpt>
      <trkpt lat="34.938591" lon="136.273491">
        <ele>238.05</ele>
      </trkpt>
      <trkpt lat="34.938591" lon="136.273491">
        <ele>238.05</ele>
      </trkpt>
      <trkpt lat="34.938591" lon="136.273491">
        <ele>238.05</ele>
      </trkpt>
      <trkpt lat="34.938523" lon="136.273461">
        <ele>237.88</ele>
      </trkpt>
      <trkpt lat="34.938297" lon="136.272398">
        <ele>237.05</ele>
      </trkpt>
      <trkpt lat="34.938297" lon="136.272398">
        <ele>237.05</ele>
      </trkpt>
      <trkpt lat="34.93819" lon="136.271893">
        <ele>236</ele>
      </trkpt>
      <trkpt lat="34.938232" lon="136.271882">
        <ele>236</ele>
      </trkpt>
      <trkpt lat="34.93823" lon="136.271848">
        <ele>236</ele>
      </trkpt>
      <trkpt lat="34.937987" lon="136.270703">
        <ele>235.09</ele>
      </trkpt>
      <trkpt lat="34.937987" lon="136.270703">
        <ele>235.09</ele>
      </trkpt>
      <trkpt lat="34.937987" lon="136.270703">
        <ele>235.09</ele>
      </trkpt>
      <trkpt lat="34.937942" lon="136.270446">
        <ele>235</ele>
      </trkpt>
      <trkpt lat="34.937929" lon="136.27019">
        <ele>234.34</ele>
      </trkpt>
      <trkpt lat="34.937927" lon="136.269912">
        <ele>232.34</ele>
      </trkpt>
      <trkpt lat="34.937927" lon="136.269912">
        <ele>232.34</ele>
      </trkpt>
      <trkpt lat="34.937937" lon="136.268647">
        <ele>232.76</ele>
      </trkpt>
      <trkpt lat="34.937917" lon="136.268529">
        <ele>233.47</ele>
      </trkpt>
      <trkpt lat="34.937922" lon="136.268049">
        <ele>234.31</ele>
      </trkpt>
      <trkpt lat="34.937944" lon="136.267958">
        <ele>234.77</ele>
      </trkpt>
      <trkpt lat="34.93795" lon="136.267872">
        <ele>234.81</ele>
      </trkpt>
      <trkpt lat="34.938282" lon="136.267961">
        <ele>234</ele>
      </trkpt>
      <trkpt lat="34.939098" lon="136.268189">
        <ele>234.99</ele>
      </trkpt>
      <trkpt lat="34.939251" lon="136.268221">
        <ele>235</ele>
      </trkpt>
      <trkpt lat="34.939374" lon="136.268229">
        <ele>235</ele>
      </trkpt>
      <trkpt lat="34.939374" lon="136.26824"/>
      <trkpt lat="34.940161" lon="136.268197"/>
      <trkpt lat="34.940658" lon="136.268224"/>
      <trkpt lat="34.940407" lon="136.267875"/>
      <trkpt lat="34.939726" lon="136.267172"/>
      <trkpt lat="34.939723" lon="136.267178">
        <ele>235</ele>
      </trkpt>
      <trkpt lat="34.93968" lon="136.267144">
        <ele>235</ele>
      </trkpt>
      <trkpt lat="34.939509" lon="136.267056">
        <ele>235.53</ele>
      </trkpt>
      <trkpt lat="34.939203" lon="136.266973">
        <ele>234.7</ele>
      </trkpt>
      <trkpt lat="34.939113" lon="136.266919">
        <ele>234.54</ele>
      </trkpt>
      <trkpt lat="34.93897" lon="136.266812">
        <ele>235.55</ele>
      </trkpt>
      <trkpt lat="34.938671" lon="136.266566">
        <ele>235.29</ele>
      </trkpt>
      <trkpt lat="34.938634" lon="136.266516">
        <ele>235.35</ele>
      </trkpt>
      <trkpt lat="34.938524" lon="136.266366">
        <ele>235.51</ele>
      </trkpt>
      <trkpt lat="34.938416" lon="136.266176">
        <ele>235.64</ele>
      </trkpt>
      <trkpt lat="34.938224" lon="136.265723">
        <ele>235.55</ele>
      </trkpt>
      <trkpt lat="34.938126" lon="136.265531">
        <ele>235.13</ele>
      </trkpt>
      <trkpt lat="34.938094" lon="136.265454">
        <ele>234.93</ele>
      </trkpt>
      <trkpt lat="34.938063" lon="136.26539">
        <ele>234.99</ele>
      </trkpt>
      <trkpt lat="34.93774" lon="136.264691">
        <ele>234.31</ele>
      </trkpt>
      <trkpt lat="34.937715" lon="136.264576">
        <ele>233.46</ele>
      </trkpt>
      <trkpt lat="34.937715" lon="136.264576">
        <ele>233.46</ele>
      </trkpt>
      <trkpt lat="34.937692" lon="136.26447">
        <ele>232.69</ele>
      </trkpt>
      <trkpt lat="34.937687" lon="136.264409">
        <ele>232.37</ele>
      </trkpt>
      <trkpt lat="34.937694" lon="136.264282">
        <ele>232</ele>
      </trkpt>
      <trkpt lat="34.937664" lon="136.26417">
        <ele>232</ele>
      </trkpt>
      <trkpt lat="34.937704" lon="136.263942">
        <ele>232</ele>
      </trkpt>
      <trkpt lat="34.937724" lon="136.263391">
        <ele>231.79</ele>
      </trkpt>
      <trkpt lat="34.93772" lon="136.263146">
        <ele>231.23</ele>
      </trkpt>
      <trkpt lat="34.93772" lon="136.263146">
        <ele>231.23</ele>
      </trkpt>
      <trkpt lat="34.937726" lon="136.262705">
        <ele>231</ele>
      </trkpt>
      <trkpt lat="34.937765" lon="136.262322">
        <ele>230.2</ele>
      </trkpt>
      <trkpt lat="34.937815" lon="136.262052">
        <ele>230</ele>
      </trkpt>
      <trkpt lat="34.937907" lon="136.261085">
        <ele>229.49</ele>
      </trkpt>
      <trkpt lat="34.93793" lon="136.260649">
        <ele>229</ele>
      </trkpt>
      <trkpt lat="34.937907" lon="136.260161">
        <ele>229</ele>
      </trkpt>
      <trkpt lat="34.937866" lon="136.259817">
        <ele>228.01</ele>
      </trkpt>
      <trkpt lat="34.937866" lon="136.259817">
        <ele>228.01</ele>
      </trkpt>
      <trkpt lat="34.937814" lon="136.259556">
        <ele>228</ele>
      </trkpt>
      <trkpt lat="34.937734" lon="136.259251">
        <ele>228</ele>
      </trkpt>
      <trkpt lat="34.937655" lon="136.25901">
        <ele>228</ele>
      </trkpt>
      <trkpt lat="34.93749" lon="136.258667">
        <ele>228</ele>
      </trkpt>
      <trkpt lat="34.937355" lon="136.258329">
        <ele>228</ele>
      </trkpt>
      <trkpt lat="34.937298" lon="136.258127">
        <ele>227.84</ele>
      </trkpt>
      <trkpt lat="34.937279" lon="136.25803">
        <ele>227.29</ele>
      </trkpt>
      <trkpt lat="34.937266" lon="136.257826">
        <ele>227</ele>
      </trkpt>
      <trkpt lat="34.93729" lon="136.257632">
        <ele>227</ele>
      </trkpt>
      <trkpt lat="34.93729" lon="136.257632">
        <ele>227</ele>
      </trkpt>
      <trkpt lat="34.937337" lon="136.257238">
        <ele>227</ele>
      </trkpt>
      <trkpt lat="34.93749" lon="136.256423">
        <ele>226</ele>
      </trkpt>
      <trkpt lat="34.937543" lon="136.256228">
        <ele>226</ele>
      </trkpt>
      <trkpt lat="34.937655" lon="136.255578">
        <ele>224.11</ele>
      </trkpt>
      <trkpt lat="34.937655" lon="136.255578">
        <ele>224.11</ele>
      </trkpt>
      <trkpt lat="34.93777" lon="136.255246">
        <ele>223.06</ele>
      </trkpt>
      <trkpt lat="34.937833" lon="136.255096">
        <ele>223</ele>
      </trkpt>
      <trkpt lat="34.937968" lon="136.25489">
        <ele>223</ele>
      </trkpt>
      <trkpt lat="34.938143" lon="136.25472">
        <ele>223</ele>
      </trkpt>
      <trkpt lat="34.93856" lon="136.254412">
        <ele>223</ele>
      </trkpt>
      <trkpt lat="34.938682" lon="136.254278">
        <ele>223</ele>
      </trkpt>
      <trkpt lat="34.938682" lon="136.254278">
        <ele>223</ele>
      </trkpt>
      <trkpt lat="34.938924" lon="136.253931">
        <ele>223</ele>
      </trkpt>
      <trkpt lat="34.939031" lon="136.253654">
        <ele>223</ele>
      </trkpt>
      <trkpt lat="34.939034" lon="136.253656">
        <ele>223</ele>
      </trkpt>
      <trkpt lat="34.939035" lon="136.253654"/>
      <trkpt lat="34.939034" lon="136.253656">
        <ele>223</ele>
      </trkpt>
      <trkpt lat="34.939031" lon="136.253654">
        <ele>223</ele>
      </trkpt>
      <trkpt lat="34.939083" lon="136.253464">
        <ele>222.7</ele>
      </trkpt>
      <trkpt lat="34.93913" lon="136.253216">
        <ele>222.05</ele>
      </trkpt>
      <trkpt lat="34.939232" lon="136.252298">
        <ele>221</ele>
      </trkpt>
      <trkpt lat="34.939275" lon="136.251753">
        <ele>222</ele>
      </trkpt>
      <trkpt lat="34.939303" lon="136.251527">
        <ele>222</ele>
      </trkpt>
      <trkpt lat="34.939531" lon="136.250685">
        <ele>222</ele>
      </trkpt>
      <trkpt lat="34.939625" lon="136.250287">
        <ele>220.92</ele>
      </trkpt>
      <trkpt lat="34.939644" lon="136.250228">
        <ele>220.71</ele>
      </trkpt>
      <trkpt lat="34.939688" lon="136.250094">
        <ele>220.25</ele>
      </trkpt>
      <trkpt lat="34.939801" lon="136.249854">
        <ele>220.78</ele>
      </trkpt>
      <trkpt lat="34.939938" lon="136.249611">
        <ele>221</ele>
      </trkpt>
      <trkpt lat="34.940164" lon="136.24927">
        <ele>221</ele>
      </trkpt>
      <trkpt lat="34.940282" lon="136.249075">
        <ele>221</ele>
      </trkpt>
      <trkpt lat="34.940282" lon="136.249075">
        <ele>221</ele>
      </trkpt>
      <trkpt lat="34.940372" lon="136.248826">
        <ele>220.73</ele>
      </trkpt>
      <trkpt lat="34.940436" lon="136.248573">
        <ele>220.11</ele>
      </trkpt>
      <trkpt lat="34.940558" lon="136.248188">
        <ele>220</ele>
      </trkpt>
      <trkpt lat="34.940664" lon="136.247812">
        <ele>219.06</ele>
      </trkpt>
      <trkpt lat="34.940742" lon="136.247433">
        <ele>219</ele>
      </trkpt>
      <trkpt lat="34.940804" lon="136.247076">
        <ele>219</ele>
      </trkpt>
      <trkpt lat="34.940847" lon="136.246906">
        <ele>219</ele>
      </trkpt>
      <trkpt lat="34.940875" lon="136.246831">
        <ele>219</ele>
      </trkpt>
      <trkpt lat="34.940875" lon="136.246831">
        <ele>219</ele>
      </trkpt>
      <trkpt lat="34.940984" lon="136.246603">
        <ele>219</ele>
      </trkpt>
      <trkpt lat="34.941092" lon="136.246412">
        <ele>218.97</ele>
      </trkpt>
      <trkpt lat="34.941469" lon="136.245781">
        <ele>218</ele>
      </trkpt>
      <trkpt lat="34.94151" lon="136.245698">
        <ele>218</ele>
      </trkpt>
      <trkpt lat="34.941838" lon="136.244939">
        <ele>217.66</ele>
      </trkpt>
      <trkpt lat="34.941894" lon="136.244742">
        <ele>216</ele>
      </trkpt>
      <trkpt lat="34.941894" lon="136.244742">
        <ele>216</ele>
      </trkpt>
      <trkpt lat="34.942089" lon="136.243514">
        <ele>216</ele>
      </trkpt>
      <trkpt lat="34.942229" lon="136.242721">
        <ele>216</ele>
      </trkpt>
      <trkpt lat="34.942388" lon="136.241924">
        <ele>214.72</ele>
      </trkpt>
      <trkpt lat="34.942409" lon="136.241781">
        <ele>214.34</ele>
      </trkpt>
      <trkpt lat="34.94254" lon="136.241185">
        <ele>213.3</ele>
      </trkpt>
      <trkpt lat="34.94273" lon="136.240411">
        <ele>212.89</ele>
      </trkpt>
      <trkpt lat="34.942852" lon="136.239955">
        <ele>212.2</ele>
      </trkpt>
      <trkpt lat="34.942891" lon="136.239859">
        <ele>212.24</ele>
      </trkpt>
      <trkpt lat="34.942891" lon="136.239859">
        <ele>212.24</ele>
      </trkpt>
      <trkpt lat="34.942953" lon="136.239707">
        <ele>212.3</ele>
      </trkpt>
      <trkpt lat="34.943504" lon="136.238534">
        <ele>212.89</ele>
      </trkpt>
      <trkpt lat="34.943683" lon="136.238131">
        <ele>211.55</ele>
      </trkpt>
      <trkpt lat="34.943872" lon="136.237793">
        <ele>211.48</ele>
      </trkpt>
      <trkpt lat="34.943904" lon="136.237758">
        <ele>211.38</ele>
      </trkpt>
      <trkpt lat="34.944064" lon="136.237432">
        <ele>211.16</ele>
      </trkpt>
      <trkpt lat="34.944064" lon="136.237432">
        <ele>211.16</ele>
      </trkpt>
      <trkpt lat="34.944132" lon="136.237294">
        <ele>211.07</ele>
      </trkpt>
      <trkpt lat="34.944132" lon="136.237294">
        <ele>211.07</ele>
      </trkpt>
      <trkpt lat="34.944187" lon="136.237183">
        <ele>211</ele>
      </trkpt>
      <trkpt lat="34.944419" lon="136.236611">
        <ele>210.3</ele>
      </trkpt>
      <trkpt lat="34.944686" lon="136.235756">
        <ele>210</ele>
      </trkpt>
      <trkpt lat="34.94469" lon="136.235758"/>
      <trkpt lat="34.944686" lon="136.235756">
        <ele>210</ele>
      </trkpt>
      <trkpt lat="34.944766" lon="136.235483">
        <ele>210</ele>
      </trkpt>
      <trkpt lat="34.944844" lon="136.235057">
        <ele>210</ele>
      </trkpt>
      <trkpt lat="34.944856" lon="136.234935">
        <ele>210</ele>
      </trkpt>
      <trkpt lat="34.944857" lon="136.234835">
        <ele>210</ele>
      </trkpt>
      <trkpt lat="34.944842" lon="136.234725">
        <ele>210</ele>
      </trkpt>
      <trkpt lat="34.944828" lon="136.23451">
        <ele>209.7</ele>
      </trkpt>
      <trkpt lat="34.944868" lon="136.23386">
        <ele>209.13</ele>
      </trkpt>
      <trkpt lat="34.944879" lon="136.233756">
        <ele>209.04</ele>
      </trkpt>
      <trkpt lat="34.945027" lon="136.23353">
        <ele>209</ele>
      </trkpt>
      <trkpt lat="34.945322" lon="136.233155">
        <ele>209</ele>
      </trkpt>
      <trkpt lat="34.94572" lon="136.232672">
        <ele>209</ele>
      </trkpt>
      <trkpt lat="34.945804" lon="136.232588">
        <ele>208.65</ele>
      </trkpt>
      <trkpt lat="34.94588" lon="136.232535">
        <ele>208.23</ele>
      </trkpt>
      <trkpt lat="34.94588" lon="136.232535">
        <ele>208.23</ele>
      </trkpt>
      <trkpt lat="34.945909" lon="136.232515">
        <ele>208.08</ele>
      </trkpt>
      <trkpt lat="34.946017" lon="136.23248">
        <ele>208.02</ele>
      </trkpt>
      <trkpt lat="34.946415" lon="136.232391">
        <ele>208.03</ele>
      </trkpt>
      <trkpt lat="34.946585" lon="136.23234">
        <ele>208</ele>
      </trkpt>
      <trkpt lat="34.946712" lon="136.23228">
        <ele>207.99</ele>
      </trkpt>
      <trkpt lat="34.946712" lon="136.23228">
        <ele>207.99</ele>
      </trkpt>
      <trkpt lat="34.947284" lon="136.231886">
        <ele>207.24</ele>
      </trkpt>
      <trkpt lat="34.947526" lon="136.231681">
        <ele>207</ele>
      </trkpt>
      <trkpt lat="34.947882" lon="136.231335">
        <ele>207</ele>
      </trkpt>
      <trkpt lat="34.948165" lon="136.231006">
        <ele>206.09</ele>
      </trkpt>
      <trkpt lat="34.948327" lon="136.230831">
        <ele>206</ele>
      </trkpt>
      <trkpt lat="34.948381" lon="136.230783">
        <ele>206</ele>
      </trkpt>
      <trkpt lat="34.948467" lon="136.230728">
        <ele>206</ele>
      </trkpt>
      <trkpt lat="34.948544" lon="136.230703">
        <ele>206</ele>
      </trkpt>
      <trkpt lat="34.948544" lon="136.230703">
        <ele>206</ele>
      </trkpt>
      <trkpt lat="34.948583" lon="136.230691">
        <ele>206</ele>
      </trkpt>
      <trkpt lat="34.948719" lon="136.230686">
        <ele>206</ele>
      </trkpt>
      <trkpt lat="34.949094" lon="136.23074">
        <ele>206</ele>
      </trkpt>
      <trkpt lat="34.94925" lon="136.230752">
        <ele>205.66</ele>
      </trkpt>
      <trkpt lat="34.94928" lon="136.230736">
        <ele>205.63</ele>
      </trkpt>
      <trkpt lat="34.949346" lon="136.230742">
        <ele>205.85</ele>
      </trkpt>
      <trkpt lat="34.949444" lon="136.230833">
        <ele>206</ele>
      </trkpt>
      <trkpt lat="34.949565" lon="136.230931">
        <ele>206</ele>
      </trkpt>
      <trkpt lat="34.949591" lon="136.230941">
        <ele>206</ele>
      </trkpt>
      <trkpt lat="34.949646" lon="136.230938">
        <ele>206</ele>
      </trkpt>
      <trkpt lat="34.949659" lon="136.230919">
        <ele>206</ele>
      </trkpt>
      <trkpt lat="34.949659" lon="136.230919"/>
      <trkpt lat="34.949923" lon="136.230522"/>
      <trkpt lat="34.950644" lon="136.230093"/>
      <trkpt lat="34.950627" lon="136.230069">
        <ele>203.7</ele>
      </trkpt>
      <trkpt lat="34.950735" lon="136.229934">
        <ele>203.44</ele>
      </trkpt>
      <trkpt lat="34.950955" lon="136.229591">
        <ele>203.05</ele>
      </trkpt>
      <trkpt lat="34.951066" lon="136.229393">
        <ele>202.96</ele>
      </trkpt>
      <trkpt lat="34.951417" lon="136.228719">
        <ele>203.61</ele>
      </trkpt>
      <trkpt lat="34.951614" lon="136.228398">
        <ele>203.23</ele>
      </trkpt>
      <trkpt lat="34.951709" lon="136.228249">
        <ele>203</ele>
      </trkpt>
      <trkpt lat="34.951975" lon="136.227879">
        <ele>200.75</ele>
      </trkpt>
      <trkpt lat="34.95205" lon="136.227746">
        <ele>200.13</ele>
      </trkpt>
      <trkpt lat="34.9523" lon="136.227069">
        <ele>199.94</ele>
      </trkpt>
      <trkpt lat="34.952426" lon="136.226685">
        <ele>201</ele>
      </trkpt>
      <trkpt lat="34.95257" lon="136.226275">
        <ele>200.14</ele>
      </trkpt>
      <trkpt lat="34.952684" lon="136.226068">
        <ele>200.79</ele>
      </trkpt>
      <trkpt lat="34.952781" lon="136.225912">
        <ele>201.52</ele>
      </trkpt>
      <trkpt lat="34.953565" lon="136.224794">
        <ele>201</ele>
      </trkpt>
      <trkpt lat="34.953727" lon="136.224525">
        <ele>200.44</ele>
      </trkpt>
      <trkpt lat="34.953992" lon="136.223955">
        <ele>199.65</ele>
      </trkpt>
      <trkpt lat="34.954314" lon="136.223491">
        <ele>198.43</ele>
      </trkpt>
      <trkpt lat="34.954446" lon="136.223272">
        <ele>198</ele>
      </trkpt>
      <trkpt lat="34.954553" lon="136.223044">
        <ele>197.48</ele>
      </trkpt>
      <trkpt lat="34.954566" lon="136.223002">
        <ele>197.37</ele>
      </trkpt>
      <trkpt lat="34.954807" lon="136.222136">
        <ele>196</ele>
      </trkpt>
      <trkpt lat="34.954894" lon="136.2216">
        <ele>196</ele>
      </trkpt>
      <trkpt lat="34.954948" lon="136.221085">
        <ele>196</ele>
      </trkpt>
      <trkpt lat="34.955038" lon="136.22062">
        <ele>196</ele>
      </trkpt>
      <trkpt lat="34.95508" lon="136.220278">
        <ele>196</ele>
      </trkpt>
      <trkpt lat="34.955101" lon="136.219698">
        <ele>195.65</ele>
      </trkpt>
      <trkpt lat="34.955101" lon="136.219698">
        <ele>195.65</ele>
      </trkpt>
      <trkpt lat="34.955104" lon="136.219264">
        <ele>196</ele>
      </trkpt>
      <trkpt lat="34.95523" lon="136.218559">
        <ele>196</ele>
      </trkpt>
      <trkpt lat="34.955308" lon="136.21806">
        <ele>196</ele>
      </trkpt>
      <trkpt lat="34.95537" lon="136.21759">
        <ele>195.63</ele>
      </trkpt>
      <trkpt lat="34.955424" lon="136.216916">
        <ele>195.05</ele>
      </trkpt>
      <trkpt lat="34.955638" lon="136.215783">
        <ele>194.45</ele>
      </trkpt>
      <trkpt lat="34.955713" lon="136.21521">
        <ele>194.06</ele>
      </trkpt>
      <trkpt lat="34.955793" lon="136.215011">
        <ele>194</ele>
      </trkpt>
      <trkpt lat="34.955793" lon="136.215011">
        <ele>194</ele>
      </trkpt>
      <trkpt lat="34.95579" lon="136.214955">
        <ele>194</ele>
      </trkpt>
      <trkpt lat="34.955774" lon="136.214917">
        <ele>194</ele>
      </trkpt>
      <trkpt lat="34.955835" lon="136.214791">
        <ele>194.1</ele>
      </trkpt>
      <trkpt lat="34.955667" lon="136.214646">
        <ele>194</ele>
      </trkpt>
      <trkpt lat="34.955667" lon="136.214646">
        <ele>194</ele>
      </trkpt>
      <trkpt lat="34.955775" lon="136.21434">
        <ele>192.7</ele>
      </trkpt>
      <trkpt lat="34.955892" lon="136.214015">
        <ele>194</ele>
      </trkpt>
      <trkpt lat="34.956127" lon="136.213332">
        <ele>193.27</ele>
      </trkpt>
      <trkpt lat="34.956252" lon="136.213336">
        <ele>193.78</ele>
      </trkpt>
      <trkpt lat="34.956252" lon="136.213336">
        <ele>193.78</ele>
      </trkpt>
      <trkpt lat="34.956298" lon="136.213253">
        <ele>193.96</ele>
      </trkpt>
      <trkpt lat="34.956384" lon="136.212996">
        <ele>194.32</ele>
      </trkpt>
      <trkpt lat="34.956591" lon="136.212329">
        <ele>195.21</ele>
      </trkpt>
      <trkpt lat="34.956781" lon="136.211957">
        <ele>196.6</ele>
      </trkpt>
      <trkpt lat="34.957027" lon="136.211419">
        <ele>198.34</ele>
      </trkpt>
      <trkpt lat="34.957238" lon="136.210963">
        <ele>195.91</ele>
      </trkpt>
      <trkpt lat="34.957369" lon="136.210739">
        <ele>196.02</ele>
      </trkpt>
      <trkpt lat="34.957619" lon="136.210284">
        <ele>198</ele>
      </trkpt>
      <trkpt lat="34.957768" lon="136.209974">
        <ele>198</ele>
      </trkpt>
      <trkpt lat="34.957783" lon="136.209929">
        <ele>198</ele>
      </trkpt>
      <trkpt lat="34.957783" lon="136.209929">
        <ele>198</ele>
      </trkpt>
      <trkpt lat="34.957887" lon="136.209656">
        <ele>198</ele>
      </trkpt>
      <trkpt lat="34.958003" lon="136.20925">
        <ele>198</ele>
      </trkpt>
      <trkpt lat="34.95807" lon="136.209042">
        <ele>197.73</ele>
      </trkpt>
      <trkpt lat="34.958673" lon="136.207885">
        <ele>196</ele>
      </trkpt>
      <trkpt lat="34.95871" lon="136.207787">
        <ele>195.93</ele>
      </trkpt>
      <trkpt lat="34.958718" lon="136.207746">
        <ele>195.88</ele>
      </trkpt>
      <trkpt lat="34.958718" lon="136.207746">
        <ele>195.88</ele>
      </trkpt>
      <trkpt lat="34.958735" lon="136.207651">
        <ele>195.75</ele>
      </trkpt>
      <trkpt lat="34.958733" lon="136.207511">
        <ele>195.77</ele>
      </trkpt>
      <trkpt lat="34.958723" lon="136.207427">
        <ele>195.84</ele>
      </trkpt>
      <trkpt lat="34.958699" lon="136.207322">
        <ele>196</ele>
      </trkpt>
      <trkpt lat="34.958648" lon="136.207198">
        <ele>195.59</ele>
      </trkpt>
      <trkpt lat="34.958648" lon="136.207198">
        <ele>195.59</ele>
      </trkpt>
      <trkpt lat="34.958437" lon="136.206749">
        <ele>192.89</ele>
      </trkpt>
      <trkpt lat="34.958012" lon="136.205885">
        <ele>191.01</ele>
      </trkpt>
      <trkpt lat="34.957981" lon="136.205865">
        <ele>190.35</ele>
      </trkpt>
      <trkpt lat="34.957981" lon="136.205865">
        <ele>190.35</ele>
      </trkpt>
      <trkpt lat="34.957976" lon="136.205861">
        <ele>190.23</ele>
      </trkpt>
      <trkpt lat="34.958103" lon="136.205202">
        <ele>191</ele>
      </trkpt>
      <trkpt lat="34.958146" lon="136.205193">
        <ele>191</ele>
      </trkpt>
      <trkpt lat="34.958186" lon="136.205118">
        <ele>191</ele>
      </trkpt>
      <trkpt lat="34.958352" lon="136.204609">
        <ele>191</ele>
      </trkpt>
      <trkpt lat="34.958547" lon="136.204152">
        <ele>190.9</ele>
      </trkpt>
      <trkpt lat="34.958547" lon="136.204152">
        <ele>190.9</ele>
      </trkpt>
      <trkpt lat="34.958613" lon="136.203944">
        <ele>190</ele>
      </trkpt>
      <trkpt lat="34.958654" lon="136.203759">
        <ele>189.9</ele>
      </trkpt>
      <trkpt lat="34.958678" lon="136.203542">
        <ele>189.84</ele>
      </trkpt>
      <trkpt lat="34.958671" lon="136.203357">
        <ele>189.79</ele>
      </trkpt>
      <trkpt lat="34.958664" lon="136.203357"/>
      <trkpt lat="34.958671" lon="136.203357">
        <ele>189.79</ele>
      </trkpt>
      <trkpt lat="34.958663" lon="136.203139">
        <ele>189.74</ele>
      </trkpt>
      <trkpt lat="34.958633" lon="136.202747">
        <ele>189.43</ele>
      </trkpt>
      <trkpt lat="34.958591" lon="136.202508">
        <ele>189</ele>
      </trkpt>
      <trkpt lat="34.958573" lon="136.202414">
        <ele>189</ele>
      </trkpt>
      <trkpt lat="34.958473" lon="136.202014">
        <ele>189.78</ele>
      </trkpt>
      <trkpt lat="34.958404" lon="136.201697">
        <ele>191.21</ele>
      </trkpt>
      <trkpt lat="34.958367" lon="136.201586">
        <ele>191.65</ele>
      </trkpt>
      <trkpt lat="34.958367" lon="136.201586">
        <ele>191.65</ele>
      </trkpt>
      <trkpt lat="34.958003" lon="136.200375">
        <ele>192.08</ele>
      </trkpt>
      <trkpt lat="34.958004" lon="136.200374"/>
      <trkpt lat="34.958003" lon="136.200375">
        <ele>192.08</ele>
      </trkpt>
      <trkpt lat="34.957871" lon="136.200226">
        <ele>190.22</ele>
      </trkpt>
      <trkpt lat="34.957796" lon="136.200123">
        <ele>189.17</ele>
      </trkpt>
      <trkpt lat="34.957774" lon="136.200118">
        <ele>188.86</ele>
      </trkpt>
      <trkpt lat="34.957774" lon="136.200118">
        <ele>188.86</ele>
      </trkpt>
      <trkpt lat="34.957768" lon="136.200116">
        <ele>188.77</ele>
      </trkpt>
      <trkpt lat="34.957767" lon="136.199994">
        <ele>188.94</ele>
      </trkpt>
      <trkpt lat="34.957799" lon="136.199698">
        <ele>190.22</ele>
      </trkpt>
      <trkpt lat="34.95788" lon="136.199368">
        <ele>191.52</ele>
      </trkpt>
      <trkpt lat="34.957963" lon="136.199034">
        <ele>189.61</ele>
      </trkpt>
      <trkpt lat="34.958014" lon="136.198937">
        <ele>190.09</ele>
      </trkpt>
      <trkpt lat="34.95806" lon="136.198763">
        <ele>190</ele>
      </trkpt>
      <trkpt lat="34.958065" lon="136.198696">
        <ele>190</ele>
      </trkpt>
      <trkpt lat="34.958077" lon="136.19869">
        <ele>190</ele>
      </trkpt>
      <trkpt lat="34.958117" lon="136.198671">
        <ele>190</ele>
      </trkpt>
      <trkpt lat="34.958157" lon="136.198593">
        <ele>190.1</ele>
      </trkpt>
      <trkpt lat="34.95825" lon="136.198473">
        <ele>189.99</ele>
      </trkpt>
      <trkpt lat="34.958987" lon="136.197652">
        <ele>189</ele>
      </trkpt>
      <trkpt lat="34.960007" lon="136.196581">
        <ele>187.27</ele>
      </trkpt>
      <trkpt lat="34.960102" lon="136.196425">
        <ele>187.02</ele>
      </trkpt>
      <trkpt lat="34.960102" lon="136.196425">
        <ele>187.02</ele>
      </trkpt>
      <trkpt lat="34.960408" lon="136.195921">
        <ele>186.24</ele>
      </trkpt>
      <trkpt lat="34.960649" lon="136.195505">
        <ele>186</ele>
      </trkpt>
      <trkpt lat="34.960973" lon="136.19504">
        <ele>186</ele>
      </trkpt>
      <trkpt lat="34.961223" lon="136.194734">
        <ele>185.24</ele>
      </trkpt>
      <trkpt lat="34.961461" lon="136.19435">
        <ele>184.59</ele>
      </trkpt>
      <trkpt lat="34.961573" lon="136.194192">
        <ele>184.08</ele>
      </trkpt>
      <trkpt lat="34.961633" lon="136.194128">
        <ele>184.06</ele>
      </trkpt>
      <trkpt lat="34.961633" lon="136.194128">
        <ele>184.06</ele>
      </trkpt>
      <trkpt lat="34.961786" lon="136.193966">
        <ele>184</ele>
      </trkpt>
      <trkpt lat="34.962143" lon="136.193658">
        <ele>184</ele>
      </trkpt>
      <trkpt lat="34.962558" lon="136.193244">
        <ele>184</ele>
      </trkpt>
      <trkpt lat="34.962732" lon="136.193054">
        <ele>184</ele>
      </trkpt>
      <trkpt lat="34.962919" lon="136.192881">
        <ele>183.07</ele>
      </trkpt>
      <trkpt lat="34.963005" lon="136.192759">
        <ele>183.41</ele>
      </trkpt>
      <trkpt lat="34.963058" lon="136.192648">
        <ele>183.07</ele>
      </trkpt>
      <trkpt lat="34.963058" lon="136.192648">
        <ele>183.07</ele>
      </trkpt>
      <trkpt lat="34.963128" lon="136.192466">
        <ele>183</ele>
      </trkpt>
      <trkpt lat="34.963171" lon="136.192388">
        <ele>183</ele>
      </trkpt>
      <trkpt lat="34.963458" lon="136.192027">
        <ele>182.62</ele>
      </trkpt>
      <trkpt lat="34.963539" lon="136.191913">
        <ele>182.33</ele>
      </trkpt>
      <trkpt lat="34.96374" lon="136.191526">
        <ele>182.79</ele>
      </trkpt>
      <trkpt lat="34.963737" lon="136.191523"/>
      <trkpt lat="34.96374" lon="136.191526">
        <ele>182.79</ele>
      </trkpt>
      <trkpt lat="34.963765" lon="136.191474">
        <ele>182.93</ele>
      </trkpt>
      <trkpt lat="34.963942" lon="136.19141">
        <ele>183.36</ele>
      </trkpt>
      <trkpt lat="34.964928" lon="136.191121">
        <ele>185.18</ele>
      </trkpt>
      <trkpt lat="34.965235" lon="136.191015">
        <ele>187.01</ele>
      </trkpt>
      <trkpt lat="34.965275" lon="136.191001">
        <ele>187.29</ele>
      </trkpt>
      <trkpt lat="34.965332" lon="136.190946">
        <ele>188.16</ele>
      </trkpt>
      <trkpt lat="34.965442" lon="136.190721">
        <ele>189.75</ele>
      </trkpt>
      <trkpt lat="34.965504" lon="136.190624">
        <ele>190.75</ele>
      </trkpt>
      <trkpt lat="34.966305" lon="136.18959">
        <ele>189.36</ele>
      </trkpt>
      <trkpt lat="34.966453" lon="136.189369">
        <ele>189</ele>
      </trkpt>
      <trkpt lat="34.966603" lon="136.189085">
        <ele>188.58</ele>
      </trkpt>
      <trkpt lat="34.966603" lon="136.189085">
        <ele>188.58</ele>
      </trkpt>
      <trkpt lat="34.966603" lon="136.189085">
        <ele>188.58</ele>
      </trkpt>
      <trkpt lat="34.966717" lon="136.188832">
        <ele>188</ele>
      </trkpt>
      <trkpt lat="34.966853" lon="136.188441">
        <ele>187.95</ele>
      </trkpt>
      <trkpt lat="34.966958" lon="136.187641">
        <ele>186</ele>
      </trkpt>
      <trkpt lat="34.967076" lon="136.187003">
        <ele>182.18</ele>
      </trkpt>
      <trkpt lat="34.967087" lon="136.186955">
        <ele>182</ele>
      </trkpt>
      <trkpt lat="34.967131" lon="136.186848">
        <ele>181.25</ele>
      </trkpt>
      <trkpt lat="34.967182" lon="136.186684">
        <ele>180.31</ele>
      </trkpt>
      <trkpt lat="34.967182" lon="136.186684">
        <ele>180.31</ele>
      </trkpt>
      <trkpt lat="34.967231" lon="136.186501">
        <ele>179.57</ele>
      </trkpt>
      <trkpt lat="34.967247" lon="136.186352">
        <ele>179.23</ele>
      </trkpt>
      <trkpt lat="34.967269" lon="136.185802">
        <ele>178.76</ele>
      </trkpt>
      <trkpt lat="34.96725" lon="136.185045">
        <ele>180.39</ele>
      </trkpt>
      <trkpt lat="34.967268" lon="136.184873">
        <ele>180.76</ele>
      </trkpt>
      <trkpt lat="34.967266" lon="136.184666">
        <ele>181.2</ele>
      </trkpt>
      <trkpt lat="34.967247" lon="136.184606">
        <ele>181.33</ele>
      </trkpt>
      <trkpt lat="34.967247" lon="136.184606">
        <ele>181.33</ele>
      </trkpt>
      <trkpt lat="34.96722" lon="136.184523">
        <ele>181.52</ele>
      </trkpt>
      <trkpt lat="34.967184" lon="136.184504">
        <ele>181.39</ele>
      </trkpt>
      <trkpt lat="34.9669" lon="136.183988">
        <ele>182.2</ele>
      </trkpt>
      <trkpt lat="34.966752" lon="136.183787">
        <ele>182.12</ele>
      </trkpt>
      <trkpt lat="34.966632" lon="136.183663">
        <ele>182.04</ele>
      </trkpt>
      <trkpt lat="34.966367" lon="136.18354">
        <ele>182.51</ele>
      </trkpt>
      <trkpt lat="34.966367" lon="136.18354">
        <ele>182.51</ele>
      </trkpt>
      <trkpt lat="34.966317" lon="136.183436">
        <ele>182.98</ele>
      </trkpt>
      <trkpt lat="34.966255" lon="136.183282">
        <ele>182.86</ele>
      </trkpt>
      <trkpt lat="34.966119" lon="136.182883">
        <ele>181.33</ele>
      </trkpt>
      <trkpt lat="34.966109" lon="136.182819">
        <ele>180.96</ele>
      </trkpt>
      <trkpt lat="34.966109" lon="136.182819">
        <ele>180.96</ele>
      </trkpt>
      <trkpt lat="34.966105" lon="136.182742">
        <ele>180.52</ele>
      </trkpt>
      <trkpt lat="34.966122" lon="136.182551">
        <ele>179.79</ele>
      </trkpt>
      <trkpt lat="34.966227" lon="136.182065">
        <ele>179</ele>
      </trkpt>
      <trkpt lat="34.966321" lon="136.181672">
        <ele>178.34</ele>
      </trkpt>
      <trkpt lat="34.966281" lon="136.180796">
        <ele>178</ele>
      </trkpt>
      <trkpt lat="34.966281" lon="136.180796">
        <ele>178</ele>
      </trkpt>
      <trkpt lat="34.96628" lon="136.180775">
        <ele>178</ele>
      </trkpt>
      <trkpt lat="34.966325" lon="136.18065">
        <ele>177.41</ele>
      </trkpt>
      <trkpt lat="34.967082" lon="136.178829">
        <ele>177</ele>
      </trkpt>
      <trkpt lat="34.967633" lon="136.177705">
        <ele>177</ele>
      </trkpt>
      <trkpt lat="34.96765" lon="136.177653">
        <ele>177</ele>
      </trkpt>
      <trkpt lat="34.968337" lon="136.176453">
        <ele>176</ele>
      </trkpt>
      <trkpt lat="34.968909" lon="136.175493">
        <ele>176</ele>
      </trkpt>
      <trkpt lat="34.968963" lon="136.175387">
        <ele>176</ele>
      </trkpt>
      <trkpt lat="34.969283" lon="136.174657">
        <ele>175</ele>
      </trkpt>
      <trkpt lat="34.969643" lon="136.17377">
        <ele>175</ele>
      </trkpt>
      <trkpt lat="34.969869" lon="136.173245">
        <ele>175</ele>
      </trkpt>
      <trkpt lat="34.97024" lon="136.172556">
        <ele>174</ele>
      </trkpt>
      <trkpt lat="34.970465" lon="136.172182">
        <ele>174</ele>
      </trkpt>
      <trkpt lat="34.970503" lon="136.172088">
        <ele>174</ele>
      </trkpt>
      <trkpt lat="34.970502" lon="136.172025">
        <ele>174</ele>
      </trkpt>
      <trkpt lat="34.970612" lon="136.171828">
        <ele>174.94</ele>
      </trkpt>
      <trkpt lat="34.970816" lon="136.171408">
        <ele>175.97</ele>
      </trkpt>
      <trkpt lat="34.970841" lon="136.171342">
        <ele>175.98</ele>
      </trkpt>
      <trkpt lat="34.970841" lon="136.171342">
        <ele>175.98</ele>
      </trkpt>
      <trkpt lat="34.971019" lon="136.170876">
        <ele>176</ele>
      </trkpt>
      <trkpt lat="34.971215" lon="136.170327">
        <ele>176</ele>
      </trkpt>
      <trkpt lat="34.9714" lon="136.169876">
        <ele>177</ele>
      </trkpt>
      <trkpt lat="34.971497" lon="136.169395">
        <ele>177</ele>
      </trkpt>
      <trkpt lat="34.971498" lon="136.169389">
        <ele>177</ele>
      </trkpt>
      <trkpt lat="34.9715" lon="136.16939"/>
      <trkpt lat="34.971498" lon="136.169389">
        <ele>177</ele>
      </trkpt>
      <trkpt lat="34.971497" lon="136.169395">
        <ele>177</ele>
      </trkpt>
      <trkpt lat="34.971846" lon="136.16953">
        <ele>177</ele>
      </trkpt>
      <trkpt lat="34.972639" lon="136.169856">
        <ele>177</ele>
      </trkpt>
      <trkpt lat="34.973086" lon="136.168323">
        <ele>175</ele>
      </trkpt>
      <trkpt lat="34.973166" lon="136.168075">
        <ele>175</ele>
      </trkpt>
      <trkpt lat="34.97341" lon="136.167213">
        <ele>174</ele>
      </trkpt>
      <trkpt lat="34.973686" lon="136.166275">
        <ele>174</ele>
      </trkpt>
      <trkpt lat="34.973761" lon="136.16599">
        <ele>174</ele>
      </trkpt>
      <trkpt lat="34.97376" lon="136.165988"/>
      <trkpt lat="34.972951" lon="136.165656"/>
      <trkpt lat="34.973505" lon="136.163634"/>
      <trkpt lat="34.97394" lon="136.161965"/>
      <trkpt lat="34.973984" lon="136.161649"/>
      <trkpt lat="34.973558" lon="136.161284"/>
      <trkpt lat="34.973565" lon="136.161287">
        <ele>170.43</ele>
      </trkpt>
      <trkpt lat="34.973774" lon="136.160638">
        <ele>170</ele>
      </trkpt>
      <trkpt lat="34.974312" lon="136.158873">
        <ele>169</ele>
      </trkpt>
      <trkpt lat="34.974895" lon="136.157091">
        <ele>166</ele>
      </trkpt>
      <trkpt lat="34.975004" lon="136.156726">
        <ele>166</ele>
      </trkpt>
      <trkpt lat="34.975302" lon="136.155838">
        <ele>165</ele>
      </trkpt>
      <trkpt lat="34.975597" lon="136.154988">
        <ele>165</ele>
      </trkpt>
      <trkpt lat="34.976384" lon="136.152617">
        <ele>162.83</ele>
      </trkpt>
      <trkpt lat="34.976771" lon="136.151404">
        <ele>162</ele>
      </trkpt>
      <trkpt lat="34.976927" lon="136.150967">
        <ele>162</ele>
      </trkpt>
      <trkpt lat="34.977253" lon="136.150008">
        <ele>161.12</ele>
      </trkpt>
      <trkpt lat="34.977538" lon="136.14906">
        <ele>161</ele>
      </trkpt>
      <trkpt lat="34.977717" lon="136.148585">
        <ele>161</ele>
      </trkpt>
      <trkpt lat="34.977927" lon="136.147925">
        <ele>160.04</ele>
      </trkpt>
      <trkpt lat="34.978165" lon="136.147229">
        <ele>160</ele>
      </trkpt>
      <trkpt lat="34.978461" lon="136.146247">
        <ele>160</ele>
      </trkpt>
      <trkpt lat="34.979045" lon="136.144412">
        <ele>158.88</ele>
      </trkpt>
      <trkpt lat="34.979435" lon="136.143232">
        <ele>158</ele>
      </trkpt>
      <trkpt lat="34.981012" lon="136.138348">
        <ele>155</ele>
      </trkpt>
      <trkpt lat="34.981453" lon="136.136944">
        <ele>155</ele>
      </trkpt>
      <trkpt lat="34.981499" lon="136.136714">
        <ele>154.31</ele>
      </trkpt>
      <trkpt lat="34.981535" lon="136.136302">
        <ele>154.51</ele>
      </trkpt>
      <trkpt lat="34.981645" lon="136.135741">
        <ele>154</ele>
      </trkpt>
      <trkpt lat="34.981849" lon="136.135112">
        <ele>154</ele>
      </trkpt>
      <trkpt lat="34.982046" lon="136.13459">
        <ele>153.36</ele>
      </trkpt>
      <trkpt lat="34.982134" lon="136.13417">
        <ele>152.85</ele>
      </trkpt>
      <trkpt lat="34.982167" lon="136.13396">
        <ele>152.45</ele>
      </trkpt>
      <trkpt lat="34.982191" lon="136.13317">
        <ele>151</ele>
      </trkpt>
      <trkpt lat="34.982222" lon="136.132823">
        <ele>150.89</ele>
      </trkpt>
      <trkpt lat="34.982242" lon="136.132732">
        <ele>150.75</ele>
      </trkpt>
      <trkpt lat="34.982291" lon="136.132332">
        <ele>150</ele>
      </trkpt>
      <trkpt lat="34.982363" lon="136.131859">
        <ele>149.96</ele>
      </trkpt>
      <trkpt lat="34.98244" lon="136.131031">
        <ele>150</ele>
      </trkpt>
      <trkpt lat="34.982449" lon="136.130869">
        <ele>149.96</ele>
      </trkpt>
      <trkpt lat="34.982454" lon="136.130793">
        <ele>149.72</ele>
      </trkpt>
      <trkpt lat="34.982469" lon="136.130705">
        <ele>149.37</ele>
      </trkpt>
      <trkpt lat="34.982483" lon="136.130509">
        <ele>149.65</ele>
      </trkpt>
      <trkpt lat="34.982477" lon="136.130503">
        <ele>149.55</ele>
      </trkpt>
      <trkpt lat="34.98248" lon="136.130498"/>
      <trkpt lat="34.982477" lon="136.130503">
        <ele>149.55</ele>
      </trkpt>
      <trkpt lat="34.98243" lon="136.130459">
        <ele>148.79</ele>
      </trkpt>
      <trkpt lat="34.98233" lon="136.130251">
        <ele>148.13</ele>
      </trkpt>
      <trkpt lat="34.982263" lon="136.130038">
        <ele>148.98</ele>
      </trkpt>
      <trkpt lat="34.982222" lon="136.129842">
        <ele>149</ele>
      </trkpt>
      <trkpt lat="34.982213" lon="136.12972">
        <ele>149</ele>
      </trkpt>
      <trkpt lat="34.982238" lon="136.129239">
        <ele>149</ele>
      </trkpt>
      <trkpt lat="34.982262" lon="136.129014">
        <ele>149.17</ele>
      </trkpt>
      <trkpt lat="34.982333" lon="136.12852">
        <ele>148.27</ele>
      </trkpt>
      <trkpt lat="34.982335" lon="136.128381">
        <ele>148.54</ele>
      </trkpt>
      <trkpt lat="34.982322" lon="136.128302">
        <ele>149</ele>
      </trkpt>
      <trkpt lat="34.982277" lon="136.128204">
        <ele>149</ele>
      </trkpt>
      <trkpt lat="34.982066" lon="136.127998">
        <ele>149.82</ele>
      </trkpt>
      <trkpt lat="34.98206" lon="136.128004">
        <ele>149.82</ele>
      </trkpt>
      <trkpt lat="34.982287" lon="136.12779">
        <ele>149</ele>
      </trkpt>
      <trkpt lat="34.982596" lon="136.127587">
        <ele>148.84</ele>
      </trkpt>
      <trkpt lat="34.982671" lon="136.127528">
        <ele>148.57</ele>
      </trkpt>
      <trkpt lat="34.98291" lon="136.127308">
        <ele>147.28</ele>
      </trkpt>
      <trkpt lat="34.98291" lon="136.127233">
        <ele>147.06</ele>
      </trkpt>
      <trkpt lat="34.983432" lon="136.126724">
        <ele>149</ele>
      </trkpt>
      <trkpt lat="34.983924" lon="136.126288">
        <ele>148.98</ele>
      </trkpt>
      <trkpt lat="34.98412" lon="136.126101">
        <ele>149</ele>
      </trkpt>
      <trkpt lat="34.984501" lon="136.125696">
        <ele>148</ele>
      </trkpt>
      <trkpt lat="34.984553" lon="136.125714">
        <ele>148</ele>
      </trkpt>
      <trkpt lat="34.984688" lon="136.125586">
        <ele>148.39</ele>
      </trkpt>
      <trkpt lat="34.984801" lon="136.125692">
        <ele>149.19</ele>
      </trkpt>
      <trkpt lat="34.984922" lon="136.125354">
        <ele>149.87</ele>
      </trkpt>
      <trkpt lat="34.985004" lon="136.125143">
        <ele>149.36</ele>
      </trkpt>
      <trkpt lat="34.985061" lon="136.125091">
        <ele>150</ele>
      </trkpt>
      <trkpt lat="34.985144" lon="136.125095">
        <ele>150</ele>
      </trkpt>
      <trkpt lat="34.98517" lon="136.12487">
        <ele>149.98</ele>
      </trkpt>
      <trkpt lat="34.985205" lon="136.124876"/>
      <trkpt lat="34.985311" lon="136.123792"/>
      <trkpt lat="34.985544" lon="136.122649"/>
      <trkpt lat="34.98579" lon="136.121555"/>
      <trkpt lat="34.985944" lon="136.120691"/>
      <trkpt lat="34.985909" lon="136.120364"/>
      <trkpt lat="34.986071" lon="136.120203"/>
      <trkpt lat="34.986071" lon="136.120032"/>
      <trkpt lat="34.985904" lon="136.119812"/>
      <trkpt lat="34.985768" lon="136.119683"/>
      <trkpt lat="34.984669" lon="136.118047"/>
      <trkpt lat="34.984463" lon="136.117655"/>
      <trkpt lat="34.984388" lon="136.117408"/>
      <trkpt lat="34.984177" lon="136.117553"/>
      <trkpt lat="34.983698" lon="136.117457"/>
      <trkpt lat="34.983697" lon="136.117465">
        <ele>147</ele>
      </trkpt>
      <trkpt lat="34.983688" lon="136.117464">
        <ele>147</ele>
      </trkpt>
      <trkpt lat="34.98372" lon="136.116889">
        <ele>146</ele>
      </trkpt>
      <trkpt lat="34.983776" lon="136.116339">
        <ele>146.04</ele>
      </trkpt>
      <trkpt lat="34.98382" lon="136.115229">
        <ele>146</ele>
      </trkpt>
      <trkpt lat="34.983847" lon="136.114902">
        <ele>146</ele>
      </trkpt>
      <trkpt lat="34.983897" lon="136.114747">
        <ele>146</ele>
      </trkpt>
      <trkpt lat="34.984012" lon="136.114541">
        <ele>146</ele>
      </trkpt>
      <trkpt lat="34.98415" lon="136.114335">
        <ele>146</ele>
      </trkpt>
      <trkpt lat="34.984274" lon="136.114124">
        <ele>146</ele>
      </trkpt>
      <trkpt lat="34.984593" lon="136.113695">
        <ele>146</ele>
      </trkpt>
      <trkpt lat="34.984697" lon="136.113584">
        <ele>146</ele>
      </trkpt>
      <trkpt lat="34.984906" lon="136.113266">
        <ele>146</ele>
      </trkpt>
      <trkpt lat="34.984929" lon="136.113189">
        <ele>146</ele>
      </trkpt>
      <trkpt lat="34.984946" lon="136.113197"/>
      <trkpt lat="34.984929" lon="136.113189">
        <ele>146</ele>
      </trkpt>
      <trkpt lat="34.984954" lon="136.113104">
        <ele>146</ele>
      </trkpt>
      <trkpt lat="34.984943" lon="136.11293">
        <ele>146</ele>
      </trkpt>
      <trkpt lat="34.984878" lon="136.112555">
        <ele>146</ele>
      </trkpt>
      <trkpt lat="34.984767" lon="136.112008">
        <ele>146.7</ele>
      </trkpt>
      <trkpt lat="34.984565" lon="136.111263">
        <ele>147.45</ele>
      </trkpt>
      <trkpt lat="34.984493" lon="136.111053">
        <ele>147.42</ele>
      </trkpt>
      <trkpt lat="34.984482" lon="136.111044">
        <ele>147.44</ele>
      </trkpt>
      <trkpt lat="34.984493" lon="136.111053">
        <ele>147.42</ele>
      </trkpt>
      <trkpt lat="34.984493" lon="136.111014">
        <ele>147.42</ele>
      </trkpt>
      <trkpt lat="34.984527" lon="136.110805">
        <ele>147.42</ele>
      </trkpt>
      <trkpt lat="34.984547" lon="136.110736">
        <ele>147.55</ele>
      </trkpt>
      <trkpt lat="34.984546" lon="136.110735"/>
      <trkpt lat="34.984547" lon="136.110736">
        <ele>147.55</ele>
      </trkpt>
      <trkpt lat="34.984561" lon="136.110692">
        <ele>147.51</ele>
      </trkpt>
      <trkpt lat="34.984665" lon="136.110543">
        <ele>146.94</ele>
      </trkpt>
      <trkpt lat="34.984765" lon="136.110429">
        <ele>146.14</ele>
      </trkpt>
      <trkpt lat="34.984857" lon="136.110344">
        <ele>146.52</ele>
      </trkpt>
      <trkpt lat="34.984993" lon="136.11024">
        <ele>146.02</ele>
      </trkpt>
      <trkpt lat="34.985406" lon="136.110009">
        <ele>146</ele>
      </trkpt>
      <trkpt lat="34.985447" lon="136.109968">
        <ele>146</ele>
      </trkpt>
      <trkpt lat="34.98547" lon="136.109944">
        <ele>146</ele>
      </trkpt>
      <trkpt lat="34.985526" lon="136.109848">
        <ele>146</ele>
      </trkpt>
      <trkpt lat="34.985748" lon="136.109337">
        <ele>145.06</ele>
      </trkpt>
      <trkpt lat="34.985818" lon="136.109134">
        <ele>145</ele>
      </trkpt>
      <trkpt lat="34.986029" lon="136.108722">
        <ele>144.99</ele>
      </trkpt>
      <trkpt lat="34.986029" lon="136.108722">
        <ele>144.99</ele>
      </trkpt>
      <trkpt lat="34.986206" lon="136.108395">
        <ele>144.96</ele>
      </trkpt>
      <trkpt lat="34.986282" lon="136.108206">
        <ele>145</ele>
      </trkpt>
      <trkpt lat="34.986303" lon="136.108106">
        <ele>145</ele>
      </trkpt>
      <trkpt lat="34.986304" lon="136.108106"/>
      <trkpt lat="34.986303" lon="136.108106">
        <ele>145</ele>
      </trkpt>
      <trkpt lat="34.986315" lon="136.108052">
        <ele>145</ele>
      </trkpt>
      <trkpt lat="34.986328" lon="136.107901">
        <ele>144.99</ele>
      </trkpt>
      <trkpt lat="34.986318" lon="136.107289">
        <ele>145.01</ele>
      </trkpt>
      <trkpt lat="34.986386" lon="136.107041">
        <ele>145.34</ele>
      </trkpt>
      <trkpt lat="34.986192" lon="136.106951">
        <ele>145.99</ele>
      </trkpt>
      <trkpt lat="34.986272" lon="136.106732">
        <ele>144.96</ele>
      </trkpt>
      <trkpt lat="34.986299" lon="136.106576">
        <ele>144.18</ele>
      </trkpt>
      <trkpt lat="34.986305" lon="136.106338">
        <ele>144.04</ele>
      </trkpt>
      <trkpt lat="34.986335" lon="136.106039">
        <ele>143.92</ele>
      </trkpt>
      <trkpt lat="34.986395" lon="136.105718">
        <ele>144</ele>
      </trkpt>
      <trkpt lat="34.986449" lon="136.10552">
        <ele>144</ele>
      </trkpt>
      <trkpt lat="34.986498" lon="136.105373">
        <ele>144</ele>
      </trkpt>
      <trkpt lat="34.98677" lon="136.104717">
        <ele>144</ele>
      </trkpt>
      <trkpt lat="34.986981" lon="136.104237">
        <ele>144</ele>
      </trkpt>
      <trkpt lat="34.987196" lon="136.103801">
        <ele>144</ele>
      </trkpt>
      <trkpt lat="34.987527" lon="136.103304">
        <ele>145</ele>
      </trkpt>
      <trkpt lat="34.987874" lon="136.102653">
        <ele>145</ele>
      </trkpt>
      <trkpt lat="34.988128" lon="136.10215">
        <ele>146.04</ele>
      </trkpt>
      <trkpt lat="34.988238" lon="136.101906">
        <ele>151.06</ele>
      </trkpt>
      <trkpt lat="34.988305" lon="136.101736">
        <ele>150.58</ele>
      </trkpt>
      <trkpt lat="34.988323" lon="136.101676">
        <ele>148.58</ele>
      </trkpt>
      <trkpt lat="34.988323" lon="136.101676">
        <ele>148.59</ele>
      </trkpt>
      <trkpt lat="34.98833" lon="136.101651">
        <ele>147.76</ele>
      </trkpt>
      <trkpt lat="34.988344" lon="136.101229">
        <ele>144.8</ele>
      </trkpt>
      <trkpt lat="34.988372" lon="136.100885">
        <ele>144</ele>
      </trkpt>
      <trkpt lat="34.988493" lon="136.100129">
        <ele>144</ele>
      </trkpt>
      <trkpt lat="34.988542" lon="136.099956">
        <ele>143.41</ele>
      </trkpt>
      <trkpt lat="34.988533" lon="136.099948">
        <ele>143.43</ele>
      </trkpt>
      <trkpt lat="34.988533" lon="136.099948">
        <ele>143.43</ele>
      </trkpt>
      <trkpt lat="34.988542" lon="136.099956">
        <ele>143.41</ele>
      </trkpt>
      <trkpt lat="34.988585" lon="136.099819">
        <ele>143</ele>
      </trkpt>
      <trkpt lat="34.988754" lon="136.099469">
        <ele>143</ele>
      </trkpt>
      <trkpt lat="34.988912" lon="136.098962">
        <ele>143</ele>
      </trkpt>
      <trkpt lat="34.988975" lon="136.098801">
        <ele>143</ele>
      </trkpt>
      <trkpt lat="34.989259" lon="136.098218">
        <ele>142.07</ele>
      </trkpt>
      <trkpt lat="34.989418" lon="136.097921">
        <ele>142</ele>
      </trkpt>
      <trkpt lat="34.989457" lon="136.097804">
        <ele>142</ele>
      </trkpt>
      <trkpt lat="34.989458" lon="136.097784">
        <ele>142</ele>
      </trkpt>
      <trkpt lat="34.989473" lon="136.097785"/>
      <trkpt lat="34.989458" lon="136.097784">
        <ele>142</ele>
      </trkpt>
      <trkpt lat="34.989477" lon="136.097437">
        <ele>142</ele>
      </trkpt>
      <trkpt lat="34.989482" lon="136.096339">
        <ele>143</ele>
      </trkpt>
      <trkpt lat="34.989516" lon="136.095952">
        <ele>143</ele>
      </trkpt>
      <trkpt lat="34.989515" lon="136.095714">
        <ele>143</ele>
      </trkpt>
      <trkpt lat="34.989536" lon="136.095471">
        <ele>143</ele>
      </trkpt>
      <trkpt lat="34.989586" lon="136.095299">
        <ele>142.93</ele>
      </trkpt>
      <trkpt lat="34.989609" lon="136.095221">
        <ele>142.9</ele>
      </trkpt>
      <trkpt lat="34.989816" lon="136.094857">
        <ele>142</ele>
      </trkpt>
      <trkpt lat="34.990312" lon="136.094173">
        <ele>142.3</ele>
      </trkpt>
      <trkpt lat="34.990778" lon="136.093565">
        <ele>142.38</ele>
      </trkpt>
      <trkpt lat="34.99136" lon="136.092726">
        <ele>143.84</ele>
      </trkpt>
      <trkpt lat="34.991767" lon="136.09205">
        <ele>144.29</ele>
      </trkpt>
      <trkpt lat="34.992285" lon="136.091205">
        <ele>143</ele>
      </trkpt>
      <trkpt lat="34.992471" lon="136.09086">
        <ele>143</ele>
      </trkpt>
      <trkpt lat="34.992479" lon="136.090865"/>
      <trkpt lat="34.992471" lon="136.09086">
        <ele>143</ele>
      </trkpt>
      <trkpt lat="34.992914" lon="136.089745">
        <ele>142</ele>
      </trkpt>
      <trkpt lat="34.993173" lon="136.089033">
        <ele>142</ele>
      </trkpt>
      <trkpt lat="34.993263" lon="136.088814">
        <ele>142</ele>
      </trkpt>
      <trkpt lat="34.993656" lon="136.087974">
        <ele>142</ele>
      </trkpt>
      <trkpt lat="34.994011" lon="136.087317">
        <ele>141.9</ele>
      </trkpt>
      <trkpt lat="34.994029" lon="136.087268">
        <ele>142.94</ele>
      </trkpt>
      <trkpt lat="34.994166" lon="136.087011">
        <ele>145.84</ele>
      </trkpt>
      <trkpt lat="34.994213" lon="136.08688">
        <ele>140.19</ele>
      </trkpt>
      <trkpt lat="34.994261" lon="136.086749">
        <ele>139.79</ele>
      </trkpt>
      <trkpt lat="34.994614" lon="136.085491">
        <ele>138.24</ele>
      </trkpt>
      <trkpt lat="34.994707" lon="136.085198">
        <ele>138</ele>
      </trkpt>
      <trkpt lat="34.994767" lon="136.085099">
        <ele>138</ele>
      </trkpt>
      <trkpt lat="34.994829" lon="136.084959">
        <ele>138</ele>
      </trkpt>
      <trkpt lat="34.995194" lon="136.08399">
        <ele>139</ele>
      </trkpt>
      <trkpt lat="34.995243" lon="136.083902">
        <ele>139.23</ele>
      </trkpt>
      <trkpt lat="34.995258" lon="136.083874">
        <ele>139.31</ele>
      </trkpt>
      <trkpt lat="34.995348" lon="136.083769">
        <ele>139.92</ele>
      </trkpt>
      <trkpt lat="34.995491" lon="136.083671">
        <ele>140</ele>
      </trkpt>
      <trkpt lat="34.995698" lon="136.083506">
        <ele>140.45</ele>
      </trkpt>
      <trkpt lat="34.995845" lon="136.083341">
        <ele>141</ele>
      </trkpt>
      <trkpt lat="34.996435" lon="136.082717">
        <ele>142</ele>
      </trkpt>
      <trkpt lat="34.99655" lon="136.082566">
        <ele>141.43</ele>
      </trkpt>
      <trkpt lat="34.996941" lon="136.082013">
        <ele>141</ele>
      </trkpt>
      <trkpt lat="34.996988" lon="136.081969">
        <ele>141</ele>
      </trkpt>
      <trkpt lat="34.997066" lon="136.081873">
        <ele>140.99</ele>
      </trkpt>
      <trkpt lat="34.997347" lon="136.081393">
        <ele>141</ele>
      </trkpt>
      <trkpt lat="34.997444" lon="136.081248">
        <ele>141.58</ele>
      </trkpt>
      <trkpt lat="34.997484" lon="136.081199">
        <ele>141.86</ele>
      </trkpt>
      <trkpt lat="34.997598" lon="136.081098">
        <ele>142.01</ele>
      </trkpt>
      <trkpt lat="34.998234" lon="136.080595">
        <ele>141</ele>
      </trkpt>
      <trkpt lat="34.998302" lon="136.080529">
        <ele>140.99</ele>
      </trkpt>
      <trkpt lat="34.998363" lon="136.080429">
        <ele>139.7</ele>
      </trkpt>
      <trkpt lat="34.998439" lon="136.080222">
        <ele>139.09</ele>
      </trkpt>
      <trkpt lat="34.998439" lon="136.080222">
        <ele>139.09</ele>
      </trkpt>
      <trkpt lat="34.998461" lon="136.080086">
        <ele>139.91</ele>
      </trkpt>
      <trkpt lat="34.998466" lon="136.079931">
        <ele>140</ele>
      </trkpt>
      <trkpt lat="34.998495" lon="136.079614">
        <ele>139.62</ele>
      </trkpt>
      <trkpt lat="34.998525" lon="136.079443">
        <ele>139.41</ele>
      </trkpt>
      <trkpt lat="34.998598" lon="136.079245">
        <ele>138.98</ele>
      </trkpt>
      <trkpt lat="34.998634" lon="136.079113">
        <ele>138.64</ele>
      </trkpt>
      <trkpt lat="34.998703" lon="136.078959">
        <ele>138.01</ele>
      </trkpt>
      <trkpt lat="34.998706" lon="136.078962"/>
      <trkpt lat="34.998703" lon="136.078959">
        <ele>138.01</ele>
      </trkpt>
      <trkpt lat="34.999405" lon="136.077763">
        <ele>136</ele>
      </trkpt>
      <trkpt lat="34.99958" lon="136.077382">
        <ele>135.05</ele>
      </trkpt>
      <trkpt lat="34.999761" lon="136.077015">
        <ele>135</ele>
      </trkpt>
      <trkpt lat="35.000143" lon="136.076345">
        <ele>134.08</ele>
      </trkpt>
      <trkpt lat="35.000349" lon="136.076015">
        <ele>134</ele>
      </trkpt>
      <trkpt lat="35.000472" lon="136.075836">
        <ele>133.59</ele>
      </trkpt>
      <trkpt lat="35.00086" lon="136.075158">
        <ele>132.88</ele>
      </trkpt>
      <trkpt lat="35.00121" lon="136.074535">
        <ele>132.35</ele>
      </trkpt>
      <trkpt lat="35.001305" lon="136.07429">
        <ele>133</ele>
      </trkpt>
      <trkpt lat="35.001512" lon="136.073931">
        <ele>133</ele>
      </trkpt>
      <trkpt lat="35.001834" lon="136.073254">
        <ele>133</ele>
      </trkpt>
      <trkpt lat="35.001948" lon="136.073045">
        <ele>133.03</ele>
      </trkpt>
      <trkpt lat="35.002217" lon="136.072503">
        <ele>134</ele>
      </trkpt>
      <trkpt lat="35.003023" lon="136.07101">
        <ele>135</ele>
      </trkpt>
      <trkpt lat="35.003394" lon="136.070372">
        <ele>134.85</ele>
      </trkpt>
      <trkpt lat="35.003601" lon="136.069978">
        <ele>134</ele>
      </trkpt>
      <trkpt lat="35.003799" lon="136.069626">
        <ele>134</ele>
      </trkpt>
      <trkpt lat="35.004007" lon="136.069221">
        <ele>133.75</ele>
      </trkpt>
      <trkpt lat="35.004029" lon="136.06912">
        <ele>133.35</ele>
      </trkpt>
      <trkpt lat="35.004028" lon="136.069038">
        <ele>133.35</ele>
      </trkpt>
      <trkpt lat="35.004028" lon="136.069038">
        <ele>133.35</ele>
      </trkpt>
      <trkpt lat="35.004028" lon="136.068985">
        <ele>133.36</ele>
      </trkpt>
      <trkpt lat="35.003999" lon="136.068792">
        <ele>134</ele>
      </trkpt>
      <trkpt lat="35.003971" lon="136.068251">
        <ele>133.65</ele>
      </trkpt>
      <trkpt lat="35.003968" lon="136.067407">
        <ele>133</ele>
      </trkpt>
      <trkpt lat="35.003977" lon="136.067391">
        <ele>133</ele>
      </trkpt>
      <trkpt lat="35.003974" lon="136.067208">
        <ele>133.05</ele>
      </trkpt>
      <trkpt lat="35.004021" lon="136.066789">
        <ele>133.85</ele>
      </trkpt>
      <trkpt lat="35.004154" lon="136.066518">
        <ele>134</ele>
      </trkpt>
      <trkpt lat="35.004253" lon="136.066294">
        <ele>133.75</ele>
      </trkpt>
      <trkpt lat="35.004297" lon="136.066127">
        <ele>133.71</ele>
      </trkpt>
      <trkpt lat="35.004329" lon="136.066043">
        <ele>134.19</ele>
      </trkpt>
      <trkpt lat="35.00436" lon="136.06599">
        <ele>133.79</ele>
      </trkpt>
      <trkpt lat="35.004348" lon="136.06598"/>
      <trkpt lat="35.00436" lon="136.06599">
        <ele>133.79</ele>
      </trkpt>
      <trkpt lat="35.004412" lon="136.065902">
        <ele>133.13</ele>
      </trkpt>
      <trkpt lat="35.004907" lon="136.065144">
        <ele>132</ele>
      </trkpt>
      <trkpt lat="35.004979" lon="136.064982">
        <ele>131.94</ele>
      </trkpt>
      <trkpt lat="35.005418" lon="136.064224">
        <ele>131</ele>
      </trkpt>
      <trkpt lat="35.005643" lon="136.063817">
        <ele>130</ele>
      </trkpt>
      <trkpt lat="35.006199" lon="136.0629">
        <ele>130</ele>
      </trkpt>
      <trkpt lat="35.006341" lon="136.062639">
        <ele>130</ele>
      </trkpt>
      <trkpt lat="35.006745" lon="136.062093">
        <ele>130.01</ele>
      </trkpt>
      <trkpt lat="35.006861" lon="136.061606">
        <ele>131.38</ele>
      </trkpt>
      <trkpt lat="35.006901" lon="136.061333">
        <ele>130.97</ele>
      </trkpt>
      <trkpt lat="35.006904" lon="136.06125">
        <ele>130.99</ele>
      </trkpt>
      <trkpt lat="35.007028" lon="136.060846">
        <ele>130.01</ele>
      </trkpt>
      <trkpt lat="35.007389" lon="136.059846">
        <ele>129</ele>
      </trkpt>
      <trkpt lat="35.007446" lon="136.059736">
        <ele>129</ele>
      </trkpt>
      <trkpt lat="35.007446" lon="136.059736">
        <ele>129</ele>
      </trkpt>
      <trkpt lat="35.007866" lon="136.058934">
        <ele>129</ele>
      </trkpt>
      <trkpt lat="35.008521" lon="136.057593">
        <ele>127</ele>
      </trkpt>
      <trkpt lat="35.008889" lon="136.056908">
        <ele>127</ele>
      </trkpt>
      <trkpt lat="35.009457" lon="136.055802">
        <ele>126</ele>
      </trkpt>
      <trkpt lat="35.009817" lon="136.055044">
        <ele>125.24</ele>
      </trkpt>
      <trkpt lat="35.009817" lon="136.055044">
        <ele>125.24</ele>
      </trkpt>
      <trkpt lat="35.009987" lon="136.054785">
        <ele>125.05</ele>
      </trkpt>
      <trkpt lat="35.010201" lon="136.054411">
        <ele>125</ele>
      </trkpt>
      <trkpt lat="35.010515" lon="136.053821">
        <ele>125</ele>
      </trkpt>
      <trkpt lat="35.010704" lon="136.053514">
        <ele>124.12</ele>
      </trkpt>
      <trkpt lat="35.010697" lon="136.053507"/>
      <trkpt lat="35.01122" lon="136.052858"/>
      <trkpt lat="35.011681" lon="136.053346"/>
      <trkpt lat="35.012679" lon="136.054071"/>
      <trkpt lat="35.01296" lon="136.053802"/>
      <trkpt lat="35.013781" lon="136.052676"/>
      <trkpt lat="35.014212" lon="136.052322"/>
      <trkpt lat="35.015078" lon="136.051828"/>
      <trkpt lat="35.015081" lon="136.05184">
        <ele>123.35</ele>
      </trkpt>
      <trkpt lat="35.015553" lon="136.051689">
        <ele>123</ele>
      </trkpt>
      <trkpt lat="35.015967" lon="136.051507">
        <ele>122.3</ele>
      </trkpt>
      <trkpt lat="35.016246" lon="136.051374">
        <ele>122</ele>
      </trkpt>
      <trkpt lat="35.016511" lon="136.05128">
        <ele>122</ele>
      </trkpt>
      <trkpt lat="35.016792" lon="136.051205">
        <ele>122</ele>
      </trkpt>
      <trkpt lat="35.01729" lon="136.050997">
        <ele>121</ele>
      </trkpt>
      <trkpt lat="35.017792" lon="136.05075">
        <ele>120.11</ele>
      </trkpt>
      <trkpt lat="35.018188" lon="136.050465">
        <ele>120.54</ele>
      </trkpt>
      <trkpt lat="35.018231" lon="136.05046">
        <ele>120.5</ele>
      </trkpt>
      <trkpt lat="35.018231" lon="136.05046">
        <ele>120.5</ele>
      </trkpt>
      <trkpt lat="35.018246" lon="136.050458">
        <ele>120.49</ele>
      </trkpt>
      <trkpt lat="35.018423" lon="136.050549">
        <ele>120.11</ele>
      </trkpt>
      <trkpt lat="35.018425" lon="136.050544">
        <ele>120.1</ele>
      </trkpt>
      <trkpt lat="35.018425" lon="136.050544">
        <ele>120.1</ele>
      </trkpt>
      <trkpt lat="35.018517" lon="136.050386">
        <ele>119.99</ele>
      </trkpt>
      <trkpt lat="35.018617" lon="136.05026">
        <ele>119.82</ele>
      </trkpt>
      <trkpt lat="35.018999" lon="136.0499">
        <ele>120.09</ele>
      </trkpt>
      <trkpt lat="35.019108" lon="136.049785">
        <ele>120.19</ele>
      </trkpt>
      <trkpt lat="35.019257" lon="136.049565">
        <ele>120.39</ele>
      </trkpt>
      <trkpt lat="35.019257" lon="136.049565">
        <ele>120.39</ele>
      </trkpt>
      <trkpt lat="35.019367" lon="136.049349">
        <ele>120.04</ele>
      </trkpt>
      <trkpt lat="35.019552" lon="136.048858">
        <ele>120.26</ele>
      </trkpt>
      <trkpt lat="35.019552" lon="136.048858">
        <ele>120.26</ele>
      </trkpt>
      <trkpt lat="35.019617" lon="136.048713">
        <ele>119.98</ele>
      </trkpt>
      <trkpt lat="35.019722" lon="136.048549">
        <ele>120.33</ele>
      </trkpt>
      <trkpt lat="35.019951" lon="136.048273">
        <ele>120.18</ele>
      </trkpt>
      <trkpt lat="35.01996" lon="136.048246">
        <ele>119.94</ele>
      </trkpt>
      <trkpt lat="35.01996" lon="136.048246">
        <ele>119.94</ele>
      </trkpt>
      <trkpt lat="35.019984" lon="136.048184">
        <ele>119.36</ele>
      </trkpt>
      <trkpt lat="35.019981" lon="136.048096">
        <ele>119.39</ele>
      </trkpt>
      <trkpt lat="35.019957" lon="136.047887">
        <ele>120.71</ele>
      </trkpt>
      <trkpt lat="35.019963" lon="136.047827">
        <ele>120.98</ele>
      </trkpt>
      <trkpt lat="35.019963" lon="136.047827">
        <ele>120.99</ele>
      </trkpt>
      <trkpt lat="35.019966" lon="136.047798">
        <ele>121.21</ele>
      </trkpt>
      <trkpt lat="35.02001" lon="136.047696">
        <ele>120.93</ele>
      </trkpt>
      <trkpt lat="35.020348" lon="136.04746">
        <ele>120</ele>
      </trkpt>
      <trkpt lat="35.020716" lon="136.047114">
        <ele>120.03</ele>
      </trkpt>
      <trkpt lat="35.021021" lon="136.046902">
        <ele>120.8</ele>
      </trkpt>
      <trkpt lat="35.021356" lon="136.046606">
        <ele>121.32</ele>
      </trkpt>
      <trkpt lat="35.021384" lon="136.046564">
        <ele>121.4</ele>
      </trkpt>
      <trkpt lat="35.021384" lon="136.046564">
        <ele>121.39</ele>
      </trkpt>
      <trkpt lat="35.021543" lon="136.04633">
        <ele>121.82</ele>
      </trkpt>
      <trkpt lat="35.021707" lon="136.046061">
        <ele>121.96</ele>
      </trkpt>
      <trkpt lat="35.022274" lon="136.045097">
        <ele>120.79</ele>
      </trkpt>
      <trkpt lat="35.022406" lon="136.044873">
        <ele>121.84</ele>
      </trkpt>
      <trkpt lat="35.022615" lon="136.044451">
        <ele>122.08</ele>
      </trkpt>
      <trkpt lat="35.022615" lon="136.044451">
        <ele>122.08</ele>
      </trkpt>
      <trkpt lat="35.022887" lon="136.043918">
        <ele>120.46</ele>
      </trkpt>
      <trkpt lat="35.023019" lon="136.043567">
        <ele>120.38</ele>
      </trkpt>
      <trkpt lat="35.023078" lon="136.043366">
        <ele>120.85</ele>
      </trkpt>
      <trkpt lat="35.023192" lon="136.042918">
        <ele>120.62</ele>
      </trkpt>
      <trkpt lat="35.023409" lon="136.042069">
        <ele>117.23</ele>
      </trkpt>
      <trkpt lat="35.023557" lon="136.041499">
        <ele>117.28</ele>
      </trkpt>
      <trkpt lat="35.023717" lon="136.040737">
        <ele>116.84</ele>
      </trkpt>
      <trkpt lat="35.023725" lon="136.040623">
        <ele>116.86</ele>
      </trkpt>
      <trkpt lat="35.023725" lon="136.040623">
        <ele>116.86</ele>
      </trkpt>
      <trkpt lat="35.023746" lon="136.040321">
        <ele>116.92</ele>
      </trkpt>
      <trkpt lat="35.023869" lon="136.039659">
        <ele>118</ele>
      </trkpt>
      <trkpt lat="35.023873" lon="136.039265">
        <ele>118</ele>
      </trkpt>
      <trkpt lat="35.023911" lon="136.038798">
        <ele>117.08</ele>
      </trkpt>
      <trkpt lat="35.02396" lon="136.038322">
        <ele>117.59</ele>
      </trkpt>
      <trkpt lat="35.023968" lon="136.037848">
        <ele>116.8</ele>
      </trkpt>
      <trkpt lat="35.023975" lon="136.037427">
        <ele>123.01</ele>
      </trkpt>
      <trkpt lat="35.023951" lon="136.036987">
        <ele>122.31</ele>
      </trkpt>
      <trkpt lat="35.023926" lon="136.036756">
        <ele>118.1</ele>
      </trkpt>
      <trkpt lat="35.023942" lon="136.036674">
        <ele>117.99</ele>
      </trkpt>
      <trkpt lat="35.023942" lon="136.036674">
        <ele>117.99</ele>
      </trkpt>
      <trkpt lat="35.023969" lon="136.036531">
        <ele>117.79</ele>
      </trkpt>
      <trkpt lat="35.024053" lon="136.036213">
        <ele>116.3</ele>
      </trkpt>
      <trkpt lat="35.024169" lon="136.035812">
        <ele>114.89</ele>
      </trkpt>
      <trkpt lat="35.024424" lon="136.035112">
        <ele>114.54</ele>
      </trkpt>
      <trkpt lat="35.024494" lon="136.034863">
        <ele>114.95</ele>
      </trkpt>
      <trkpt lat="35.024516" lon="136.034722">
        <ele>115.08</ele>
      </trkpt>
      <trkpt lat="35.024491" lon="136.03443">
        <ele>115.98</ele>
      </trkpt>
      <trkpt lat="35.024506" lon="136.034011">
        <ele>115.77</ele>
      </trkpt>
      <trkpt lat="35.024515" lon="136.033884">
        <ele>115.04</ele>
      </trkpt>
      <trkpt lat="35.024564" lon="136.033601">
        <ele>115</ele>
      </trkpt>
      <trkpt lat="35.024656" lon="136.033314">
        <ele>115</ele>
      </trkpt>
      <trkpt lat="35.024829" lon="136.032914">
        <ele>115</ele>
      </trkpt>
      <trkpt lat="35.024982" lon="136.032588">
        <ele>115</ele>
      </trkpt>
      <trkpt lat="35.025129" lon="136.032233">
        <ele>115</ele>
      </trkpt>
      <trkpt lat="35.025272" lon="136.031837">
        <ele>115</ele>
      </trkpt>
      <trkpt lat="35.025317" lon="136.031688">
        <ele>115</ele>
      </trkpt>
      <trkpt lat="35.02537" lon="136.031465">
        <ele>115</ele>
      </trkpt>
      <trkpt lat="35.025419" lon="136.031314">
        <ele>115</ele>
      </trkpt>
      <trkpt lat="35.025532" lon="136.031061">
        <ele>115</ele>
      </trkpt>
      <trkpt lat="35.025545" lon="136.030951">
        <ele>115</ele>
      </trkpt>
      <trkpt lat="35.025535" lon="136.030726">
        <ele>114.53</ele>
      </trkpt>
      <trkpt lat="35.025494" lon="136.030278">
        <ele>114.97</ele>
      </trkpt>
      <trkpt lat="35.025497" lon="136.029934">
        <ele>115</ele>
      </trkpt>
      <trkpt lat="35.025512" lon="136.029801">
        <ele>114.31</ele>
      </trkpt>
      <trkpt lat="35.025578" lon="136.029369">
        <ele>114</ele>
      </trkpt>
      <trkpt lat="35.025614" lon="136.029281">
        <ele>114</ele>
      </trkpt>
      <trkpt lat="35.025804" lon="136.028932">
        <ele>114</ele>
      </trkpt>
      <trkpt lat="35.025804" lon="136.028932">
        <ele>114</ele>
      </trkpt>
      <trkpt lat="35.025869" lon="136.028789">
        <ele>114</ele>
      </trkpt>
      <trkpt lat="35.025926" lon="136.028576">
        <ele>114</ele>
      </trkpt>
      <trkpt lat="35.025975" lon="136.02828">
        <ele>114</ele>
      </trkpt>
      <trkpt lat="35.025977" lon="136.028171">
        <ele>114</ele>
      </trkpt>
      <trkpt lat="35.025977" lon="136.028171"/>
      <trkpt lat="35.025977" lon="136.028171">
        <ele>114</ele>
      </trkpt>
      <trkpt lat="35.025974" lon="136.027579">
        <ele>114</ele>
      </trkpt>
      <trkpt lat="35.025955" lon="136.027023">
        <ele>113.89</ele>
      </trkpt>
      <trkpt lat="35.025979" lon="136.026434">
        <ele>113.87</ele>
      </trkpt>
      <trkpt lat="35.025871" lon="136.025586">
        <ele>113</ele>
      </trkpt>
      <trkpt lat="35.025872" lon="136.025293">
        <ele>113</ele>
      </trkpt>
      <trkpt lat="35.025886" lon="136.024766">
        <ele>113.01</ele>
      </trkpt>
      <trkpt lat="35.02591" lon="136.024463">
        <ele>113</ele>
      </trkpt>
      <trkpt lat="35.025985" lon="136.023992">
        <ele>113</ele>
      </trkpt>
      <trkpt lat="35.026045" lon="136.023504">
        <ele>113</ele>
      </trkpt>
      <trkpt lat="35.02608" lon="136.023151">
        <ele>113</ele>
      </trkpt>
      <trkpt lat="35.026075" lon="136.023028">
        <ele>113</ele>
      </trkpt>
      <trkpt lat="35.026081" lon="136.022908">
        <ele>113</ele>
      </trkpt>
      <trkpt lat="35.026095" lon="136.022784">
        <ele>113</ele>
      </trkpt>
      <trkpt lat="35.026159" lon="136.022451">
        <ele>113</ele>
      </trkpt>
      <trkpt lat="35.026219" lon="136.022185">
        <ele>113</ele>
      </trkpt>
      <trkpt lat="35.026219" lon="136.022185"/>
      <trkpt lat="35.026219" lon="136.022185">
        <ele>113</ele>
      </trkpt>
      <trkpt lat="35.026224" lon="136.022071">
        <ele>113</ele>
      </trkpt>
      <trkpt lat="35.02622" lon="136.021943">
        <ele>113</ele>
      </trkpt>
      <trkpt lat="35.026195" lon="136.021615">
        <ele>112.72</ele>
      </trkpt>
      <trkpt lat="35.026156" lon="136.021251">
        <ele>111.89</ele>
      </trkpt>
      <trkpt lat="35.026142" lon="136.02091">
        <ele>112</ele>
      </trkpt>
      <trkpt lat="35.02611" lon="136.020495">
        <ele>112</ele>
      </trkpt>
      <trkpt lat="35.026079" lon="136.020296">
        <ele>112</ele>
      </trkpt>
      <trkpt lat="35.026035" lon="136.020086">
        <ele>112</ele>
      </trkpt>
      <trkpt lat="35.025995" lon="136.01992">
        <ele>112</ele>
      </trkpt>
      <trkpt lat="35.025977" lon="136.019763">
        <ele>112</ele>
      </trkpt>
      <trkpt lat="35.025942" lon="136.019617">
        <ele>112</ele>
      </trkpt>
      <trkpt lat="35.025944" lon="136.019615">
        <ele>112</ele>
      </trkpt>
      <trkpt lat="35.025942" lon="136.019617">
        <ele>112</ele>
      </trkpt>
      <trkpt lat="35.02562" lon="136.019514">
        <ele>112</ele>
      </trkpt>
      <trkpt lat="35.025307" lon="136.019306">
        <ele>112</ele>
      </trkpt>
      <trkpt lat="35.025031" lon="136.019061">
        <ele>112.35</ele>
      </trkpt>
      <trkpt lat="35.024862" lon="136.018856">
        <ele>113</ele>
      </trkpt>
      <trkpt lat="35.024807" lon="136.018761">
        <ele>113</ele>
      </trkpt>
      <trkpt lat="35.0248" lon="136.018767"/>
      <trkpt lat="35.024807" lon="136.018761">
        <ele>113</ele>
      </trkpt>
      <trkpt lat="35.024768" lon="136.018624">
        <ele>113.08</ele>
      </trkpt>
      <trkpt lat="35.024669" lon="136.01805">
        <ele>115</ele>
      </trkpt>
      <trkpt lat="35.024612" lon="136.01769">
        <ele>115</ele>
      </trkpt>
      <trkpt lat="35.024522" lon="136.017373">
        <ele>115</ele>
      </trkpt>
      <trkpt lat="35.024223" lon="136.016529">
        <ele>113.99</ele>
      </trkpt>
      <trkpt lat="35.024173" lon="136.016357">
        <ele>114</ele>
      </trkpt>
      <trkpt lat="35.024154" lon="136.016203">
        <ele>114</ele>
      </trkpt>
      <trkpt lat="35.024143" lon="136.016031">
        <ele>114</ele>
      </trkpt>
      <trkpt lat="35.024136" lon="136.015702">
        <ele>113.67</ele>
      </trkpt>
      <trkpt lat="35.024165" lon="136.015112">
        <ele>113</ele>
      </trkpt>
      <trkpt lat="35.024322" lon="136.013706">
        <ele>112</ele>
      </trkpt>
      <trkpt lat="35.024377" lon="136.013505">
        <ele>112</ele>
      </trkpt>
      <trkpt lat="35.024365" lon="136.0135"/>
      <trkpt lat="35.024377" lon="136.013505">
        <ele>112</ele>
      </trkpt>
      <trkpt lat="35.024445" lon="136.013293">
        <ele>112</ele>
      </trkpt>
      <trkpt lat="35.024588" lon="136.012985">
        <ele>112</ele>
      </trkpt>
      <trkpt lat="35.025157" lon="136.011905">
        <ele>111</ele>
      </trkpt>
      <trkpt lat="35.025282" lon="136.011773">
        <ele>111</ele>
      </trkpt>
      <trkpt lat="35.025396" lon="136.011681">
        <ele>110.97</ele>
      </trkpt>
      <trkpt lat="35.025497" lon="136.011576">
        <ele>111</ele>
      </trkpt>
      <trkpt lat="35.025597" lon="136.011434">
        <ele>111</ele>
      </trkpt>
      <trkpt lat="35.025727" lon="136.011188">
        <ele>111</ele>
      </trkpt>
      <trkpt lat="35.025816" lon="136.01098">
        <ele>110.89</ele>
      </trkpt>
      <trkpt lat="35.025888" lon="136.010748">
        <ele>110</ele>
      </trkpt>
      <trkpt lat="35.025925" lon="136.01057">
        <ele>110</ele>
      </trkpt>
      <trkpt lat="35.025961" lon="136.010311">
        <ele>110</ele>
      </trkpt>
      <trkpt lat="35.025945" lon="136.009346">
        <ele>110</ele>
      </trkpt>
      <trkpt lat="35.025926" lon="136.008919">
        <ele>110</ele>
      </trkpt>
      <trkpt lat="35.025928" lon="136.008689">
        <ele>110</ele>
      </trkpt>
      <trkpt lat="35.025952" lon="136.008313">
        <ele>109.37</ele>
      </trkpt>
      <trkpt lat="35.025943" lon="136.008045">
        <ele>109.18</ele>
      </trkpt>
      <trkpt lat="35.025925" lon="136.007843">
        <ele>109</ele>
      </trkpt>
      <trkpt lat="35.025827" lon="136.007111">
        <ele>109</ele>
      </trkpt>
      <trkpt lat="35.025804" lon="136.006892">
        <ele>109</ele>
      </trkpt>
      <trkpt lat="35.025791" lon="136.006552">
        <ele>109</ele>
      </trkpt>
      <trkpt lat="35.025759" lon="136.006335">
        <ele>109</ele>
      </trkpt>
      <trkpt lat="35.025713" lon="136.006097">
        <ele>109</ele>
      </trkpt>
      <trkpt lat="35.025676" lon="136.00596">
        <ele>108.9</ele>
      </trkpt>
      <trkpt lat="35.025629" lon="136.005838">
        <ele>108.99</ele>
      </trkpt>
      <trkpt lat="35.025597" lon="136.005681">
        <ele>108.29</ele>
      </trkpt>
      <trkpt lat="35.025597" lon="136.005614">
        <ele>108.18</ele>
      </trkpt>
      <trkpt lat="35.025599" lon="136.005614"/>
      <trkpt lat="35.025597" lon="136.005614">
        <ele>108.18</ele>
      </trkpt>
      <trkpt lat="35.025597" lon="136.005527">
        <ele>108.04</ele>
      </trkpt>
      <trkpt lat="35.025634" lon="136.005346">
        <ele>108</ele>
      </trkpt>
      <trkpt lat="35.025677" lon="136.005223">
        <ele>108</ele>
      </trkpt>
      <trkpt lat="35.025858" lon="136.004822">
        <ele>108</ele>
      </trkpt>
      <trkpt lat="35.025901" lon="136.004683">
        <ele>108</ele>
      </trkpt>
      <trkpt lat="35.025988" lon="136.004056">
        <ele>107.33</ele>
      </trkpt>
      <trkpt lat="35.02602" lon="136.003653">
        <ele>107</ele>
      </trkpt>
      <trkpt lat="35.02602" lon="136.00355">
        <ele>107</ele>
      </trkpt>
      <trkpt lat="35.025957" lon="136.003269">
        <ele>107</ele>
      </trkpt>
      <trkpt lat="35.025953" lon="136.003092">
        <ele>107</ele>
      </trkpt>
      <trkpt lat="35.026026" lon="136.002527">
        <ele>107</ele>
      </trkpt>
      <trkpt lat="35.026039" lon="136.002359">
        <ele>107</ele>
      </trkpt>
      <trkpt lat="35.026037" lon="136.002151">
        <ele>106.95</ele>
      </trkpt>
      <trkpt lat="35.026017" lon="136.001847">
        <ele>106.58</ele>
      </trkpt>
      <trkpt lat="35.026" lon="136.001726">
        <ele>106.05</ele>
      </trkpt>
      <trkpt lat="35.025977" lon="136.001318">
        <ele>106</ele>
      </trkpt>
      <trkpt lat="35.025978" lon="136.000957">
        <ele>106</ele>
      </trkpt>
      <trkpt lat="35.026004" lon="135.999892">
        <ele>106</ele>
      </trkpt>
      <trkpt lat="35.025975" lon="135.999254">
        <ele>106</ele>
      </trkpt>
      <trkpt lat="35.025897" lon="135.998551">
        <ele>106</ele>
      </trkpt>
      <trkpt lat="35.025934" lon="135.997355">
        <ele>105</ele>
      </trkpt>
      <trkpt lat="35.025965" lon="135.996645">
        <ele>105</ele>
      </trkpt>
      <trkpt lat="35.02601" lon="135.995868">
        <ele>105</ele>
      </trkpt>
      <trkpt lat="35.026024" lon="135.995348">
        <ele>104.21</ele>
      </trkpt>
      <trkpt lat="35.025969" lon="135.994729">
        <ele>104</ele>
      </trkpt>
      <trkpt lat="35.025954" lon="135.994693">
        <ele>104</ele>
      </trkpt>
      <trkpt lat="35.025954" lon="135.994693">
        <ele>104</ele>
      </trkpt>
      <trkpt lat="35.025922" lon="135.99462">
        <ele>104</ele>
      </trkpt>
      <trkpt lat="35.025821" lon="135.99444">
        <ele>104</ele>
      </trkpt>
      <trkpt lat="35.025631" lon="135.99418">
        <ele>104</ele>
      </trkpt>
      <trkpt lat="35.025439" lon="135.993908">
        <ele>105.21</ele>
      </trkpt>
      <trkpt lat="35.025218" lon="135.993628">
        <ele>104.93</ele>
      </trkpt>
      <trkpt lat="35.024975" lon="135.993337">
        <ele>105.16</ele>
      </trkpt>
      <trkpt lat="35.024755" lon="135.993114">
        <ele>104.58</ele>
      </trkpt>
      <trkpt lat="35.024755" lon="135.993114">
        <ele>104.58</ele>
      </trkpt>
      <trkpt lat="35.024519" lon="135.992894">
        <ele>104.29</ele>
      </trkpt>
      <trkpt lat="35.024347" lon="135.99277">
        <ele>103.04</ele>
      </trkpt>
      <trkpt lat="35.02425" lon="135.99274">
        <ele>103</ele>
      </trkpt>
      <trkpt lat="35.023875" lon="135.992694">
        <ele>103</ele>
      </trkpt>
      <trkpt lat="35.023742" lon="135.992639">
        <ele>103</ele>
      </trkpt>
      <trkpt lat="35.023558" lon="135.992524">
        <ele>103</ele>
      </trkpt>
      <trkpt lat="35.023462" lon="135.992444">
        <ele>103</ele>
      </trkpt>
      <trkpt lat="35.023354" lon="135.992338">
        <ele>103</ele>
      </trkpt>
      <trkpt lat="35.023239" lon="135.992202">
        <ele>103</ele>
      </trkpt>
      <trkpt lat="35.023114" lon="135.992012">
        <ele>102.94</ele>
      </trkpt>
      <trkpt lat="35.023117" lon="135.99201"/>
      <trkpt lat="35.023114" lon="135.992012">
        <ele>102.94</ele>
      </trkpt>
      <trkpt lat="35.022939" lon="135.991581">
        <ele>103</ele>
      </trkpt>
      <trkpt lat="35.022783" lon="135.991309">
        <ele>103</ele>
      </trkpt>
      <trkpt lat="35.022612" lon="135.991061">
        <ele>103.46</ele>
      </trkpt>
      <trkpt lat="35.022361" lon="135.990724">
        <ele>104.3</ele>
      </trkpt>
      <trkpt lat="35.021888" lon="135.990004">
        <ele>104.54</ele>
      </trkpt>
      <trkpt lat="35.021801" lon="135.989831">
        <ele>104.92</ele>
      </trkpt>
      <trkpt lat="35.021743" lon="135.989625">
        <ele>103.51</ele>
      </trkpt>
      <trkpt lat="35.021715" lon="135.989495">
        <ele>101.62</ele>
      </trkpt>
      <trkpt lat="35.021512" lon="135.989544">
        <ele>103.12</ele>
      </trkpt>
      <trkpt lat="35.021409" lon="135.989555">
        <ele>103.01</ele>
      </trkpt>
      <trkpt lat="35.021359" lon="135.989545">
        <ele>103</ele>
      </trkpt>
      <trkpt lat="35.021305" lon="135.989515">
        <ele>103</ele>
      </trkpt>
      <trkpt lat="35.020592" lon="135.988993">
        <ele>103</ele>
      </trkpt>
      <trkpt lat="35.020378" lon="135.988799">
        <ele>103</ele>
      </trkpt>
      <trkpt lat="35.020185" lon="135.98857">
        <ele>103</ele>
      </trkpt>
      <trkpt lat="35.019991" lon="135.988361">
        <ele>103</ele>
      </trkpt>
      <trkpt lat="35.019735" lon="135.98812">
        <ele>103</ele>
      </trkpt>
      <trkpt lat="35.019397" lon="135.987827">
        <ele>103</ele>
      </trkpt>
      <trkpt lat="35.018958" lon="135.987575">
        <ele>103.3</ele>
      </trkpt>
      <trkpt lat="35.018541" lon="135.987298">
        <ele>104</ele>
      </trkpt>
      <trkpt lat="35.018149" lon="135.987024">
        <ele>104</ele>
      </trkpt>
      <trkpt lat="35.017708" lon="135.986638">
        <ele>105</ele>
      </trkpt>
      <trkpt lat="35.017287" lon="135.986224">
        <ele>106.28</ele>
      </trkpt>
      <trkpt lat="35.017227" lon="135.986082">
        <ele>107.38</ele>
      </trkpt>
      <trkpt lat="35.017227" lon="135.986082">
        <ele>107.38</ele>
      </trkpt>
      <trkpt lat="35.017202" lon="135.986023">
        <ele>107.83</ele>
      </trkpt>
      <trkpt lat="35.017333" lon="135.985673">
        <ele>108</ele>
      </trkpt>
      <trkpt lat="35.017527" lon="135.985227">
        <ele>108.45</ele>
      </trkpt>
      <trkpt lat="35.017572" lon="135.985108">
        <ele>108.43</ele>
      </trkpt>
      <trkpt lat="35.017601" lon="135.984974">
        <ele>108.33</ele>
      </trkpt>
      <trkpt lat="35.017644" lon="135.984711">
        <ele>109.29</ele>
      </trkpt>
      <trkpt lat="35.01773" lon="135.984166">
        <ele>108.26</ele>
      </trkpt>
      <trkpt lat="35.017745" lon="135.984025">
        <ele>107.98</ele>
      </trkpt>
      <trkpt lat="35.017724" lon="135.983888">
        <ele>108.23</ele>
      </trkpt>
      <trkpt lat="35.017709" lon="135.983838">
        <ele>108.22</ele>
      </trkpt>
      <trkpt lat="35.017709" lon="135.983838">
        <ele>108.22</ele>
      </trkpt>
      <trkpt lat="35.017673" lon="135.983721">
        <ele>108.19</ele>
      </trkpt>
      <trkpt lat="35.017635" lon="135.983652">
        <ele>108</ele>
      </trkpt>
      <trkpt lat="35.017535" lon="135.983515">
        <ele>108.66</ele>
      </trkpt>
      <trkpt lat="35.017038" lon="135.983123">
        <ele>109.76</ele>
      </trkpt>
      <trkpt lat="35.016872" lon="135.982925">
        <ele>107.28</ele>
      </trkpt>
      <trkpt lat="35.01649" lon="135.982458">
        <ele>106</ele>
      </trkpt>
      <trkpt lat="35.015997" lon="135.98184">
        <ele>107</ele>
      </trkpt>
      <trkpt lat="35.015133" lon="135.980734">
        <ele>106</ele>
      </trkpt>
      <trkpt lat="35.014405" lon="135.979726">
        <ele>105</ele>
      </trkpt>
      <trkpt lat="35.014313" lon="135.979614">
        <ele>105</ele>
      </trkpt>
      <trkpt lat="35.013688" lon="135.978947">
        <ele>104</ele>
      </trkpt>
      <trkpt lat="35.013501" lon="135.978737">
        <ele>104</ele>
      </trkpt>
      <trkpt lat="35.013119" lon="135.978381">
        <ele>104</ele>
      </trkpt>
      <trkpt lat="35.013027" lon="135.978238">
        <ele>104.47</ele>
      </trkpt>
      <trkpt lat="35.012918" lon="135.97792">
        <ele>105</ele>
      </trkpt>
      <trkpt lat="35.012887" lon="135.977864">
        <ele>105</ele>
      </trkpt>
      <trkpt lat="35.01272" lon="135.977665">
        <ele>104.88</ele>
      </trkpt>
      <trkpt lat="35.012678" lon="135.977591">
        <ele>104.99</ele>
      </trkpt>
      <trkpt lat="35.01266" lon="135.977541">
        <ele>105.08</ele>
      </trkpt>
      <trkpt lat="35.012644" lon="135.97744">
        <ele>105.29</ele>
      </trkpt>
      <trkpt lat="35.012644" lon="135.97744">
        <ele>105.29</ele>
      </trkpt>
      <trkpt lat="35.012644" lon="135.977348">
        <ele>105.72</ele>
      </trkpt>
      <trkpt lat="35.012661" lon="135.977228">
        <ele>106.35</ele>
      </trkpt>
      <trkpt lat="35.013008" lon="135.9761">
        <ele>106.54</ele>
      </trkpt>
      <trkpt lat="35.013156" lon="135.97566">
        <ele>106.59</ele>
      </trkpt>
      <trkpt lat="35.0133" lon="135.975367">
        <ele>106.25</ele>
      </trkpt>
      <trkpt lat="35.013511" lon="135.974964">
        <ele>106.09</ele>
      </trkpt>
      <trkpt lat="35.013788" lon="135.97433">
        <ele>106.41</ele>
      </trkpt>
      <trkpt lat="35.014082" lon="135.973549">
        <ele>105.73</ele>
      </trkpt>
      <trkpt lat="35.014159" lon="135.973385">
        <ele>106.05</ele>
      </trkpt>
      <trkpt lat="35.014363" lon="135.973126">
        <ele>104.2</ele>
      </trkpt>
      <trkpt lat="35.014657" lon="135.972736">
        <ele>103.37</ele>
      </trkpt>
      <trkpt lat="35.01477" lon="135.972518">
        <ele>103.1</ele>
      </trkpt>
      <trkpt lat="35.014936" lon="135.972148">
        <ele>102.99</ele>
      </trkpt>
      <trkpt lat="35.015008" lon="135.972025">
        <ele>103</ele>
      </trkpt>
      <trkpt lat="35.015371" lon="135.971548">
        <ele>102.9</ele>
      </trkpt>
      <trkpt lat="35.015838" lon="135.970963">
        <ele>102.52</ele>
      </trkpt>
      <trkpt lat="35.015953" lon="135.970746">
        <ele>102.47</ele>
      </trkpt>
      <trkpt lat="35.016491" lon="135.969902">
        <ele>100.84</ele>
      </trkpt>
      <trkpt lat="35.016452" lon="135.969851">
        <ele>101.45</ele>
      </trkpt>
      <trkpt lat="35.016625" lon="135.969371">
        <ele>102.58</ele>
      </trkpt>
      <trkpt lat="35.016811" lon="135.9689">
        <ele>103.69</ele>
      </trkpt>
      <trkpt lat="35.016885" lon="135.968666">
        <ele>104.23</ele>
      </trkpt>
      <trkpt lat="35.016891" lon="135.968397">
        <ele>104.81</ele>
      </trkpt>
      <trkpt lat="35.017108" lon="135.967631">
        <ele>104.91</ele>
      </trkpt>
      <trkpt lat="35.017082" lon="135.967561">
        <ele>104.85</ele>
      </trkpt>
      <trkpt lat="35.01721" lon="135.967157">
        <ele>104.46</ele>
      </trkpt>
      <trkpt lat="35.017210022472746" lon="135.96715651181927">
        <ele>104.45729295533528</ele>
      </trkpt>
      <trkpt lat="35.017245" lon="135.967046">
        <ele>104.35</ele>
      </trkpt>
      <trkpt lat="35.017384" lon="135.96674">
        <ele>104.09</ele>
      </trkpt>
      <trkpt lat="35.017302" lon="135.966697">
        <ele>104.03</ele>
      </trkpt>
      <trkpt lat="35.017333" lon="135.966635">
        <ele>104</ele>
      </trkpt>
      <trkpt lat="35.017131" lon="135.966495">
        <ele>102.91</ele>
      </trkpt>
      <trkpt lat="35.017092" lon="135.966439">
        <ele>102.35</ele>
      </trkpt>
      <trkpt lat="35.017079" lon="135.966385">
        <ele>102.18</ele>
      </trkpt>
      <trkpt lat="35.01709" lon="135.966078">
        <ele>101</ele>
      </trkpt>
      <trkpt lat="35.017083" lon="135.965784">
        <ele>100.11</ele>
      </trkpt>
      <trkpt lat="35.017069" lon="135.965645">
        <ele>99.3</ele>
      </trkpt>
      <trkpt lat="35.017048" lon="135.965548">
        <ele>98.76</ele>
      </trkpt>
      <trkpt lat="35.017015" lon="135.965472">
        <ele>98.25</ele>
      </trkpt>
      <trkpt lat="35.016888" lon="135.965248">
        <ele>97.99</ele>
      </trkpt>
      <trkpt lat="35.016872" lon="135.965202">
        <ele>97.72</ele>
      </trkpt>
      <trkpt lat="35.016872" lon="135.964922">
        <ele>97</ele>
      </trkpt>
      <trkpt lat="35.016936" lon="135.964076">
        <ele>97</ele>
      </trkpt>
      <trkpt lat="35.016945" lon="135.964033">
        <ele>97</ele>
      </trkpt>
      <trkpt lat="35.016932" lon="135.964029"/>
      <trkpt lat="35.016945" lon="135.964033">
        <ele>97</ele>
      </trkpt>
      <trkpt lat="35.016972" lon="135.963894">
        <ele>97</ele>
      </trkpt>
      <trkpt lat="35.017054" lon="135.963617">
        <ele>97</ele>
      </trkpt>
      <trkpt lat="35.017744" lon="135.96152">
        <ele>98.01</ele>
      </trkpt>
      <trkpt lat="35.017789" lon="135.961401">
        <ele>98</ele>
      </trkpt>
      <trkpt lat="35.018072" lon="135.960836">
        <ele>96.57</ele>
      </trkpt>
      <trkpt lat="35.018074" lon="135.960832">
        <ele>96.56</ele>
      </trkpt>
      <trkpt lat="35.017538" lon="135.960362">
        <ele>96</ele>
      </trkpt>
      <trkpt lat="35.017053" lon="135.95995">
        <ele>96</ele>
      </trkpt>
      <trkpt lat="35.016846" lon="135.959792">
        <ele>96</ele>
      </trkpt>
      <trkpt lat="35.015948" lon="135.959053">
        <ele>95.74</ele>
      </trkpt>
      <trkpt lat="35.015496" lon="135.958657">
        <ele>95</ele>
      </trkpt>
      <trkpt lat="35.014429" lon="135.957752">
        <ele>95</ele>
      </trkpt>
      <trkpt lat="35.014218" lon="135.957581">
        <ele>95.07</ele>
      </trkpt>
      <trkpt lat="35.014221" lon="135.957575"/>
      <trkpt lat="35.014218" lon="135.957581">
        <ele>95.07</ele>
      </trkpt>
      <trkpt lat="35.013859" lon="135.957319">
        <ele>96</ele>
      </trkpt>
      <trkpt lat="35.013554" lon="135.957131">
        <ele>95.27</ele>
      </trkpt>
      <trkpt lat="35.013383" lon="135.957117">
        <ele>95.94</ele>
      </trkpt>
      <trkpt lat="35.013235" lon="135.957072">
        <ele>96</ele>
      </trkpt>
      <trkpt lat="35.012674" lon="135.956792">
        <ele>96</ele>
      </trkpt>
      <trkpt lat="35.012313" lon="135.956746">
        <ele>96</ele>
      </trkpt>
      <trkpt lat="35.012191" lon="135.956724">
        <ele>96</ele>
      </trkpt>
      <trkpt lat="35.012102" lon="135.956695">
        <ele>96</ele>
      </trkpt>
      <trkpt lat="35.011794" lon="135.956548">
        <ele>96.09</ele>
      </trkpt>
      <trkpt lat="35.011706" lon="135.956488">
        <ele>94.49</ele>
      </trkpt>
      <trkpt lat="35.010969" lon="135.956073">
        <ele>97</ele>
      </trkpt>
      <trkpt lat="35.010877" lon="135.95602">
        <ele>97</ele>
      </trkpt>
      <trkpt lat="35.010323" lon="135.955641">
        <ele>97.42</ele>
      </trkpt>
      <trkpt lat="35.009053" lon="135.95481">
        <ele>97</ele>
      </trkpt>
      <trkpt lat="35.008388" lon="135.954364">
        <ele>98</ele>
      </trkpt>
      <trkpt lat="35.007594" lon="135.953891">
        <ele>98</ele>
      </trkpt>
      <trkpt lat="35.007027" lon="135.953525">
        <ele>98</ele>
      </trkpt>
      <trkpt lat="35.007027" lon="135.953525">
        <ele>98</ele>
      </trkpt>
      <trkpt lat="35.006473" lon="135.953158">
        <ele>99</ele>
      </trkpt>
      <trkpt lat="35.006304" lon="135.953058">
        <ele>99.02</ele>
      </trkpt>
      <trkpt lat="35.005963" lon="135.952886">
        <ele>99</ele>
      </trkpt>
      <trkpt lat="35.005792" lon="135.952814">
        <ele>98.99</ele>
      </trkpt>
      <trkpt lat="35.005794" lon="135.952807"/>
      <trkpt lat="35.005792" lon="135.952814">
        <ele>98.99</ele>
      </trkpt>
      <trkpt lat="35.004831" lon="135.952348">
        <ele>98.66</ele>
      </trkpt>
      <trkpt lat="35.004386" lon="135.952182">
        <ele>99</ele>
      </trkpt>
      <trkpt lat="35.004107" lon="135.952122">
        <ele>99</ele>
      </trkpt>
      <trkpt lat="35.004039" lon="135.952221">
        <ele>99.07</ele>
      </trkpt>
      <trkpt lat="35.003847" lon="135.952027">
        <ele>99.31</ele>
      </trkpt>
      <trkpt lat="35.003758" lon="135.951986">
        <ele>99.33</ele>
      </trkpt>
      <trkpt lat="35.003666" lon="135.951944">
        <ele>99.35</ele>
      </trkpt>
      <trkpt lat="35.003638" lon="135.952002">
        <ele>99.14</ele>
      </trkpt>
      <trkpt lat="35.003356" lon="135.951919">
        <ele>100</ele>
      </trkpt>
      <trkpt lat="35.003337" lon="135.951931">
        <ele>100</ele>
      </trkpt>
      <trkpt lat="35.003296" lon="135.952039">
        <ele>100</ele>
      </trkpt>
      <trkpt lat="35.003231" lon="135.952015">
        <ele>100</ele>
      </trkpt>
      <trkpt lat="35.003211" lon="135.951975">
        <ele>100</ele>
      </trkpt>
      <trkpt lat="35.003196" lon="135.951965">
        <ele>100</ele>
      </trkpt>
      <trkpt lat="35.003196" lon="135.951965">
        <ele>100</ele>
      </trkpt>
      <trkpt lat="35.003147" lon="135.951934">
        <ele>100</ele>
      </trkpt>
      <trkpt lat="35.003253" lon="135.951691">
        <ele>100</ele>
      </trkpt>
      <trkpt lat="35.003307" lon="135.951657">
        <ele>100</ele>
      </trkpt>
      <trkpt lat="35.003291" lon="135.951633">
        <ele>100</ele>
      </trkpt>
      <trkpt lat="35.003298" lon="135.951626"/>
      <trkpt lat="35.003291" lon="135.951633">
        <ele>100</ele>
      </trkpt>
      <trkpt lat="35.003171" lon="135.951497">
        <ele>100</ele>
      </trkpt>
      <trkpt lat="35.003162" lon="135.951487">
        <ele>100</ele>
      </trkpt>
      <trkpt lat="35.003123" lon="135.951614">
        <ele>100</ele>
      </trkpt>
      <trkpt lat="35.002978" lon="135.951945">
        <ele>100</ele>
      </trkpt>
      <trkpt lat="35.002945" lon="135.95194">
        <ele>100.1</ele>
      </trkpt>
      <trkpt lat="35.002835" lon="135.951957">
        <ele>100.42</ele>
      </trkpt>
      <trkpt lat="35.002386" lon="135.952058">
        <ele>102</ele>
      </trkpt>
      <trkpt lat="35.002217" lon="135.952129">
        <ele>102</ele>
      </trkpt>
      <trkpt lat="35.001962" lon="135.952164">
        <ele>102</ele>
      </trkpt>
      <trkpt lat="35.001783" lon="135.95216">
        <ele>101.9</ele>
      </trkpt>
      <trkpt lat="35.001605" lon="135.952143">
        <ele>101.8</ele>
      </trkpt>
      <trkpt lat="35.001152" lon="135.952058">
        <ele>102</ele>
      </trkpt>
      <trkpt lat="35.001002" lon="135.952">
        <ele>101.99</ele>
      </trkpt>
      <trkpt lat="35.000784" lon="135.951899">
        <ele>102</ele>
      </trkpt>
      <trkpt lat="35.000588" lon="135.951724">
        <ele>102</ele>
      </trkpt>
      <trkpt lat="35.000588" lon="135.951724">
        <ele>102</ele>
      </trkpt>
      <trkpt lat="35.000491" lon="135.951583">
        <ele>102</ele>
      </trkpt>
      <trkpt lat="35.000136" lon="135.950783">
        <ele>102</ele>
      </trkpt>
      <trkpt lat="34.999813" lon="135.95002">
        <ele>101</ele>
      </trkpt>
      <trkpt lat="34.999735" lon="135.949863">
        <ele>101</ele>
      </trkpt>
      <trkpt lat="34.999554" lon="135.949592">
        <ele>100.97</ele>
      </trkpt>
      <trkpt lat="34.999446" lon="135.949447">
        <ele>100.83</ele>
      </trkpt>
      <trkpt lat="34.999449" lon="135.949443"/>
      <trkpt lat="34.999446" lon="135.949447">
        <ele>100.83</ele>
      </trkpt>
      <trkpt lat="34.999358" lon="135.949349">
        <ele>101</ele>
      </trkpt>
      <trkpt lat="34.999138" lon="135.949157">
        <ele>101</ele>
      </trkpt>
      <trkpt lat="34.998822" lon="135.948906">
        <ele>101</ele>
      </trkpt>
      <trkpt lat="34.99844" lon="135.948579">
        <ele>101.1</ele>
      </trkpt>
      <trkpt lat="34.998089" lon="135.948336">
        <ele>102.51</ele>
      </trkpt>
      <trkpt lat="34.997833" lon="135.948114">
        <ele>103</ele>
      </trkpt>
      <trkpt lat="34.99759" lon="135.948013">
        <ele>103</ele>
      </trkpt>
      <trkpt lat="34.997374" lon="135.947939">
        <ele>103</ele>
      </trkpt>
      <trkpt lat="34.997164" lon="135.94783">
        <ele>104</ele>
      </trkpt>
      <trkpt lat="34.996827" lon="135.947572">
        <ele>104.46</ele>
      </trkpt>
      <trkpt lat="34.996597" lon="135.947376">
        <ele>105</ele>
      </trkpt>
      <trkpt lat="34.996437" lon="135.947224">
        <ele>105</ele>
      </trkpt>
      <trkpt lat="34.996345" lon="135.94712">
        <ele>105</ele>
      </trkpt>
      <trkpt lat="34.996256" lon="135.946984">
        <ele>104.36</ele>
      </trkpt>
      <trkpt lat="34.99619" lon="135.946871">
        <ele>104</ele>
      </trkpt>
      <trkpt lat="34.996135" lon="135.946742">
        <ele>104</ele>
      </trkpt>
      <trkpt lat="34.996081" lon="135.946587">
        <ele>104</ele>
      </trkpt>
      <trkpt lat="34.995866" lon="135.946093">
        <ele>104.29</ele>
      </trkpt>
      <trkpt lat="34.995797" lon="135.945904">
        <ele>104.77</ele>
      </trkpt>
      <trkpt lat="34.995759" lon="135.945758">
        <ele>105</ele>
      </trkpt>
      <trkpt lat="34.995758" lon="135.945697">
        <ele>105</ele>
      </trkpt>
      <trkpt lat="34.995793" lon="135.945531">
        <ele>105</ele>
      </trkpt>
      <trkpt lat="34.995805" lon="135.945404">
        <ele>104.89</ele>
      </trkpt>
      <trkpt lat="34.995802" lon="135.945258">
        <ele>104.74</ele>
      </trkpt>
      <trkpt lat="34.995791" lon="135.945175">
        <ele>104.81</ele>
      </trkpt>
      <trkpt lat="34.995747" lon="135.944974">
        <ele>104.23</ele>
      </trkpt>
      <trkpt lat="34.995732" lon="135.94494">
        <ele>104.22</ele>
      </trkpt>
      <trkpt lat="34.995699" lon="135.944904">
        <ele>104.33</ele>
      </trkpt>
      <trkpt lat="34.995713" lon="135.944856"/>
      <trkpt lat="34.994711" lon="135.944578"/>
      <trkpt lat="34.993573" lon="135.944358"/>
      <trkpt lat="34.993406" lon="135.944197"/>
      <trkpt lat="34.993182" lon="135.944154"/>
      <trkpt lat="34.992395" lon="135.943467"/>
      <trkpt lat="34.991688" lon="135.94263"/>
      <trkpt lat="34.99095" lon="135.942024"/>
      <trkpt lat="34.990563" lon="135.941563"/>
      <trkpt lat="34.990027" lon="135.941198"/>
      <trkpt lat="34.988792" lon="135.939878"/>
      <trkpt lat="34.988796" lon="135.939882">
        <ele>107.81</ele>
      </trkpt>
      <trkpt lat="34.9888" lon="135.939876">
        <ele>107.78</ele>
      </trkpt>
      <trkpt lat="34.988452" lon="135.939373">
        <ele>104.46</ele>
      </trkpt>
      <trkpt lat="34.987917" lon="135.938616">
        <ele>104.64</ele>
      </trkpt>
      <trkpt lat="34.987623" lon="135.938278">
        <ele>105.11</ele>
      </trkpt>
      <trkpt lat="34.987563" lon="135.93821">
        <ele>105.17</ele>
      </trkpt>
      <trkpt lat="34.987394" lon="135.937981">
        <ele>105.41</ele>
      </trkpt>
      <trkpt lat="34.987176" lon="135.937575">
        <ele>105.96</ele>
      </trkpt>
      <trkpt lat="34.986966" lon="135.937139">
        <ele>106</ele>
      </trkpt>
      <trkpt lat="34.986907" lon="135.936912">
        <ele>106.47</ele>
      </trkpt>
      <trkpt lat="34.986893" lon="135.936917"/>
      <trkpt lat="34.986907" lon="135.936912">
        <ele>106.47</ele>
      </trkpt>
      <trkpt lat="34.986839" lon="135.936654">
        <ele>107</ele>
      </trkpt>
      <trkpt lat="34.986788" lon="135.936385">
        <ele>107</ele>
      </trkpt>
      <trkpt lat="34.986709" lon="135.935836">
        <ele>106</ele>
      </trkpt>
      <trkpt lat="34.986694" lon="135.935615">
        <ele>105.82</ele>
      </trkpt>
      <trkpt lat="34.986683" lon="135.935224">
        <ele>105</ele>
      </trkpt>
      <trkpt lat="34.986717" lon="135.93467">
        <ele>103.83</ele>
      </trkpt>
      <trkpt lat="34.986735" lon="135.934496">
        <ele>103.76</ele>
      </trkpt>
      <trkpt lat="34.986716" lon="135.933938">
        <ele>101.96</ele>
      </trkpt>
      <trkpt lat="34.986773" lon="135.933555">
        <ele>100.32</ele>
      </trkpt>
      <trkpt lat="34.986831" lon="135.933424">
        <ele>100.57</ele>
      </trkpt>
      <trkpt lat="34.986872" lon="135.933296">
        <ele>100.11</ele>
      </trkpt>
      <trkpt lat="34.986865" lon="135.93315">
        <ele>99.84</ele>
      </trkpt>
      <trkpt lat="34.986848" lon="135.933041">
        <ele>99.9</ele>
      </trkpt>
      <trkpt lat="34.986774" lon="135.932906">
        <ele>99.41</ele>
      </trkpt>
      <trkpt lat="34.986592" lon="135.932533">
        <ele>98.71</ele>
      </trkpt>
      <trkpt lat="34.986548" lon="135.932472">
        <ele>98.33</ele>
      </trkpt>
      <trkpt lat="34.98652" lon="135.932434">
        <ele>98.08</ele>
      </trkpt>
      <trkpt lat="34.985901" lon="135.931997">
        <ele>98</ele>
      </trkpt>
      <trkpt lat="34.985697" lon="135.931874">
        <ele>98.02</ele>
      </trkpt>
      <trkpt lat="34.985591" lon="135.931777">
        <ele>98.69</ele>
      </trkpt>
      <trkpt lat="34.985564" lon="135.93173">
        <ele>98.93</ele>
      </trkpt>
      <trkpt lat="34.985536" lon="135.931526">
        <ele>98.71</ele>
      </trkpt>
      <trkpt lat="34.985432" lon="135.931061">
        <ele>98.57</ele>
      </trkpt>
      <trkpt lat="34.985086" lon="135.929921">
        <ele>98.83</ele>
      </trkpt>
      <trkpt lat="34.985036" lon="135.929709">
        <ele>98.97</ele>
      </trkpt>
      <trkpt lat="34.984934" lon="135.929493">
        <ele>99</ele>
      </trkpt>
      <trkpt lat="34.984828" lon="135.929396">
        <ele>99</ele>
      </trkpt>
      <trkpt lat="34.984469" lon="135.929123">
        <ele>101.01</ele>
      </trkpt>
      <trkpt lat="34.984226" lon="135.92892">
        <ele>102.2</ele>
      </trkpt>
      <trkpt lat="34.983905" lon="135.928618">
        <ele>104.19</ele>
      </trkpt>
      <trkpt lat="34.983482" lon="135.928143">
        <ele>104.88</ele>
      </trkpt>
      <trkpt lat="34.983387" lon="135.928002">
        <ele>103.6</ele>
      </trkpt>
      <trkpt lat="34.98331" lon="135.927853">
        <ele>102.67</ele>
      </trkpt>
      <trkpt lat="34.983217" lon="135.927584">
        <ele>100.02</ele>
      </trkpt>
      <trkpt lat="34.983097" lon="135.927221">
        <ele>98.91</ele>
      </trkpt>
      <trkpt lat="34.983074" lon="135.927095">
        <ele>98.16</ele>
      </trkpt>
      <trkpt lat="34.983029" lon="135.926523">
        <ele>96.52</ele>
      </trkpt>
      <trkpt lat="34.982961" lon="135.926247">
        <ele>95.24</ele>
      </trkpt>
      <trkpt lat="34.982922" lon="135.926174">
        <ele>94.94</ele>
      </trkpt>
      <trkpt lat="34.982897" lon="135.926147">
        <ele>94.9</ele>
      </trkpt>
      <trkpt lat="34.982898" lon="135.926145"/>
      <trkpt lat="34.982239" lon="135.925421"/>
      <trkpt lat="34.981856" lon="135.925207"/>
      <trkpt lat="34.981083" lon="135.924826"/>
      <trkpt lat="34.980823" lon="135.924525"/>
      <trkpt lat="34.980727" lon="135.923984"/>
      <trkpt lat="34.9807" lon="135.923265"/>
      <trkpt lat="34.98074" lon="135.921961"/>
      <trkpt lat="34.980696" lon="135.920947"/>
      <trkpt lat="34.980757" lon="135.920116"/>
      <trkpt lat="34.97979" lon="135.919998"/>
      <trkpt lat="34.979522" lon="135.920051"/>
      <trkpt lat="34.978248" lon="135.919971"/>
      <trkpt lat="34.97798" lon="135.919971"/>
      <trkpt lat="34.977289" lon="135.919949"/>
      <trkpt lat="34.976775" lon="135.919842"/>
      <trkpt lat="34.976736" lon="135.919134"/>
      <trkpt lat="34.976727" lon="135.917739"/>
      <trkpt lat="34.976793" lon="135.916688"/>
      <trkpt lat="34.976828" lon="135.916076"/>
      <trkpt lat="34.976705" lon="135.915685"/>
      <trkpt lat="34.976459" lon="135.915164"/>
      <trkpt lat="34.976129" lon="135.914564"/>
      <trkpt lat="34.976164" lon="135.914263"/>
      <trkpt lat="34.976314" lon="135.913866"/>
      <trkpt lat="34.97554" lon="135.913045"/>
      <trkpt lat="34.973386" lon="135.910937"/>
      <trkpt lat="34.972903" lon="135.910905"/>
      <trkpt lat="34.972872" lon="135.910192"/>
      <trkpt lat="34.972705" lon="135.907681"/>
      <trkpt lat="34.973408" lon="135.904816"/>
      <trkpt lat="34.973817" lon="135.903191"/>
      <trkpt lat="34.974221" lon="135.901968"/>
      <trkpt lat="34.974907" lon="135.901898"/>
      <trkpt lat="34.976626" lon="135.901946"/>
      <trkpt lat="34.977404" lon="135.902038"/>
      <trkpt lat="34.978305" lon="135.902027"/>
      <trkpt lat="34.979219" lon="135.902097"/>
      <trkpt lat="34.980656" lon="135.901936"/>
      <trkpt lat="34.982617" lon="135.901153"/>
      <trkpt lat="34.983166" lon="135.901158"/>
      <trkpt lat="34.984238" lon="135.900686"/>
      <trkpt lat="34.98437" lon="135.900251"/>
      <trkpt lat="34.98455" lon="135.899447"/>
      <trkpt lat="34.984986" lon="135.898905"/>
      <trkpt lat="34.985227" lon="135.898218"/>
      <trkpt lat="34.985495" lon="135.897966"/>
      <trkpt lat="34.986137" lon="135.897778"/>
      <trkpt lat="34.986621" lon="135.897735"/>
      <trkpt lat="34.987245" lon="135.89736"/>
      <trkpt lat="34.987333" lon="135.896496"/>
      <trkpt lat="34.98753" lon="135.896244"/>
      <trkpt lat="34.987289" lon="135.894168"/>
      <trkpt lat="34.988554" lon="135.894066"/>
      <trkpt lat="34.989785" lon="135.893937"/>
      <trkpt lat="34.99113" lon="135.893905"/>
      <trkpt lat="34.991257" lon="135.893787"/>
      <trkpt lat="34.991288" lon="135.891985"/>
      <trkpt lat="34.9932" lon="135.891942"/>
      <trkpt lat="34.994979" lon="135.891915"/>
      <trkpt lat="34.997599" lon="135.89192"/>
      <trkpt lat="34.998526" lon="135.891947"/>
      <trkpt lat="34.999681" lon="135.889952"/>
      <trkpt lat="35.000481" lon="135.890279"/>
      <trkpt lat="35.00074" lon="135.889855"/>
      <trkpt lat="35.000762" lon="135.889592"/>
      <trkpt lat="35.000736" lon="135.88926"/>
      <trkpt lat="35.000503" lon="135.888938"/>
      <trkpt lat="35.000371" lon="135.888863"/>
      <trkpt lat="35.000639" lon="135.887951"/>
      <trkpt lat="35.000881" lon="135.886996"/>
      <trkpt lat="35.001307" lon="135.885993"/>
      <trkpt lat="35.001545" lon="135.885258"/>
      <trkpt lat="35.001641" lon="135.884829"/>
      <trkpt lat="35.001931" lon="135.884748"/>
      <trkpt lat="35.002406" lon="135.883123"/>
      <trkpt lat="35.002744" lon="135.881996"/>
      <trkpt lat="35.003052" lon="135.880789"/>
      <trkpt lat="35.003311" lon="135.879749"/>
      <trkpt lat="35.003434" lon="135.879019"/>
      <trkpt lat="35.003873" lon="135.87764"/>
      <trkpt lat="35.004251" lon="135.876412"/>
      <trkpt lat="35.004251" lon="135.87602"/>
      <trkpt lat="35.004185" lon="135.87565"/>
      <trkpt lat="35.004106" lon="135.875205"/>
      <trkpt lat="35.004115" lon="135.874491"/>
      <trkpt lat="35.004102" lon="135.873628"/>
      <trkpt lat="35.004743" lon="135.871793"/>
      <trkpt lat="35.005666" lon="135.868998"/>
      <trkpt lat="35.006404" lon="135.866729"/>
      <trkpt lat="35.007147" lon="135.864508"/>
      <trkpt lat="35.007929" lon="135.862041"/>
      <trkpt lat="35.006431" lon="135.861563"/>
      <trkpt lat="35.005917" lon="135.861408"/>
      <trkpt lat="35.004871" lon="135.861064"/>
      <trkpt lat="35.003258" lon="135.860147"/>
      <trkpt lat="35.001083" lon="135.858725"/>
      <trkpt lat="35.000481" lon="135.858591"/>
      <trkpt lat="34.999616" lon="135.858108"/>
      <trkpt lat="34.998992" lon="135.857926"/>
      <trkpt lat="34.997691" lon="135.857524"/>
      <trkpt lat="34.997027" lon="135.857416"/>
      <trkpt lat="34.995362" lon="135.857754"/>
      <trkpt lat="34.994839" lon="135.857701"/>
      <trkpt lat="34.994452" lon="135.857433"/>
      <trkpt lat="34.994158" lon="135.857025"/>
      <trkpt lat="34.994065" lon="135.856478"/>
      <trkpt lat="34.994118" lon="135.855721"/>
      <trkpt lat="34.994109" lon="135.855458"/>
      <trkpt lat="34.994228" lon="135.85511"/>
      <trkpt lat="34.994492" lon="135.853871"/>
      <trkpt lat="34.994496" lon="135.853275"/>
      <trkpt lat="34.994377" lon="135.852674"/>
      <trkpt lat="34.994338" lon="135.852583"/>
      <trkpt lat="34.994144" lon="135.852615"/>
      <trkpt lat="34.994105" lon="135.852444"/>
      <trkpt lat="34.993951" lon="135.851972"/>
      <trkpt lat="34.993468" lon="135.851188"/>
      <trkpt lat="34.992439" lon="135.849713"/>
      <trkpt lat="34.991872" lon="135.848458"/>
      <trkpt lat="34.991068" lon="135.845465"/>
      <trkpt lat="34.990295" lon="135.842316"/>
      <trkpt lat="34.990167" lon="135.841709"/>
      <trkpt lat="34.990152" lon="135.841712">
        <ele>116.62</ele>
      </trkpt>
      <trkpt lat="34.99013" lon="135.841531">
        <ele>115.99</ele>
      </trkpt>
      <trkpt lat="34.990138" lon="135.841383">
        <ele>115.93</ele>
      </trkpt>
      <trkpt lat="34.990173" lon="135.841083">
        <ele>115.38</ele>
      </trkpt>
      <trkpt lat="34.990272" lon="135.840661">
        <ele>114.33</ele>
      </trkpt>
      <trkpt lat="34.99038" lon="135.840272">
        <ele>111.94</ele>
      </trkpt>
      <trkpt lat="34.990325" lon="135.840162">
        <ele>112.87</ele>
      </trkpt>
      <trkpt lat="34.990279" lon="135.840058">
        <ele>112.26</ele>
      </trkpt>
      <trkpt lat="34.990257" lon="135.839971">
        <ele>111.9</ele>
      </trkpt>
      <trkpt lat="34.99025" lon="135.839904">
        <ele>111.29</ele>
      </trkpt>
      <trkpt lat="34.990257" lon="135.839803">
        <ele>110.37</ele>
      </trkpt>
      <trkpt lat="34.990317" lon="135.839489">
        <ele>109.94</ele>
      </trkpt>
      <trkpt lat="34.990455" lon="135.839025">
        <ele>109</ele>
      </trkpt>
      <trkpt lat="34.990564" lon="135.838756">
        <ele>108.4</ele>
      </trkpt>
      <trkpt lat="34.990723" lon="135.838406">
        <ele>108.03</ele>
      </trkpt>
      <trkpt lat="34.990763" lon="135.838286">
        <ele>108.16</ele>
      </trkpt>
      <trkpt lat="34.990826" lon="135.837846">
        <ele>109.83</ele>
      </trkpt>
      <trkpt lat="34.990846" lon="135.837517">
        <ele>110.41</ele>
      </trkpt>
      <trkpt lat="34.990849" lon="135.837327">
        <ele>109.65</ele>
      </trkpt>
      <trkpt lat="34.990866" lon="135.837146">
        <ele>109.4</ele>
      </trkpt>
      <trkpt lat="34.991005" lon="135.836418">
        <ele>107.97</ele>
      </trkpt>
      <trkpt lat="34.991025" lon="135.836347">
        <ele>107.56</ele>
      </trkpt>
      <trkpt lat="34.991074" lon="135.83609">
        <ele>106.07</ele>
      </trkpt>
      <trkpt lat="34.99113" lon="135.835679">
        <ele>103.67</ele>
      </trkpt>
      <trkpt lat="34.99115" lon="135.835422">
        <ele>102.18</ele>
      </trkpt>
      <trkpt lat="34.991162" lon="135.834214">
        <ele>96.16</ele>
      </trkpt>
      <trkpt lat="34.991175" lon="135.833584">
        <ele>93.57</ele>
      </trkpt>
      <trkpt lat="34.991153" lon="135.832854">
        <ele>91.25</ele>
      </trkpt>
      <trkpt lat="34.991151" lon="135.83245">
        <ele>89.93</ele>
      </trkpt>
      <trkpt lat="34.991203" lon="135.831268">
        <ele>85.05</ele>
      </trkpt>
      <trkpt lat="34.991202" lon="135.831278">
        <ele>85.08</ele>
      </trkpt>
      <trkpt lat="34.991238" lon="135.831275">
        <ele>85.07</ele>
      </trkpt>
      <trkpt lat="34.991252" lon="135.831183">
        <ele>84.92</ele>
      </trkpt>
      <trkpt lat="34.991306" lon="135.831189">
        <ele>84.83</ele>
      </trkpt>
      <trkpt lat="34.991607" lon="135.831022">
        <ele>84.22</ele>
      </trkpt>
      <trkpt lat="34.99157" lon="135.830915">
        <ele>84.01</ele>
      </trkpt>
      <trkpt lat="34.99156" lon="135.830921">
        <ele>84.01</ele>
      </trkpt>
      <trkpt lat="34.991294" lon="135.830197">
        <ele>82.23</ele>
      </trkpt>
      <trkpt lat="34.991276" lon="135.830148">
        <ele>82.11</ele>
      </trkpt>
      <trkpt lat="34.991293" lon="135.830044">
        <ele>81.24</ele>
      </trkpt>
      <trkpt lat="34.991414" lon="135.828527">
        <ele>77.2</ele>
      </trkpt>
      <trkpt lat="34.991404" lon="135.827688">
        <ele>74.27</ele>
      </trkpt>
      <trkpt lat="34.991418" lon="135.827283">
        <ele>72.86</ele>
      </trkpt>
      <trkpt lat="34.991449" lon="135.826863">
        <ele>71</ele>
      </trkpt>
      <trkpt lat="34.991475" lon="135.826735">
        <ele>70.85</ele>
      </trkpt>
      <trkpt lat="34.991508" lon="135.826383">
        <ele>70.49</ele>
      </trkpt>
      <trkpt lat="34.991499" lon="135.825991">
        <ele>70</ele>
      </trkpt>
      <trkpt lat="34.99147" lon="135.82563">
        <ele>69.52</ele>
      </trkpt>
      <trkpt lat="34.991293" lon="135.824148">
        <ele>67</ele>
      </trkpt>
      <trkpt lat="34.991263" lon="135.823729">
        <ele>66.01</ele>
      </trkpt>
      <trkpt lat="34.991273" lon="135.822875">
        <ele>66</ele>
      </trkpt>
      <trkpt lat="34.99132" lon="135.821798">
        <ele>64.97</ele>
      </trkpt>
      <trkpt lat="34.99132" lon="135.821577">
        <ele>64</ele>
      </trkpt>
      <trkpt lat="34.991334" lon="135.821212">
        <ele>63.8</ele>
      </trkpt>
      <trkpt lat="34.991328" lon="135.820412">
        <ele>63</ele>
      </trkpt>
      <trkpt lat="34.991307" lon="135.819573">
        <ele>63</ele>
      </trkpt>
      <trkpt lat="34.991262" lon="135.819204">
        <ele>63</ele>
      </trkpt>
      <trkpt lat="34.991238" lon="135.818657">
        <ele>63</ele>
      </trkpt>
      <trkpt lat="34.991254" lon="135.818019">
        <ele>63</ele>
      </trkpt>
      <trkpt lat="34.991238" lon="135.817194">
        <ele>62.87</ele>
      </trkpt>
      <trkpt lat="34.991211" lon="135.816242">
        <ele>61</ele>
      </trkpt>
      <trkpt lat="34.991212" lon="135.815696">
        <ele>61</ele>
      </trkpt>
      <trkpt lat="34.991194" lon="135.815417">
        <ele>60</ele>
      </trkpt>
      <trkpt lat="34.991193" lon="135.814745">
        <ele>59.98</ele>
      </trkpt>
      <trkpt lat="34.991233" lon="135.81398">
        <ele>58.52</ele>
      </trkpt>
      <trkpt lat="34.99124" lon="135.813405">
        <ele>58.12</ele>
      </trkpt>
      <trkpt lat="34.99124" lon="135.813405">
        <ele>58.12</ele>
      </trkpt>
      <trkpt lat="34.99123" lon="135.812544">
        <ele>56.32</ele>
      </trkpt>
      <trkpt lat="34.991214" lon="135.81204">
        <ele>56</ele>
      </trkpt>
      <trkpt lat="34.991205" lon="135.811484">
        <ele>55</ele>
      </trkpt>
      <trkpt lat="34.991211" lon="135.811294">
        <ele>55</ele>
      </trkpt>
      <trkpt lat="34.991261" lon="135.810802">
        <ele>55</ele>
      </trkpt>
      <trkpt lat="34.9913" lon="135.810477">
        <ele>55</ele>
      </trkpt>
      <trkpt lat="34.991332" lon="135.81037">
        <ele>55</ele>
      </trkpt>
      <trkpt lat="34.991376" lon="135.810279">
        <ele>55</ele>
      </trkpt>
      <trkpt lat="34.991515" lon="135.810075">
        <ele>55</ele>
      </trkpt>
      <trkpt lat="34.991585" lon="135.809945">
        <ele>54.35</ele>
      </trkpt>
      <trkpt lat="34.991624" lon="135.809805">
        <ele>53.49</ele>
      </trkpt>
      <trkpt lat="34.991654" lon="135.809075">
        <ele>51.18</ele>
      </trkpt>
      <trkpt lat="34.991733" lon="135.808243">
        <ele>50</ele>
      </trkpt>
      <trkpt lat="34.991814" lon="135.8079">
        <ele>50</ele>
      </trkpt>
      <trkpt lat="34.991814" lon="135.8079">
        <ele>50</ele>
      </trkpt>
      <trkpt lat="34.991821" lon="135.807763">
        <ele>50</ele>
      </trkpt>
      <trkpt lat="34.992223" lon="135.807303">
        <ele>52.35</ele>
      </trkpt>
      <trkpt lat="34.992911" lon="135.80648">
        <ele>50.96</ele>
      </trkpt>
      <trkpt lat="34.993087" lon="135.806285">
        <ele>51</ele>
      </trkpt>
      <trkpt lat="34.993546" lon="135.805799">
        <ele>52</ele>
      </trkpt>
      <trkpt lat="34.993543" lon="135.805405">
        <ele>51.23</ele>
      </trkpt>
      <trkpt lat="34.993532" lon="135.805315">
        <ele>51.15</ele>
      </trkpt>
      <trkpt lat="34.993532" lon="135.805315">
        <ele>51.15</ele>
      </trkpt>
      <trkpt lat="34.993502" lon="135.805085">
        <ele>51</ele>
      </trkpt>
      <trkpt lat="34.993518" lon="135.804369">
        <ele>51.05</ele>
      </trkpt>
      <trkpt lat="34.993548" lon="135.804375">
        <ele>51.27</ele>
      </trkpt>
      <trkpt lat="34.993601" lon="135.803937">
        <ele>51.56</ele>
      </trkpt>
      <trkpt lat="34.993627" lon="135.803801">
        <ele>51.28</ele>
      </trkpt>
      <trkpt lat="34.993786" lon="135.803249">
        <ele>51.95</ele>
      </trkpt>
      <trkpt lat="34.993861" lon="135.802929">
        <ele>52</ele>
      </trkpt>
      <trkpt lat="34.993993" lon="135.802294">
        <ele>52.75</ele>
      </trkpt>
      <trkpt lat="34.994081" lon="135.801743">
        <ele>53.65</ele>
      </trkpt>
      <trkpt lat="34.994081" lon="135.801743">
        <ele>53.65</ele>
      </trkpt>
      <trkpt lat="34.994121" lon="135.801492">
        <ele>54.06</ele>
      </trkpt>
      <trkpt lat="34.994243" lon="135.800871">
        <ele>55</ele>
      </trkpt>
      <trkpt lat="34.994301" lon="135.80065">
        <ele>55.38</ele>
      </trkpt>
      <trkpt lat="34.994399" lon="135.800159">
        <ele>58.84</ele>
      </trkpt>
      <trkpt lat="34.994468" lon="135.799752">
        <ele>63.25</ele>
      </trkpt>
      <trkpt lat="34.994489" lon="135.79962">
        <ele>64.03</ele>
      </trkpt>
      <trkpt lat="34.994529" lon="135.799457">
        <ele>65.85</ele>
      </trkpt>
      <trkpt lat="34.994693" lon="135.798965">
        <ele>71.52</ele>
      </trkpt>
      <trkpt lat="34.994769" lon="135.798782">
        <ele>73.77</ele>
      </trkpt>
      <trkpt lat="34.994914" lon="135.798593">
        <ele>76.95</ele>
      </trkpt>
      <trkpt lat="34.995007" lon="135.798446">
        <ele>78.54</ele>
      </trkpt>
      <trkpt lat="34.995153" lon="135.798334">
        <ele>81.43</ele>
      </trkpt>
      <trkpt lat="34.995246" lon="135.798278">
        <ele>82.64</ele>
      </trkpt>
      <trkpt lat="34.995686" lon="135.79806">
        <ele>86.46</ele>
      </trkpt>
      <trkpt lat="34.995717" lon="135.798023">
        <ele>86.58</ele>
      </trkpt>
      <trkpt lat="34.995717" lon="135.798023">
        <ele>86.58</ele>
      </trkpt>
      <trkpt lat="34.995837" lon="135.79788">
        <ele>87.04</ele>
      </trkpt>
      <trkpt lat="34.995946" lon="135.797683">
        <ele>86.95</ele>
      </trkpt>
      <trkpt lat="34.996171" lon="135.797363">
        <ele>87.24</ele>
      </trkpt>
      <trkpt lat="34.996171" lon="135.797363">
        <ele>87.24</ele>
      </trkpt>
      <trkpt lat="34.996214" lon="135.797306">
        <ele>87.19</ele>
      </trkpt>
      <trkpt lat="34.996292" lon="135.797246">
        <ele>87.74</ele>
      </trkpt>
      <trkpt lat="34.996377" lon="135.797197">
        <ele>88.04</ele>
      </trkpt>
      <trkpt lat="34.996431" lon="135.797179">
        <ele>88.05</ele>
      </trkpt>
      <trkpt lat="34.996634" lon="135.797079">
        <ele>88.12</ele>
      </trkpt>
      <trkpt lat="34.996924" lon="135.796821">
        <ele>89.85</ele>
      </trkpt>
      <trkpt lat="34.997015" lon="135.79673">
        <ele>89.69</ele>
      </trkpt>
      <trkpt lat="34.997015" lon="135.79673">
        <ele>89.69</ele>
      </trkpt>
      <trkpt lat="34.997278" lon="135.796489">
        <ele>89.96</ele>
      </trkpt>
      <trkpt lat="34.997487" lon="135.796232">
        <ele>91.01</ele>
      </trkpt>
      <trkpt lat="34.997664" lon="135.79599">
        <ele>90.12</ele>
      </trkpt>
      <trkpt lat="34.997783" lon="135.795792">
        <ele>89.03</ele>
      </trkpt>
      <trkpt lat="34.997783" lon="135.795792">
        <ele>89.03</ele>
      </trkpt>
      <trkpt lat="34.998169" lon="135.795158">
        <ele>87.65</ele>
      </trkpt>
      <trkpt lat="34.998401" lon="135.794715">
        <ele>85.71</ele>
      </trkpt>
      <trkpt lat="34.998575" lon="135.794288">
        <ele>86.17</ele>
      </trkpt>
      <trkpt lat="34.998686" lon="135.794094">
        <ele>87.06</ele>
      </trkpt>
      <trkpt lat="34.998839" lon="135.793859">
        <ele>86.74</ele>
      </trkpt>
      <trkpt lat="34.998956" lon="135.793714">
        <ele>86.22</ele>
      </trkpt>
      <trkpt lat="34.999088" lon="135.793613">
        <ele>86.27</ele>
      </trkpt>
      <trkpt lat="34.999204" lon="135.793541">
        <ele>86.32</ele>
      </trkpt>
      <trkpt lat="34.999229" lon="135.793536">
        <ele>86.35</ele>
      </trkpt>
      <trkpt lat="34.99925" lon="135.793542">
        <ele>86.31</ele>
      </trkpt>
      <trkpt lat="34.999287" lon="135.793494">
        <ele>86.59</ele>
      </trkpt>
      <trkpt lat="34.99932" lon="135.793499">
        <ele>86.76</ele>
      </trkpt>
      <trkpt lat="34.999375" lon="135.793447">
        <ele>87.03</ele>
      </trkpt>
      <trkpt lat="34.99952" lon="135.793349">
        <ele>87.43</ele>
      </trkpt>
      <trkpt lat="34.999639" lon="135.793316">
        <ele>87.81</ele>
      </trkpt>
      <trkpt lat="34.999859" lon="135.793294">
        <ele>88.54</ele>
      </trkpt>
      <trkpt lat="35.000088" lon="135.79329">
        <ele>90.06</ele>
      </trkpt>
      <trkpt lat="35.000247" lon="135.793275">
        <ele>91.09</ele>
      </trkpt>
      <trkpt lat="35.000473" lon="135.793208">
        <ele>93.05</ele>
      </trkpt>
      <trkpt lat="35.000507" lon="135.793191">
        <ele>93.01</ele>
      </trkpt>
      <trkpt lat="35.000655" lon="135.793116">
        <ele>92.85</ele>
      </trkpt>
      <trkpt lat="35.000758" lon="135.793046">
        <ele>93.2</ele>
      </trkpt>
      <trkpt lat="35.001192" lon="135.792695">
        <ele>95.28</ele>
      </trkpt>
      <trkpt lat="35.001279" lon="135.792635">
        <ele>95.38</ele>
      </trkpt>
      <trkpt lat="35.001279" lon="135.792635">
        <ele>95.38</ele>
      </trkpt>
      <trkpt lat="35.001738" lon="135.792319">
        <ele>95.93</ele>
      </trkpt>
      <trkpt lat="35.001765" lon="135.792292">
        <ele>96.05</ele>
      </trkpt>
      <trkpt lat="35.002131" lon="135.792103">
        <ele>95.74</ele>
      </trkpt>
      <trkpt lat="35.002613" lon="135.79187">
        <ele>96.96</ele>
      </trkpt>
      <trkpt lat="35.002613" lon="135.79187">
        <ele>96.96</ele>
      </trkpt>
      <trkpt lat="35.002732" lon="135.791812">
        <ele>97.26</ele>
      </trkpt>
      <trkpt lat="35.002889" lon="135.791724">
        <ele>96.63</ele>
      </trkpt>
      <trkpt lat="35.003053" lon="135.791604">
        <ele>96.79</ele>
      </trkpt>
      <trkpt lat="35.003175" lon="135.791494">
        <ele>96.46</ele>
      </trkpt>
      <trkpt lat="35.003296" lon="135.791358">
        <ele>95.72</ele>
      </trkpt>
      <trkpt lat="35.003563" lon="135.791026">
        <ele>94.91</ele>
      </trkpt>
      <trkpt lat="35.003644" lon="135.790946">
        <ele>98.88</ele>
      </trkpt>
      <trkpt lat="35.003748" lon="135.790857">
        <ele>97.94</ele>
      </trkpt>
      <trkpt lat="35.003905" lon="135.790772">
        <ele>94.99</ele>
      </trkpt>
      <trkpt lat="35.004103" lon="135.790718">
        <ele>96.07</ele>
      </trkpt>
      <trkpt lat="35.004383" lon="135.790719">
        <ele>97.92</ele>
      </trkpt>
      <trkpt lat="35.004419" lon="135.79073">
        <ele>97.46</ele>
      </trkpt>
      <trkpt lat="35.004419" lon="135.79073">
        <ele>97.46</ele>
      </trkpt>
      <trkpt lat="35.004546" lon="135.790768">
        <ele>95.83</ele>
      </trkpt>
      <trkpt lat="35.004934" lon="135.790909">
        <ele>86.07</ele>
      </trkpt>
      <trkpt lat="35.005145" lon="135.79099">
        <ele>83.25</ele>
      </trkpt>
      <trkpt lat="35.005302" lon="135.79102">
        <ele>82.34</ele>
      </trkpt>
      <trkpt lat="35.005571" lon="135.791035">
        <ele>81.78</ele>
      </trkpt>
      <trkpt lat="35.005645" lon="135.791016">
        <ele>80.89</ele>
      </trkpt>
      <trkpt lat="35.005892" lon="135.790926">
        <ele>80.52</ele>
      </trkpt>
      <trkpt lat="35.006102" lon="135.790817">
        <ele>79.69</ele>
      </trkpt>
      <trkpt lat="35.006784" lon="135.790407">
        <ele>78.22</ele>
      </trkpt>
      <trkpt lat="35.006974" lon="135.790309">
        <ele>78</ele>
      </trkpt>
      <trkpt lat="35.007119" lon="135.790253">
        <ele>76.88</ele>
      </trkpt>
      <trkpt lat="35.007283" lon="135.790216">
        <ele>76.23</ele>
      </trkpt>
      <trkpt lat="35.007562" lon="135.790175">
        <ele>74.7</ele>
      </trkpt>
      <trkpt lat="35.007774" lon="135.790179">
        <ele>74.64</ele>
      </trkpt>
      <trkpt lat="35.008021" lon="135.790133">
        <ele>72.05</ele>
      </trkpt>
      <trkpt lat="35.008021" lon="135.790133">
        <ele>72.06</ele>
      </trkpt>
      <trkpt lat="35.00809" lon="135.790117">
        <ele>71.27</ele>
      </trkpt>
      <trkpt lat="35.008258" lon="135.790038">
        <ele>70.76</ele>
      </trkpt>
      <trkpt lat="35.008423" lon="135.789917">
        <ele>68.74</ele>
      </trkpt>
      <trkpt lat="35.008597" lon="135.789792">
        <ele>64.14</ele>
      </trkpt>
      <trkpt lat="35.008683" lon="135.789728">
        <ele>63.95</ele>
      </trkpt>
      <trkpt lat="35.008844" lon="135.789582">
        <ele>63.89</ele>
      </trkpt>
      <trkpt lat="35.008844" lon="135.789582">
        <ele>63.89</ele>
      </trkpt>
      <trkpt lat="35.008878" lon="135.789551">
        <ele>63.88</ele>
      </trkpt>
      <trkpt lat="35.008938" lon="135.789476">
        <ele>63.46</ele>
      </trkpt>
      <trkpt lat="35.00903" lon="135.7893">
        <ele>62.83</ele>
      </trkpt>
      <trkpt lat="35.009136" lon="135.788961">
        <ele>62.18</ele>
      </trkpt>
      <trkpt lat="35.009187" lon="135.788741">
        <ele>63.21</ele>
      </trkpt>
      <trkpt lat="35.009286" lon="135.787951">
        <ele>61.09</ele>
      </trkpt>
      <trkpt lat="35.009331" lon="135.787477">
        <ele>59.67</ele>
      </trkpt>
      <trkpt lat="35.009331" lon="135.787477">
        <ele>59.67</ele>
      </trkpt>
      <trkpt lat="35.009453" lon="135.785924">
        <ele>55.33</ele>
      </trkpt>
      <trkpt lat="35.009461" lon="135.785568">
        <ele>54.26</ele>
      </trkpt>
      <trkpt lat="35.009445" lon="135.785365">
        <ele>53.47</ele>
      </trkpt>
      <trkpt lat="35.009445" lon="135.785365">
        <ele>53.47</ele>
      </trkpt>
      <trkpt lat="35.009421" lon="135.78507">
        <ele>52.33</ele>
      </trkpt>
      <trkpt lat="35.009421" lon="135.78507">
        <ele>52.33</ele>
      </trkpt>
      <trkpt lat="35.009407" lon="135.784901">
        <ele>52</ele>
      </trkpt>
      <trkpt lat="35.009336" lon="135.784161">
        <ele>50</ele>
      </trkpt>
      <trkpt lat="35.009309" lon="135.783805">
        <ele>48.99</ele>
      </trkpt>
      <trkpt lat="35.009309" lon="135.783805">
        <ele>48.99</ele>
      </trkpt>
      <trkpt lat="35.009283" lon="135.783455">
        <ele>48</ele>
      </trkpt>
      <trkpt lat="35.009244" lon="135.783221">
        <ele>47.22</ele>
      </trkpt>
      <trkpt lat="35.009235" lon="135.783122">
        <ele>46.98</ele>
      </trkpt>
      <trkpt lat="35.009235" lon="135.783122">
        <ele>46.98</ele>
      </trkpt>
      <trkpt lat="35.009219" lon="135.782942">
        <ele>46.54</ele>
      </trkpt>
      <trkpt lat="35.009195" lon="135.782875">
        <ele>46.68</ele>
      </trkpt>
      <trkpt lat="35.009146" lon="135.782833">
        <ele>47.01</ele>
      </trkpt>
      <trkpt lat="35.009147" lon="135.782736">
        <ele>46.86</ele>
      </trkpt>
      <trkpt lat="35.009171" lon="135.78272">
        <ele>46.65</ele>
      </trkpt>
      <trkpt lat="35.009187" lon="135.782692">
        <ele>46.45</ele>
      </trkpt>
      <trkpt lat="35.009177" lon="135.7825">
        <ele>45.9</ele>
      </trkpt>
      <trkpt lat="35.009192" lon="135.781672">
        <ele>44.66</ele>
      </trkpt>
      <trkpt lat="35.009192" lon="135.781672">
        <ele>44.66</ele>
      </trkpt>
      <trkpt lat="35.0092" lon="135.781232">
        <ele>44</ele>
      </trkpt>
      <trkpt lat="35.009217" lon="135.780958">
        <ele>43.52</ele>
      </trkpt>
      <trkpt lat="35.009222" lon="135.780921">
        <ele>43.31</ele>
      </trkpt>
      <trkpt lat="35.009222" lon="135.780921">
        <ele>43.31</ele>
      </trkpt>
      <trkpt lat="35.009236" lon="135.780925">
        <ele>43.33</ele>
      </trkpt>
      <trkpt lat="35.009222" lon="135.780921">
        <ele>43.31</ele>
      </trkpt>
      <trkpt lat="35.009259" lon="135.780683">
        <ele>44</ele>
      </trkpt>
      <trkpt lat="35.009389" lon="135.779496">
        <ele>43.3</ele>
      </trkpt>
      <trkpt lat="35.009407" lon="135.778962">
        <ele>43</ele>
      </trkpt>
      <trkpt lat="35.009397" lon="135.778284">
        <ele>43</ele>
      </trkpt>
      <trkpt lat="35.009333" lon="135.778205">
        <ele>43</ele>
      </trkpt>
      <trkpt lat="35.009345" lon="135.778012">
        <ele>43</ele>
      </trkpt>
      <trkpt lat="35.009385" lon="135.777963">
        <ele>43</ele>
      </trkpt>
      <trkpt lat="35.009397" lon="135.777902">
        <ele>43</ele>
      </trkpt>
      <trkpt lat="35.009398" lon="135.777706">
        <ele>43</ele>
      </trkpt>
      <trkpt lat="35.009398" lon="135.777706">
        <ele>43</ele>
      </trkpt>
      <trkpt lat="35.009399" lon="135.77752">
        <ele>43</ele>
      </trkpt>
      <trkpt lat="35.009369" lon="135.776245">
        <ele>42</ele>
      </trkpt>
      <trkpt lat="35.00932" lon="135.775503">
        <ele>41</ele>
      </trkpt>
      <trkpt lat="35.009304" lon="135.775273">
        <ele>41</ele>
      </trkpt>
      <trkpt lat="35.009304" lon="135.775273">
        <ele>41</ele>
      </trkpt>
      <trkpt lat="35.009272" lon="135.774744">
        <ele>41</ele>
      </trkpt>
      <trkpt lat="35.009168" lon="135.773574">
        <ele>41</ele>
      </trkpt>
      <trkpt lat="35.009147" lon="135.773474">
        <ele>41</ele>
      </trkpt>
      <trkpt lat="35.009124" lon="135.773376">
        <ele>41</ele>
      </trkpt>
      <trkpt lat="35.009075" lon="135.773263">
        <ele>41.11</ele>
      </trkpt>
      <trkpt lat="35.009025" lon="135.772714">
        <ele>41.93</ele>
      </trkpt>
      <trkpt lat="35.009027" lon="135.772481">
        <ele>42</ele>
      </trkpt>
      <trkpt lat="35.009017" lon="135.772424">
        <ele>42</ele>
      </trkpt>
      <trkpt lat="35.00897" lon="135.772385">
        <ele>42</ele>
      </trkpt>
      <trkpt lat="35.008971" lon="135.772266">
        <ele>41.95</ele>
      </trkpt>
      <trkpt lat="35.008971" lon="135.77218">
        <ele>39.95</ele>
      </trkpt>
      <trkpt lat="35.009032" lon="135.772155">
        <ele>39.38</ele>
      </trkpt>
      <trkpt lat="35.009032" lon="135.772134">
        <ele>38.88</ele>
      </trkpt>
      <trkpt lat="35.008949" lon="135.771324">
        <ele>40.26</ele>
      </trkpt>
      <trkpt lat="35.008935" lon="135.771318">
        <ele>40.3</ele>
      </trkpt>
      <trkpt lat="35.008949" lon="135.771324">
        <ele>40.26</ele>
      </trkpt>
      <trkpt lat="35.009032" lon="135.772134">
        <ele>38.88</ele>
      </trkpt>
      <trkpt lat="35.009032" lon="135.772155">
        <ele>39.38</ele>
      </trkpt>
      <trkpt lat="35.008971" lon="135.77218">
        <ele>39.95</ele>
      </trkpt>
      <trkpt lat="35.008971" lon="135.772266">
        <ele>41.95</ele>
      </trkpt>
      <trkpt lat="35.00897" lon="135.772385">
        <ele>42</ele>
      </trkpt>
      <trkpt lat="35.009017" lon="135.772424">
        <ele>42</ele>
      </trkpt>
      <trkpt lat="35.009027" lon="135.772481">
        <ele>42</ele>
      </trkpt>
      <trkpt lat="35.009025" lon="135.772714">
        <ele>41.93</ele>
      </trkpt>
      <trkpt lat="35.009075" lon="135.773263">
        <ele>41.11</ele>
      </trkpt>
      <trkpt lat="35.009124" lon="135.773376">
        <ele>41</ele>
      </trkpt>
      <trkpt lat="35.009147" lon="135.773474">
        <ele>41</ele>
      </trkpt>
      <trkpt lat="35.009168" lon="135.773574">
        <ele>41</ele>
      </trkpt>
      <trkpt lat="35.009272" lon="135.774744">
        <ele>41</ele>
      </trkpt>
      <trkpt lat="35.00932" lon="135.775503">
        <ele>41</ele>
      </trkpt>
      <trkpt lat="35.009369" lon="135.776245">
        <ele>42</ele>
      </trkpt>
      <trkpt lat="35.009399" lon="135.77752">
        <ele>43</ele>
      </trkpt>
      <trkpt lat="35.009397" lon="135.777902">
        <ele>43</ele>
      </trkpt>
      <trkpt lat="35.009385" lon="135.777963">
        <ele>43</ele>
      </trkpt>
      <trkpt lat="35.009345" lon="135.778012">
        <ele>43</ele>
      </trkpt>
      <trkpt lat="35.009333" lon="135.778205">
        <ele>43</ele>
      </trkpt>
      <trkpt lat="35.009397" lon="135.778284">
        <ele>43</ele>
      </trkpt>
      <trkpt lat="35.009407" lon="135.778962">
        <ele>43</ele>
      </trkpt>
      <trkpt lat="35.009389" lon="135.779496">
        <ele>43.3</ele>
      </trkpt>
      <trkpt lat="35.009259" lon="135.780683">
        <ele>44</ele>
      </trkpt>
      <trkpt lat="35.009217" lon="135.780958">
        <ele>43.52</ele>
      </trkpt>
      <trkpt lat="35.0092" lon="135.781232">
        <ele>44</ele>
      </trkpt>
      <trkpt lat="35.009177" lon="135.7825">
        <ele>45.9</ele>
      </trkpt>
      <trkpt lat="35.009187" lon="135.782692">
        <ele>46.45</ele>
      </trkpt>
      <trkpt lat="35.009171" lon="135.78272">
        <ele>46.65</ele>
      </trkpt>
      <trkpt lat="35.009147" lon="135.782736">
        <ele>46.86</ele>
      </trkpt>
      <trkpt lat="35.009146" lon="135.782833">
        <ele>47.01</ele>
      </trkpt>
      <trkpt lat="35.009195" lon="135.782875">
        <ele>46.68</ele>
      </trkpt>
      <trkpt lat="35.009219" lon="135.782942">
        <ele>46.54</ele>
      </trkpt>
      <trkpt lat="35.009244" lon="135.783221">
        <ele>47.22</ele>
      </trkpt>
      <trkpt lat="35.009283" lon="135.783455">
        <ele>48</ele>
      </trkpt>
      <trkpt lat="35.009336" lon="135.784161">
        <ele>50</ele>
      </trkpt>
      <trkpt lat="35.009407" lon="135.784901">
        <ele>52</ele>
      </trkpt>
      <trkpt lat="35.009461" lon="135.785568">
        <ele>54.26</ele>
      </trkpt>
      <trkpt lat="35.009453" lon="135.785924">
        <ele>55.33</ele>
      </trkpt>
      <trkpt lat="35.009307" lon="135.787778">
        <ele>60.77</ele>
      </trkpt>
      <trkpt lat="35.009286" lon="135.787951">
        <ele>61.09</ele>
      </trkpt>
      <trkpt lat="35.009187" lon="135.788741">
        <ele>63.21</ele>
      </trkpt>
      <trkpt lat="35.009136" lon="135.788961">
        <ele>62.18</ele>
      </trkpt>
      <trkpt lat="35.009053" lon="135.78923">
        <ele>62.69</ele>
      </trkpt>
      <trkpt lat="35.00903" lon="135.7893">
        <ele>62.83</ele>
      </trkpt>
      <trkpt lat="35.008938" lon="135.789476">
        <ele>63.46</ele>
      </trkpt>
      <trkpt lat="35.008878" lon="135.789551">
        <ele>63.88</ele>
      </trkpt>
      <trkpt lat="35.008683" lon="135.789728">
        <ele>63.95</ele>
      </trkpt>
      <trkpt lat="35.008597" lon="135.789792">
        <ele>64.14</ele>
      </trkpt>
      <trkpt lat="35.008423" lon="135.789917">
        <ele>68.74</ele>
      </trkpt>
      <trkpt lat="35.008258" lon="135.790038">
        <ele>70.76</ele>
      </trkpt>
      <trkpt lat="35.00809" lon="135.790117">
        <ele>71.27</ele>
      </trkpt>
      <trkpt lat="35.007905" lon="135.79016">
        <ele>73.38</ele>
      </trkpt>
      <trkpt lat="35.007774" lon="135.790179">
        <ele>74.64</ele>
      </trkpt>
      <trkpt lat="35.007562" lon="135.790175">
        <ele>74.7</ele>
      </trkpt>
      <trkpt lat="35.007283" lon="135.790216">
        <ele>76.23</ele>
      </trkpt>
      <trkpt lat="35.007119" lon="135.790253">
        <ele>76.88</ele>
      </trkpt>
      <trkpt lat="35.006974" lon="135.790309">
        <ele>78</ele>
      </trkpt>
      <trkpt lat="35.006784" lon="135.790407">
        <ele>78.22</ele>
      </trkpt>
      <trkpt lat="35.006102" lon="135.790817">
        <ele>79.69</ele>
      </trkpt>
      <trkpt lat="35.005892" lon="135.790926">
        <ele>80.52</ele>
      </trkpt>
      <trkpt lat="35.005645" lon="135.791016">
        <ele>80.89</ele>
      </trkpt>
      <trkpt lat="35.005571" lon="135.791035">
        <ele>81.78</ele>
      </trkpt>
      <trkpt lat="35.005302" lon="135.79102">
        <ele>82.34</ele>
      </trkpt>
      <trkpt lat="35.005145" lon="135.79099">
        <ele>83.25</ele>
      </trkpt>
      <trkpt lat="35.004934" lon="135.790909">
        <ele>86.07</ele>
      </trkpt>
      <trkpt lat="35.004889" lon="135.790894">
        <ele>87.34</ele>
      </trkpt>
      <trkpt lat="35.004546" lon="135.790768">
        <ele>95.83</ele>
      </trkpt>
      <trkpt lat="35.004383" lon="135.790719">
        <ele>97.92</ele>
      </trkpt>
      <trkpt lat="35.004103" lon="135.790718">
        <ele>96.07</ele>
      </trkpt>
      <trkpt lat="35.003905" lon="135.790772">
        <ele>94.99</ele>
      </trkpt>
      <trkpt lat="35.003748" lon="135.790857">
        <ele>97.94</ele>
      </trkpt>
      <trkpt lat="35.003644" lon="135.790946">
        <ele>98.88</ele>
      </trkpt>
      <trkpt lat="35.003563" lon="135.791026">
        <ele>94.91</ele>
      </trkpt>
      <trkpt lat="35.003296" lon="135.791358">
        <ele>95.72</ele>
      </trkpt>
      <trkpt lat="35.003175" lon="135.791494">
        <ele>96.46</ele>
      </trkpt>
      <trkpt lat="35.003053" lon="135.791604">
        <ele>96.79</ele>
      </trkpt>
      <trkpt lat="35.002889" lon="135.791724">
        <ele>96.63</ele>
      </trkpt>
      <trkpt lat="35.002732" lon="135.791812">
        <ele>97.26</ele>
      </trkpt>
      <trkpt lat="35.002131" lon="135.792103">
        <ele>95.74</ele>
      </trkpt>
      <trkpt lat="35.001765" lon="135.792292">
        <ele>96.05</ele>
      </trkpt>
      <trkpt lat="35.001738" lon="135.792319">
        <ele>95.93</ele>
      </trkpt>
      <trkpt lat="35.001192" lon="135.792695">
        <ele>95.28</ele>
      </trkpt>
      <trkpt lat="35.000758" lon="135.793046">
        <ele>93.2</ele>
      </trkpt>
      <trkpt lat="35.000655" lon="135.793116">
        <ele>92.85</ele>
      </trkpt>
      <trkpt lat="35.000473" lon="135.793208">
        <ele>93.05</ele>
      </trkpt>
      <trkpt lat="35.000247" lon="135.793275">
        <ele>91.09</ele>
      </trkpt>
      <trkpt lat="35.000088" lon="135.79329">
        <ele>90.06</ele>
      </trkpt>
      <trkpt lat="34.999859" lon="135.793294">
        <ele>88.54</ele>
      </trkpt>
      <trkpt lat="34.999639" lon="135.793316">
        <ele>87.81</ele>
      </trkpt>
      <trkpt lat="34.99952" lon="135.793349">
        <ele>87.43</ele>
      </trkpt>
      <trkpt lat="34.999375" lon="135.793447">
        <ele>87.03</ele>
      </trkpt>
      <trkpt lat="34.99932" lon="135.793499">
        <ele>86.76</ele>
      </trkpt>
      <trkpt lat="34.999287" lon="135.793494">
        <ele>86.59</ele>
      </trkpt>
      <trkpt lat="34.99925" lon="135.793542">
        <ele>86.31</ele>
      </trkpt>
      <trkpt lat="34.999229" lon="135.793536">
        <ele>86.35</ele>
      </trkpt>
      <trkpt lat="34.999204" lon="135.793541">
        <ele>86.32</ele>
      </trkpt>
      <trkpt lat="34.999088" lon="135.793613">
        <ele>86.27</ele>
      </trkpt>
      <trkpt lat="34.998956" lon="135.793714">
        <ele>86.22</ele>
      </trkpt>
      <trkpt lat="34.998839" lon="135.793859">
        <ele>86.74</ele>
      </trkpt>
      <trkpt lat="34.998686" lon="135.794094">
        <ele>87.06</ele>
      </trkpt>
      <trkpt lat="34.998575" lon="135.794288">
        <ele>86.17</ele>
      </trkpt>
      <trkpt lat="34.998401" lon="135.794715">
        <ele>85.71</ele>
      </trkpt>
      <trkpt lat="34.998169" lon="135.795158">
        <ele>87.65</ele>
      </trkpt>
      <trkpt lat="34.997885" lon="135.79562">
        <ele>88.08</ele>
      </trkpt>
      <trkpt lat="34.997664" lon="135.79599">
        <ele>90.12</ele>
      </trkpt>
      <trkpt lat="34.997487" lon="135.796232">
        <ele>91.01</ele>
      </trkpt>
      <trkpt lat="34.997278" lon="135.796489">
        <ele>89.96</ele>
      </trkpt>
      <trkpt lat="34.997048" lon="135.796697">
        <ele>89.63</ele>
      </trkpt>
      <trkpt lat="34.996924" lon="135.796821">
        <ele>89.85</ele>
      </trkpt>
      <trkpt lat="34.996634" lon="135.797079">
        <ele>88.12</ele>
      </trkpt>
      <trkpt lat="34.996431" lon="135.797179">
        <ele>88.05</ele>
      </trkpt>
      <trkpt lat="34.996377" lon="135.797197">
        <ele>88.04</ele>
      </trkpt>
      <trkpt lat="34.996292" lon="135.797246">
        <ele>87.74</ele>
      </trkpt>
      <trkpt lat="34.996214" lon="135.797306">
        <ele>87.19</ele>
      </trkpt>
      <trkpt lat="34.995946" lon="135.797683">
        <ele>86.95</ele>
      </trkpt>
      <trkpt lat="34.995837" lon="135.79788">
        <ele>87.04</ele>
      </trkpt>
      <trkpt lat="34.995686" lon="135.79806">
        <ele>86.46</ele>
      </trkpt>
      <trkpt lat="34.995287" lon="135.798257">
        <ele>83.21</ele>
      </trkpt>
      <trkpt lat="34.995153" lon="135.798334">
        <ele>81.43</ele>
      </trkpt>
      <trkpt lat="34.995007" lon="135.798446">
        <ele>78.54</ele>
      </trkpt>
      <trkpt lat="34.994914" lon="135.798593">
        <ele>76.95</ele>
      </trkpt>
      <trkpt lat="34.994769" lon="135.798782">
        <ele>73.77</ele>
      </trkpt>
      <trkpt lat="34.994693" lon="135.798965">
        <ele>71.52</ele>
      </trkpt>
      <trkpt lat="34.994529" lon="135.799457">
        <ele>65.85</ele>
      </trkpt>
      <trkpt lat="34.994489" lon="135.79962">
        <ele>64.03</ele>
      </trkpt>
      <trkpt lat="34.994468" lon="135.799752">
        <ele>63.25</ele>
      </trkpt>
      <trkpt lat="34.994399" lon="135.800159">
        <ele>58.84</ele>
      </trkpt>
      <trkpt lat="34.994301" lon="135.80065">
        <ele>55.38</ele>
      </trkpt>
      <trkpt lat="34.994243" lon="135.800871">
        <ele>55</ele>
      </trkpt>
      <trkpt lat="34.994121" lon="135.801492">
        <ele>54.06</ele>
      </trkpt>
      <trkpt lat="34.993993" lon="135.802294">
        <ele>52.75</ele>
      </trkpt>
      <trkpt lat="34.993861" lon="135.802929">
        <ele>52</ele>
      </trkpt>
      <trkpt lat="34.993786" lon="135.803249">
        <ele>51.95</ele>
      </trkpt>
      <trkpt lat="34.993627" lon="135.803801">
        <ele>51.28</ele>
      </trkpt>
      <trkpt lat="34.993601" lon="135.803937">
        <ele>51.56</ele>
      </trkpt>
      <trkpt lat="34.993548" lon="135.804375">
        <ele>51.27</ele>
      </trkpt>
      <trkpt lat="34.993518" lon="135.804369">
        <ele>51.05</ele>
      </trkpt>
      <trkpt lat="34.993502" lon="135.805085">
        <ele>51</ele>
      </trkpt>
      <trkpt lat="34.993543" lon="135.805405">
        <ele>51.23</ele>
      </trkpt>
      <trkpt lat="34.993546" lon="135.805799">
        <ele>52</ele>
      </trkpt>
      <trkpt lat="34.993087" lon="135.806285">
        <ele>51</ele>
      </trkpt>
      <trkpt lat="34.992911" lon="135.80648">
        <ele>50.96</ele>
      </trkpt>
      <trkpt lat="34.992223" lon="135.807303">
        <ele>52.35</ele>
      </trkpt>
      <trkpt lat="34.991821" lon="135.807763">
        <ele>50</ele>
      </trkpt>
      <trkpt lat="34.991817" lon="135.807884">
        <ele>50</ele>
      </trkpt>
      <trkpt lat="34.991733" lon="135.808243">
        <ele>50</ele>
      </trkpt>
      <trkpt lat="34.991654" lon="135.809075">
        <ele>51.18</ele>
      </trkpt>
      <trkpt lat="34.991624" lon="135.809805">
        <ele>53.49</ele>
      </trkpt>
      <trkpt lat="34.991585" lon="135.809945">
        <ele>54.35</ele>
      </trkpt>
      <trkpt lat="34.991515" lon="135.810075">
        <ele>55</ele>
      </trkpt>
      <trkpt lat="34.991376" lon="135.810279">
        <ele>55</ele>
      </trkpt>
      <trkpt lat="34.991332" lon="135.81037">
        <ele>55</ele>
      </trkpt>
      <trkpt lat="34.9913" lon="135.810477">
        <ele>55</ele>
      </trkpt>
      <trkpt lat="34.991211" lon="135.811294">
        <ele>55</ele>
      </trkpt>
      <trkpt lat="34.991205" lon="135.811484">
        <ele>55</ele>
      </trkpt>
      <trkpt lat="34.991214" lon="135.81204">
        <ele>56</ele>
      </trkpt>
      <trkpt lat="34.99123" lon="135.812544">
        <ele>56.32</ele>
      </trkpt>
      <trkpt lat="34.991241" lon="135.813358">
        <ele>58</ele>
      </trkpt>
      <trkpt lat="34.991233" lon="135.81398">
        <ele>58.52</ele>
      </trkpt>
      <trkpt lat="34.991193" lon="135.814745">
        <ele>59.98</ele>
      </trkpt>
      <trkpt lat="34.991194" lon="135.815417">
        <ele>60</ele>
      </trkpt>
      <trkpt lat="34.991212" lon="135.815696">
        <ele>61</ele>
      </trkpt>
      <trkpt lat="34.991211" lon="135.816242">
        <ele>61</ele>
      </trkpt>
      <trkpt lat="34.991238" lon="135.817194">
        <ele>62.87</ele>
      </trkpt>
      <trkpt lat="34.991254" lon="135.818019">
        <ele>63</ele>
      </trkpt>
      <trkpt lat="34.991238" lon="135.818657">
        <ele>63</ele>
      </trkpt>
      <trkpt lat="34.991262" lon="135.819204">
        <ele>63</ele>
      </trkpt>
      <trkpt lat="34.991307" lon="135.819573">
        <ele>63</ele>
      </trkpt>
      <trkpt lat="34.991331" lon="135.820612">
        <ele>63</ele>
      </trkpt>
      <trkpt lat="34.991334" lon="135.821212">
        <ele>63.8</ele>
      </trkpt>
      <trkpt lat="34.99132" lon="135.821577">
        <ele>64</ele>
      </trkpt>
      <trkpt lat="34.99132" lon="135.821798">
        <ele>64.97</ele>
      </trkpt>
      <trkpt lat="34.991273" lon="135.822875">
        <ele>66</ele>
      </trkpt>
      <trkpt lat="34.991263" lon="135.823729">
        <ele>66.01</ele>
      </trkpt>
      <trkpt lat="34.991293" lon="135.824148">
        <ele>67</ele>
      </trkpt>
      <trkpt lat="34.99147" lon="135.82563">
        <ele>69.52</ele>
      </trkpt>
      <trkpt lat="34.991499" lon="135.825991">
        <ele>70</ele>
      </trkpt>
      <trkpt lat="34.991508" lon="135.826383">
        <ele>70.49</ele>
      </trkpt>
      <trkpt lat="34.991475" lon="135.826735">
        <ele>70.85</ele>
      </trkpt>
      <trkpt lat="34.991449" lon="135.826863">
        <ele>71</ele>
      </trkpt>
      <trkpt lat="34.991418" lon="135.827283">
        <ele>72.86</ele>
      </trkpt>
      <trkpt lat="34.991404" lon="135.827688">
        <ele>74.27</ele>
      </trkpt>
      <trkpt lat="34.991414" lon="135.828527">
        <ele>77.2</ele>
      </trkpt>
      <trkpt lat="34.991293" lon="135.830044">
        <ele>81.24</ele>
      </trkpt>
      <trkpt lat="34.991276" lon="135.830148">
        <ele>82.11</ele>
      </trkpt>
      <trkpt lat="34.99156" lon="135.830921">
        <ele>84.01</ele>
      </trkpt>
      <trkpt lat="34.99157" lon="135.830915">
        <ele>84.01</ele>
      </trkpt>
      <trkpt lat="34.991607" lon="135.831022">
        <ele>84.22</ele>
      </trkpt>
      <trkpt lat="34.991306" lon="135.831189">
        <ele>84.83</ele>
      </trkpt>
      <trkpt lat="34.991252" lon="135.831183">
        <ele>84.92</ele>
      </trkpt>
      <trkpt lat="34.991238" lon="135.831275">
        <ele>85.07</ele>
      </trkpt>
      <trkpt lat="34.991202" lon="135.831278">
        <ele>85.08</ele>
      </trkpt>
      <trkpt lat="34.991151" lon="135.83245">
        <ele>89.93</ele>
      </trkpt>
      <trkpt lat="34.991153" lon="135.832854">
        <ele>91.25</ele>
      </trkpt>
      <trkpt lat="34.991175" lon="135.833584">
        <ele>93.57</ele>
      </trkpt>
      <trkpt lat="34.991162" lon="135.834214">
        <ele>96.16</ele>
      </trkpt>
      <trkpt lat="34.99115" lon="135.835422">
        <ele>102.18</ele>
      </trkpt>
      <trkpt lat="34.99113" lon="135.835679">
        <ele>103.67</ele>
      </trkpt>
      <trkpt lat="34.991074" lon="135.83609">
        <ele>106.07</ele>
      </trkpt>
      <trkpt lat="34.991025" lon="135.836347">
        <ele>107.56</ele>
      </trkpt>
      <trkpt lat="34.991005" lon="135.836418">
        <ele>107.97</ele>
      </trkpt>
      <trkpt lat="34.990866" lon="135.837146">
        <ele>109.4</ele>
      </trkpt>
      <trkpt lat="34.990849" lon="135.837327">
        <ele>109.65</ele>
      </trkpt>
      <trkpt lat="34.990846" lon="135.837517">
        <ele>110.41</ele>
      </trkpt>
      <trkpt lat="34.990826" lon="135.837846">
        <ele>109.83</ele>
      </trkpt>
      <trkpt lat="34.990763" lon="135.838286">
        <ele>108.16</ele>
      </trkpt>
      <trkpt lat="34.990723" lon="135.838406">
        <ele>108.03</ele>
      </trkpt>
      <trkpt lat="34.990564" lon="135.838756">
        <ele>108.4</ele>
      </trkpt>
      <trkpt lat="34.990455" lon="135.839025">
        <ele>109</ele>
      </trkpt>
      <trkpt lat="34.990317" lon="135.839489">
        <ele>109.94</ele>
      </trkpt>
      <trkpt lat="34.990257" lon="135.839803">
        <ele>110.37</ele>
      </trkpt>
      <trkpt lat="34.99025" lon="135.839904">
        <ele>111.29</ele>
      </trkpt>
      <trkpt lat="34.990257" lon="135.839971">
        <ele>111.9</ele>
      </trkpt>
      <trkpt lat="34.990279" lon="135.840058">
        <ele>112.26</ele>
      </trkpt>
      <trkpt lat="34.990325" lon="135.840162">
        <ele>112.87</ele>
      </trkpt>
      <trkpt lat="34.99038" lon="135.840272">
        <ele>111.94</ele>
      </trkpt>
      <trkpt lat="34.990272" lon="135.840661">
        <ele>114.33</ele>
      </trkpt>
      <trkpt lat="34.990173" lon="135.841083">
        <ele>115.38</ele>
      </trkpt>
      <trkpt lat="34.990138" lon="135.841383">
        <ele>115.93</ele>
      </trkpt>
      <trkpt lat="34.99013" lon="135.841531">
        <ele>115.99</ele>
      </trkpt>
      <trkpt lat="34.990171" lon="135.841856">
        <ele>117.12</ele>
      </trkpt>
      <trkpt lat="34.990318" lon="135.842399">
        <ele>118</ele>
      </trkpt>
      <trkpt lat="34.990707" lon="135.844008">
        <ele>124.9</ele>
      </trkpt>
      <trkpt lat="34.990863" lon="135.844652">
        <ele>125.67</ele>
      </trkpt>
      <trkpt lat="34.991176" lon="135.845898">
        <ele>131.84</ele>
      </trkpt>
      <trkpt lat="34.991403" lon="135.846734">
        <ele>134.81</ele>
      </trkpt>
      <trkpt lat="34.991482" lon="135.847026">
        <ele>138.3</ele>
      </trkpt>
      <trkpt lat="34.991561" lon="135.847319">
        <ele>136.77</ele>
      </trkpt>
      <trkpt lat="34.991838" lon="135.848327">
        <ele>139.19</ele>
      </trkpt>
      <trkpt lat="34.991958" lon="135.848687">
        <ele>140.66</ele>
      </trkpt>
      <trkpt lat="34.992118" lon="135.849072">
        <ele>141.48</ele>
      </trkpt>
      <trkpt lat="34.992238" lon="135.849322">
        <ele>142</ele>
      </trkpt>
      <trkpt lat="34.992397" lon="135.84962">
        <ele>142.03</ele>
      </trkpt>
      <trkpt lat="34.992624" lon="135.849982">
        <ele>143.83</ele>
      </trkpt>
      <trkpt lat="34.993467" lon="135.851211">
        <ele>150.82</ele>
      </trkpt>
      <trkpt lat="34.993588" lon="135.851396">
        <ele>150.16</ele>
      </trkpt>
      <trkpt lat="34.993835" lon="135.851758">
        <ele>151.41</ele>
      </trkpt>
      <trkpt lat="34.993897" lon="135.851864">
        <ele>151.94</ele>
      </trkpt>
      <trkpt lat="34.993979" lon="135.852034">
        <ele>152.76</ele>
      </trkpt>
      <trkpt lat="34.994061" lon="135.85227">
        <ele>154.15</ele>
      </trkpt>
      <trkpt lat="34.994097" lon="135.852391">
        <ele>154.71</ele>
      </trkpt>
      <trkpt lat="34.994104" lon="135.852444">
        <ele>154.71</ele>
      </trkpt>
      <trkpt lat="34.994131" lon="135.852619">
        <ele>155.32</ele>
      </trkpt>
      <trkpt lat="34.99434" lon="135.852587">
        <ele>155.67</ele>
      </trkpt>
      <trkpt lat="34.994377" lon="135.852767">
        <ele>156.3</ele>
      </trkpt>
      <trkpt lat="34.994401" lon="135.85276">
        <ele>156.31</ele>
      </trkpt>
      <trkpt lat="34.994474" lon="135.853127">
        <ele>157.86</ele>
      </trkpt>
      <trkpt lat="34.994511" lon="135.853479">
        <ele>159.27</ele>
      </trkpt>
      <trkpt lat="34.994513" lon="135.853574">
        <ele>159.83</ele>
      </trkpt>
      <trkpt lat="34.994499" lon="135.853894">
        <ele>162.23</ele>
      </trkpt>
      <trkpt lat="34.994476" lon="135.854025">
        <ele>163.29</ele>
      </trkpt>
      <trkpt lat="34.994254" lon="135.854976">
        <ele>166.76</ele>
      </trkpt>
      <trkpt lat="34.994229" lon="135.855115">
        <ele>165.74</ele>
      </trkpt>
      <trkpt lat="34.994202" lon="135.855343">
        <ele>167</ele>
      </trkpt>
      <trkpt lat="34.994191" lon="135.855373">
        <ele>167.03</ele>
      </trkpt>
      <trkpt lat="34.994227" lon="135.855386">
        <ele>167.48</ele>
      </trkpt>
      <trkpt lat="34.994201" lon="135.855509">
        <ele>167.1</ele>
      </trkpt>
      <trkpt lat="34.994201" lon="135.855607">
        <ele>167.64</ele>
      </trkpt>
      <trkpt lat="34.994068" lon="135.855607">
        <ele>169.33</ele>
      </trkpt>
      <trkpt lat="34.994068" lon="135.855822">
        <ele>170.56</ele>
      </trkpt>
      <trkpt lat="34.994011" lon="135.856256">
        <ele>171.37</ele>
      </trkpt>
      <trkpt lat="34.994001" lon="135.856466">
        <ele>169.68</ele>
      </trkpt>
      <trkpt lat="34.993999" lon="135.856632">
        <ele>169.02</ele>
      </trkpt>
      <trkpt lat="34.994021" lon="135.85679">
        <ele>167.85</ele>
      </trkpt>
      <trkpt lat="34.994061" lon="135.856955">
        <ele>165.92</ele>
      </trkpt>
      <trkpt lat="34.994132" lon="135.857137">
        <ele>166.09</ele>
      </trkpt>
      <trkpt lat="34.994197" lon="135.857258">
        <ele>163.85</ele>
      </trkpt>
      <trkpt lat="34.994288" lon="135.857383">
        <ele>163.98</ele>
      </trkpt>
      <trkpt lat="34.994381" lon="135.85749">
        <ele>163.37</ele>
      </trkpt>
      <trkpt lat="34.994483" lon="135.857589">
        <ele>161.18</ele>
      </trkpt>
      <trkpt lat="34.994585" lon="135.857673">
        <ele>162.75</ele>
      </trkpt>
      <trkpt lat="34.994711" lon="135.857766">
        <ele>160.68</ele>
      </trkpt>
      <trkpt lat="34.994806" lon="135.85778">
        <ele>159.72</ele>
      </trkpt>
      <trkpt lat="34.994895" lon="135.857817">
        <ele>159.66</ele>
      </trkpt>
      <trkpt lat="34.995093" lon="135.857858">
        <ele>158.51</ele>
      </trkpt>
      <trkpt lat="34.99529" lon="135.857866">
        <ele>155.8</ele>
      </trkpt>
      <trkpt lat="34.995403" lon="135.857856">
        <ele>154.48</ele>
      </trkpt>
      <trkpt lat="34.996464" lon="135.857623">
        <ele>149.04</ele>
      </trkpt>
      <trkpt lat="34.997018" lon="135.857511">
        <ele>148.08</ele>
      </trkpt>
      <trkpt lat="34.997339" lon="135.857526">
        <ele>147.06</ele>
      </trkpt>
      <trkpt lat="34.997531" lon="135.857551">
        <ele>145.65</ele>
      </trkpt>
      <trkpt lat="34.997709" lon="135.857584">
        <ele>143.2</ele>
      </trkpt>
      <trkpt lat="34.998016" lon="135.857671">
        <ele>143.3</ele>
      </trkpt>
      <trkpt lat="34.998258" lon="135.857754">
        <ele>140.3</ele>
      </trkpt>
      <trkpt lat="34.9985" lon="135.857838">
        <ele>140.68</ele>
      </trkpt>
      <trkpt lat="34.998869" lon="135.857967">
        <ele>137.78</ele>
      </trkpt>
      <trkpt lat="34.999048" lon="135.858036">
        <ele>137.57</ele>
      </trkpt>
      <trkpt lat="34.999343" lon="135.858178">
        <ele>134.71</ele>
      </trkpt>
      <trkpt lat="34.999746" lon="135.858415">
        <ele>132.14</ele>
      </trkpt>
      <trkpt lat="34.999796" lon="135.8583">
        <ele>132.8</ele>
      </trkpt>
      <trkpt lat="35.000371" lon="135.858614">
        <ele>129.66</ele>
      </trkpt>
      <trkpt lat="35.000594" lon="135.858697">
        <ele>128.73</ele>
      </trkpt>
      <trkpt lat="35.000672" lon="135.858716">
        <ele>128.21</ele>
      </trkpt>
      <trkpt lat="35.000977" lon="135.858761">
        <ele>125.26</ele>
      </trkpt>
      <trkpt lat="35.001054" lon="135.858792">
        <ele>125.12</ele>
      </trkpt>
      <trkpt lat="35.001172" lon="135.858866">
        <ele>126.09</ele>
      </trkpt>
      <trkpt lat="35.001517" lon="135.859114">
        <ele>123.34</ele>
      </trkpt>
      <trkpt lat="35.001581" lon="135.859148">
        <ele>122.72</ele>
      </trkpt>
      <trkpt lat="35.001611" lon="135.859086">
        <ele>122.62</ele>
      </trkpt>
      <trkpt lat="35.002183" lon="135.859483">
        <ele>119.1</ele>
      </trkpt>
      <trkpt lat="35.003422" lon="135.860247">
        <ele>110.88</ele>
      </trkpt>
      <trkpt lat="35.00361" lon="135.860357">
        <ele>112.9</ele>
      </trkpt>
      <trkpt lat="35.004104" lon="135.860638">
        <ele>110.85</ele>
      </trkpt>
      <trkpt lat="35.004282" lon="135.860725">
        <ele>109.87</ele>
      </trkpt>
      <trkpt lat="35.004475" lon="135.860845">
        <ele>109</ele>
      </trkpt>
      <trkpt lat="35.004705" lon="135.860975">
        <ele>108</ele>
      </trkpt>
      <trkpt lat="35.00487" lon="135.861061">
        <ele>107.37</ele>
      </trkpt>
      <trkpt lat="35.00499" lon="135.861104">
        <ele>107</ele>
      </trkpt>
      <trkpt lat="35.006064" lon="135.861444">
        <ele>103.47</ele>
      </trkpt>
      <trkpt lat="35.006129" lon="135.861488">
        <ele>103.12</ele>
      </trkpt>
      <trkpt lat="35.006435" lon="135.861617">
        <ele>102</ele>
      </trkpt>
      <trkpt lat="35.007925" lon="135.862106">
        <ele>97.47</ele>
      </trkpt>
      <trkpt lat="35.007738" lon="135.862691">
        <ele>96.01</ele>
      </trkpt>
      <trkpt lat="35.006733" lon="135.865746">
        <ele>92</ele>
      </trkpt>
      <trkpt lat="35.006454" lon="135.866599">
        <ele>91.61</ele>
      </trkpt>
      <trkpt lat="35.006371" lon="135.866878">
        <ele>91.68</ele>
      </trkpt>
      <trkpt lat="35.005643" lon="135.86908">
        <ele>89.11</ele>
      </trkpt>
      <trkpt lat="35.005499" lon="135.869527">
        <ele>89.47</ele>
      </trkpt>
      <trkpt lat="35.005231" lon="135.870329">
        <ele>91</ele>
      </trkpt>
      <trkpt lat="35.004993" lon="135.87105">
        <ele>90</ele>
      </trkpt>
      <trkpt lat="35.004746" lon="135.871795">
        <ele>92.25</ele>
      </trkpt>
      <trkpt lat="35.004332" lon="135.872971">
        <ele>89.49</ele>
      </trkpt>
      <trkpt lat="35.004137" lon="135.873546">
        <ele>91.1</ele>
      </trkpt>
      <trkpt lat="35.004106" lon="135.873753">
        <ele>91.03</ele>
      </trkpt>
      <trkpt lat="35.004104" lon="135.874014">
        <ele>91.81</ele>
      </trkpt>
      <trkpt lat="35.004126" lon="135.87468">
        <ele>91.66</ele>
      </trkpt>
      <trkpt lat="35.004103" lon="135.875146">
        <ele>90.86</ele>
      </trkpt>
      <trkpt lat="35.004108" lon="135.875271">
        <ele>90.13</ele>
      </trkpt>
      <trkpt lat="35.004163" lon="135.875582">
        <ele>88.13</ele>
      </trkpt>
      <trkpt lat="35.004231" lon="135.875893">
        <ele>87.96</ele>
      </trkpt>
      <trkpt lat="35.004263" lon="135.876159">
        <ele>87</ele>
      </trkpt>
      <trkpt lat="35.00426" lon="135.87626">
        <ele>87</ele>
      </trkpt>
      <trkpt lat="35.004244" lon="135.87639">
        <ele>87</ele>
      </trkpt>
      <trkpt lat="35.004186" lon="135.876627">
        <ele>87</ele>
      </trkpt>
      <trkpt lat="35.004043" lon="135.877103">
        <ele>87</ele>
      </trkpt>
      <trkpt lat="35.003873" lon="135.877636">
        <ele>87</ele>
      </trkpt>
      <trkpt lat="35.003557" lon="135.878579">
        <ele>87</ele>
      </trkpt>
      <trkpt lat="35.003441" lon="135.879034">
        <ele>87</ele>
      </trkpt>
      <trkpt lat="35.003306" lon="135.879782">
        <ele>87</ele>
      </trkpt>
      <trkpt lat="35.003134" lon="135.880493">
        <ele>87</ele>
      </trkpt>
      <trkpt lat="35.003023" lon="135.880906">
        <ele>87</ele>
      </trkpt>
      <trkpt lat="35.002922" lon="135.881245">
        <ele>87</ele>
      </trkpt>
      <trkpt lat="35.002726" lon="135.882145">
        <ele>87</ele>
      </trkpt>
      <trkpt lat="35.002648" lon="135.88243">
        <ele>87</ele>
      </trkpt>
      <trkpt lat="35.002234" lon="135.883721">
        <ele>87</ele>
      </trkpt>
      <trkpt lat="35.001971" lon="135.884639">
        <ele>87</ele>
      </trkpt>
      <trkpt lat="35.001925" lon="135.884776">
        <ele>87</ele>
      </trkpt>
      <trkpt lat="35.001673" lon="135.884803">
        <ele>87</ele>
      </trkpt>
      <trkpt lat="35.001636" lon="135.884891">
        <ele>87</ele>
      </trkpt>
      <trkpt lat="35.001523" lon="135.885329">
        <ele>87.13</ele>
      </trkpt>
      <trkpt lat="35.001381" lon="135.885796">
        <ele>87</ele>
      </trkpt>
      <trkpt lat="35.00123" lon="135.886185">
        <ele>87</ele>
      </trkpt>
      <trkpt lat="35.001013" lon="135.88668">
        <ele>87</ele>
      </trkpt>
      <trkpt lat="35.000936" lon="135.886879">
        <ele>87</ele>
      </trkpt>
      <trkpt lat="35.000888" lon="135.887028">
        <ele>87</ele>
      </trkpt>
      <trkpt lat="35.000641" lon="135.887969">
        <ele>87</ele>
      </trkpt>
      <trkpt lat="35.00037" lon="135.888857">
        <ele>87</ele>
      </trkpt>
      <trkpt lat="35.000378" lon="135.888894">
        <ele>87.07</ele>
      </trkpt>
      <trkpt lat="35.000541" lon="135.888975">
        <ele>87.54</ele>
      </trkpt>
      <trkpt lat="35.000744" lon="135.88925">
        <ele>88</ele>
      </trkpt>
      <trkpt lat="35.000768" lon="135.88933">
        <ele>88</ele>
      </trkpt>
      <trkpt lat="35.000779" lon="135.889441">
        <ele>87.75</ele>
      </trkpt>
      <trkpt lat="35.00078" lon="135.889546">
        <ele>87.14</ele>
      </trkpt>
      <trkpt lat="35.000769" lon="135.88973">
        <ele>87</ele>
      </trkpt>
      <trkpt lat="35.000738" lon="135.889901">
        <ele>87</ele>
      </trkpt>
      <trkpt lat="35.00066" lon="135.890033">
        <ele>87</ele>
      </trkpt>
      <trkpt lat="35.000457" lon="135.890299">
        <ele>87</ele>
      </trkpt>
      <trkpt lat="35.000031" lon="135.890107">
        <ele>87</ele>
      </trkpt>
      <trkpt lat="34.999909" lon="135.890407">
        <ele>87</ele>
      </trkpt>
      <trkpt lat="34.999958" lon="135.890458">
        <ele>87</ele>
      </trkpt>
      <trkpt lat="34.999836" lon="135.89065">
        <ele>87</ele>
      </trkpt>
      <trkpt lat="35.000082" lon="135.89093">
        <ele>86.03</ele>
      </trkpt>
      <trkpt lat="34.999938" lon="135.891074">
        <ele>86</ele>
      </trkpt>
      <trkpt lat="34.999086" lon="135.892451">
        <ele>86.32</ele>
      </trkpt>
      <trkpt lat="34.999172" lon="135.892537">
        <ele>86</ele>
      </trkpt>
      <trkpt lat="34.999217" lon="135.892599">
        <ele>86</ele>
      </trkpt>
      <trkpt lat="34.999182" lon="135.892637">
        <ele>86</ele>
      </trkpt>
      <trkpt lat="34.999163" lon="135.892688">
        <ele>86</ele>
      </trkpt>
      <trkpt lat="34.999328" lon="135.892937">
        <ele>86.41</ele>
      </trkpt>
      <trkpt lat="34.99852" lon="135.89371">
        <ele>86.55</ele>
      </trkpt>
      <trkpt lat="34.998319" lon="135.893927">
        <ele>86.37</ele>
      </trkpt>
      <trkpt lat="34.998269" lon="135.894017">
        <ele>86.66</ele>
      </trkpt>
      <trkpt lat="34.998153" lon="135.894337">
        <ele>86.04</ele>
      </trkpt>
      <trkpt lat="34.99812" lon="135.894448">
        <ele>86.18</ele>
      </trkpt>
      <trkpt lat="34.998071" lon="135.894709">
        <ele>85.68</ele>
      </trkpt>
      <trkpt lat="34.997989" lon="135.894818">
        <ele>86</ele>
      </trkpt>
      <trkpt lat="34.997904" lon="135.894858">
        <ele>86</ele>
      </trkpt>
      <trkpt lat="34.997884" lon="135.894892">
        <ele>86</ele>
      </trkpt>
      <trkpt lat="34.997814" lon="135.895628">
        <ele>87.44</ele>
      </trkpt>
      <trkpt lat="34.99778" lon="135.895999">
        <ele>85.82</ele>
      </trkpt>
      <trkpt lat="34.997693" lon="135.896977">
        <ele>85.87</ele>
      </trkpt>
      <trkpt lat="34.99695" lon="135.910099">
        <ele>85.87</ele>
      </trkpt>
      <trkpt lat="34.996945" lon="135.910176">
        <ele>87.53</ele>
      </trkpt>
      <trkpt lat="34.996929" lon="135.910515">
        <ele>89</ele>
      </trkpt>
      <trkpt lat="34.996879" lon="135.911531">
        <ele>88</ele>
      </trkpt>
      <trkpt lat="34.996882" lon="135.911915">
        <ele>88</ele>
      </trkpt>
      <trkpt lat="34.996854" lon="135.912347">
        <ele>88</ele>
      </trkpt>
      <trkpt lat="34.996837" lon="135.912741">
        <ele>88</ele>
      </trkpt>
      <trkpt lat="34.996844" lon="135.912793">
        <ele>88</ele>
      </trkpt>
      <trkpt lat="34.996831" lon="135.913054">
        <ele>87.69</ele>
      </trkpt>
      <trkpt lat="34.996804" lon="135.913178">
        <ele>87.63</ele>
      </trkpt>
      <trkpt lat="34.996715" lon="135.914746">
        <ele>87</ele>
      </trkpt>
      <trkpt lat="34.996676" lon="135.915136">
        <ele>87</ele>
      </trkpt>
      <trkpt lat="34.996623" lon="135.91612">
        <ele>86.09</ele>
      </trkpt>
      <trkpt lat="34.99666" lon="135.91621">
        <ele>86.35</ele>
      </trkpt>
      <trkpt lat="34.996649" lon="135.916388">
        <ele>86.28</ele>
      </trkpt>
      <trkpt lat="34.996596" lon="135.916472">
        <ele>86.37</ele>
      </trkpt>
      <trkpt lat="34.996397" lon="135.916461">
        <ele>85.49</ele>
      </trkpt>
      <trkpt lat="34.996372" lon="135.917109">
        <ele>85.38</ele>
      </trkpt>
      <trkpt lat="34.99628" lon="135.918888">
        <ele>87</ele>
      </trkpt>
      <trkpt lat="34.996175" lon="135.920359">
        <ele>87</ele>
      </trkpt>
      <trkpt lat="34.996124" lon="135.921223">
        <ele>87</ele>
      </trkpt>
      <trkpt lat="34.996085" lon="135.921329">
        <ele>87</ele>
      </trkpt>
      <trkpt lat="34.996032" lon="135.92153">
        <ele>87</ele>
      </trkpt>
      <trkpt lat="34.996083" lon="135.921597">
        <ele>87</ele>
      </trkpt>
      <trkpt lat="34.99609" lon="135.921788">
        <ele>87.1</ele>
      </trkpt>
      <trkpt lat="34.996081" lon="135.921952">
        <ele>87.24</ele>
      </trkpt>
      <trkpt lat="34.996084" lon="135.922185">
        <ele>87.72</ele>
      </trkpt>
      <trkpt lat="34.996106" lon="135.922596">
        <ele>88.42</ele>
      </trkpt>
      <trkpt lat="34.996213" lon="135.922992">
        <ele>89.8</ele>
      </trkpt>
      <trkpt lat="34.99628" lon="135.923193">
        <ele>90.14</ele>
      </trkpt>
      <trkpt lat="34.996406" lon="135.923498">
        <ele>90.73</ele>
      </trkpt>
      <trkpt lat="34.996549" lon="135.923735">
        <ele>91.64</ele>
      </trkpt>
      <trkpt lat="34.996702" lon="135.923935">
        <ele>92.45</ele>
      </trkpt>
      <trkpt lat="34.996861" lon="135.924109">
        <ele>93.45</ele>
      </trkpt>
      <trkpt lat="34.996978" lon="135.924214">
        <ele>93.84</ele>
      </trkpt>
      <trkpt lat="34.997459" lon="135.924521">
        <ele>94</ele>
      </trkpt>
      <trkpt lat="34.997667" lon="135.924639">
        <ele>91.57</ele>
      </trkpt>
      <trkpt lat="34.997944" lon="135.924793">
        <ele>91.75</ele>
      </trkpt>
      <trkpt lat="34.997889" lon="135.925087">
        <ele>91.08</ele>
      </trkpt>
      <trkpt lat="34.997864" lon="135.925301">
        <ele>91.43</ele>
      </trkpt>
      <trkpt lat="34.997807" lon="135.925479">
        <ele>90.87</ele>
      </trkpt>
      <trkpt lat="34.997456" lon="135.926434">
        <ele>92</ele>
      </trkpt>
      <trkpt lat="34.996942" lon="135.92756">
        <ele>93.42</ele>
      </trkpt>
      <trkpt lat="34.996767" lon="135.928035">
        <ele>94.35</ele>
      </trkpt>
      <trkpt lat="34.996572" lon="135.92851">
        <ele>94.24</ele>
      </trkpt>
      <trkpt lat="34.996231" lon="135.929157">
        <ele>94.84</ele>
      </trkpt>
      <trkpt lat="34.996178" lon="135.929281">
        <ele>95.42</ele>
      </trkpt>
      <trkpt lat="34.996134" lon="135.929407">
        <ele>94.55</ele>
      </trkpt>
      <trkpt lat="34.995785" lon="135.930477">
        <ele>96.86</ele>
      </trkpt>
      <trkpt lat="34.995601" lon="135.93105">
        <ele>96.21</ele>
      </trkpt>
      <trkpt lat="34.99546" lon="135.931754">
        <ele>96.2</ele>
      </trkpt>
      <trkpt lat="34.995438" lon="135.932087">
        <ele>96.77</ele>
      </trkpt>
      <trkpt lat="34.995351" lon="135.932693">
        <ele>97.73</ele>
      </trkpt>
      <trkpt lat="34.995239" lon="135.933488">
        <ele>96.35</ele>
      </trkpt>
      <trkpt lat="34.995247" lon="135.933602">
        <ele>96</ele>
      </trkpt>
      <trkpt lat="34.995267" lon="135.933694">
        <ele>95.71</ele>
      </trkpt>
      <trkpt lat="34.99533" lon="135.933833">
        <ele>95.85</ele>
      </trkpt>
      <trkpt lat="34.995556" lon="135.934205">
        <ele>96</ele>
      </trkpt>
      <trkpt lat="34.995726" lon="135.934406">
        <ele>96</ele>
      </trkpt>
      <trkpt lat="34.995865" lon="135.934616">
        <ele>96</ele>
      </trkpt>
      <trkpt lat="34.995956" lon="135.934815">
        <ele>95.61</ele>
      </trkpt>
      <trkpt lat="34.996027" lon="135.935009">
        <ele>95.03</ele>
      </trkpt>
      <trkpt lat="34.99606" lon="135.935168">
        <ele>94.91</ele>
      </trkpt>
      <trkpt lat="34.996032" lon="135.935568">
        <ele>94.79</ele>
      </trkpt>
      <trkpt lat="34.996066" lon="135.935842">
        <ele>95</ele>
      </trkpt>
      <trkpt lat="34.996085" lon="135.936836">
        <ele>95.27</ele>
      </trkpt>
      <trkpt lat="34.996112" lon="135.937103">
        <ele>95.72</ele>
      </trkpt>
      <trkpt lat="34.996194" lon="135.937472">
        <ele>97</ele>
      </trkpt>
      <trkpt lat="34.99627" lon="135.938132">
        <ele>96.75</ele>
      </trkpt>
      <trkpt lat="34.996264" lon="135.938329">
        <ele>96.63</ele>
      </trkpt>
      <trkpt lat="34.996276" lon="135.938706">
        <ele>97.51</ele>
      </trkpt>
      <trkpt lat="34.996259" lon="135.938879">
        <ele>98.19</ele>
      </trkpt>
      <trkpt lat="34.996059" lon="135.939563">
        <ele>99.31</ele>
      </trkpt>
      <trkpt lat="34.995931" lon="135.940082">
        <ele>101.21</ele>
      </trkpt>
      <trkpt lat="34.995893" lon="135.940233">
        <ele>99.81</ele>
      </trkpt>
      <trkpt lat="34.99585" lon="135.940579">
        <ele>101.35</ele>
      </trkpt>
      <trkpt lat="34.995789" lon="135.940891">
        <ele>102.73</ele>
      </trkpt>
      <trkpt lat="34.995642" lon="135.941276">
        <ele>104.57</ele>
      </trkpt>
      <trkpt lat="34.99556" lon="135.941575">
        <ele>104.25</ele>
      </trkpt>
      <trkpt lat="34.995556" lon="135.941633">
        <ele>104.37</ele>
      </trkpt>
      <trkpt lat="34.995517" lon="135.941626">
        <ele>103.97</ele>
      </trkpt>
      <trkpt lat="34.995482" lon="135.941859">
        <ele>104.97</ele>
      </trkpt>
      <trkpt lat="34.995447" lon="135.942019">
        <ele>104.22</ele>
      </trkpt>
      <trkpt lat="34.995485" lon="135.942078">
        <ele>105.29</ele>
      </trkpt>
      <trkpt lat="34.99541" lon="135.942362">
        <ele>104.92</ele>
      </trkpt>
      <trkpt lat="34.995453" lon="135.942417">
        <ele>105.43</ele>
      </trkpt>
      <trkpt lat="34.995523" lon="135.94243">
        <ele>105.48</ele>
      </trkpt>
      <trkpt lat="34.995874" lon="135.94285">
        <ele>103.65</ele>
      </trkpt>
      <trkpt lat="34.995918" lon="135.942921">
        <ele>103.59</ele>
      </trkpt>
      <trkpt lat="34.996021" lon="135.943044">
        <ele>103.59</ele>
      </trkpt>
      <trkpt lat="34.996141" lon="135.943166">
        <ele>103.13</ele>
      </trkpt>
      <trkpt lat="34.996044" lon="135.943319">
        <ele>103.5</ele>
      </trkpt>
      <trkpt lat="34.996154" lon="135.943509">
        <ele>103.7</ele>
      </trkpt>
      <trkpt lat="34.996149" lon="135.943687">
        <ele>104</ele>
      </trkpt>
      <trkpt lat="34.99567" lon="135.944798">
        <ele>104.07</ele>
      </trkpt>
      <trkpt lat="34.995652" lon="135.944884">
        <ele>104.48</ele>
      </trkpt>
      <trkpt lat="34.995707" lon="135.944907">
        <ele>104.3</ele>
      </trkpt>
      <trkpt lat="34.995732" lon="135.94494">
        <ele>104.22</ele>
      </trkpt>
      <trkpt lat="34.995747" lon="135.944974">
        <ele>104.23</ele>
      </trkpt>
      <trkpt lat="34.995791" lon="135.945175">
        <ele>104.81</ele>
      </trkpt>
      <trkpt lat="34.995802" lon="135.945258">
        <ele>104.74</ele>
      </trkpt>
      <trkpt lat="34.995805" lon="135.945404">
        <ele>104.89</ele>
      </trkpt>
      <trkpt lat="34.995793" lon="135.945531">
        <ele>105</ele>
      </trkpt>
      <trkpt lat="34.995758" lon="135.945697">
        <ele>105</ele>
      </trkpt>
      <trkpt lat="34.995759" lon="135.945758">
        <ele>105</ele>
      </trkpt>
      <trkpt lat="34.995797" lon="135.945904">
        <ele>104.77</ele>
      </trkpt>
      <trkpt lat="34.995866" lon="135.946093">
        <ele>104.29</ele>
      </trkpt>
      <trkpt lat="34.996081" lon="135.946587">
        <ele>104</ele>
      </trkpt>
      <trkpt lat="34.996135" lon="135.946742">
        <ele>104</ele>
      </trkpt>
      <trkpt lat="34.99619" lon="135.946871">
        <ele>104</ele>
      </trkpt>
      <trkpt lat="34.996225" lon="135.946938">
        <ele>104.14</ele>
      </trkpt>
      <trkpt lat="34.996345" lon="135.94712">
        <ele>105</ele>
      </trkpt>
      <trkpt lat="34.996437" lon="135.947224">
        <ele>105</ele>
      </trkpt>
      <trkpt lat="34.996597" lon="135.947376">
        <ele>105</ele>
      </trkpt>
      <trkpt lat="34.996827" lon="135.947572">
        <ele>104.46</ele>
      </trkpt>
      <trkpt lat="34.997164" lon="135.94783">
        <ele>104</ele>
      </trkpt>
      <trkpt lat="34.997374" lon="135.947939">
        <ele>103</ele>
      </trkpt>
      <trkpt lat="34.99759" lon="135.948013">
        <ele>103</ele>
      </trkpt>
      <trkpt lat="34.997833" lon="135.948114">
        <ele>103</ele>
      </trkpt>
      <trkpt lat="34.998089" lon="135.948336">
        <ele>102.51</ele>
      </trkpt>
      <trkpt lat="34.99844" lon="135.948579">
        <ele>101.1</ele>
      </trkpt>
      <trkpt lat="34.998822" lon="135.948906">
        <ele>101</ele>
      </trkpt>
      <trkpt lat="34.999138" lon="135.949157">
        <ele>101</ele>
      </trkpt>
      <trkpt lat="34.999358" lon="135.949349">
        <ele>101</ele>
      </trkpt>
      <trkpt lat="34.99948" lon="135.949485">
        <ele>100.76</ele>
      </trkpt>
      <trkpt lat="34.999735" lon="135.949863">
        <ele>101</ele>
      </trkpt>
      <trkpt lat="34.999813" lon="135.95002">
        <ele>101</ele>
      </trkpt>
      <trkpt lat="35.000136" lon="135.950783">
        <ele>102</ele>
      </trkpt>
      <trkpt lat="35.000491" lon="135.951583">
        <ele>102</ele>
      </trkpt>
      <trkpt lat="35.000576" lon="135.951714">
        <ele>102</ele>
      </trkpt>
      <trkpt lat="35.000784" lon="135.951899">
        <ele>102</ele>
      </trkpt>
      <trkpt lat="35.001002" lon="135.952">
        <ele>101.99</ele>
      </trkpt>
      <trkpt lat="35.001152" lon="135.952058">
        <ele>102</ele>
      </trkpt>
      <trkpt lat="35.001605" lon="135.952143">
        <ele>101.8</ele>
      </trkpt>
      <trkpt lat="35.001783" lon="135.95216">
        <ele>101.9</ele>
      </trkpt>
      <trkpt lat="35.001962" lon="135.952164">
        <ele>102</ele>
      </trkpt>
      <trkpt lat="35.002217" lon="135.952129">
        <ele>102</ele>
      </trkpt>
      <trkpt lat="35.002386" lon="135.952058">
        <ele>102</ele>
      </trkpt>
      <trkpt lat="35.002835" lon="135.951957">
        <ele>100.42</ele>
      </trkpt>
      <trkpt lat="35.002945" lon="135.95194">
        <ele>100.1</ele>
      </trkpt>
      <trkpt lat="35.002978" lon="135.951945">
        <ele>100</ele>
      </trkpt>
      <trkpt lat="35.003123" lon="135.951614">
        <ele>100</ele>
      </trkpt>
      <trkpt lat="35.003162" lon="135.951487">
        <ele>100</ele>
      </trkpt>
      <trkpt lat="35.003281" lon="135.951617">
        <ele>100</ele>
      </trkpt>
      <trkpt lat="35.003307" lon="135.951657">
        <ele>100</ele>
      </trkpt>
      <trkpt lat="35.003253" lon="135.951691">
        <ele>100</ele>
      </trkpt>
      <trkpt lat="35.003147" lon="135.951934">
        <ele>100</ele>
      </trkpt>
      <trkpt lat="35.003211" lon="135.951975">
        <ele>100</ele>
      </trkpt>
      <trkpt lat="35.003231" lon="135.952015">
        <ele>100</ele>
      </trkpt>
      <trkpt lat="35.003296" lon="135.952039">
        <ele>100</ele>
      </trkpt>
      <trkpt lat="35.003337" lon="135.951931">
        <ele>100</ele>
      </trkpt>
      <trkpt lat="35.003356" lon="135.951919">
        <ele>100</ele>
      </trkpt>
      <trkpt lat="35.003638" lon="135.952002">
        <ele>99.14</ele>
      </trkpt>
      <trkpt lat="35.003666" lon="135.951944">
        <ele>99.35</ele>
      </trkpt>
      <trkpt lat="35.003847" lon="135.952027">
        <ele>99.31</ele>
      </trkpt>
      <trkpt lat="35.004039" lon="135.952221">
        <ele>99.07</ele>
      </trkpt>
      <trkpt lat="35.004107" lon="135.952122">
        <ele>99</ele>
      </trkpt>
      <trkpt lat="35.004386" lon="135.952182">
        <ele>99</ele>
      </trkpt>
      <trkpt lat="35.004831" lon="135.952348">
        <ele>98.66</ele>
      </trkpt>
      <trkpt lat="35.005818" lon="135.952826">
        <ele>99</ele>
      </trkpt>
      <trkpt lat="35.005963" lon="135.952886">
        <ele>99</ele>
      </trkpt>
      <trkpt lat="35.006304" lon="135.953058">
        <ele>99.02</ele>
      </trkpt>
      <trkpt lat="35.006473" lon="135.953158">
        <ele>99</ele>
      </trkpt>
      <trkpt lat="35.007594" lon="135.953891">
        <ele>98</ele>
      </trkpt>
      <trkpt lat="35.008388" lon="135.954364">
        <ele>98</ele>
      </trkpt>
      <trkpt lat="35.009053" lon="135.95481">
        <ele>97</ele>
      </trkpt>
      <trkpt lat="35.010323" lon="135.955641">
        <ele>97.42</ele>
      </trkpt>
      <trkpt lat="35.010877" lon="135.95602">
        <ele>97</ele>
      </trkpt>
      <trkpt lat="35.011706" lon="135.956488">
        <ele>94.49</ele>
      </trkpt>
      <trkpt lat="35.011794" lon="135.956548">
        <ele>96.09</ele>
      </trkpt>
      <trkpt lat="35.012102" lon="135.956695">
        <ele>96</ele>
      </trkpt>
      <trkpt lat="35.012191" lon="135.956724">
        <ele>96</ele>
      </trkpt>
      <trkpt lat="35.012674" lon="135.956792">
        <ele>96</ele>
      </trkpt>
      <trkpt lat="35.013235" lon="135.957072">
        <ele>96</ele>
      </trkpt>
      <trkpt lat="35.013383" lon="135.957117">
        <ele>95.94</ele>
      </trkpt>
      <trkpt lat="35.013554" lon="135.957131">
        <ele>95.27</ele>
      </trkpt>
      <trkpt lat="35.013859" lon="135.957319">
        <ele>96</ele>
      </trkpt>
      <trkpt lat="35.013981" lon="135.957403">
        <ele>96</ele>
      </trkpt>
      <trkpt lat="35.014204" lon="135.95757">
        <ele>95.08</ele>
      </trkpt>
      <trkpt lat="35.014429" lon="135.957752">
        <ele>95</ele>
      </trkpt>
      <trkpt lat="35.015634" lon="135.958775">
        <ele>95</ele>
      </trkpt>
      <trkpt lat="35.015948" lon="135.959053">
        <ele>95.74</ele>
      </trkpt>
      <trkpt lat="35.016846" lon="135.959792">
        <ele>96</ele>
      </trkpt>
      <trkpt lat="35.017053" lon="135.95995">
        <ele>96</ele>
      </trkpt>
      <trkpt lat="35.017538" lon="135.960362">
        <ele>96</ele>
      </trkpt>
      <trkpt lat="35.018074" lon="135.960832">
        <ele>96.56</ele>
      </trkpt>
      <trkpt lat="35.01817" lon="135.960895">
        <ele>96.83</ele>
      </trkpt>
      <trkpt lat="35.018642" lon="135.961246">
        <ele>100.05</ele>
      </trkpt>
      <trkpt lat="35.018871" lon="135.961445">
        <ele>96.11</ele>
      </trkpt>
      <trkpt lat="35.019063" lon="135.961614">
        <ele>96</ele>
      </trkpt>
      <trkpt lat="35.019511" lon="135.961975">
        <ele>96</ele>
      </trkpt>
      <trkpt lat="35.020108" lon="135.962474">
        <ele>95</ele>
      </trkpt>
      <trkpt lat="35.020999" lon="135.963202">
        <ele>95</ele>
      </trkpt>
      <trkpt lat="35.020826" lon="135.96346">
        <ele>95</ele>
      </trkpt>
      <trkpt lat="35.020787" lon="135.963478">
        <ele>95</ele>
      </trkpt>
      <trkpt lat="35.02035" lon="135.964252">
        <ele>96</ele>
      </trkpt>
      <trkpt lat="35.020014" lon="135.964888">
        <ele>96</ele>
      </trkpt>
      <trkpt lat="35.020073" lon="135.964935">
        <ele>96</ele>
      </trkpt>
      <trkpt lat="35.019957" lon="135.965137">
        <ele>96.53</ele>
      </trkpt>
      <trkpt lat="35.019975" lon="135.965221">
        <ele>96.86</ele>
      </trkpt>
      <trkpt lat="35.020001" lon="135.965342">
        <ele>97</ele>
      </trkpt>
      <trkpt lat="35.020033" lon="135.965582">
        <ele>97</ele>
      </trkpt>
      <trkpt lat="35.020001" lon="135.965682">
        <ele>97</ele>
      </trkpt>
      <trkpt lat="35.019857" lon="135.966058">
        <ele>97.29</ele>
      </trkpt>
      <trkpt lat="35.019188" lon="135.967473">
        <ele>97.05</ele>
      </trkpt>
      <trkpt lat="35.018944" lon="135.967863">
        <ele>97.38</ele>
      </trkpt>
      <trkpt lat="35.018734" lon="135.968261">
        <ele>97.47</ele>
      </trkpt>
      <trkpt lat="35.018627" lon="135.968485">
        <ele>97.72</ele>
      </trkpt>
      <trkpt lat="35.019012" lon="135.968799">
        <ele>98.63</ele>
      </trkpt>
      <trkpt lat="35.019788" lon="135.969474">
        <ele>97.48</ele>
      </trkpt>
      <trkpt lat="35.019517" lon="135.970001">
        <ele>98</ele>
      </trkpt>
      <trkpt lat="35.019447" lon="135.970142">
        <ele>98</ele>
      </trkpt>
      <trkpt lat="35.019503" lon="135.970189">
        <ele>98</ele>
      </trkpt>
      <trkpt lat="35.019569" lon="135.970173">
        <ele>98</ele>
      </trkpt>
      <trkpt lat="35.019601" lon="135.97019">
        <ele>98</ele>
      </trkpt>
      <trkpt lat="35.019768" lon="135.970416">
        <ele>98</ele>
      </trkpt>
      <trkpt lat="35.020114" lon="135.970968">
        <ele>97</ele>
      </trkpt>
      <trkpt lat="35.020226" lon="135.971173">
        <ele>97.63</ele>
      </trkpt>
      <trkpt lat="35.020428" lon="135.971597">
        <ele>98</ele>
      </trkpt>
      <trkpt lat="35.020591" lon="135.972">
        <ele>98</ele>
      </trkpt>
      <trkpt lat="35.020736" lon="135.972429">
        <ele>98</ele>
      </trkpt>
      <trkpt lat="35.020884" lon="135.97298">
        <ele>98</ele>
      </trkpt>
      <trkpt lat="35.020932" lon="135.97323">
        <ele>98.62</ele>
      </trkpt>
      <trkpt lat="35.021013" lon="135.973691">
        <ele>99</ele>
      </trkpt>
      <trkpt lat="35.021144" lon="135.974509">
        <ele>99</ele>
      </trkpt>
      <trkpt lat="35.021173" lon="135.974742">
        <ele>98.88</ele>
      </trkpt>
      <trkpt lat="35.021315" lon="135.975586">
        <ele>99.9</ele>
      </trkpt>
      <trkpt lat="35.021299" lon="135.975652">
        <ele>99.51</ele>
      </trkpt>
      <trkpt lat="35.021256" lon="135.97574">
        <ele>99</ele>
      </trkpt>
      <trkpt lat="35.021353" lon="135.975884">
        <ele>99</ele>
      </trkpt>
      <trkpt lat="35.021366" lon="135.975886">
        <ele>99</ele>
      </trkpt>
      <trkpt lat="35.021835" lon="135.978706">
        <ele>100.96</ele>
      </trkpt>
      <trkpt lat="35.022541" lon="135.982986">
        <ele>100.83</ele>
      </trkpt>
      <trkpt lat="35.022658" lon="135.983693">
        <ele>103</ele>
      </trkpt>
      <trkpt lat="35.02275" lon="135.984289">
        <ele>102.55</ele>
      </trkpt>
      <trkpt lat="35.022866" lon="135.984933">
        <ele>101.93</ele>
      </trkpt>
      <trkpt lat="35.023152" lon="135.986733">
        <ele>102</ele>
      </trkpt>
      <trkpt lat="35.023216" lon="135.987106">
        <ele>102.99</ele>
      </trkpt>
      <trkpt lat="35.023281" lon="135.987439">
        <ele>102</ele>
      </trkpt>
      <trkpt lat="35.023386" lon="135.987826">
        <ele>102.94</ele>
      </trkpt>
      <trkpt lat="35.023512" lon="135.9882">
        <ele>102.98</ele>
      </trkpt>
      <trkpt lat="35.023734" lon="135.988711">
        <ele>101.54</ele>
      </trkpt>
      <trkpt lat="35.024158" lon="135.989665">
        <ele>102</ele>
      </trkpt>
      <trkpt lat="35.024243" lon="135.989819">
        <ele>102</ele>
      </trkpt>
      <trkpt lat="35.025001" lon="135.991475">
        <ele>103</ele>
      </trkpt>
      <trkpt lat="35.025007" lon="135.991489">
        <ele>103</ele>
      </trkpt>
      <trkpt lat="35.024985" lon="135.991553">
        <ele>103</ele>
      </trkpt>
      <trkpt lat="35.025086" lon="135.991763">
        <ele>103</ele>
      </trkpt>
      <trkpt lat="35.02515" lon="135.991797">
        <ele>103</ele>
      </trkpt>
      <trkpt lat="35.025679" lon="135.992947">
        <ele>104</ele>
      </trkpt>
      <trkpt lat="35.0259" lon="135.993475">
        <ele>104.1</ele>
      </trkpt>
      <trkpt lat="35.025897" lon="135.993543">
        <ele>104.5</ele>
      </trkpt>
      <trkpt lat="35.025881" lon="135.993614">
        <ele>104.91</ele>
      </trkpt>
      <trkpt lat="35.025885" lon="135.993679">
        <ele>104.94</ele>
      </trkpt>
      <trkpt lat="35.025838" lon="135.993734">
        <ele>104.68</ele>
      </trkpt>
      <trkpt lat="35.025691" lon="135.993949">
        <ele>104</ele>
      </trkpt>
      <trkpt lat="35.025546" lon="135.994177">
        <ele>105.08</ele>
      </trkpt>
      <trkpt lat="35.025637" lon="135.994274">
        <ele>104</ele>
      </trkpt>
      <trkpt lat="35.025118" lon="135.99517">
        <ele>105.03</ele>
      </trkpt>
      <trkpt lat="35.025041" lon="135.995354">
        <ele>105</ele>
      </trkpt>
      <trkpt lat="35.024985" lon="135.995515">
        <ele>105</ele>
      </trkpt>
      <trkpt lat="35.024922" lon="135.995787">
        <ele>105</ele>
      </trkpt>
      <trkpt lat="35.024886" lon="135.996055">
        <ele>105</ele>
      </trkpt>
      <trkpt lat="35.024856" lon="135.997354">
        <ele>106</ele>
      </trkpt>
      <trkpt lat="35.024868" lon="135.997503">
        <ele>106</ele>
      </trkpt>
      <trkpt lat="35.024864" lon="135.997744">
        <ele>106</ele>
      </trkpt>
      <trkpt lat="35.024844" lon="135.997898">
        <ele>106.34</ele>
      </trkpt>
      <trkpt lat="35.024835" lon="135.998093">
        <ele>106.97</ele>
      </trkpt>
      <trkpt lat="35.024816" lon="135.999045">
        <ele>108.89</ele>
      </trkpt>
      <trkpt lat="35.024818" lon="135.999083">
        <ele>108.83</ele>
      </trkpt>
      <trkpt lat="35.024875" lon="135.999154">
        <ele>108.36</ele>
      </trkpt>
      <trkpt lat="35.024901" lon="135.999161">
        <ele>108.17</ele>
      </trkpt>
      <trkpt lat="35.024897" lon="135.999314">
        <ele>108.21</ele>
      </trkpt>
      <trkpt lat="35.024869" lon="135.999317">
        <ele>108.4</ele>
      </trkpt>
      <trkpt lat="35.024837" lon="135.999343">
        <ele>108.63</ele>
      </trkpt>
      <trkpt lat="35.024804" lon="135.999395">
        <ele>108.86</ele>
      </trkpt>
      <trkpt lat="35.024746" lon="136.001126">
        <ele>106</ele>
      </trkpt>
      <trkpt lat="35.024672" lon="136.002214">
        <ele>107</ele>
      </trkpt>
      <trkpt lat="35.024562" lon="136.003687">
        <ele>107</ele>
      </trkpt>
      <trkpt lat="35.024583" lon="136.003741">
        <ele>107</ele>
      </trkpt>
      <trkpt lat="35.02461" lon="136.003778">
        <ele>107</ele>
      </trkpt>
      <trkpt lat="35.024658" lon="136.003794">
        <ele>107</ele>
      </trkpt>
      <trkpt lat="35.024649" lon="136.003983">
        <ele>107</ele>
      </trkpt>
      <trkpt lat="35.024628" lon="136.004039">
        <ele>107</ele>
      </trkpt>
      <trkpt lat="35.024632" lon="136.004093">
        <ele>107</ele>
      </trkpt>
      <trkpt lat="35.0248" lon="136.004632">
        <ele>108</ele>
      </trkpt>
      <trkpt lat="35.024933" lon="136.005001">
        <ele>108</ele>
      </trkpt>
      <trkpt lat="35.025206" lon="136.005645">
        <ele>108.85</ele>
      </trkpt>
      <trkpt lat="35.025279" lon="136.005835">
        <ele>108.52</ele>
      </trkpt>
      <trkpt lat="35.025357" lon="136.006127">
        <ele>109</ele>
      </trkpt>
      <trkpt lat="35.025408" lon="136.00642">
        <ele>109</ele>
      </trkpt>
      <trkpt lat="35.025549" lon="136.007568">
        <ele>109.43</ele>
      </trkpt>
      <trkpt lat="35.025562" lon="136.007856">
        <ele>109.52</ele>
      </trkpt>
      <trkpt lat="35.025558" lon="136.008049">
        <ele>109.49</ele>
      </trkpt>
      <trkpt lat="35.025532" lon="136.008276">
        <ele>110</ele>
      </trkpt>
      <trkpt lat="35.025451" lon="136.008817">
        <ele>110</ele>
      </trkpt>
      <trkpt lat="35.025259" lon="136.009995">
        <ele>110</ele>
      </trkpt>
      <trkpt lat="35.025195" lon="136.010299">
        <ele>110.84</ele>
      </trkpt>
      <trkpt lat="35.025094" lon="136.010622">
        <ele>110.84</ele>
      </trkpt>
      <trkpt lat="35.025" lon="136.010846">
        <ele>110.57</ele>
      </trkpt>
      <trkpt lat="35.024905" lon="136.011012">
        <ele>111</ele>
      </trkpt>
      <trkpt lat="35.02399" lon="136.012484">
        <ele>111.76</ele>
      </trkpt>
      <trkpt lat="35.023987" lon="136.012556">
        <ele>112</ele>
      </trkpt>
      <trkpt lat="35.023953" lon="136.01263">
        <ele>112</ele>
      </trkpt>
      <trkpt lat="35.02388" lon="136.012652">
        <ele>112</ele>
      </trkpt>
      <trkpt lat="35.023766" lon="136.012875">
        <ele>112</ele>
      </trkpt>
      <trkpt lat="35.023711" lon="136.013005">
        <ele>112</ele>
      </trkpt>
      <trkpt lat="35.023648" lon="136.013201">
        <ele>112</ele>
      </trkpt>
      <trkpt lat="35.023608" lon="136.013382">
        <ele>111.45</ele>
      </trkpt>
      <trkpt lat="35.023587" lon="136.013579">
        <ele>112</ele>
      </trkpt>
      <trkpt lat="35.023591" lon="136.01393">
        <ele>112</ele>
      </trkpt>
      <trkpt lat="35.023662" lon="136.015032">
        <ele>113</ele>
      </trkpt>
      <trkpt lat="35.02368" lon="136.015193">
        <ele>113</ele>
      </trkpt>
      <trkpt lat="35.023715" lon="136.015389">
        <ele>113</ele>
      </trkpt>
      <trkpt lat="35.02376" lon="136.015553">
        <ele>113.13</ele>
      </trkpt>
      <trkpt lat="35.023837" lon="136.015761">
        <ele>113.68</ele>
      </trkpt>
      <trkpt lat="35.024144" lon="136.016436">
        <ele>114</ele>
      </trkpt>
      <trkpt lat="35.024272" lon="136.016804">
        <ele>114.27</ele>
      </trkpt>
      <trkpt lat="35.024459" lon="136.017375">
        <ele>114.98</ele>
      </trkpt>
      <trkpt lat="35.024472" lon="136.017691">
        <ele>114.57</ele>
      </trkpt>
      <trkpt lat="35.024465" lon="136.017909">
        <ele>114.5</ele>
      </trkpt>
      <trkpt lat="35.024481" lon="136.017963">
        <ele>114.76</ele>
      </trkpt>
      <trkpt lat="35.024471" lon="136.018114">
        <ele>114.85</ele>
      </trkpt>
      <trkpt lat="35.024441" lon="136.018155">
        <ele>114.82</ele>
      </trkpt>
      <trkpt lat="35.024418" lon="136.018217">
        <ele>114.97</ele>
      </trkpt>
      <trkpt lat="35.024399" lon="136.018317">
        <ele>115.14</ele>
      </trkpt>
      <trkpt lat="35.024345" lon="136.018491">
        <ele>115</ele>
      </trkpt>
      <trkpt lat="35.024209" lon="136.018792">
        <ele>115</ele>
      </trkpt>
      <trkpt lat="35.024104" lon="136.019019">
        <ele>115.1</ele>
      </trkpt>
      <trkpt lat="35.023968" lon="136.019221">
        <ele>115</ele>
      </trkpt>
      <trkpt lat="35.023937" lon="136.019281">
        <ele>115</ele>
      </trkpt>
      <trkpt lat="35.024399" lon="136.01954">
        <ele>114</ele>
      </trkpt>
      <trkpt lat="35.024411" lon="136.019597">
        <ele>114</ele>
      </trkpt>
      <trkpt lat="35.024391" lon="136.019689">
        <ele>114</ele>
      </trkpt>
      <trkpt lat="35.024318" lon="136.019848">
        <ele>114</ele>
      </trkpt>
      <trkpt lat="35.024209" lon="136.020039">
        <ele>114</ele>
      </trkpt>
      <trkpt lat="35.024187" lon="136.020116">
        <ele>114</ele>
      </trkpt>
      <trkpt lat="35.023948" lon="136.020544">
        <ele>114</ele>
      </trkpt>
      <trkpt lat="35.023915" lon="136.02062">
        <ele>114</ele>
      </trkpt>
      <trkpt lat="35.024216" lon="136.02086">
        <ele>114</ele>
      </trkpt>
      <trkpt lat="35.024342" lon="136.020969">
        <ele>114</ele>
      </trkpt>
      <trkpt lat="35.024408" lon="136.021046">
        <ele>114</ele>
      </trkpt>
      <trkpt lat="35.02446" lon="136.021128">
        <ele>114</ele>
      </trkpt>
      <trkpt lat="35.024519" lon="136.021229">
        <ele>113.95</ele>
      </trkpt>
      <trkpt lat="35.024585" lon="136.021283">
        <ele>113.55</ele>
      </trkpt>
      <trkpt lat="35.02482" lon="136.021417">
        <ele>113</ele>
      </trkpt>
      <trkpt lat="35.024917" lon="136.021571">
        <ele>113</ele>
      </trkpt>
      <trkpt lat="35.024959" lon="136.021573">
        <ele>113</ele>
      </trkpt>
      <trkpt lat="35.024968" lon="136.022138">
        <ele>113</ele>
      </trkpt>
      <trkpt lat="35.024952" lon="136.022295">
        <ele>113</ele>
      </trkpt>
      <trkpt lat="35.024879" lon="136.022734">
        <ele>113</ele>
      </trkpt>
      <trkpt lat="35.024793" lon="136.022935">
        <ele>113</ele>
      </trkpt>
      <trkpt lat="35.024727" lon="136.023504">
        <ele>113</ele>
      </trkpt>
      <trkpt lat="35.024626" lon="136.023803">
        <ele>114.74</ele>
      </trkpt>
      <trkpt lat="35.024618" lon="136.02389">
        <ele>115.44</ele>
      </trkpt>
      <trkpt lat="35.024617" lon="136.024236">
        <ele>116.76</ele>
      </trkpt>
      <trkpt lat="35.024622" lon="136.024335">
        <ele>116.52</ele>
      </trkpt>
      <trkpt lat="35.024676" lon="136.024579">
        <ele>115.28</ele>
      </trkpt>
      <trkpt lat="35.024679" lon="136.024636">
        <ele>115.26</ele>
      </trkpt>
      <trkpt lat="35.024644" lon="136.024764">
        <ele>116.02</ele>
      </trkpt>
      <trkpt lat="35.024619" lon="136.024893">
        <ele>117.19</ele>
      </trkpt>
      <trkpt lat="35.024629" lon="136.024986">
        <ele>116.08</ele>
      </trkpt>
      <trkpt lat="35.024621" lon="136.025106">
        <ele>116.13</ele>
      </trkpt>
      <trkpt lat="35.024565" lon="136.025321">
        <ele>115.83</ele>
      </trkpt>
      <trkpt lat="35.024581" lon="136.025459">
        <ele>114.28</ele>
      </trkpt>
      <trkpt lat="35.024688" lon="136.025955">
        <ele>113</ele>
      </trkpt>
      <trkpt lat="35.024705" lon="136.02622">
        <ele>113</ele>
      </trkpt>
      <trkpt lat="35.024727" lon="136.026359">
        <ele>113</ele>
      </trkpt>
      <trkpt lat="35.024684" lon="136.026568">
        <ele>113</ele>
      </trkpt>
      <trkpt lat="35.024674" lon="136.026681">
        <ele>113</ele>
      </trkpt>
      <trkpt lat="35.024756" lon="136.027042">
        <ele>113.85</ele>
      </trkpt>
      <trkpt lat="35.024867" lon="136.027311">
        <ele>114</ele>
      </trkpt>
      <trkpt lat="35.025018" lon="136.027556">
        <ele>114</ele>
      </trkpt>
      <trkpt lat="35.025147" lon="136.027699">
        <ele>113.48</ele>
      </trkpt>
      <trkpt lat="35.0253" lon="136.027799">
        <ele>113.23</ele>
      </trkpt>
      <trkpt lat="35.025703" lon="136.028007">
        <ele>113.88</ele>
      </trkpt>
      <trkpt lat="35.025773" lon="136.028021">
        <ele>113.96</ele>
      </trkpt>
      <trkpt lat="35.025753" lon="136.028199">
        <ele>114</ele>
      </trkpt>
      <trkpt lat="35.025685" lon="136.028572">
        <ele>114</ele>
      </trkpt>
      <trkpt lat="35.025912" lon="136.028627">
        <ele>114</ele>
      </trkpt>
      <trkpt lat="35.025869" lon="136.028789">
        <ele>114</ele>
      </trkpt>
      <trkpt lat="35.025818" lon="136.028907">
        <ele>114</ele>
      </trkpt>
      <trkpt lat="35.025614" lon="136.029281">
        <ele>114</ele>
      </trkpt>
      <trkpt lat="35.025578" lon="136.029369">
        <ele>114</ele>
      </trkpt>
      <trkpt lat="35.025512" lon="136.029801">
        <ele>114.31</ele>
      </trkpt>
      <trkpt lat="35.025497" lon="136.029934">
        <ele>115</ele>
      </trkpt>
      <trkpt lat="35.025494" lon="136.030278">
        <ele>114.97</ele>
      </trkpt>
      <trkpt lat="35.025535" lon="136.030726">
        <ele>114.53</ele>
      </trkpt>
      <trkpt lat="35.025545" lon="136.030951">
        <ele>115</ele>
      </trkpt>
      <trkpt lat="35.025532" lon="136.031061">
        <ele>115</ele>
      </trkpt>
      <trkpt lat="35.025419" lon="136.031314">
        <ele>115</ele>
      </trkpt>
      <trkpt lat="35.02537" lon="136.031465">
        <ele>115</ele>
      </trkpt>
      <trkpt lat="35.025317" lon="136.031688">
        <ele>115</ele>
      </trkpt>
      <trkpt lat="35.025272" lon="136.031837">
        <ele>115</ele>
      </trkpt>
      <trkpt lat="35.025129" lon="136.032233">
        <ele>115</ele>
      </trkpt>
      <trkpt lat="35.024982" lon="136.032588">
        <ele>115</ele>
      </trkpt>
      <trkpt lat="35.024829" lon="136.032914">
        <ele>115</ele>
      </trkpt>
      <trkpt lat="35.024656" lon="136.033314">
        <ele>115</ele>
      </trkpt>
      <trkpt lat="35.024564" lon="136.033601">
        <ele>115</ele>
      </trkpt>
      <trkpt lat="35.024515" lon="136.033884">
        <ele>115.04</ele>
      </trkpt>
      <trkpt lat="35.024491" lon="136.03443">
        <ele>115.98</ele>
      </trkpt>
      <trkpt lat="35.024516" lon="136.034722">
        <ele>115.08</ele>
      </trkpt>
      <trkpt lat="35.024494" lon="136.034863">
        <ele>114.95</ele>
      </trkpt>
      <trkpt lat="35.024424" lon="136.035112">
        <ele>114.54</ele>
      </trkpt>
      <trkpt lat="35.024169" lon="136.035812">
        <ele>114.89</ele>
      </trkpt>
      <trkpt lat="35.024053" lon="136.036213">
        <ele>116.3</ele>
      </trkpt>
      <trkpt lat="35.023969" lon="136.036531">
        <ele>117.79</ele>
      </trkpt>
      <trkpt lat="35.023926" lon="136.036756">
        <ele>118.1</ele>
      </trkpt>
      <trkpt lat="35.023951" lon="136.036987">
        <ele>122.31</ele>
      </trkpt>
      <trkpt lat="35.023975" lon="136.037427">
        <ele>123.01</ele>
      </trkpt>
      <trkpt lat="35.023968" lon="136.037848">
        <ele>116.8</ele>
      </trkpt>
      <trkpt lat="35.02396" lon="136.038322">
        <ele>117.59</ele>
      </trkpt>
      <trkpt lat="35.023911" lon="136.038798">
        <ele>117.08</ele>
      </trkpt>
      <trkpt lat="35.023873" lon="136.039265">
        <ele>118</ele>
      </trkpt>
      <trkpt lat="35.023869" lon="136.039659">
        <ele>118</ele>
      </trkpt>
      <trkpt lat="35.023746" lon="136.040321">
        <ele>116.92</ele>
      </trkpt>
      <trkpt lat="35.023717" lon="136.040737">
        <ele>116.84</ele>
      </trkpt>
      <trkpt lat="35.023557" lon="136.041499">
        <ele>117.28</ele>
      </trkpt>
      <trkpt lat="35.023409" lon="136.042069">
        <ele>117.23</ele>
      </trkpt>
      <trkpt lat="35.023192" lon="136.042918">
        <ele>120.62</ele>
      </trkpt>
      <trkpt lat="35.023078" lon="136.043366">
        <ele>120.85</ele>
      </trkpt>
      <trkpt lat="35.023019" lon="136.043567">
        <ele>120.38</ele>
      </trkpt>
      <trkpt lat="35.022887" lon="136.043918">
        <ele>120.46</ele>
      </trkpt>
      <trkpt lat="35.022665" lon="136.04435">
        <ele>122.14</ele>
      </trkpt>
      <trkpt lat="35.022406" lon="136.044873">
        <ele>121.84</ele>
      </trkpt>
      <trkpt lat="35.022274" lon="136.045097">
        <ele>120.79</ele>
      </trkpt>
      <trkpt lat="35.021707" lon="136.046061">
        <ele>121.96</ele>
      </trkpt>
      <trkpt lat="35.021543" lon="136.04633">
        <ele>121.82</ele>
      </trkpt>
      <trkpt lat="35.021356" lon="136.046606">
        <ele>121.32</ele>
      </trkpt>
      <trkpt lat="35.021021" lon="136.046902">
        <ele>120.8</ele>
      </trkpt>
      <trkpt lat="35.020716" lon="136.047114">
        <ele>120.03</ele>
      </trkpt>
      <trkpt lat="35.020348" lon="136.04746">
        <ele>120</ele>
      </trkpt>
      <trkpt lat="35.02001" lon="136.047696">
        <ele>120.93</ele>
      </trkpt>
      <trkpt lat="35.019966" lon="136.047798">
        <ele>121.21</ele>
      </trkpt>
      <trkpt lat="35.019957" lon="136.047887">
        <ele>120.71</ele>
      </trkpt>
      <trkpt lat="35.019981" lon="136.048096">
        <ele>119.39</ele>
      </trkpt>
      <trkpt lat="35.019984" lon="136.048184">
        <ele>119.36</ele>
      </trkpt>
      <trkpt lat="35.019951" lon="136.048273">
        <ele>120.18</ele>
      </trkpt>
      <trkpt lat="35.019722" lon="136.048549">
        <ele>120.33</ele>
      </trkpt>
      <trkpt lat="35.019617" lon="136.048713">
        <ele>119.98</ele>
      </trkpt>
      <trkpt lat="35.019529" lon="136.048911">
        <ele>120.36</ele>
      </trkpt>
      <trkpt lat="35.019367" lon="136.049349">
        <ele>120.04</ele>
      </trkpt>
      <trkpt lat="35.019312" lon="136.049325">
        <ele>120.05</ele>
      </trkpt>
      <trkpt lat="35.019133" lon="136.0492">
        <ele>121.93</ele>
      </trkpt>
      <trkpt lat="35.019033" lon="136.049398">
        <ele>122.38</ele>
      </trkpt>
      <trkpt lat="35.018938" lon="136.049533">
        <ele>122.94</ele>
      </trkpt>
      <trkpt lat="35.018746" lon="136.049726">
        <ele>123.29</ele>
      </trkpt>
      <trkpt lat="35.018161" lon="136.050269">
        <ele>123.24</ele>
      </trkpt>
      <trkpt lat="35.01773" lon="136.050569">
        <ele>123.78</ele>
      </trkpt>
      <trkpt lat="35.017577" lon="136.05063">
        <ele>123.35</ele>
      </trkpt>
      <trkpt lat="35.01694" lon="136.050764">
        <ele>124.19</ele>
      </trkpt>
      <trkpt lat="35.016838" lon="136.050764">
        <ele>124.69</ele>
      </trkpt>
      <trkpt lat="35.016653" lon="136.050703">
        <ele>125.39</ele>
      </trkpt>
      <trkpt lat="35.016495" lon="136.050662">
        <ele>124.55</ele>
      </trkpt>
      <trkpt lat="35.016263" lon="136.050662">
        <ele>123</ele>
      </trkpt>
      <trkpt lat="35.016122" lon="136.050683">
        <ele>123</ele>
      </trkpt>
      <trkpt lat="35.016013" lon="136.050717">
        <ele>123</ele>
      </trkpt>
      <trkpt lat="35.015931" lon="136.050764">
        <ele>122.81</ele>
      </trkpt>
      <trkpt lat="35.015853" lon="136.050822">
        <ele>122.69</ele>
      </trkpt>
      <trkpt lat="35.015482" lon="136.051235">
        <ele>123.47</ele>
      </trkpt>
      <trkpt lat="35.01535" lon="136.051381">
        <ele>123.75</ele>
      </trkpt>
      <trkpt lat="35.015248" lon="136.051443">
        <ele>123.83</ele>
      </trkpt>
      <trkpt lat="35.015103" lon="136.051497">
        <ele>123.55</ele>
      </trkpt>
      <trkpt lat="35.014863" lon="136.051559">
        <ele>123.9</ele>
      </trkpt>
      <trkpt lat="35.014508" lon="136.051564">
        <ele>125.8</ele>
      </trkpt>
      <trkpt lat="35.014405" lon="136.051549">
        <ele>125.76</ele>
      </trkpt>
      <trkpt lat="35.014247" lon="136.051503">
        <ele>125.51</ele>
      </trkpt>
      <trkpt lat="35.014241" lon="136.051541">
        <ele>125.55</ele>
      </trkpt>
      <trkpt lat="35.014148" lon="136.05168">
        <ele>125.52</ele>
      </trkpt>
      <trkpt lat="35.013887" lon="136.051844">
        <ele>125.41</ele>
      </trkpt>
      <trkpt lat="35.013743" lon="136.052054">
        <ele>125.31</ele>
      </trkpt>
      <trkpt lat="35.013757" lon="136.052174">
        <ele>124.73</ele>
      </trkpt>
      <trkpt lat="35.013814" lon="136.052481">
        <ele>124</ele>
      </trkpt>
      <trkpt lat="35.013869" lon="136.052627">
        <ele>124</ele>
      </trkpt>
      <trkpt lat="35.013758" lon="136.052727">
        <ele>124</ele>
      </trkpt>
      <trkpt lat="35.013489" lon="136.053098">
        <ele>123.24</ele>
      </trkpt>
      <trkpt lat="35.013642" lon="136.053302">
        <ele>123.05</ele>
      </trkpt>
      <trkpt lat="35.0139" lon="136.053599">
        <ele>122.33</ele>
      </trkpt>
      <trkpt lat="35.014184" lon="136.053897">
        <ele>122</ele>
      </trkpt>
      <trkpt lat="35.013927" lon="136.054324">
        <ele>122.08</ele>
      </trkpt>
      <trkpt lat="35.013738" lon="136.054668">
        <ele>122.49</ele>
      </trkpt>
      <trkpt lat="35.013593" lon="136.054809">
        <ele>122.46</ele>
      </trkpt>
      <trkpt lat="35.013729" lon="136.05495">
        <ele>122</ele>
      </trkpt>
      <trkpt lat="35.01405" lon="136.055216">
        <ele>121</ele>
      </trkpt>
      <trkpt lat="35.014157" lon="136.055293">
        <ele>121</ele>
      </trkpt>
      <trkpt lat="35.013926" lon="136.055541">
        <ele>121</ele>
      </trkpt>
      <trkpt lat="35.013892" lon="136.055819">
        <ele>121</ele>
      </trkpt>
      <trkpt lat="35.01389" lon="136.055928">
        <ele>121</ele>
      </trkpt>
      <trkpt lat="35.013945" lon="136.056267">
        <ele>121</ele>
      </trkpt>
      <trkpt lat="35.013937" lon="136.056378">
        <ele>121</ele>
      </trkpt>
      <trkpt lat="35.013886" lon="136.056688">
        <ele>121.38</ele>
      </trkpt>
      <trkpt lat="35.013868" lon="136.056863">
        <ele>121.5</ele>
      </trkpt>
      <trkpt lat="35.013876" lon="136.057126">
        <ele>121.45</ele>
      </trkpt>
      <trkpt lat="35.013863" lon="136.057377">
        <ele>121.54</ele>
      </trkpt>
      <trkpt lat="35.013836" lon="136.057537">
        <ele>121.73</ele>
      </trkpt>
      <trkpt lat="35.013733" lon="136.057803">
        <ele>122</ele>
      </trkpt>
      <trkpt lat="35.013535" lon="136.058255">
        <ele>122.13</ele>
      </trkpt>
      <trkpt lat="35.013253" lon="136.058836">
        <ele>123</ele>
      </trkpt>
      <trkpt lat="35.01303" lon="136.059208">
        <ele>123</ele>
      </trkpt>
      <trkpt lat="35.012738" lon="136.059611">
        <ele>123.3</ele>
      </trkpt>
      <trkpt lat="35.01259" lon="136.05993">
        <ele>123.8</ele>
      </trkpt>
      <trkpt lat="35.012572" lon="136.059967">
        <ele>123.8</ele>
      </trkpt>
      <trkpt lat="35.01287" lon="136.060175">
        <ele>123.46</ele>
      </trkpt>
      <trkpt lat="35.013061" lon="136.060276">
        <ele>124</ele>
      </trkpt>
      <trkpt lat="35.013315" lon="136.060396">
        <ele>123.81</ele>
      </trkpt>
      <trkpt lat="35.013349" lon="136.060441">
        <ele>123.55</ele>
      </trkpt>
      <trkpt lat="35.013389" lon="136.060464">
        <ele>123.41</ele>
      </trkpt>
      <trkpt lat="35.013437" lon="136.060488">
        <ele>123.28</ele>
      </trkpt>
      <trkpt lat="35.013488" lon="136.060488">
        <ele>123.28</ele>
      </trkpt>
      <trkpt lat="35.014291" lon="136.06086">
        <ele>123</ele>
      </trkpt>
      <trkpt lat="35.014264" lon="136.060912">
        <ele>123</ele>
      </trkpt>
      <trkpt lat="35.014139" lon="136.061315">
        <ele>123</ele>
      </trkpt>
      <trkpt lat="35.014035" lon="136.061725">
        <ele>123</ele>
      </trkpt>
      <trkpt lat="35.013961" lon="136.062127">
        <ele>123</ele>
      </trkpt>
      <trkpt lat="35.013892" lon="136.062356">
        <ele>123</ele>
      </trkpt>
      <trkpt lat="35.013822" lon="136.062429">
        <ele>123</ele>
      </trkpt>
      <trkpt lat="35.013712" lon="136.062606">
        <ele>123</ele>
      </trkpt>
      <trkpt lat="35.013641" lon="136.062777">
        <ele>123</ele>
      </trkpt>
      <trkpt lat="35.013543" lon="136.063248">
        <ele>123</ele>
      </trkpt>
      <trkpt lat="35.013473" lon="136.063541">
        <ele>124</ele>
      </trkpt>
      <trkpt lat="35.013556" lon="136.063569">
        <ele>124</ele>
      </trkpt>
      <trkpt lat="35.01362" lon="136.063607">
        <ele>124</ele>
      </trkpt>
      <trkpt lat="35.013781" lon="136.063739">
        <ele>124</ele>
      </trkpt>
      <trkpt lat="35.013493" lon="136.064126">
        <ele>124.73</ele>
      </trkpt>
      <trkpt lat="35.013246" lon="136.064414">
        <ele>124.58</ele>
      </trkpt>
      <trkpt lat="35.013037" lon="136.064715">
        <ele>125.18</ele>
      </trkpt>
      <trkpt lat="35.012854" lon="136.06501">
        <ele>124.99</ele>
      </trkpt>
      <trkpt lat="35.012548" lon="136.065545">
        <ele>125</ele>
      </trkpt>
      <trkpt lat="35.012393" lon="136.065941">
        <ele>125.43</ele>
      </trkpt>
      <trkpt lat="35.012385" lon="136.066068">
        <ele>125.99</ele>
      </trkpt>
      <trkpt lat="35.012241" lon="136.066465">
        <ele>126</ele>
      </trkpt>
      <trkpt lat="35.012402" lon="136.066587">
        <ele>126</ele>
      </trkpt>
      <trkpt lat="35.012359" lon="136.066668">
        <ele>126</ele>
      </trkpt>
      <trkpt lat="35.012332" lon="136.066747">
        <ele>126</ele>
      </trkpt>
      <trkpt lat="35.012404" lon="136.066804">
        <ele>126</ele>
      </trkpt>
      <trkpt lat="35.012106" lon="136.067359">
        <ele>126.99</ele>
      </trkpt>
      <trkpt lat="35.011842" lon="136.06781">
        <ele>127.51</ele>
      </trkpt>
      <trkpt lat="35.011334" lon="136.068717">
        <ele>128.5</ele>
      </trkpt>
      <trkpt lat="35.01124" lon="136.068893">
        <ele>128.93</ele>
      </trkpt>
      <trkpt lat="35.01121" lon="136.068994">
        <ele>129</ele>
      </trkpt>
      <trkpt lat="35.011028" lon="136.069267">
        <ele>128.84</ele>
      </trkpt>
      <trkpt lat="35.010355" lon="136.070511">
        <ele>128</ele>
      </trkpt>
      <trkpt lat="35.010301" lon="136.070654">
        <ele>128.14</ele>
      </trkpt>
      <trkpt lat="35.010176" lon="136.070893">
        <ele>128</ele>
      </trkpt>
      <trkpt lat="35.010159" lon="136.070922">
        <ele>128</ele>
      </trkpt>
      <trkpt lat="35.010118" lon="136.070926">
        <ele>128</ele>
      </trkpt>
      <trkpt lat="35.009679" lon="136.071703">
        <ele>128</ele>
      </trkpt>
      <trkpt lat="35.009533" lon="136.072005">
        <ele>128</ele>
      </trkpt>
      <trkpt lat="35.008239" lon="136.074308">
        <ele>130</ele>
      </trkpt>
      <trkpt lat="35.007412" lon="136.075808">
        <ele>130.33</ele>
      </trkpt>
      <trkpt lat="35.007025" lon="136.076546">
        <ele>131.08</ele>
      </trkpt>
      <trkpt lat="35.00701" lon="136.076606">
        <ele>131.35</ele>
      </trkpt>
      <trkpt lat="35.006893" lon="136.07682">
        <ele>131</ele>
      </trkpt>
      <trkpt lat="35.006843" lon="136.076872">
        <ele>131</ele>
      </trkpt>
      <trkpt lat="35.005228" lon="136.079907">
        <ele>133</ele>
      </trkpt>
      <trkpt lat="35.005251" lon="136.080044">
        <ele>133</ele>
      </trkpt>
      <trkpt lat="35.00527" lon="136.080062">
        <ele>133</ele>
      </trkpt>
      <trkpt lat="35.005206" lon="136.080182">
        <ele>133</ele>
      </trkpt>
      <trkpt lat="35.00519" lon="136.080169">
        <ele>133</ele>
      </trkpt>
      <trkpt lat="35.005138" lon="136.080166">
        <ele>133</ele>
      </trkpt>
      <trkpt lat="35.005079" lon="136.080194">
        <ele>133</ele>
      </trkpt>
      <trkpt lat="35.004868" lon="136.080586">
        <ele>133</ele>
      </trkpt>
      <trkpt lat="35.004502" lon="136.081235">
        <ele>134</ele>
      </trkpt>
      <trkpt lat="35.003582" lon="136.082953">
        <ele>135.38</ele>
      </trkpt>
      <trkpt lat="35.003435" lon="136.083233">
        <ele>137</ele>
      </trkpt>
      <trkpt lat="35.002973" lon="136.084079">
        <ele>137</ele>
      </trkpt>
      <trkpt lat="35.001988" lon="136.085928">
        <ele>136.17</ele>
      </trkpt>
      <trkpt lat="35.001984" lon="136.085971">
        <ele>136.14</ele>
      </trkpt>
      <trkpt lat="35.00199" lon="136.08603">
        <ele>136.14</ele>
      </trkpt>
      <trkpt lat="35.001914" lon="136.086161">
        <ele>136</ele>
      </trkpt>
      <trkpt lat="35.001885" lon="136.086167">
        <ele>136</ele>
      </trkpt>
      <trkpt lat="35.001856" lon="136.086189">
        <ele>136</ele>
      </trkpt>
      <trkpt lat="35.001819" lon="136.086238">
        <ele>136.01</ele>
      </trkpt>
      <trkpt lat="35.001419" lon="136.086966">
        <ele>136.87</ele>
      </trkpt>
      <trkpt lat="34.999624" lon="136.090296">
        <ele>136.61</ele>
      </trkpt>
      <trkpt lat="34.999597" lon="136.090408">
        <ele>136.81</ele>
      </trkpt>
      <trkpt lat="34.999523" lon="136.090553">
        <ele>136.65</ele>
      </trkpt>
      <trkpt lat="34.999449" lon="136.090623">
        <ele>136.86</ele>
      </trkpt>
      <trkpt lat="34.99923" lon="136.091039">
        <ele>137</ele>
      </trkpt>
      <trkpt lat="34.998622" lon="136.092061">
        <ele>138</ele>
      </trkpt>
      <trkpt lat="34.998578" lon="136.092026">
        <ele>138</ele>
      </trkpt>
      <trkpt lat="34.998528" lon="136.092122">
        <ele>138</ele>
      </trkpt>
      <trkpt lat="34.996826" lon="136.094967">
        <ele>139</ele>
      </trkpt>
      <trkpt lat="34.996272" lon="136.095948">
        <ele>139</ele>
      </trkpt>
      <trkpt lat="34.995587" lon="136.097039">
        <ele>139.74</ele>
      </trkpt>
      <trkpt lat="34.994538" lon="136.09882">
        <ele>139.29</ele>
      </trkpt>
      <trkpt lat="34.992293" lon="136.102562">
        <ele>142.13</ele>
      </trkpt>
      <trkpt lat="34.992253" lon="136.102545">
        <ele>142.02</ele>
      </trkpt>
      <trkpt lat="34.991682" lon="136.103471">
        <ele>142</ele>
      </trkpt>
      <trkpt lat="34.991206" lon="136.104129">
        <ele>142</ele>
      </trkpt>
      <trkpt lat="34.990241" lon="136.105378">
        <ele>142.94</ele>
      </trkpt>
      <trkpt lat="34.990353" lon="136.105507">
        <ele>143</ele>
      </trkpt>
      <trkpt lat="34.990361" lon="136.105607">
        <ele>143</ele>
      </trkpt>
      <trkpt lat="34.990241" lon="136.105758">
        <ele>143</ele>
      </trkpt>
      <trkpt lat="34.99017" lon="136.105768">
        <ele>143</ele>
      </trkpt>
      <trkpt lat="34.990095" lon="136.105801">
        <ele>143</ele>
      </trkpt>
      <trkpt lat="34.98993" lon="136.105991">
        <ele>143</ele>
      </trkpt>
      <trkpt lat="34.988627" lon="136.10773">
        <ele>144</ele>
      </trkpt>
      <trkpt lat="34.987363" lon="136.109413">
        <ele>145</ele>
      </trkpt>
      <trkpt lat="34.986949" lon="136.110037">
        <ele>145</ele>
      </trkpt>
      <trkpt lat="34.986666" lon="136.11051">
        <ele>145.57</ele>
      </trkpt>
      <trkpt lat="34.986487" lon="136.110844">
        <ele>146</ele>
      </trkpt>
      <trkpt lat="34.986263" lon="136.111312">
        <ele>146</ele>
      </trkpt>
      <trkpt lat="34.98582" lon="136.11235">
        <ele>146.29</ele>
      </trkpt>
      <trkpt lat="34.985703" lon="136.11264">
        <ele>146.05</ele>
      </trkpt>
      <trkpt lat="34.985515" lon="136.113138">
        <ele>147</ele>
      </trkpt>
      <trkpt lat="34.984944" lon="136.114484">
        <ele>146</ele>
      </trkpt>
      <trkpt lat="34.984427" lon="136.115781">
        <ele>146.63</ele>
      </trkpt>
      <trkpt lat="34.984389" lon="136.115764">
        <ele>146.34</ele>
      </trkpt>
      <trkpt lat="34.984281" lon="136.116076">
        <ele>146.96</ele>
      </trkpt>
      <trkpt lat="34.984361" lon="136.116138">
        <ele>147</ele>
      </trkpt>
      <trkpt lat="34.984399" lon="136.1162">
        <ele>147</ele>
      </trkpt>
      <trkpt lat="34.984421" lon="136.116256">
        <ele>147</ele>
      </trkpt>
      <trkpt lat="34.984481" lon="136.116447">
        <ele>147</ele>
      </trkpt>
      <trkpt lat="34.984565" lon="136.116814">
        <ele>146.49</ele>
      </trkpt>
      <trkpt lat="34.984573" lon="136.116892">
        <ele>146.52</ele>
      </trkpt>
      <trkpt lat="34.984571" lon="136.116947">
        <ele>146.55</ele>
      </trkpt>
      <trkpt lat="34.984538" lon="136.117094">
        <ele>146.33</ele>
      </trkpt>
      <trkpt lat="34.984503" lon="136.117202">
        <ele>146.07</ele>
      </trkpt>
      <trkpt lat="34.984419" lon="136.117383">
        <ele>147.03</ele>
      </trkpt>
      <trkpt lat="34.984389" lon="136.11743">
        <ele>147.52</ele>
      </trkpt>
      <trkpt lat="34.984481" lon="136.117682">
        <ele>148.62</ele>
      </trkpt>
      <trkpt lat="34.984533" lon="136.1178">
        <ele>149.33</ele>
      </trkpt>
      <trkpt lat="34.984571" lon="136.117869">
        <ele>148.51</ele>
      </trkpt>
      <trkpt lat="34.985655" lon="136.11957">
        <ele>148.29</ele>
      </trkpt>
      <trkpt lat="34.985856" lon="136.119845">
        <ele>148.25</ele>
      </trkpt>
      <trkpt lat="34.985891" lon="136.119876">
        <ele>150.48</ele>
      </trkpt>
      <trkpt lat="34.985937" lon="136.119865">
        <ele>151.06</ele>
      </trkpt>
      <trkpt lat="34.985974" lon="136.119841">
        <ele>150.94</ele>
      </trkpt>
      <trkpt lat="34.985994" lon="136.119857">
        <ele>151.37</ele>
      </trkpt>
      <trkpt lat="34.98603" lon="136.119914">
        <ele>151.93</ele>
      </trkpt>
      <trkpt lat="34.986083" lon="136.119978">
        <ele>153.36</ele>
      </trkpt>
      <trkpt lat="34.986087" lon="136.119996">
        <ele>153.79</ele>
      </trkpt>
      <trkpt lat="34.986063" lon="136.120005">
        <ele>152.88</ele>
      </trkpt>
      <trkpt lat="34.986039" lon="136.120077">
        <ele>152.18</ele>
      </trkpt>
      <trkpt lat="34.986028" lon="136.120198">
        <ele>152.79</ele>
      </trkpt>
      <trkpt lat="34.986144" lon="136.120398">
        <ele>156.16</ele>
      </trkpt>
      <trkpt lat="34.986225" lon="136.120553">
        <ele>156.15</ele>
      </trkpt>
      <trkpt lat="34.986252" lon="136.120658">
        <ele>157.62</ele>
      </trkpt>
      <trkpt lat="34.986251" lon="136.120809">
        <ele>157.31</ele>
      </trkpt>
      <trkpt lat="34.986227" lon="136.121011">
        <ele>156.41</ele>
      </trkpt>
      <trkpt lat="34.986185" lon="136.121235">
        <ele>155.88</ele>
      </trkpt>
      <trkpt lat="34.985986" lon="136.121965">
        <ele>161.21</ele>
      </trkpt>
      <trkpt lat="34.985906" lon="136.12226">
        <ele>158.21</ele>
      </trkpt>
      <trkpt lat="34.985728" lon="136.12299">
        <ele>153.77</ele>
      </trkpt>
      <trkpt lat="34.985639" lon="136.123355">
        <ele>154.47</ele>
      </trkpt>
      <trkpt lat="34.985537" lon="136.12369">
        <ele>155.22</ele>
      </trkpt>
      <trkpt lat="34.985484" lon="136.123945">
        <ele>153.83</ele>
      </trkpt>
      <trkpt lat="34.985431" lon="136.1242">
        <ele>155.56</ele>
      </trkpt>
      <trkpt lat="34.985335" lon="136.124811">
        <ele>153.34</ele>
      </trkpt>
      <trkpt lat="34.985317" lon="136.125014">
        <ele>151.92</ele>
      </trkpt>
      <trkpt lat="34.985361" lon="136.125087">
        <ele>152.58</ele>
      </trkpt>
      <trkpt lat="34.985354" lon="136.125119">
        <ele>151.69</ele>
      </trkpt>
      <trkpt lat="34.985346" lon="136.125277">
        <ele>149.72</ele>
      </trkpt>
      <trkpt lat="34.985304" lon="136.125294">
        <ele>149.61</ele>
      </trkpt>
      <trkpt lat="34.985288" lon="136.125307">
        <ele>149.62</ele>
      </trkpt>
      <trkpt lat="34.985276" lon="136.125332">
        <ele>149.59</ele>
      </trkpt>
      <trkpt lat="34.985206" lon="136.12737">
        <ele>149</ele>
      </trkpt>
      <trkpt lat="34.985194" lon="136.127988">
        <ele>149</ele>
      </trkpt>
      <trkpt lat="34.985196" lon="136.128359">
        <ele>150</ele>
      </trkpt>
      <trkpt lat="34.985185" lon="136.128723">
        <ele>150</ele>
      </trkpt>
      <trkpt lat="34.985155" lon="136.130878">
        <ele>152</ele>
      </trkpt>
      <trkpt lat="34.985003" lon="136.130904">
        <ele>152</ele>
      </trkpt>
      <trkpt lat="34.984948" lon="136.130939">
        <ele>152</ele>
      </trkpt>
      <trkpt lat="34.984938" lon="136.131174">
        <ele>152.11</ele>
      </trkpt>
      <trkpt lat="34.984926" lon="136.131298">
        <ele>152.46</ele>
      </trkpt>
      <trkpt lat="34.984905" lon="136.131396">
        <ele>152.92</ele>
      </trkpt>
      <trkpt lat="34.984905" lon="136.13156">
        <ele>152.93</ele>
      </trkpt>
      <trkpt lat="34.984918" lon="136.131766">
        <ele>153</ele>
      </trkpt>
      <trkpt lat="34.984884" lon="136.132521">
        <ele>152.78</ele>
      </trkpt>
      <trkpt lat="34.984858" lon="136.132932">
        <ele>153.19</ele>
      </trkpt>
      <trkpt lat="34.984831" lon="136.133213">
        <ele>153.41</ele>
      </trkpt>
      <trkpt lat="34.984778" lon="136.133604">
        <ele>154</ele>
      </trkpt>
      <trkpt lat="34.984703" lon="136.134079">
        <ele>154</ele>
      </trkpt>
      <trkpt lat="34.984665" lon="136.134267">
        <ele>154.15</ele>
      </trkpt>
      <trkpt lat="34.984565" lon="136.134651">
        <ele>154.95</ele>
      </trkpt>
      <trkpt lat="34.984539" lon="136.134805">
        <ele>154.46</ele>
      </trkpt>
      <trkpt lat="34.984504" lon="136.135129">
        <ele>154.72</ele>
      </trkpt>
      <trkpt lat="34.9844" lon="136.135633">
        <ele>155.41</ele>
      </trkpt>
      <trkpt lat="34.984162" lon="136.136958">
        <ele>156.55</ele>
      </trkpt>
      <trkpt lat="34.984013" lon="136.137692">
        <ele>157.59</ele>
      </trkpt>
      <trkpt lat="34.983562" lon="136.140076">
        <ele>159</ele>
      </trkpt>
      <trkpt lat="34.983416" lon="136.140635">
        <ele>159</ele>
      </trkpt>
      <trkpt lat="34.983388" lon="136.140834">
        <ele>159</ele>
      </trkpt>
      <trkpt lat="34.98336" lon="136.141127">
        <ele>159</ele>
      </trkpt>
      <trkpt lat="34.983325" lon="136.14126">
        <ele>159</ele>
      </trkpt>
      <trkpt lat="34.983305" lon="136.14143">
        <ele>159</ele>
      </trkpt>
      <trkpt lat="34.983166" lon="136.142123">
        <ele>158.73</ele>
      </trkpt>
      <trkpt lat="34.983009" lon="136.143002">
        <ele>158.47</ele>
      </trkpt>
      <trkpt lat="34.98264" lon="136.144875">
        <ele>161</ele>
      </trkpt>
      <trkpt lat="34.982542" lon="136.145418">
        <ele>161</ele>
      </trkpt>
      <trkpt lat="34.982521" lon="136.145491">
        <ele>161</ele>
      </trkpt>
      <trkpt lat="34.982477" lon="136.14553">
        <ele>161</ele>
      </trkpt>
      <trkpt lat="34.982432" lon="136.14576">
        <ele>161</ele>
      </trkpt>
      <trkpt lat="34.982451" lon="136.145831">
        <ele>161</ele>
      </trkpt>
      <trkpt lat="34.982451" lon="136.145907">
        <ele>161</ele>
      </trkpt>
      <trkpt lat="34.98219" lon="136.147245">
        <ele>162</ele>
      </trkpt>
      <trkpt lat="34.981769" lon="136.149489">
        <ele>163</ele>
      </trkpt>
      <trkpt lat="34.981735" lon="136.149508">
        <ele>163</ele>
      </trkpt>
      <trkpt lat="34.981725" lon="136.149575">
        <ele>163</ele>
      </trkpt>
      <trkpt lat="34.981697" lon="136.149539">
        <ele>163</ele>
      </trkpt>
      <trkpt lat="34.98167" lon="136.149605">
        <ele>162.97</ele>
      </trkpt>
      <trkpt lat="34.981359" lon="136.151309">
        <ele>163.76</ele>
      </trkpt>
      <trkpt lat="34.981182" lon="136.151579">
        <ele>163.17</ele>
      </trkpt>
      <trkpt lat="34.980875" lon="136.152102">
        <ele>163.7</ele>
      </trkpt>
      <trkpt lat="34.980538" lon="136.152584">
        <ele>163.95</ele>
      </trkpt>
      <trkpt lat="34.980427" lon="136.152783">
        <ele>164.05</ele>
      </trkpt>
      <trkpt lat="34.980071" lon="136.153468">
        <ele>165.19</ele>
      </trkpt>
      <trkpt lat="34.979914" lon="136.153731">
        <ele>165.84</ele>
      </trkpt>
      <trkpt lat="34.979734" lon="136.153967">
        <ele>166</ele>
      </trkpt>
      <trkpt lat="34.97944" lon="136.154439">
        <ele>166</ele>
      </trkpt>
      <trkpt lat="34.97929" lon="136.154714">
        <ele>166.59</ele>
      </trkpt>
      <trkpt lat="34.979139" lon="136.154953">
        <ele>167</ele>
      </trkpt>
      <trkpt lat="34.979071" lon="136.155006">
        <ele>167</ele>
      </trkpt>
      <trkpt lat="34.978284" lon="136.156235">
        <ele>167.43</ele>
      </trkpt>
      <trkpt lat="34.978123" lon="136.156516">
        <ele>168</ele>
      </trkpt>
      <trkpt lat="34.978026" lon="136.156646">
        <ele>168</ele>
      </trkpt>
      <trkpt lat="34.977812" lon="136.156861">
        <ele>168</ele>
      </trkpt>
      <trkpt lat="34.977735" lon="136.156962">
        <ele>168</ele>
      </trkpt>
      <trkpt lat="34.977617" lon="136.15709">
        <ele>168</ele>
      </trkpt>
      <trkpt lat="34.977374" lon="136.157334">
        <ele>168</ele>
      </trkpt>
      <trkpt lat="34.977201" lon="136.157703">
        <ele>168</ele>
      </trkpt>
      <trkpt lat="34.977104" lon="136.157996">
        <ele>168.64</ele>
      </trkpt>
      <trkpt lat="34.976952" lon="136.158577">
        <ele>169</ele>
      </trkpt>
      <trkpt lat="34.976869" lon="136.158946">
        <ele>169</ele>
      </trkpt>
      <trkpt lat="34.976754" lon="136.159704">
        <ele>170</ele>
      </trkpt>
      <trkpt lat="34.976777" lon="136.160172">
        <ele>170</ele>
      </trkpt>
      <trkpt lat="34.976849" lon="136.160902">
        <ele>170</ele>
      </trkpt>
      <trkpt lat="34.976874" lon="136.161261">
        <ele>170.04</ele>
      </trkpt>
      <trkpt lat="34.976842" lon="136.161626">
        <ele>170</ele>
      </trkpt>
      <trkpt lat="34.976804" lon="136.161782">
        <ele>170.65</ele>
      </trkpt>
      <trkpt lat="34.976671" lon="136.162247">
        <ele>170.68</ele>
      </trkpt>
      <trkpt lat="34.976659" lon="136.162353">
        <ele>170.99</ele>
      </trkpt>
      <trkpt lat="34.97668" lon="136.162531">
        <ele>171</ele>
      </trkpt>
      <trkpt lat="34.976686" lon="136.162659">
        <ele>171</ele>
      </trkpt>
      <trkpt lat="34.976665" lon="136.162783">
        <ele>171</ele>
      </trkpt>
      <trkpt lat="34.976182" lon="136.163946">
        <ele>171.26</ele>
      </trkpt>
      <trkpt lat="34.976008" lon="136.164311">
        <ele>172</ele>
      </trkpt>
      <trkpt lat="34.97587" lon="136.164644">
        <ele>172</ele>
      </trkpt>
      <trkpt lat="34.975784" lon="136.164746">
        <ele>172</ele>
      </trkpt>
      <trkpt lat="34.975593" lon="136.165204">
        <ele>172.55</ele>
      </trkpt>
      <trkpt lat="34.975222" lon="136.166142">
        <ele>173</ele>
      </trkpt>
      <trkpt lat="34.97479" lon="136.167092">
        <ele>174.45</ele>
      </trkpt>
      <trkpt lat="34.97456" lon="136.167514">
        <ele>174</ele>
      </trkpt>
      <trkpt lat="34.974412" lon="136.167827">
        <ele>174</ele>
      </trkpt>
      <trkpt lat="34.974061" lon="136.168761">
        <ele>175</ele>
      </trkpt>
      <trkpt lat="34.97378" lon="136.169398">
        <ele>176</ele>
      </trkpt>
      <trkpt lat="34.972992" lon="136.171105">
        <ele>176.09</ele>
      </trkpt>
      <trkpt lat="34.972898" lon="136.171377">
        <ele>177</ele>
      </trkpt>
      <trkpt lat="34.972401" lon="136.173402">
        <ele>178</ele>
      </trkpt>
      <trkpt lat="34.972091" lon="136.174615">
        <ele>180</ele>
      </trkpt>
      <trkpt lat="34.971892" lon="136.174511">
        <ele>180</ele>
      </trkpt>
      <trkpt lat="34.971804" lon="136.174481">
        <ele>179.98</ele>
      </trkpt>
      <trkpt lat="34.971522" lon="136.174635">
        <ele>179.6</ele>
      </trkpt>
      <trkpt lat="34.971419" lon="136.174672">
        <ele>179.09</ele>
      </trkpt>
      <trkpt lat="34.971299" lon="136.174675">
        <ele>179</ele>
      </trkpt>
      <trkpt lat="34.97109" lon="136.174638">
        <ele>178</ele>
      </trkpt>
      <trkpt lat="34.970935" lon="136.174635">
        <ele>178</ele>
      </trkpt>
      <trkpt lat="34.970525" lon="136.174329">
        <ele>175.89</ele>
      </trkpt>
      <trkpt lat="34.970436" lon="136.174531">
        <ele>175.83</ele>
      </trkpt>
      <trkpt lat="34.970396" lon="136.174588">
        <ele>175.98</ele>
      </trkpt>
      <trkpt lat="34.970291" lon="136.174661">
        <ele>175.64</ele>
      </trkpt>
      <trkpt lat="34.970242" lon="136.174717">
        <ele>175.76</ele>
      </trkpt>
      <trkpt lat="34.970162" lon="136.174884">
        <ele>175.32</ele>
      </trkpt>
      <trkpt lat="34.969782" lon="136.175782">
        <ele>176</ele>
      </trkpt>
      <trkpt lat="34.969745" lon="136.175801">
        <ele>176</ele>
      </trkpt>
      <trkpt lat="34.969699" lon="136.175898">
        <ele>176</ele>
      </trkpt>
      <trkpt lat="34.969475" lon="136.175746">
        <ele>176</ele>
      </trkpt>
      <trkpt lat="34.969469" lon="136.175729">
        <ele>176</ele>
      </trkpt>
      <trkpt lat="34.969421" lon="136.175685">
        <ele>176</ele>
      </trkpt>
      <trkpt lat="34.969327" lon="136.175873">
        <ele>176</ele>
      </trkpt>
      <trkpt lat="34.969103" lon="136.17623">
        <ele>176</ele>
      </trkpt>
      <trkpt lat="34.968071" lon="136.178034">
        <ele>177</ele>
      </trkpt>
      <trkpt lat="34.967234" lon="136.179727">
        <ele>177.46</ele>
      </trkpt>
      <trkpt lat="34.966901" lon="136.180359">
        <ele>178</ele>
      </trkpt>
      <trkpt lat="34.966648" lon="136.180873">
        <ele>178</ele>
      </trkpt>
      <trkpt lat="34.966458" lon="136.18138">
        <ele>178</ele>
      </trkpt>
      <trkpt lat="34.966403" lon="136.181482">
        <ele>178.12</ele>
      </trkpt>
      <trkpt lat="34.966321" lon="136.181672">
        <ele>178.34</ele>
      </trkpt>
      <trkpt lat="34.966227" lon="136.182065">
        <ele>179</ele>
      </trkpt>
      <trkpt lat="34.966122" lon="136.182551">
        <ele>179.79</ele>
      </trkpt>
      <trkpt lat="34.966105" lon="136.182742">
        <ele>180.52</ele>
      </trkpt>
      <trkpt lat="34.966105" lon="136.182798">
        <ele>180.84</ele>
      </trkpt>
      <trkpt lat="34.966119" lon="136.182883">
        <ele>181.33</ele>
      </trkpt>
      <trkpt lat="34.965934" lon="136.182951">
        <ele>181.23</ele>
      </trkpt>
      <trkpt lat="34.965876" lon="136.182935">
        <ele>181</ele>
      </trkpt>
      <trkpt lat="34.965742" lon="136.183003">
        <ele>180.98</ele>
      </trkpt>
      <trkpt lat="34.965709" lon="136.183124">
        <ele>181.26</ele>
      </trkpt>
      <trkpt lat="34.965628" lon="136.183177">
        <ele>180.34</ele>
      </trkpt>
      <trkpt lat="34.965595" lon="136.183186">
        <ele>180</ele>
      </trkpt>
      <trkpt lat="34.965597" lon="136.183551">
        <ele>179.6</ele>
      </trkpt>
      <trkpt lat="34.965572" lon="136.184138">
        <ele>177.19</ele>
      </trkpt>
      <trkpt lat="34.965567" lon="136.184545">
        <ele>175.44</ele>
      </trkpt>
      <trkpt lat="34.965587" lon="136.184771">
        <ele>175.97</ele>
      </trkpt>
      <trkpt lat="34.965613" lon="136.184885">
        <ele>176.02</ele>
      </trkpt>
      <trkpt lat="34.965638" lon="136.184943">
        <ele>176.81</ele>
      </trkpt>
      <trkpt lat="34.965664" lon="136.184974">
        <ele>176.88</ele>
      </trkpt>
      <trkpt lat="34.965529" lon="136.185041">
        <ele>179.4</ele>
      </trkpt>
      <trkpt lat="34.965574" lon="136.185216">
        <ele>179.92</ele>
      </trkpt>
      <trkpt lat="34.965572" lon="136.1853">
        <ele>180</ele>
      </trkpt>
      <trkpt lat="34.965552" lon="136.185396">
        <ele>180</ele>
      </trkpt>
      <trkpt lat="34.965526" lon="136.185444">
        <ele>179.91</ele>
      </trkpt>
      <trkpt lat="34.965621" lon="136.18552">
        <ele>179.3</ele>
      </trkpt>
      <trkpt lat="34.964752" lon="136.187129">
        <ele>178.12</ele>
      </trkpt>
      <trkpt lat="34.964522" lon="136.187531">
        <ele>178.89</ele>
      </trkpt>
      <trkpt lat="34.964206" lon="136.188055">
        <ele>179.96</ele>
      </trkpt>
      <trkpt lat="34.963863" lon="136.188636">
        <ele>188.59</ele>
      </trkpt>
      <trkpt lat="34.963691" lon="136.188926">
        <ele>183.59</ele>
      </trkpt>
      <trkpt lat="34.963513" lon="136.189231">
        <ele>181.25</ele>
      </trkpt>
      <trkpt lat="34.96348" lon="136.189349">
        <ele>180.99</ele>
      </trkpt>
      <trkpt lat="34.963374" lon="136.189529">
        <ele>180.03</ele>
      </trkpt>
      <trkpt lat="34.963321" lon="136.189566">
        <ele>179.85</ele>
      </trkpt>
      <trkpt lat="34.962663" lon="136.190691">
        <ele>179.24</ele>
      </trkpt>
      <trkpt lat="34.962237" lon="136.191431">
        <ele>181</ele>
      </trkpt>
      <trkpt lat="34.961204" lon="136.19313">
        <ele>182</ele>
      </trkpt>
      <trkpt lat="34.960524" lon="136.194122">
        <ele>182.66</ele>
      </trkpt>
      <trkpt lat="34.959991" lon="136.194849">
        <ele>183.3</ele>
      </trkpt>
      <trkpt lat="34.959947" lon="136.19496">
        <ele>183.38</ele>
      </trkpt>
      <trkpt lat="34.959835" lon="136.195125">
        <ele>182.07</ele>
      </trkpt>
      <trkpt lat="34.959769" lon="136.195176">
        <ele>182.42</ele>
      </trkpt>
      <trkpt lat="34.959147" lon="136.196037">
        <ele>182.99</ele>
      </trkpt>
      <trkpt lat="34.95898" lon="136.196285">
        <ele>183.76</ele>
      </trkpt>
      <trkpt lat="34.958749" lon="136.196675">
        <ele>184.14</ele>
      </trkpt>
      <trkpt lat="34.958655" lon="136.196861">
        <ele>183.09</ele>
      </trkpt>
      <trkpt lat="34.95854" lon="136.197133">
        <ele>183.41</ele>
      </trkpt>
      <trkpt lat="34.958425" lon="136.197406">
        <ele>185.97</ele>
      </trkpt>
      <trkpt lat="34.958332" lon="136.197666">
        <ele>187.28</ele>
      </trkpt>
      <trkpt lat="34.95819" lon="136.198141">
        <ele>189.02</ele>
      </trkpt>
      <trkpt lat="34.958061" lon="136.198613">
        <ele>189.89</ele>
      </trkpt>
      <trkpt lat="34.958079" lon="136.198629">
        <ele>189.95</ele>
      </trkpt>
      <trkpt lat="34.95806" lon="136.198763">
        <ele>190</ele>
      </trkpt>
      <trkpt lat="34.958014" lon="136.198937">
        <ele>190.09</ele>
      </trkpt>
      <trkpt lat="34.957963" lon="136.199034">
        <ele>189.61</ele>
      </trkpt>
      <trkpt lat="34.95788" lon="136.199368">
        <ele>191.52</ele>
      </trkpt>
      <trkpt lat="34.957799" lon="136.199698">
        <ele>190.22</ele>
      </trkpt>
      <trkpt lat="34.957767" lon="136.199994">
        <ele>188.94</ele>
      </trkpt>
      <trkpt lat="34.957778" lon="136.200799">
        <ele>187.37</ele>
      </trkpt>
      <trkpt lat="34.957781" lon="136.201067">
        <ele>188.46</ele>
      </trkpt>
      <trkpt lat="34.957801" lon="136.201627">
        <ele>188</ele>
      </trkpt>
      <trkpt lat="34.957848" lon="136.201667">
        <ele>188</ele>
      </trkpt>
      <trkpt lat="34.957853" lon="136.201864">
        <ele>187.99</ele>
      </trkpt>
      <trkpt lat="34.957826" lon="136.201892">
        <ele>187.83</ele>
      </trkpt>
      <trkpt lat="34.957826" lon="136.201913">
        <ele>187.81</ele>
      </trkpt>
      <trkpt lat="34.957894" lon="136.202389">
        <ele>187.65</ele>
      </trkpt>
      <trkpt lat="34.957996" lon="136.203031">
        <ele>187</ele>
      </trkpt>
      <trkpt lat="34.958116" lon="136.203756">
        <ele>188.74</ele>
      </trkpt>
      <trkpt lat="34.958145" lon="136.204036">
        <ele>189.32</ele>
      </trkpt>
      <trkpt lat="34.95816" lon="136.204337">
        <ele>190.01</ele>
      </trkpt>
      <trkpt lat="34.958154" lon="136.204701">
        <ele>190.12</ele>
      </trkpt>
      <trkpt lat="34.958103" lon="136.205202">
        <ele>191</ele>
      </trkpt>
      <trkpt lat="34.957976" lon="136.205861">
        <ele>190.23</ele>
      </trkpt>
      <trkpt lat="34.958012" lon="136.205885">
        <ele>191.01</ele>
      </trkpt>
      <trkpt lat="34.958437" lon="136.206749">
        <ele>192.89</ele>
      </trkpt>
      <trkpt lat="34.95863" lon="136.207153">
        <ele>195.44</ele>
      </trkpt>
      <trkpt lat="34.958699" lon="136.207322">
        <ele>196</ele>
      </trkpt>
      <trkpt lat="34.958723" lon="136.207427">
        <ele>195.84</ele>
      </trkpt>
      <trkpt lat="34.958733" lon="136.207511">
        <ele>195.77</ele>
      </trkpt>
      <trkpt lat="34.958735" lon="136.207651">
        <ele>195.75</ele>
      </trkpt>
      <trkpt lat="34.958722" lon="136.207721">
        <ele>195.84</ele>
      </trkpt>
    </trkseg>
  </trk>
</gpx>
