{
  "type": "FeatureCollection",
  "features": [
    {
      "type": "Feature",
      "id": "path-east",
      "geometry": {
        "type": "LineString",
        "coordinates": [
          [
            139.774533,
            35.684112
          ],
          [
            139.774359,
            35.683575
          ],
          [
            139.773699,
            35.682538
          ],
          [
            139.768957,
            35.674938
          ],
          [
            139.761146,
            35.667556
          ],
          [
            139.755181,
            35.660304
          ],
          [
            139.753861,
            35.651107
          ],
          [
            139.752971,
            35.649006
          ],
          [
            139.749709,
            35.648029
          ],
          [
            139.746426,
            35.646477
          ],
          [
            139.743884,
            35.644899
          ],
          [
            139.74251,
            35.643408
          ],
          [
            139.741094,
            35.640749
          ],
          [
            139.739367,
            35.637558
          ],
          [
            139.738272,
            35.634593
          ],
          [
            139.73765,
            35.632291
          ],
          [
            139.737489,
            35.629527
          ],
          [
            139.737575,
            35.627277
          ],
          [
            139.737833,
            35.626287
          ],
          [
            139.738407,
            35.624787
          ],
          [
            139.738455,
            35.624678
          ],
          [
            139.738927,
            35.624342
          ],
          [
            139.738889,
            35.624006
          ],
          [
            139.73912,
            35.623998
          ],
          [
            139.739152,
            35.623828
          ],
          [
            139.739088,
            35.623723
          ],
          [
            139.739785,
            35.622341
          ],
          [
            139.74007,
            35.622014
          ],
          [
            139.741142,
            35.620767
          ],
          [
            139.741706,
            35.620248
          ],
          [
            139.742349,
            35.619764
          ],
          [
            139.74346,
            35.618782
          ],
          [
            139.743851,
            35.618294
          ],
          [
            139.74449,
            35.617195
          ],
          [
            139.744533,
            35.617086
          ],
          [
            139.744474,
            35.616672
          ],
          [
            139.744093,
            35.614844
          ],
          [
            139.744082,
            35.614644
          ],
          [
            139.744055,
            35.613392
          ],
          [
            139.744066,
            35.612913
          ],
          [
            139.744157,
            35.61266
          ],
          [
            139.744141,
            35.610985
          ],
          [
            139.74413,
            35.610636
          ],
          [
            139.744281,
            35.609493
          ],
          [
            139.744286,
            35.609136
          ],
          [
            139.744028,
            35.606824
          ],
          [
            139.743878,
            35.606144
          ],
          [
            139.743497,
            35.605603
          ],
          [
            139.743272,
            35.605158
          ],
          [
            139.742945,
            35.604425
          ],
          [
            139.742194,
            35.602956
          ],
          [
            139.741277,
            35.601211
          ],
          [
            139.741223,
            35.600927
          ],
          [
            139.74126,
            35.600618
          ],
          [
            139.740719,
            35.5991
          ],
          [
            139.740375,
            35.598345
          ],
          [
            139.74015,
            35.598031
          ],
          [
            139.73956,
            35.597159
          ],
          [
            139.739378,
            35.596496
          ],
          [
            139.739174,
            35.595911
          ],
          [
            139.738863,
            35.595261
          ],
          [
            139.737843,
            35.593673
          ],
          [
            139.737452,
            35.593163
          ],
          [
            139.737049,
            35.592578
          ],
          [
            139.736631,
            35.591872
          ],
          [
            139.736309,
            35.591104
          ],
          [
            139.736143,
            35.590812
          ],
          [
            139.736041,
            35.589608
          ],
          [
            139.735971,
            35.588173
          ],
          [
            139.735928,
            35.587239
          ],
          [
            139.735955,
            35.586663
          ],
          [
            139.736137,
            35.585734
          ],
          [
            139.736443,
            35.584429
          ],
          [
            139.736631,
            35.582972
          ],
          [
            139.736701,
            35.582401
          ],
          [
            139.736631,
            35.581986
          ],
          [
            139.73676,
            35.581864
          ],
          [
            139.736797,
            35.581284
          ],
          [
            139.736765,
            35.5809
          ],
          [
            139.736776,
            35.579796
          ],
          [
            139.736679,
            35.579212
          ],
          [
            139.736534,
            35.578623
          ],
          [
            139.736164,
            35.577584
          ],
          [
            139.735692,
            35.576306
          ],
          [
            139.735231,
            35.575285
          ],
          [
            139.734941,
            35.574779
          ],
          [
            139.734625,
            35.574307
          ],
          [
            139.734002,
            35.573592
          ],
          [
            139.733616,
            35.573103
          ],
          [
            139.732415,
            35.571541
          ],
          [
            139.731631,
            35.570507
          ],
          [
            139.730269,
            35.568718
          ],
          [
            139.728799,
            35.566802
          ],
          [
            139.72719,
            35.564568
          ],
          [
            139.725634,
            35.562526
          ],
          [
            139.723606,
            35.559846
          ],
          [
            139.72219,
            35.557778
          ],
          [
            139.720323,
            35.555482
          ],
          [
            139.718714,
            35.553483
          ],
          [
            139.717169,
            35.551345
          ],
          [
            139.715195,
            35.5487
          ],
          [
            139.713113,
            35.545976
          ],
          [
            139.712051,
            35.544545
          ],
          [
            139.712019,
            35.544431
          ],
          [
            139.711289,
            35.543375
          ],
          [
            139.710538,
            35.542371
          ],
          [
            139.70939,
            35.540669
          ],
          [
            139.70923,
            35.540206
          ],
          [
            139.709004,
            35.539813
          ],
          [
            139.70836,
            35.535981
          ],
          [
            139.708414,
            35.535863
          ],
          [
            139.708296,
            35.535348
          ],
          [
            139.707824,
            35.535461
          ],
          [
            139.707277,
            35.535238
          ],
          [
            139.70614,
            35.534605
          ],
          [
            139.703972,
            35.533344
          ],
          [
            139.702465,
            35.532397
          ],
          [
            139.701612,
            35.53172
          ],
          [
            139.701312,
            35.531135
          ],
          [
            139.701086,
            35.530463
          ],
          [
            139.700716,
            35.529362
          ],
          [
            139.700368,
            35.528179
          ],
          [
            139.697658,
            35.526739
          ],
          [
            139.6957,
            35.525682
          ],
          [
            139.692428,
            35.523888
          ],
          [
            139.692273,
            35.523696
          ],
          [
            139.692203,
            35.523403
          ],
          [
            139.691715,
            35.52346
          ],
          [
            139.689306,
            35.521892
          ],
          [
            139.688593,
            35.521386
          ],
          [
            139.687321,
            35.520325
          ],
          [
            139.685508,
            35.518744
          ],
          [
            139.683711,
            35.517146
          ],
          [
            139.681994,
            35.515605
          ],
          [
            139.681463,
            35.514972
          ],
          [
            139.680744,
            35.513946
          ],
          [
            139.680208,
            35.513238
          ],
          [
            139.678352,
            35.510754
          ],
          [
            139.677778,
            35.509977
          ],
          [
            139.677832,
            35.509579
          ],
          [
            139.678148,
            35.508649
          ],
          [
            139.678234,
            35.508221
          ],
          [
            139.678191,
            35.507841
          ],
          [
            139.678738,
            35.507806
          ],
          [
            139.678373,
            35.507453
          ],
          [
            139.678153,
            35.506771
          ],
          [
            139.67751,
            35.505496
          ],
          [
            139.677252,
            35.504977
          ],
          [
            139.676812,
            35.503863
          ],
          [
            139.67626,
            35.502627
          ],
          [
            139.676254,
            35.502448
          ],
          [
            139.676335,
            35.501741
          ],
          [
            139.676271,
            35.501505
          ],
          [
            139.675332,
            35.498989
          ],
          [
            139.67509,
            35.498221
          ],
          [
            139.674345,
            35.496338
          ],
          [
            139.67405,
            35.495779
          ],
          [
            139.673701,
            35.495456
          ],
          [
            139.672312,
            35.494731
          ],
          [
            139.670804,
            35.493971
          ],
          [
            139.66956,
            35.49346
          ],
          [
            139.667784,
            35.492897
          ],
          [
            139.665746,
            35.492154
          ],
          [
            139.664066,
            35.491626
          ],
          [
            139.663761,
            35.491678
          ],
          [
            139.66242,
            35.490809
          ],
          [
            139.660821,
            35.489538
          ],
          [
            139.659786,
            35.488883
          ],
          [
            139.657897,
            35.487817
          ],
          [
            139.657345,
            35.487319
          ],
          [
            139.656787,
            35.48679
          ],
          [
            139.655682,
            35.486314
          ],
          [
            139.652554,
            35.485414
          ],
          [
            139.650505,
            35.485139
          ],
          [
            139.646954,
            35.48458
          ],
          [
            139.64557,
            35.484082
          ],
          [
            139.644122,
            35.483265
          ],
          [
            139.642979,
            35.482448
          ],
          [
            139.640994,
            35.481169
          ],
          [
            139.639825,
            35.480168
          ],
          [
            139.638189,
            35.478438
          ],
          [
            139.635657,
            35.475813
          ],
          [
            139.632336,
            35.472139
          ],
          [
            139.631644,
            35.47137
          ],
          [
            139.630829,
            35.470745
          ],
          [
            139.630115,
            35.470741
          ],
          [
            139.628758,
            35.470684
          ],
          [
            139.627202,
            35.470675
          ],
          [
            139.627068,
            35.470627
          ],
          [
            139.62688,
            35.470815
          ],
          [
            139.626403,
            35.471025
          ],
          [
            139.626086,
            35.470645
          ],
          [
            139.625507,
            35.470627
          ],
          [
            139.624429,
            35.470535
          ],
          [
            139.623093,
            35.470413
          ],
          [
            139.622058,
            35.470256
          ],
          [
            139.621065,
            35.470024
          ],
          [
            139.619778,
            35.469845
          ],
          [
            139.618775,
            35.469797
          ],
          [
            139.617954,
            35.469649
          ],
          [
            139.616436,
            35.469295
          ],
          [
            139.615958,
            35.469185
          ],
          [
            139.615755,
            35.469085
          ],
          [
            139.615653,
            35.469094
          ],
          [
            139.615647,
            35.468932
          ],
          [
            139.615213,
            35.468827
          ],
          [
            139.614859,
            35.468648
          ],
          [
            139.614242,
            35.468224
          ],
          [
            139.61392,
            35.467897
          ],
          [
            139.613603,
            35.467464
          ],
          [
            139.613185,
            35.4668
          ],
          [
            139.612777,
            35.466193
          ],
          [
            139.611989,
            35.465441
          ],
          [
            139.611592,
            35.465022
          ],
          [
            139.611313,
            35.465131
          ],
          [
            139.610868,
            35.464851
          ],
          [
            139.610433,
            35.464537
          ],
          [
            139.609784,
            35.46393
          ],
          [
            139.608647,
            35.462872
          ],
          [
            139.608314,
            35.462409
          ],
          [
            139.60781,
            35.461343
          ],
          [
            139.60723,
            35.460425
          ],
          [
            139.606619,
            35.459709
          ],
          [
            139.606018,
            35.45873
          ],
          [
            139.605095,
            35.457122
          ],
          [
            139.603958,
            35.455156
          ],
          [
            139.603196,
            35.453906
          ],
          [
            139.602966,
            35.453613
          ],
          [
            139.602896,
            35.453382
          ],
          [
            139.602966,
            35.453255
          ],
          [
            139.602172,
            35.452258
          ],
          [
            139.601008,
            35.450838
          ],
          [
            139.598604,
            35.447937
          ],
          [
            139.597371,
            35.446346
          ],
          [
            139.595461,
            35.444073
          ],
          [
            139.59089,
            35.444982
          ],
          [
            139.589646,
            35.44528
          ],
          [
            139.588262,
            35.445516
          ],
          [
            139.586878,
            35.445463
          ],
          [
            139.586706,
            35.44562
          ],
          [
            139.584035,
            35.445944
          ],
          [
            139.581728,
            35.44597
          ],
          [
            139.578853,
            35.446669
          ],
          [
            139.578563,
            35.446359
          ],
          [
            139.578112,
            35.445647
          ],
          [
            139.577533,
            35.445585
          ],
          [
            139.57653,
            35.44507
          ],
          [
            139.576283,
            35.444821
          ],
          [
            139.57587,
            35.444209
          ],
          [
            139.57572,
            35.443658
          ],
          [
            139.575575,
            35.443461
          ],
          [
            139.574207,
            35.442579
          ],
          [
            139.573875,
            35.442268
          ],
          [
            139.572893,
            35.441394
          ],
          [
            139.572673,
            35.441084
          ],
          [
            139.57256,
            35.440708
          ],
          [
            139.572507,
            35.440061
          ],
          [
            139.572319,
            35.439808
          ],
          [
            139.572002,
            35.439633
          ],
          [
            139.571139,
            35.439296
          ],
          [
            139.57086,
            35.439069
          ],
          [
            139.570125,
            35.438658
          ],
          [
            139.569701,
            35.438221
          ],
          [
            139.569551,
            35.437972
          ],
          [
            139.569336,
            35.437338
          ],
          [
            139.569207,
            35.437072
          ],
          [
            139.568768,
            35.437015
          ],
          [
            139.568306,
            35.437085
          ],
          [
            139.567716,
            35.436923
          ],
          [
            139.567244,
            35.436862
          ],
          [
            139.566879,
            35.436552
          ],
          [
            139.566643,
            35.436469
          ],
          [
            139.566681,
            35.436324
          ],
          [
            139.566321,
            35.435577
          ],
          [
            139.565806,
            35.434987
          ],
          [
            139.565442,
            35.434489
          ],
          [
            139.564948,
            35.434052
          ],
          [
            139.564707,
            35.433588
          ],
          [
            139.564573,
            35.433121
          ],
          [
            139.564299,
            35.432399
          ],
          [
            139.56416,
            35.431984
          ],
          [
            139.56394,
            35.431722
          ],
          [
            139.563344,
            35.431259
          ],
          [
            139.563167,
            35.43066
          ],
          [
            139.563038,
            35.430319
          ],
          [
            139.563156,
            35.429729
          ],
          [
            139.562926,
            35.428924
          ],
          [
            139.563221,
            35.428299
          ],
          [
            139.563178,
            35.428107
          ],
          [
            139.562979,
            35.427902
          ],
          [
            139.562786,
            35.427792
          ],
          [
            139.562271,
            35.427701
          ],
          [
            139.562137,
            35.427639
          ],
          [
            139.561606,
            35.427709
          ],
          [
            139.561558,
            35.42753
          ],
          [
            139.561279,
            35.427486
          ],
          [
            139.561198,
            35.427272
          ],
          [
            139.560903,
            35.427224
          ],
          [
            139.560356,
            35.426516
          ],
          [
            139.560168,
            35.426188
          ],
          [
            139.56005,
            35.425655
          ],
          [
            139.559739,
            35.424829
          ],
          [
            139.559573,
            35.424571
          ],
          [
            139.559267,
            35.424374
          ],
          [
            139.558838,
            35.424155
          ],
          [
            139.558677,
            35.423858
          ],
          [
            139.558522,
            35.423307
          ],
          [
            139.558194,
            35.422682
          ],
          [
            139.557819,
            35.422184
          ],
          [
            139.55754,
            35.42183
          ],
          [
            139.557234,
            35.421305
          ],
          [
            139.55717,
            35.4212
          ],
          [
            139.556606,
            35.420886
          ],
          [
            139.556344,
            35.420851
          ],
          [
            139.555973,
            35.420855
          ],
          [
            139.555603,
            35.420925
          ],
          [
            139.553924,
            35.420886
          ],
          [
            139.553742,
            35.421012
          ],
          [
            139.553248,
            35.420929
          ],
          [
            139.553152,
            35.420886
          ],
          [
            139.55313,
            35.420711
          ],
          [
            139.552374,
            35.420199
          ],
          [
            139.551698,
            35.42002
          ],
          [
            139.551446,
            35.419959
          ],
          [
            139.550781,
            35.419924
          ],
          [
            139.550276,
            35.419893
          ],
          [
            139.549708,
            35.41943
          ],
          [
            139.549279,
            35.41898
          ],
          [
            139.548876,
            35.418468
          ],
          [
            139.548458,
            35.418166
          ],
          [
            139.547449,
            35.417537
          ],
          [
            139.54657,
            35.41696
          ],
          [
            139.544992,
            35.415884
          ],
          [
            139.543324,
            35.415058
          ],
          [
            139.542959,
            35.414909
          ],
          [
            139.542965,
            35.414783
          ],
          [
            139.542525,
            35.414354
          ],
          [
            139.542214,
            35.413948
          ],
          [
            139.542026,
            35.41358
          ],
          [
            139.541908,
            35.413113
          ],
          [
            139.541726,
            35.412723
          ],
          [
            139.541956,
            35.411989
          ],
          [
            139.541972,
            35.411561
          ],
          [
            139.541881,
            35.41125
          ],
          [
            139.540438,
            35.411136
          ],
          [
            139.539982,
            35.411058
          ],
          [
            139.539848,
            35.410612
          ],
          [
            139.53936,
            35.409134
          ],
          [
            139.53914,
            35.408671
          ],
          [
            139.538561,
            35.408233
          ],
          [
            139.538233,
            35.40791
          ],
          [
            139.538083,
            35.406935
          ],
          [
            139.53789,
            35.406598
          ],
          [
            139.536721,
            35.405509
          ],
          [
            139.536468,
            35.40519
          ],
          [
            139.536592,
            35.404958
          ],
          [
            139.536586,
            35.404539
          ],
          [
            139.536946,
            35.403948
          ],
          [
            139.536855,
            35.403437
          ],
          [
            139.536533,
            35.403118
          ],
          [
            139.535626,
            35.402562
          ],
          [
            139.534446,
            35.402278
          ],
          [
            139.534076,
            35.40209
          ],
          [
            139.533277,
            35.401753
          ],
          [
            139.533405,
            35.40153
          ],
          [
            139.533379,
            35.401526
          ],
          [
            139.533282,
            35.401692
          ],
          [
            139.532735,
            35.401474
          ],
          [
            139.532413,
            35.401224
          ],
          [
            139.532075,
            35.401251
          ],
          [
            139.531463,
            35.400171
          ],
          [
            139.53134,
            35.399969
          ],
          [
            139.530852,
            35.398426
          ],
          [
            139.53053,
            35.397324
          ],
          [
            139.530573,
            35.396852
          ],
          [
            139.530176,
            35.395806
          ],
          [
            139.530036,
            35.395002
          ],
          [
            139.529119,
            35.393388
          ],
          [
            139.528851,
            35.393231
          ],
          [
            139.527392,
            35.392938
          ],
          [
            139.526233,
            35.392881
          ],
          [
            139.525246,
            35.392579
          ],
          [
            139.524146,
            35.39205
          ],
          [
            139.523642,
            35.39142
          ],
          [
            139.522913,
            35.390773
          ],
          [
            139.521529,
            35.389216
          ],
          [
            139.520702,
            35.388578
          ],
          [
            139.519887,
            35.388298
          ],
          [
            139.519329,
            35.38807
          ],
          [
            139.518401,
            35.387231
          ],
          [
            139.518026,
            35.386758
          ],
          [
            139.518095,
            35.38671
          ],
          [
            139.518133,
            35.386605
          ],
          [
            139.518278,
            35.386509
          ],
          [
            139.518229,
            35.38633
          ],
          [
            139.517924,
            35.386343
          ],
          [
            139.517725,
            35.386255
          ],
          [
            139.517645,
            35.386304
          ],
          [
            139.51743,
            35.385997
          ],
          [
            139.516915,
            35.38535
          ],
          [
            139.516368,
            35.3849
          ],
          [
            139.51544,
            35.384537
          ],
          [
            139.515086,
            35.384187
          ],
          [
            139.514743,
            35.383268
          ],
          [
            139.514045,
            35.382337
          ],
          [
            139.512908,
            35.381361
          ],
          [
            139.512275,
            35.38078
          ],
          [
            139.511722,
            35.380194
          ],
          [
            139.510639,
            35.379673
          ],
          [
            139.508477,
            35.378672
          ],
          [
            139.507463,
            35.378112
          ],
          [
            139.506133,
            35.377504
          ],
          [
            139.505156,
            35.376747
          ],
          [
            139.504454,
            35.375745
          ],
          [
            139.503665,
            35.374643
          ],
          [
            139.502415,
            35.372697
          ],
          [
            139.501219,
            35.370925
          ],
          [
            139.500554,
            35.369836
          ],
          [
            139.500028,
            35.368725
          ],
          [
            139.499234,
            35.367312
          ],
          [
            139.498102,
            35.365527
          ],
          [
            139.497292,
            35.364136
          ],
          [
            139.497308,
            35.363917
          ],
          [
            139.496353,
            35.362701
          ],
          [
            139.494932,
            35.361152
          ],
          [
            139.494588,
            35.360702
          ],
          [
            139.493859,
            35.359192
          ],
          [
            139.493124,
            35.357666
          ],
          [
            139.492357,
            35.355465
          ],
          [
            139.491499,
            35.354126
          ],
          [
            139.490855,
            35.352485
          ],
          [
            139.490758,
            35.352118
          ],
          [
            139.490699,
            35.350635
          ],
          [
            139.490233,
            35.349493
          ],
          [
            139.489009,
            35.347808
          ],
          [
            139.487684,
            35.346189
          ],
          [
            139.487078,
            35.346535
          ],
          [
            139.486697,
            35.346277
          ],
          [
            139.486392,
            35.346102
          ],
          [
            139.485796,
            35.346517
          ],
          [
            139.484112,
            35.347244
          ],
          [
            139.482368,
            35.347729
          ],
          [
            139.481092,
            35.347896
          ],
          [
            139.479927,
            35.347734
          ],
          [
            139.478372,
            35.347655
          ],
          [
            139.477068,
            35.347375
          ],
          [
            139.476269,
            35.347187
          ],
          [
            139.47489,
            35.346776
          ],
          [
            139.4726,
            35.346596
          ],
          [
            139.470851,
            35.346806
          ],
          [
            139.469419,
            35.347253
          ],
          [
            139.468442,
            35.347471
          ],
          [
            139.468281,
            35.347616
          ],
          [
            139.467203,
            35.347869
          ],
          [
            139.46679,
            35.347384
          ],
          [
            139.465288,
            35.347296
          ],
          [
            139.464789,
            35.347091
          ],
          [
            139.463942,
            35.346548
          ],
          [
            139.463437,
            35.346509
          ],
          [
            139.46119,
            35.347266
          ],
          [
            139.458727,
            35.347629
          ],
          [
            139.457794,
            35.347489
          ],
          [
            139.456662,
            35.347082
          ],
          [
            139.454398,
            35.346601
          ],
          [
            139.453481,
            35.346303
          ],
          [
            139.452623,
            35.346023
          ],
          [
            139.4517,
            35.346023
          ],
          [
            139.450343,
            35.346312
          ],
          [
            139.449844,
            35.346334
          ],
          [
            139.449109,
            35.346137
          ],
          [
            139.447982,
            35.345441
          ],
          [
            139.447054,
            35.34489
          ],
          [
            139.445885,
            35.344443
          ],
          [
            139.444715,
            35.344181
          ],
          [
            139.4428,
            35.344023
          ],
          [
            139.441003,
            35.343485
          ],
          [
            139.44036,
            35.343192
          ],
          [
            139.439474,
            35.342715
          ],
          [
            139.438273,
            35.341726
          ],
          [
            139.437012,
            35.340842
          ],
          [
            139.436004,
            35.340094
          ],
          [
            139.434056,
            35.338654
          ],
          [
            139.432265,
            35.337529
          ],
          [
            139.431449,
            35.337289
          ],
          [
            139.429722,
            35.337044
          ],
          [
            139.428998,
            35.337026
          ],
          [
            139.427549,
            35.337188
          ],
          [
            139.425945,
            35.337473
          ],
          [
            139.424953,
            35.337718
          ],
          [
            139.42432,
            35.33777
          ],
          [
            139.422491,
            35.337643
          ],
          [
            139.421069,
            35.337582
          ],
          [
            139.420162,
            35.337394
          ],
          [
            139.418618,
            35.336974
          ],
          [
            139.416606,
            35.336549
          ],
          [
            139.41556,
            35.336422
          ],
          [
            139.414347,
            35.336322
          ],
          [
            139.413554,
            35.336129
          ],
          [
            139.412663,
            35.33567
          ],
          [
            139.411451,
            35.335188
          ],
          [
            139.410769,
            35.334838
          ],
          [
            139.409638,
            35.33419
          ],
          [
            139.409155,
            35.334055
          ],
          [
            139.408044,
            35.333884
          ],
          [
            139.406977,
            35.333473
          ],
          [
            139.405979,
            35.333298
          ],
          [
            139.405206,
            35.333074
          ],
          [
            139.402798,
            35.332304
          ],
          [
            139.401897,
            35.331889
          ],
          [
            139.400872,
            35.331197
          ],
          [
            139.399086,
            35.330422
          ],
          [
            139.398453,
            35.330151
          ],
          [
            139.39628,
            35.329565
          ],
          [
            139.393088,
            35.328619
          ],
          [
            139.392268,
            35.328545
          ],
          [
            139.390647,
            35.329105
          ],
          [
            139.390175,
            35.329464
          ],
          [
            139.388201,
            35.331713
          ],
          [
            139.387161,
            35.332519
          ],
          [
            139.386313,
            35.332729
          ],
          [
            139.384393,
            35.332729
          ],
          [
            139.383137,
            35.332956
          ],
          [
            139.381667,
            35.333158
          ],
          [
            139.380691,
            35.333166
          ],
          [
            139.378996,
            35.332878
          ],
          [
            139.377236,
            35.33286
          ],
          [
            139.375606,
            35.332913
          ],
          [
            139.374265,
            35.332667
          ],
          [
            139.372376,
            35.332352
          ],
          [
            139.371411,
            35.332055
          ],
          [
            139.370681,
            35.331976
          ],
          [
            139.365735,
            35.331705
          ],
          [
            139.362162,
            35.331591
          ],
          [
            139.361454,
            35.331547
          ],
          [
            139.360918,
            35.331696
          ],
          [
            139.360628,
            35.331442
          ],
          [
            139.359984,
            35.331433
          ],
          [
            139.357452,
            35.331153
          ],
          [
            139.356251,
            35.330969
          ],
          [
            139.353225,
            35.330401
          ],
          [
            139.350243,
            35.330033
          ],
          [
            139.347442,
            35.329639
          ],
          [
            139.345157,
            35.329096
          ],
          [
            139.340844,
            35.328177
          ],
          [
            139.337711,
            35.327424
          ],
          [
            139.336209,
            35.326921
          ],
          [
            139.336102,
            35.327026
          ],
          [
            139.334498,
            35.326694
          ],
          [
            139.334267,
            35.32661
          ],
          [
            139.332905,
            35.326357
          ],
          [
            139.33239,
            35.326217
          ],
          [
            139.331853,
            35.32528
          ],
          [
            139.331601,
            35.325017
          ],
          [
            139.330947,
            35.324488
          ],
          [
            139.329525,
            35.323656
          ],
          [
            139.328458,
            35.322873
          ],
          [
            139.327503,
            35.322181
          ],
          [
            139.32673,
            35.321542
          ],
          [
            139.325717,
            35.320724
          ],
          [
            139.3243,
            35.319931
          ],
          [
            139.323689,
            35.319467
          ],
          [
            139.32327,
            35.319179
          ],
          [
            139.322755,
            35.318728
          ],
          [
            139.322316,
            35.31822
          ],
          [
            139.321747,
            35.317607
          ],
          [
            139.321264,
            35.316999
          ],
          [
            139.320776,
            35.316338
          ],
          [
            139.320599,
            35.31625
          ],
          [
            139.320524,
            35.316228
          ],
          [
            139.320379,
            35.315764
          ],
          [
            139.320245,
            35.31558
          ],
          [
            139.320159,
            35.315427
          ],
          [
            139.319665,
            35.314639
          ],
          [
            139.319102,
            35.313768
          ],
          [
            139.318475,
            35.312884
          ],
          [
            139.318485,
            35.312731
          ],
          [
            139.317536,
            35.31203
          ],
          [
            139.316962,
            35.311571
          ],
          [
            139.316618,
            35.311278
          ],
          [
            139.31627,
            35.310844
          ],
          [
            139.315792,
            35.309969
          ],
          [
            139.314934,
            35.30845
          ],
          [
            139.314559,
            35.307937
          ],
          [
            139.314323,
            35.307688
          ],
          [
            139.314285,
            35.307578
          ],
          [
            139.314038,
            35.307241
          ],
          [
            139.313877,
            35.307198
          ],
          [
            139.313448,
            35.307268
          ],
          [
            139.31333,
            35.307377
          ],
          [
            139.31281,
            35.307395
          ],
          [
            139.311656,
            35.307648
          ],
          [
            139.310213,
            35.307824
          ],
          [
            139.308545,
            35.307972
          ],
          [
            139.307333,
            35.307933
          ],
          [
            139.306142,
            35.30771
          ],
          [
            139.303771,
            35.307246
          ],
          [
            139.302907,
            35.307018
          ],
          [
            139.300557,
            35.30644
          ],
          [
            139.297779,
            35.305753
          ],
          [
            139.294978,
            35.305092
          ],
          [
            139.29368,
            35.304794
          ],
          [
            139.292715,
            35.304391
          ],
          [
            139.291674,
            35.303962
          ],
          [
            139.29073,
            35.303857
          ],
          [
            139.290397,
            35.304059
          ],
          [
            139.288895,
            35.304908
          ],
          [
            139.287865,
            35.305512
          ],
          [
            139.287189,
            35.305731
          ],
          [
            139.28676,
            35.305679
          ],
          [
            139.285537,
            35.305407
          ],
          [
            139.284883,
            35.305118
          ],
          [
            139.283488,
            35.304891
          ],
          [
            139.282211,
            35.304724
          ],
          [
            139.280988,
            35.30468
          ],
          [
            139.27955,
            35.30461
          ],
          [
            139.278424,
            35.304558
          ],
          [
            139.277673,
            35.304479
          ],
          [
            139.277244,
            35.304374
          ],
          [
            139.274197,
            35.304006
          ],
          [
            139.27263,
            35.30377
          ],
          [
            139.271836,
            35.303463
          ],
          [
            139.269004,
            35.302229
          ],
          [
            139.266676,
            35.301108
          ],
          [
            139.26527,
            35.30053
          ],
          [
            139.26335,
            35.299873
          ],
          [
            139.262427,
            35.299234
          ],
          [
            139.260979,
            35.298735
          ],
          [
            139.258114,
            35.297894
          ],
          [
            139.257213,
            35.297597
          ],
          [
            139.255099,
            35.297028
          ],
          [
            139.252503,
            35.296161
          ],
          [
            139.251452,
            35.295793
          ],
          [
            139.250357,
            35.295373
          ],
          [
            139.249327,
            35.295311
          ],
          [
            139.24878,
            35.295539
          ],
          [
            139.248093,
            35.29525
          ],
          [
            139.24716,
            35.294865
          ],
          [
            139.246752,
            35.294584
          ],
          [
            139.245969,
            35.293936
          ],
          [
            139.245733,
            35.293744
          ],
          [
            139.244038,
            35.292929
          ],
          [
            139.242879,
            35.292474
          ],
          [
            139.241624,
            35.292071
          ],
          [
            139.241313,
            35.291843
          ],
          [
            139.240165,
            35.291213
          ],
          [
            139.239661,
            35.291073
          ],
          [
            139.239017,
            35.290911
          ],
          [
            139.238523,
            35.290841
          ],
          [
            139.238175,
            35.290591
          ],
          [
            139.237998,
            35.290512
          ],
          [
            139.237365,
            35.289781
          ],
          [
            139.236796,
            35.289514
          ],
          [
            139.235879,
            35.289256
          ],
          [
            139.234006,
            35.288341
          ],
          [
            139.232526,
            35.287618
          ],
          [
            139.230959,
            35.286475
          ],
          [
            139.229962,
            35.286024
          ],
          [
            139.228739,
            35.28563
          ],
          [
            139.227086,
            35.284859
          ],
          [
            139.225949,
            35.284325
          ],
          [
            139.224066,
            35.283914
          ],
          [
            139.222913,
            35.283638
          ],
          [
            139.222355,
            35.28334
          ],
          [
            139.219651,
            35.28179
          ],
          [
            139.218777,
            35.281514
          ],
          [
            139.21787,
            35.281111
          ],
          [
            139.217157,
            35.28101
          ],
          [
            139.215655,
            35.280796
          ],
          [
            139.214426,
            35.280445
          ],
          [
            139.212651,
            35.280134
          ],
          [
            139.208225,
            35.279451
          ],
          [
            139.207184,
            35.279224
          ],
          [
            139.205092,
            35.278479
          ],
          [
            139.20433,
            35.278032
          ],
          [
            139.203848,
            35.277463
          ],
          [
            139.203268,
            35.276535
          ],
          [
            139.202464,
            35.2753
          ],
          [
            139.201595,
            35.274196
          ],
          [
            139.200382,
            35.273049
          ],
          [
            139.198076,
            35.271402
          ],
          [
            139.195211,
            35.269519
          ],
          [
            139.193044,
            35.268266
          ],
          [
            139.191274,
            35.267486
          ],
          [
            139.189063,
            35.266654
          ],
          [
            139.186263,
            35.265752
          ],
          [
            139.183377,
            35.264876
          ],
          [
            139.182261,
            35.264236
          ],
          [
            139.18047,
            35.262554
          ],
          [
            139.178925,
            35.261013
          ],
          [
            139.178168,
            35.260325
          ],
          [
            139.178345,
            35.259699
          ],
          [
            139.177573,
            35.259427
          ],
          [
            139.177117,
            35.25923
          ],
          [
            139.176929,
            35.259208
          ],
          [
            139.17614,
            35.258652
          ],
          [
            139.1751,
            35.257973
          ],
          [
            139.174413,
            35.257552
          ],
          [
            139.17267,
            35.256681
          ],
          [
            139.171768,
            35.25633
          ],
          [
            139.17069,
            35.256058
          ],
          [
            139.16995,
            35.255761
          ],
          [
            139.16826,
            35.25481
          ],
          [
            139.167332,
            35.254254
          ],
          [
            139.166485,
            35.253671
          ],
          [
            139.16532,
            35.2529
          ],
          [
            139.165058,
            35.252629
          ],
          [
            139.165911,
            35.251954
          ],
          [
            139.164151,
            35.250591
          ],
          [
            139.162874,
            35.24961
          ],
          [
            139.162547,
            35.249404
          ],
          [
            139.162166,
            35.249212
          ],
          [
            139.161603,
            35.248997
          ],
          [
            139.16001,
            35.248449
          ],
          [
            139.158288,
            35.247862
          ],
          [
            139.15715,
            35.247455
          ],
          [
            139.156496,
            35.247332
          ],
          [
            139.155289,
            35.247262
          ],
          [
            139.154264,
            35.247223
          ],
          [
            139.153014,
            35.247082
          ],
          [
            139.151357,
            35.246833
          ],
          [
            139.149898,
            35.246627
          ],
          [
            139.148948,
            35.246416
          ],
          [
            139.147613,
            35.246136
          ],
          [
            139.147409,
            35.246487
          ],
          [
            139.146432,
            35.246754
          ],
          [
            139.145494,
            35.246982
          ],
          [
            139.144126,
            35.247214
          ],
          [
            139.141969,
            35.247591
          ],
          [
            139.141776,
            35.247577
          ],
          [
            139.140987,
            35.247188
          ],
          [
            139.140886,
            35.247078
          ],
          [
            139.140156,
            35.246912
          ],
          [
            139.140065,
            35.246841
          ],
          [
            139.139405,
            35.246863
          ],
          [
            139.137608,
            35.246614
          ],
          [
            139.136261,
            35.246609
          ],
          [
            139.135162,
            35.246495
          ],
          [
            139.133005,
            35.246925
          ],
          [
            139.132705,
            35.246933
          ],
          [
            139.132635,
            35.2471
          ],
          [
            139.132297,
            35.247192
          ],
          [
            139.131948,
            35.247358
          ],
          [
            139.131358,
            35.247109
          ],
          [
            139.130409,
            35.24678
          ],
          [
            139.130049,
            35.246732
          ],
          [
            139.129711,
            35.246771
          ],
          [
            139.129003,
            35.246609
          ],
          [
            139.128499,
            35.246583
          ],
          [
            139.127533,
            35.24611
          ],
          [
            139.127303,
            35.245864
          ],
          [
            139.12704,
            35.245369
          ],
          [
            139.125972,
            35.244708
          ],
          [
            139.125801,
            35.244572
          ],
          [
            139.125179,
            35.244248
          ],
          [
            139.12468,
            35.243867
          ],
          [
            139.123993,
            35.243499
          ],
          [
            139.123741,
            35.243468
          ],
          [
            139.122824,
            35.242995
          ],
          [
            139.122475,
            35.242903
          ],
          [
            139.122099,
            35.24253
          ],
          [
            139.121735,
            35.242079
          ],
          [
            139.121134,
            35.241606
          ],
          [
            139.120206,
            35.240625
          ],
          [
            139.120114,
            35.240257
          ],
          [
            139.119841,
            35.240002
          ],
          [
            139.119583,
            35.239805
          ],
          [
            139.118934,
            35.239507
          ],
          [
            139.118618,
            35.239192
          ],
          [
            139.118634,
            35.23903
          ],
          [
            139.118146,
            35.238692
          ],
          [
            139.117175,
            35.237877
          ],
          [
            139.11622,
            35.237233
          ],
          [
            139.115544,
            35.236708
          ],
          [
            139.114922,
            35.235923
          ],
          [
            139.114214,
            35.235126
          ],
          [
            139.11305,
            35.234499
          ],
          [
            139.111821,
            35.233995
          ],
          [
            139.11026,
            35.233645
          ],
          [
            139.109439,
            35.23364
          ],
          [
            139.108844,
            35.233754
          ],
          [
            139.108533,
            35.23308
          ],
          [
            139.108661,
            35.232523
          ],
          [
            139.108495,
            35.232225
          ],
          [
            139.107615,
            35.231625
          ],
          [
            139.107379,
            35.231222
          ],
          [
            139.106473,
            35.230604
          ],
          [
            139.105786,
            35.229841
          ],
          [
            139.104397,
            35.229447
          ],
          [
            139.103077,
            35.229224
          ],
          [
            139.102004,
            35.228965
          ],
          [
            139.100851,
            35.228851
          ],
          [
            139.100202,
            35.228764
          ],
          [
            139.099102,
            35.22833
          ],
          [
            139.098657,
            35.228133
          ],
          [
            139.097943,
            35.228076
          ],
          [
            139.097621,
            35.228273
          ],
          [
            139.097241,
            35.228251
          ],
          [
            139.096795,
            35.228097
          ],
          [
            139.096264,
            35.228185
          ],
          [
            139.095642,
            35.228093
          ],
          [
            139.09517,
            35.228097
          ],
          [
            139.094859,
            35.227896
          ],
          [
            139.094827,
            35.227699
          ],
          [
            139.094853,
            35.227313
          ],
          [
            139.094617,
            35.227164
          ],
          [
            139.094269,
            35.227234
          ],
          [
            139.093915,
            35.227182
          ],
          [
            139.093641,
            35.22698
          ],
          [
            139.09348,
            35.226757
          ],
          [
            139.093148,
            35.226226
          ],
          [
            139.093083,
            35.225766
          ],
          [
            139.092858,
            35.225197
          ],
          [
            139.092702,
            35.224807
          ],
          [
            139.09245,
            35.224723
          ],
          [
            139.09179,
            35.224771
          ],
          [
            139.091377,
            35.224631
          ],
          [
            139.090937,
            35.224855
          ],
          [
            139.090653,
            35.225004
          ],
          [
            139.090213,
            35.22485
          ],
          [
            139.088159,
            35.223851
          ],
          [
            139.087874,
            35.223768
          ],
          [
            139.086834,
            35.223575
          ],
          [
            139.08671,
            35.223422
          ],
          [
            139.086587,
            35.223119
          ],
          [
            139.086335,
            35.222948
          ],
          [
            139.085857,
            35.222826
          ],
          [
            139.085503,
            35.222721
          ],
          [
            139.084693,
            35.222791
          ],
          [
            139.084382,
            35.222874
          ],
          [
            139.083744,
            35.222716
          ],
          [
            139.0831,
            35.222374
          ],
          [
            139.082494,
            35.222396
          ],
          [
            139.081351,
            35.222046
          ],
          [
            139.080901,
            35.221949
          ],
          [
            139.080021,
            35.221875
          ],
          [
            139.07942,
            35.221621
          ],
          [
            139.079125,
            35.221432
          ],
          [
            139.078653,
            35.221309
          ],
          [
            139.077956,
            35.221445
          ],
          [
            139.077237,
            35.221178
          ],
          [
            139.07677,
            35.22088
          ],
          [
            139.076459,
            35.220845
          ],
          [
            139.074662,
            35.22102
          ],
          [
            139.07405,
            35.220551
          ],
          [
            139.07383,
            35.220021
          ],
          [
            139.073364,
            35.219613
          ],
          [
            139.072655,
            35.219504
          ],
          [
            139.072505,
            35.219649
          ],
          [
            139.072537,
            35.220236
          ],
          [
            139.072264,
            35.220328
          ],
          [
            139.072022,
            35.220078
          ],
          [
            139.071717,
            35.219486
          ],
          [
            139.070832,
            35.218566
          ],
          [
            139.070831,
            35.218567
          ],
          [
            139.070682,
            35.218441
          ],
          [
            139.070063,
            35.218067
          ],
          [
            139.06988,
            35.217952
          ],
          [
            139.069693,
            35.217823
          ],
          [
            139.069649,
            35.217837
          ],
          [
            139.069552,
            35.217826
          ],
          [
            139.069474,
            35.217785
          ],
          [
            139.069264,
            35.217624
          ],
          [
            139.069112,
            35.217539
          ],
          [
            139.068976,
            35.217479
          ],
          [
            139.068839,
            35.217439
          ],
          [
            139.068618,
            35.217413
          ],
          [
            139.068391,
            35.217396
          ],
          [
            139.068294,
            35.217362
          ],
          [
            139.067975,
            35.217227
          ],
          [
            139.067656,
            35.217091
          ],
          [
            139.067558,
            35.217147
          ],
          [
            139.067384,
            35.217119
          ],
          [
            139.067312,
            35.217098
          ],
          [
            139.067237,
            35.217055
          ],
          [
            139.067013,
            35.216773
          ],
          [
            139.066991,
            35.216745
          ],
          [
            139.06698,
            35.216667
          ],
          [
            139.066534,
            35.216399
          ],
          [
            139.066268,
            35.216241
          ],
          [
            139.066277,
            35.21623
          ],
          [
            139.066268,
            35.216241
          ],
          [
            139.066206,
            35.216188
          ],
          [
            139.066168,
            35.216141
          ],
          [
            139.066152,
            35.216096
          ],
          [
            139.066135,
            35.215754
          ],
          [
            139.066112,
            35.215654
          ],
          [
            139.066086,
            35.215587
          ],
          [
            139.066052,
            35.215527
          ],
          [
            139.065992,
            35.215471
          ],
          [
            139.065912,
            35.215431
          ],
          [
            139.065898,
            35.215343
          ],
          [
            139.065885,
            35.215263
          ],
          [
            139.065859,
            35.215198
          ],
          [
            139.065791,
            35.215105
          ],
          [
            139.065731,
            35.215009
          ],
          [
            139.065699,
            35.214934
          ],
          [
            139.065673,
            35.214823
          ],
          [
            139.065668,
            35.214778
          ],
          [
            139.065679,
            35.214753
          ],
          [
            139.06565,
            35.214744
          ],
          [
            139.066009,
            35.2146
          ],
          [
            139.066336,
            35.214477
          ],
          [
            139.066339,
            35.21448
          ],
          [
            139.066349,
            35.214456
          ],
          [
            139.066342,
            35.214439
          ],
          [
            139.066117,
            35.214279
          ],
          [
            139.066007,
            35.214175
          ],
          [
            139.065997,
            35.214146
          ],
          [
            139.066006,
            35.214088
          ],
          [
            139.066052,
            35.213948
          ],
          [
            139.066057,
            35.213891
          ],
          [
            139.066051,
            35.213866
          ],
          [
            139.066025,
            35.213827
          ],
          [
            139.065995,
            35.213808
          ],
          [
            139.065968,
            35.213791
          ],
          [
            139.065836,
            35.21375
          ],
          [
            139.065688,
            35.213725
          ],
          [
            139.065498,
            35.213703
          ],
          [
            139.064874,
            35.213691
          ],
          [
            139.064859,
            35.21366
          ],
          [
            139.064818,
            35.213621
          ],
          [
            139.064781,
            35.2136
          ],
          [
            139.06446,
            35.213502
          ],
          [
            139.06422,
            35.213436
          ],
          [
            139.063929,
            35.213343
          ],
          [
            139.063846,
            35.213299
          ],
          [
            139.063847,
            35.213298
          ],
          [
            139.063846,
            35.213299
          ],
          [
            139.063713,
            35.213212
          ],
          [
            139.063615,
            35.213113
          ],
          [
            139.063529,
            35.212973
          ],
          [
            139.063336,
            35.212606
          ],
          [
            139.063249,
            35.212496
          ],
          [
            139.062669,
            35.211986
          ],
          [
            139.06263,
            35.211956
          ],
          [
            139.062567,
            35.211943
          ],
          [
            139.062566,
            35.211938
          ],
          [
            139.062537,
            35.211852
          ],
          [
            139.062497,
            35.211681
          ],
          [
            139.062443,
            35.211531
          ],
          [
            139.062366,
            35.211406
          ],
          [
            139.062227,
            35.211184
          ],
          [
            139.062129,
            35.211117
          ],
          [
            139.061962,
            35.211041
          ],
          [
            139.06193,
            35.210978
          ],
          [
            139.061946,
            35.210855
          ],
          [
            139.061899,
            35.210772
          ],
          [
            139.061754,
            35.210678
          ],
          [
            139.061714,
            35.210667
          ],
          [
            139.061681,
            35.210597
          ],
          [
            139.061683,
            35.210482
          ],
          [
            139.061662,
            35.210352
          ],
          [
            139.061606,
            35.210224
          ],
          [
            139.061472,
            35.209987
          ],
          [
            139.061424,
            35.209883
          ],
          [
            139.061258,
            35.209845
          ],
          [
            139.061179,
            35.20985
          ],
          [
            139.061048,
            35.209881
          ],
          [
            139.061017,
            35.209867
          ],
          [
            139.060984,
            35.209858
          ],
          [
            139.060945,
            35.209903
          ],
          [
            139.060918,
            35.209893
          ],
          [
            139.060913,
            35.209901
          ],
          [
            139.060918,
            35.209893
          ],
          [
            139.060868,
            35.209874
          ],
          [
            139.061066,
            35.209646
          ],
          [
            139.061087,
            35.209598
          ],
          [
            139.061081,
            35.209557
          ],
          [
            139.061055,
            35.209521
          ],
          [
            139.061008,
            35.209501
          ],
          [
            139.060944,
            35.209496
          ],
          [
            139.060878,
            35.209514
          ],
          [
            139.06083,
            35.209544
          ],
          [
            139.060778,
            35.2096
          ],
          [
            139.060438,
            35.209752
          ],
          [
            139.060476,
            35.2097
          ],
          [
            139.060484,
            35.209704
          ],
          [
            139.060757,
            35.20924
          ],
          [
            139.060725,
            35.209143
          ],
          [
            139.060371,
            35.20888
          ],
          [
            139.060258,
            35.208889
          ],
          [
            139.060267,
            35.208906
          ],
          [
            139.060243,
            35.208915
          ],
          [
            139.060193,
            35.208969
          ],
          [
            139.060057,
            35.209187
          ],
          [
            139.059851,
            35.209516
          ],
          [
            139.059751,
            35.209664
          ],
          [
            139.059658,
            35.20973
          ],
          [
            139.059601,
            35.209749
          ],
          [
            139.059546,
            35.209753
          ],
          [
            139.059545,
            35.209739
          ],
          [
            139.059546,
            35.209753
          ],
          [
            139.059503,
            35.209756
          ],
          [
            139.059434,
            35.20974
          ],
          [
            139.059385,
            35.209702
          ],
          [
            139.059364,
            35.209653
          ],
          [
            139.059368,
            35.209599
          ],
          [
            139.059452,
            35.209474
          ],
          [
            139.059534,
            35.209326
          ],
          [
            139.059644,
            35.208959
          ],
          [
            139.059644,
            35.208895
          ],
          [
            139.059623,
            35.208832
          ],
          [
            139.059606,
            35.208803
          ],
          [
            139.059558,
            35.208772
          ],
          [
            139.059494,
            35.208751
          ],
          [
            139.059418,
            35.208747
          ],
          [
            139.059342,
            35.208763
          ],
          [
            139.05929,
            35.208803
          ],
          [
            139.059266,
            35.208855
          ],
          [
            139.059248,
            35.209309
          ],
          [
            139.059232,
            35.209352
          ],
          [
            139.059201,
            35.20939
          ],
          [
            139.05915,
            35.209418
          ],
          [
            139.059076,
            35.209428
          ],
          [
            139.059028,
            35.209417
          ],
          [
            139.058992,
            35.209419
          ],
          [
            139.059028,
            35.209417
          ],
          [
            139.058979,
            35.209391
          ],
          [
            139.058952,
            35.209361
          ],
          [
            139.058925,
            35.209325
          ],
          [
            139.058902,
            35.209252
          ],
          [
            139.05881,
            35.208912
          ],
          [
            139.058801,
            35.208876
          ],
          [
            139.058772,
            35.208824
          ],
          [
            139.058723,
            35.208794
          ],
          [
            139.058669,
            35.20878
          ],
          [
            139.058598,
            35.208787
          ],
          [
            139.058481,
            35.208792
          ],
          [
            139.05842,
            35.208803
          ],
          [
            139.058337,
            35.208806
          ],
          [
            139.058291,
            35.20878
          ],
          [
            139.058202,
            35.208655
          ],
          [
            139.058139,
            35.208625
          ],
          [
            139.058032,
            35.208603
          ],
          [
            139.057931,
            35.208562
          ],
          [
            139.057874,
            35.208506
          ],
          [
            139.057806,
            35.208519
          ],
          [
            139.057744,
            35.208554
          ],
          [
            139.057606,
            35.208619
          ],
          [
            139.057522,
            35.20868
          ],
          [
            139.057485,
            35.208692
          ],
          [
            139.057403,
            35.208698
          ],
          [
            139.057377,
            35.208672
          ],
          [
            139.057367,
            35.208679
          ],
          [
            139.057377,
            35.208672
          ],
          [
            139.057365,
            35.20866
          ],
          [
            139.057354,
            35.208625
          ],
          [
            139.057382,
            35.208532
          ],
          [
            139.057411,
            35.208485
          ],
          [
            139.057418,
            35.208414
          ],
          [
            139.057408,
            35.208342
          ],
          [
            139.057375,
            35.208298
          ],
          [
            139.057265,
            35.208229
          ],
          [
            139.057248,
            35.208198
          ],
          [
            139.057302,
            35.208153
          ],
          [
            139.057365,
            35.208058
          ],
          [
            139.057519,
            35.207888
          ],
          [
            139.057581,
            35.207744
          ],
          [
            139.057567,
            35.207509
          ],
          [
            139.057536,
            35.207449
          ],
          [
            139.057521,
            35.207435
          ],
          [
            139.057487,
            35.207404
          ],
          [
            139.057363,
            35.207358
          ],
          [
            139.057296,
            35.207294
          ],
          [
            139.057215,
            35.207254
          ],
          [
            139.057123,
            35.207168
          ],
          [
            139.057054,
            35.207089
          ],
          [
            139.056969,
            35.206962
          ],
          [
            139.056876,
            35.206796
          ],
          [
            139.056813,
            35.206634
          ],
          [
            139.0567,
            35.206357
          ],
          [
            139.05668,
            35.206364
          ],
          [
            139.0567,
            35.206357
          ],
          [
            139.056684,
            35.206328
          ],
          [
            139.056577,
            35.206257
          ],
          [
            139.056501,
            35.206166
          ],
          [
            139.056498,
            35.206163
          ],
          [
            139.056481,
            35.206144
          ],
          [
            139.056293,
            35.205869
          ],
          [
            139.056141,
            35.205711
          ],
          [
            139.056045,
            35.205591
          ],
          [
            139.055968,
            35.205602
          ],
          [
            139.055937,
            35.205597
          ],
          [
            139.055904,
            35.205591
          ],
          [
            139.055826,
            35.205552
          ],
          [
            139.055731,
            35.205459
          ],
          [
            139.055686,
            35.20544
          ],
          [
            139.055659,
            35.205416
          ],
          [
            139.055454,
            35.205287
          ],
          [
            139.055161,
            35.2051
          ],
          [
            139.0551,
            35.20506
          ],
          [
            139.055064,
            35.205037
          ],
          [
            139.055045,
            35.205024
          ],
          [
            139.055,
            35.204995
          ],
          [
            139.054956,
            35.204965
          ],
          [
            139.05477,
            35.204725
          ],
          [
            139.054681,
            35.204647
          ],
          [
            139.054657,
            35.204626
          ],
          [
            139.054581,
            35.204559
          ],
          [
            139.054458,
            35.204466
          ],
          [
            139.054114,
            35.2041
          ],
          [
            139.054095,
            35.204124
          ],
          [
            139.054114,
            35.2041
          ],
          [
            139.053707,
            35.203885
          ],
          [
            139.053632,
            35.203842
          ],
          [
            139.053505,
            35.203923
          ],
          [
            139.053465,
            35.203891
          ],
          [
            139.053339,
            35.203789
          ],
          [
            139.053122,
            35.203939
          ],
          [
            139.053065,
            35.203945
          ],
          [
            139.053016,
            35.203933
          ],
          [
            139.053011,
            35.203945
          ],
          [
            139.052362,
            35.203498
          ],
          [
            139.052196,
            35.203287
          ],
          [
            139.051369,
            35.202695
          ],
          [
            139.051096,
            35.202722
          ],
          [
            139.05079,
            35.202647
          ],
          [
            139.050329,
            35.202542
          ],
          [
            139.049712,
            35.202454
          ],
          [
            139.049508,
            35.202503
          ],
          [
            139.048714,
            35.202362
          ],
          [
            139.048467,
            35.202305
          ],
          [
            139.047491,
            35.202542
          ],
          [
            139.046745,
            35.202595
          ],
          [
            139.045817,
            35.202792
          ],
          [
            139.04549,
            35.202866
          ],
          [
            139.045491,
            35.202868
          ],
          [
            139.045218,
            35.202981
          ],
          [
            139.044901,
            35.203189
          ],
          [
            139.044773,
            35.203284
          ],
          [
            139.044631,
            35.203377
          ],
          [
            139.044551,
            35.203393
          ],
          [
            139.044312,
            35.203422
          ],
          [
            139.044196,
            35.203429
          ],
          [
            139.043986,
            35.203636
          ],
          [
            139.043963,
            35.20366
          ],
          [
            139.043797,
            35.203756
          ],
          [
            139.043133,
            35.203718
          ],
          [
            139.043021,
            35.203718
          ],
          [
            139.042861,
            35.203664
          ],
          [
            139.042808,
            35.203662
          ],
          [
            139.042808,
            35.203664
          ],
          [
            139.042808,
            35.203662
          ],
          [
            139.042789,
            35.203661
          ],
          [
            139.042729,
            35.203684
          ],
          [
            139.042587,
            35.203767
          ],
          [
            139.042374,
            35.203937
          ],
          [
            139.042287,
            35.203996
          ],
          [
            139.042134,
            35.204054
          ],
          [
            139.042074,
            35.204095
          ],
          [
            139.042049,
            35.204121
          ],
          [
            139.041993,
            35.204109
          ],
          [
            139.041975,
            35.203975
          ],
          [
            139.041944,
            35.203894
          ],
          [
            139.041887,
            35.203859
          ],
          [
            139.041804,
            35.203841
          ],
          [
            139.041579,
            35.203807
          ],
          [
            139.041407,
            35.203802
          ],
          [
            139.041249,
            35.20384
          ],
          [
            139.04098,
            35.203805
          ],
          [
            139.040721,
            35.203776
          ],
          [
            139.04062,
            35.203781
          ],
          [
            139.040548,
            35.203819
          ],
          [
            139.040464,
            35.203924
          ],
          [
            139.040422,
            35.20394
          ],
          [
            139.04031,
            35.203922
          ],
          [
            139.040085,
            35.203823
          ],
          [
            139.039926,
            35.203767
          ],
          [
            139.039911,
            35.203767
          ],
          [
            139.039911,
            35.203756
          ],
          [
            139.039911,
            35.203767
          ],
          [
            139.039792,
            35.203768
          ],
          [
            139.039589,
            35.20385
          ],
          [
            139.039407,
            35.203951
          ],
          [
            139.039283,
            35.20404
          ],
          [
            139.039197,
            35.204062
          ],
          [
            139.039154,
            35.204059
          ],
          [
            139.039035,
            35.204053
          ],
          [
            139.03836,
            35.203903
          ],
          [
            139.03831,
            35.203908
          ],
          [
            139.038116,
            35.20399
          ],
          [
            139.038006,
            35.203992
          ],
          [
            139.037958,
            35.20401
          ],
          [
            139.037814,
            35.204138
          ],
          [
            139.037714,
            35.204241
          ],
          [
            139.037669,
            35.204265
          ],
          [
            139.037679,
            35.204278
          ],
          [
            139.037669,
            35.204265
          ],
          [
            139.037604,
            35.204271
          ],
          [
            139.037152,
            35.204205
          ],
          [
            139.036997,
            35.204192
          ],
          [
            139.036733,
            35.204194
          ],
          [
            139.036405,
            35.204165
          ],
          [
            139.036211,
            35.204132
          ],
          [
            139.035768,
            35.204039
          ],
          [
            139.035686,
            35.204014
          ],
          [
            139.035499,
            35.20387
          ],
          [
            139.035413,
            35.203831
          ],
          [
            139.034876,
            35.203748
          ],
          [
            139.034723,
            35.203726
          ],
          [
            139.034561,
            35.203692
          ],
          [
            139.034486,
            35.20369
          ],
          [
            139.034388,
            35.203707
          ],
          [
            139.034198,
            35.20376
          ],
          [
            139.03412,
            35.203766
          ],
          [
            139.034035,
            35.203737
          ],
          [
            139.034026,
            35.203747
          ],
          [
            139.034035,
            35.203737
          ],
          [
            139.033999,
            35.203714
          ],
          [
            139.033861,
            35.203523
          ],
          [
            139.033779,
            35.203411
          ],
          [
            139.033754,
            35.203388
          ],
          [
            139.033699,
            35.203376
          ],
          [
            139.033602,
            35.203418
          ],
          [
            139.033502,
            35.203376
          ],
          [
            139.033423,
            35.20333
          ],
          [
            139.033257,
            35.203161
          ],
          [
            139.033178,
            35.203035
          ],
          [
            139.033167,
            35.202981
          ],
          [
            139.033171,
            35.202917
          ],
          [
            139.033114,
            35.202846
          ],
          [
            139.033053,
            35.202786
          ],
          [
            139.032948,
            35.202783
          ],
          [
            139.032798,
            35.202732
          ],
          [
            139.032638,
            35.202734
          ],
          [
            139.032301,
            35.202737
          ],
          [
            139.032268,
            35.202665
          ],
          [
            139.031825,
            35.202712
          ],
          [
            139.031663,
            35.202738
          ],
          [
            139.031662,
            35.202734
          ],
          [
            139.03162,
            35.202652
          ],
          [
            139.03129,
            35.202196
          ],
          [
            139.031205,
            35.20202
          ],
          [
            139.031164,
            35.201936
          ],
          [
            139.030939,
            35.201015
          ],
          [
            139.030839,
            35.201036
          ],
          [
            139.030657,
            35.201068
          ],
          [
            139.030661,
            35.201042
          ],
          [
            139.030618,
            35.200942
          ],
          [
            139.030479,
            35.200658
          ],
          [
            139.03036,
            35.200594
          ],
          [
            139.030159,
            35.200197
          ],
          [
            139.029838,
            35.199898
          ],
          [
            139.029555,
            35.199487
          ],
          [
            139.029418,
            35.199361
          ],
          [
            139.029521,
            35.199289
          ],
          [
            139.02975,
            35.199206
          ],
          [
            139.02968,
            35.199145
          ],
          [
            139.029652,
            35.199104
          ],
          [
            139.029687,
            35.199088
          ],
          [
            139.029652,
            35.199104
          ],
          [
            139.02968,
            35.199145
          ],
          [
            139.029782,
            35.199239
          ],
          [
            139.029851,
            35.19922
          ],
          [
            139.029766,
            35.199118
          ],
          [
            139.029799,
            35.199077
          ],
          [
            139.029769,
            35.19889
          ],
          [
            139.029665,
            35.198294
          ],
          [
            139.029624,
            35.198127
          ],
          [
            139.029569,
            35.198025
          ],
          [
            139.029404,
            35.197807
          ],
          [
            139.029207,
            35.197572
          ],
          [
            139.029083,
            35.197396
          ],
          [
            139.029074,
            35.197362
          ],
          [
            139.02905,
            35.197272
          ],
          [
            139.029014,
            35.197052
          ],
          [
            139.028956,
            35.19628
          ],
          [
            139.028919,
            35.196177
          ],
          [
            139.028852,
            35.196035
          ],
          [
            139.028773,
            35.19594
          ],
          [
            139.02878,
            35.195936
          ],
          [
            139.028773,
            35.19594
          ],
          [
            139.028685,
            35.195831
          ],
          [
            139.028531,
            35.195704
          ],
          [
            139.028164,
            35.195268
          ],
          [
            139.027994,
            35.194969
          ],
          [
            139.02791,
            35.194871
          ],
          [
            139.027822,
            35.194527
          ],
          [
            139.027704,
            35.194532
          ],
          [
            139.027662,
            35.19453
          ],
          [
            139.027514,
            35.194467
          ],
          [
            139.027461,
            35.19441
          ],
          [
            139.027222,
            35.194112
          ],
          [
            139.027099,
            35.194179
          ],
          [
            139.02688,
            35.19392
          ],
          [
            139.02677,
            35.193734
          ],
          [
            139.026733,
            35.193678
          ],
          [
            139.026501,
            35.193325
          ],
          [
            139.026402,
            35.193178
          ],
          [
            139.026398,
            35.193162
          ],
          [
            139.026377,
            35.193071
          ],
          [
            139.026368,
            35.192727
          ],
          [
            139.026353,
            35.192557
          ],
          [
            139.02637,
            35.192307
          ],
          [
            139.026403,
            35.192224
          ],
          [
            139.026393,
            35.192219
          ],
          [
            139.026613,
            35.192039
          ],
          [
            139.027391,
            35.191504
          ],
          [
            139.027404,
            35.191496
          ],
          [
            139.027386,
            35.191475
          ],
          [
            139.027427,
            35.191452
          ],
          [
            139.027214,
            35.191197
          ],
          [
            139.026773,
            35.190722
          ],
          [
            139.026279,
            35.190233
          ],
          [
            139.026243,
            35.190148
          ],
          [
            139.026108,
            35.190021
          ],
          [
            139.026036,
            35.189988
          ],
          [
            139.025175,
            35.189127
          ],
          [
            139.025161,
            35.189068
          ],
          [
            139.025045,
            35.188961
          ],
          [
            139.024987,
            35.188946
          ],
          [
            139.02466,
            35.188612
          ],
          [
            139.024066,
            35.187966
          ],
          [
            139.023948,
            35.187865
          ],
          [
            139.023936,
            35.187872
          ],
          [
            139.023909,
            35.187887
          ],
          [
            139.023497,
            35.187916
          ],
          [
            139.022479,
            35.18809
          ],
          [
            139.022148,
            35.188126
          ],
          [
            139.021725,
            35.188133
          ],
          [
            139.021435,
            35.188103
          ],
          [
            139.021333,
            35.188115
          ],
          [
            139.021236,
            35.188109
          ],
          [
            139.021125,
            35.188087
          ],
          [
            139.020883,
            35.187989
          ],
          [
            139.020705,
            35.187951
          ],
          [
            139.020554,
            35.187879
          ],
          [
            139.020447,
            35.18786
          ],
          [
            139.02033,
            35.187854
          ],
          [
            139.020035,
            35.18778
          ],
          [
            139.019853,
            35.187766
          ],
          [
            139.019752,
            35.187737
          ],
          [
            139.019702,
            35.18771
          ],
          [
            139.019693,
            35.187721
          ],
          [
            139.019702,
            35.18771
          ],
          [
            139.019558,
            35.187625
          ],
          [
            139.019195,
            35.18708
          ],
          [
            139.018925,
            35.186604
          ],
          [
            139.018714,
            35.186378
          ],
          [
            139.018502,
            35.186153
          ],
          [
            139.018423,
            35.18611
          ],
          [
            139.018351,
            35.186072
          ],
          [
            139.018225,
            35.186063
          ],
          [
            139.017761,
            35.186112
          ],
          [
            139.017702,
            35.18611
          ],
          [
            139.017702,
            35.186116
          ],
          [
            139.017702,
            35.18611
          ],
          [
            139.017635,
            35.186109
          ],
          [
            139.017482,
            35.185978
          ],
          [
            139.017408,
            35.185688
          ],
          [
            139.017322,
            35.185647
          ],
          [
            139.016908,
            35.185636
          ],
          [
            139.016678,
            35.185601
          ],
          [
            139.016655,
            35.185603
          ],
          [
            139.016472,
            35.185617
          ],
          [
            139.016477,
            35.185506
          ],
          [
            139.016553,
            35.185022
          ],
          [
            139.016638,
            35.184568
          ],
          [
            139.016639,
            35.18442
          ],
          [
            139.016596,
            35.184274
          ],
          [
            139.016529,
            35.184123
          ],
          [
            139.01645,
            35.18404
          ],
          [
            139.016316,
            35.18395
          ],
          [
            139.016187,
            35.183883
          ],
          [
            139.016038,
            35.183827
          ],
          [
            139.015824,
            35.183786
          ],
          [
            139.015682,
            35.183788
          ],
          [
            139.01563,
            35.183721
          ],
          [
            139.015366,
            35.183597
          ],
          [
            139.01529,
            35.183538
          ],
          [
            139.015315,
            35.183516
          ],
          [
            139.015235,
            35.182955
          ],
          [
            139.014967,
            35.18274
          ],
          [
            139.014591,
            35.182823
          ],
          [
            139.014371,
            35.182679
          ],
          [
            139.014146,
            35.182074
          ],
          [
            139.014216,
            35.181938
          ],
          [
            139.01391,
            35.181867
          ],
          [
            139.013765,
            35.18128
          ],
          [
            139.013507,
            35.181254
          ],
          [
            139.013395,
            35.181162
          ],
          [
            139.013266,
            35.180438
          ],
          [
            139.013143,
            35.180307
          ],
          [
            139.013105,
            35.179701
          ],
          [
            139.013164,
            35.179605
          ],
          [
            139.013116,
            35.179386
          ],
          [
            139.013282,
            35.179245
          ],
          [
            139.012987,
            35.179035
          ],
          [
            139.012585,
            35.178487
          ],
          [
            139.012086,
            35.178013
          ],
          [
            139.011388,
            35.177619
          ],
          [
            139.010916,
            35.17747
          ],
          [
            139.010761,
            35.177321
          ],
          [
            139.010739,
            35.177027
          ],
          [
            139.0106,
            35.176869
          ],
          [
            139.010305,
            35.176716
          ],
          [
            139.009683,
            35.176194
          ],
          [
            139.009586,
            35.176023
          ],
          [
            139.009597,
            35.175852
          ],
          [
            139.009312,
            35.17579
          ],
          [
            139.009055,
            35.175575
          ],
          [
            139.008953,
            35.174861
          ],
          [
            139.00884,
            35.174681
          ],
          [
            139.008851,
            35.174576
          ],
          [
            139.008744,
            35.174479
          ],
          [
            139.008808,
            35.173835
          ],
          [
            139.008567,
            35.173624
          ],
          [
            139.008191,
            35.173155
          ],
          [
            139.008159,
            35.172953
          ],
          [
            139.007226,
            35.172778
          ],
          [
            139.007011,
            35.172449
          ],
          [
            139.006995,
            35.172195
          ],
          [
            139.007075,
            35.172054
          ],
          [
            139.006609,
            35.171743
          ],
          [
            139.005992,
            35.171379
          ],
          [
            139.005327,
            35.170568
          ],
          [
            139.005053,
            35.170296
          ],
          [
            139.004839,
            35.170191
          ],
          [
            139.004833,
            35.169963
          ],
          [
            139.004066,
            35.169358
          ],
          [
            139.003519,
            35.168897
          ],
          [
            139.003438,
            35.168586
          ],
          [
            139.003256,
            35.168257
          ],
          [
            139.003159,
            35.168016
          ],
          [
            139.002999,
            35.167823
          ],
          [
            139.00302,
            35.167625
          ],
          [
            139.003197,
            35.167419
          ],
          [
            139.003063,
            35.167047
          ],
          [
            139.003176,
            35.166661
          ],
          [
            139.00309,
            35.166384
          ],
          [
            139.002661,
            35.166222
          ],
          [
            139.002457,
            35.165985
          ],
          [
            139.002478,
            35.165889
          ],
          [
            139.002274,
            35.165599
          ],
          [
            139.001985,
            35.164731
          ],
          [
            139.002156,
            35.163889
          ],
          [
            139.001266,
            35.163179
          ],
          [
            139.001663,
            35.16281
          ],
          [
            139.001223,
            35.162249
          ],
          [
            139.00044,
            35.161889
          ],
          [
            139.000118,
            35.161881
          ],
          [
            138.999302,
            35.161381
          ],
          [
            138.998519,
            35.160582
          ],
          [
            138.998433,
            35.160328
          ],
          [
            138.997436,
            35.159179
          ],
          [
            138.997328,
            35.158644
          ],
          [
            138.996878,
            35.158039
          ],
          [
            138.99691,
            35.157837
          ],
          [
            138.996545,
            35.15753
          ],
          [
            138.996095,
            35.157591
          ],
          [
            138.995794,
            35.157249
          ],
          [
            138.995912,
            35.156986
          ],
          [
            138.995891,
            35.156898
          ],
          [
            138.994775,
            35.154811
          ],
          [
            138.994464,
            35.154267
          ],
          [
            138.99426,
            35.153732
          ],
          [
            138.993187,
            35.152811
          ],
          [
            138.992575,
            35.152232
          ],
          [
            138.991975,
            35.152065
          ],
          [
            138.991492,
            35.151565
          ],
          [
            138.990634,
            35.151118
          ],
          [
            138.990269,
            35.151144
          ],
          [
            138.990043,
            35.151039
          ],
          [
            138.989239,
            35.150907
          ],
          [
            138.98867,
            35.150504
          ],
          [
            138.988305,
            35.150232
          ],
          [
            138.98749,
            35.150161
          ],
          [
            138.986932,
            35.150082
          ],
          [
            138.986439,
            35.150126
          ],
          [
            138.985999,
            35.150556
          ],
          [
            138.985698,
            35.150258
          ],
          [
            138.985291,
            35.150337
          ],
          [
            138.984464,
            35.150258
          ],
          [
            138.983692,
            35.14967
          ],
          [
            138.983413,
            35.149433
          ],
          [
            138.982555,
            35.148916
          ],
          [
            138.982351,
            35.148802
          ],
          [
            138.981782,
            35.14874
          ],
          [
            138.98101,
            35.148188
          ],
          [
            138.978928,
            35.147091
          ],
          [
            138.978413,
            35.146845
          ],
          [
            138.977394,
            35.146442
          ],
          [
            138.976257,
            35.1461
          ],
          [
            138.97513,
            35.146187
          ],
          [
            138.97468,
            35.14588
          ],
          [
            138.97395,
            35.145529
          ],
          [
            138.973414,
            35.144898
          ],
          [
            138.972609,
            35.144486
          ],
          [
            138.971847,
            35.143757
          ],
          [
            138.970699,
            35.142862
          ],
          [
            138.970013,
            35.14195
          ],
          [
            138.968468,
            35.140897
          ],
          [
            138.967803,
            35.140388
          ],
          [
            138.966966,
            35.140213
          ],
          [
            138.966301,
            35.139494
          ],
          [
            138.964273,
            35.1388
          ],
          [
            138.962964,
            35.138169
          ],
          [
            138.96246,
            35.138011
          ],
          [
            138.961462,
            35.137476
          ],
          [
            138.961076,
            35.137247
          ],
          [
            138.960142,
            35.137616
          ],
          [
            138.959413,
            35.13766
          ],
          [
            138.958662,
            35.137827
          ],
          [
            138.957943,
            35.137704
          ],
          [
            138.955979,
            35.136888
          ],
          [
            138.955808,
            35.13673
          ],
          [
            138.954799,
            35.136625
          ],
          [
            138.953415,
            35.13673
          ],
          [
            138.9529,
            35.136835
          ],
          [
            138.952417,
            35.136589
          ],
          [
            138.952063,
            35.136396
          ],
          [
            138.951817,
            35.136221
          ],
          [
            138.950894,
            35.135484
          ],
          [
            138.949939,
            35.134861
          ],
          [
            138.948898,
            35.134063
          ],
          [
            138.947836,
            35.133562
          ],
          [
            138.946034,
            35.132913
          ],
          [
            138.94495,
            35.132509
          ],
          [
            138.944199,
            35.132088
          ],
          [
            138.944156,
            35.131965
          ],
          [
            138.943813,
            35.13179
          ],
          [
            138.943716,
            35.131378
          ],
          [
            138.943266,
            35.130877
          ],
          [
            138.942493,
            35.129544
          ],
          [
            138.941742,
            35.129079
          ],
          [
            138.940766,
            35.128113
          ],
          [
            138.940219,
            35.127657
          ],
          [
            138.939543,
            35.127148
          ],
          [
            138.938459,
            35.126429
          ],
          [
            138.937365,
            35.125648
          ],
          [
            138.936217,
            35.124849
          ],
          [
            138.935262,
            35.124244
          ],
          [
            138.935005,
            35.123884
          ],
          [
            138.934758,
            35.124077
          ],
          [
            138.93406,
            35.123866
          ],
          [
            138.933717,
            35.123831
          ],
          [
            138.933063,
            35.123998
          ],
          [
            138.932215,
            35.123708
          ],
          [
            138.931775,
            35.123507
          ],
          [
            138.931078,
            35.123287
          ],
          [
            138.930702,
            35.123252
          ],
          [
            138.929259,
            35.122642
          ],
          [
            138.926604,
            35.121791
          ],
          [
            138.925198,
            35.121335
          ],
          [
            138.923648,
            35.120799
          ],
          [
            138.919973,
            35.120238
          ],
          [
            138.919228,
            35.120154
          ],
          [
            138.918461,
            35.12004
          ],
          [
            138.916004,
            35.11961
          ],
          [
            138.914593,
            35.119386
          ],
          [
            138.911621,
            35.118812
          ],
          [
            138.910645,
            35.118509
          ],
          [
            138.909985,
            35.118189
          ],
          [
            138.908826,
            35.117565
          ],
          [
            138.906021,
            35.116223
          ],
          [
            138.905371,
            35.115938
          ],
          [
            138.903912,
            35.115042
          ],
          [
            138.900758,
            35.113265
          ],
          [
            138.900425,
            35.112993
          ],
          [
            138.896595,
            35.109035
          ],
          [
            138.895254,
            35.10756
          ],
          [
            138.893645,
            35.107086
          ],
          [
            138.892336,
            35.106718
          ],
          [
            138.890308,
            35.105928
          ],
          [
            138.889021,
            35.105349
          ],
          [
            138.886403,
            35.105296
          ],
          [
            138.885158,
            35.105147
          ],
          [
            138.882026,
            35.104532
          ],
          [
            138.881425,
            35.104418
          ],
          [
            138.88091,
            35.104506
          ],
          [
            138.878989,
            35.103567
          ],
          [
            138.877133,
            35.102303
          ],
          [
            138.875223,
            35.100986
          ],
          [
            138.874322,
            35.100591
          ],
          [
            138.874247,
            35.100433
          ],
          [
            138.872809,
            35.099748
          ],
          [
            138.871737,
            35.099389
          ],
          [
            138.870513,
            35.099257
          ],
          [
            138.869537,
            35.099187
          ],
          [
            138.868754,
            35.099327
          ],
          [
            138.868003,
            35.099608
          ],
          [
            138.867112,
            35.099678
          ],
          [
            138.866801,
            35.099766
          ],
          [
            138.865203,
            35.099696
          ],
          [
            138.862789,
            35.099564
          ],
          [
            138.861136,
            35.099292
          ],
          [
            138.860536,
            35.098528
          ],
          [
            138.859205,
            35.097984
          ],
          [
            138.85854,
            35.098107
          ],
          [
            138.858089,
            35.096983
          ],
          [
            138.857832,
            35.096281
          ],
          [
            138.856802,
            35.096448
          ],
          [
            138.856158,
            35.094078
          ],
          [
            138.855676,
            35.094245
          ],
          [
            138.852489,
            35.096149
          ],
          [
            138.849968,
            35.097888
          ],
          [
            138.849378,
            35.098353
          ],
          [
            138.847339,
            35.099485
          ],
          [
            138.845054,
            35.100574
          ],
          [
            138.843466,
            35.101381
          ],
          [
            138.84205,
            35.102171
          ],
          [
            138.838509,
            35.105024
          ],
          [
            138.835881,
            35.106964
          ],
          [
            138.833059,
            35.109044
          ],
          [
            138.829637,
            35.111519
          ],
          [
            138.824959,
            35.113827
          ],
          [
            138.81967,
            35.116153
          ],
          [
            138.816,
            35.117741
          ],
          [
            138.812363,
            35.119496
          ],
          [
            138.810378,
            35.1204
          ],
          [
            138.810411,
            35.120848
          ],
          [
            138.810228,
            35.12112
          ],
          [
            138.809928,
            35.120997
          ],
          [
            138.80967,
            35.120734
          ],
          [
            138.808136,
            35.121479
          ],
          [
            138.804617,
            35.123068
          ],
          [
            138.802664,
            35.123884
          ],
          [
            138.798941,
            35.124981
          ],
          [
            138.79318,
            35.126692
          ],
          [
            138.788148,
            35.128184
          ],
          [
            138.781807,
            35.129842
          ],
          [
            138.774405,
            35.131597
          ],
          [
            138.768804,
            35.132738
          ],
          [
            138.763483,
            35.13358
          ],
          [
            138.758826,
            35.134124
          ],
          [
            138.756509,
            35.134256
          ],
          [
            138.756332,
            35.134155
          ],
          [
            138.752421,
            35.134273
          ],
          [
            138.750769,
            35.134282
          ],
          [
            138.749825,
            35.134229
          ],
          [
            138.747003,
            35.134896
          ],
          [
            138.745222,
            35.135326
          ],
          [
            138.742476,
            35.135852
          ],
          [
            138.739911,
            35.136475
          ],
          [
            138.735191,
            35.137291
          ],
          [
            138.730631,
            35.137905
          ],
          [
            138.729183,
            35.138151
          ],
          [
            138.726811,
            35.138818
          ],
          [
            138.726447,
            35.138607
          ],
          [
            138.725921,
            35.138809
          ],
          [
            138.725127,
            35.139099
          ],
          [
            138.723067,
            35.139713
          ],
          [
            138.720192,
            35.140222
          ],
          [
            138.717392,
            35.140853
          ],
          [
            138.715246,
            35.140897
          ],
          [
            138.713121,
            35.141573
          ],
          [
            138.711544,
            35.141704
          ],
          [
            138.709431,
            35.14231
          ],
          [
            138.70751,
            35.142529
          ],
          [
            138.707489,
            35.143178
          ],
          [
            138.706684,
            35.143301
          ],
          [
            138.704528,
            35.144117
          ],
          [
            138.703551,
            35.145749
          ],
          [
            138.703122,
            35.147117
          ],
          [
            138.701266,
            35.14831
          ],
          [
            138.700107,
            35.149284
          ],
          [
            138.698959,
            35.149889
          ],
          [
            138.698638,
            35.150302
          ],
          [
            138.697951,
            35.150811
          ],
          [
            138.697275,
            35.152232
          ],
          [
            138.697254,
            35.1531
          ],
          [
            138.69838,
            35.155363
          ],
          [
            138.698198,
            35.15596
          ],
          [
            138.6975,
            35.156653
          ],
          [
            138.696384,
            35.1586
          ],
          [
            138.692297,
            35.160232
          ],
          [
            138.691181,
            35.160626
          ],
          [
            138.690044,
            35.160995
          ],
          [
            138.6894,
            35.161863
          ],
          [
            138.683832,
            35.163648
          ],
          [
            138.683183,
            35.16228
          ],
          [
            138.682115,
            35.162416
          ],
          [
            138.679047,
            35.161854
          ],
          [
            138.678564,
            35.161468
          ],
          [
            138.678349,
            35.16053
          ],
          [
            138.678006,
            35.160556
          ],
          [
            138.676922,
            35.159188
          ],
          [
            138.675066,
            35.156758
          ],
          [
            138.674659,
            35.156276
          ],
          [
            138.672438,
            35.156223
          ],
          [
            138.672347,
            35.156346
          ],
          [
            138.67166,
            35.156846
          ],
          [
            138.671166,
            35.156648
          ],
          [
            138.670571,
            35.15624
          ],
          [
            138.669766,
            35.156469
          ],
          [
            138.668565,
            35.156881
          ],
          [
            138.667669,
            35.156955
          ],
          [
            138.666875,
            35.156938
          ],
          [
            138.66599,
            35.156969
          ],
          [
            138.665636,
            35.156977
          ],
          [
            138.664107,
            35.157214
          ],
          [
            138.662916,
            35.157411
          ],
          [
            138.662197,
            35.157438
          ],
          [
            138.66062,
            35.157411
          ],
          [
            138.659649,
            35.157276
          ],
          [
            138.658319,
            35.157004
          ],
          [
            138.65753,
            35.156898
          ],
          [
            138.656119,
            35.156846
          ],
          [
            138.655942,
            35.156644
          ],
          [
            138.655497,
            35.156355
          ],
          [
            138.655255,
            35.156214
          ],
          [
            138.654891,
            35.155942
          ],
          [
            138.65393,
            35.155876
          ],
          [
            138.652611,
            35.155789
          ],
          [
            138.651774,
            35.15599
          ],
          [
            138.651382,
            35.156083
          ],
          [
            138.650342,
            35.156284
          ],
          [
            138.650079,
            35.156381
          ],
          [
            138.649462,
            35.156802
          ],
          [
            138.648899,
            35.157109
          ],
          [
            138.648319,
            35.157157
          ],
          [
            138.647665,
            35.157078
          ],
          [
            138.646941,
            35.156916
          ],
          [
            138.646393,
            35.15692
          ],
          [
            138.645262,
            35.157056
          ],
          [
            138.644741,
            35.157056
          ],
          [
            138.644216,
            35.156885
          ],
          [
            138.64376,
            35.156841
          ],
          [
            138.643309,
            35.15685
          ],
          [
            138.642821,
            35.157083
          ],
          [
            138.64178,
            35.157293
          ],
          [
            138.641152,
            35.15739
          ],
          [
            138.640385,
            35.157666
          ],
          [
            138.640203,
            35.157776
          ],
          [
            138.638502,
            35.157833
          ],
          [
            138.637408,
            35.157771
          ],
          [
            138.636518,
            35.157574
          ],
          [
            138.635885,
            35.157381
          ],
          [
            138.634747,
            35.157635
          ],
          [
            138.634549,
            35.157433
          ],
          [
            138.633546,
            35.157205
          ],
          [
            138.632746,
            35.156872
          ],
          [
            138.632387,
            35.156596
          ],
          [
            138.632178,
            35.155903
          ],
          [
            138.630166,
            35.155561
          ],
          [
            138.628133,
            35.15546
          ],
          [
            138.627554,
            35.155394
          ],
          [
            138.625606,
            35.155131
          ],
          [
            138.622795,
            35.154749
          ],
          [
            138.621433,
            35.154578
          ],
          [
            138.621406,
            35.15517
          ],
          [
            138.62103,
            35.155135
          ],
          [
            138.620864,
            35.154626
          ],
          [
            138.62073,
            35.154578
          ],
          [
            138.620178,
            35.15471
          ],
          [
            138.619378,
            35.153548
          ],
          [
            138.619196,
            35.153578
          ],
          [
            138.618633,
            35.152346
          ],
          [
            138.618633,
            35.152162
          ],
          [
            138.618885,
            35.150587
          ],
          [
            138.619051,
            35.149561
          ],
          [
            138.619271,
            35.148552
          ],
          [
            138.619405,
            35.148262
          ],
          [
            138.618504,
            35.14803
          ],
          [
            138.617447,
            35.147644
          ],
          [
            138.61734,
            35.147446
          ],
          [
            138.617072,
            35.145328
          ],
          [
            138.617072,
            35.145122
          ],
          [
            138.617216,
            35.144025
          ],
          [
            138.617206,
            35.143836
          ],
          [
            138.616331,
            35.143845
          ],
          [
            138.614996,
            35.14277
          ],
          [
            138.614808,
            35.142204
          ],
          [
            138.61433,
            35.141871
          ],
          [
            138.613633,
            35.141792
          ],
          [
            138.613724,
            35.140897
          ],
          [
            138.612812,
            35.140603
          ],
          [
            138.612319,
            35.139458
          ],
          [
            138.612217,
            35.139037
          ],
          [
            138.611873,
            35.138134
          ],
          [
            138.611337,
            35.137002
          ],
          [
            138.611455,
            35.136436
          ],
          [
            138.611847,
            35.135936
          ],
          [
            138.612206,
            35.135172
          ],
          [
            138.612217,
            35.134475
          ],
          [
            138.611922,
            35.133966
          ],
          [
            138.611922,
            35.133826
          ],
          [
            138.612174,
            35.13354
          ],
          [
            138.612716,
            35.132948
          ],
          [
            138.612941,
            35.132606
          ],
          [
            138.612919,
            35.131961
          ],
          [
            138.612807,
            35.131641
          ],
          [
            138.613231,
            35.131167
          ],
          [
            138.613215,
            35.130671
          ],
          [
            138.613445,
            35.130412
          ],
          [
            138.613322,
            35.13011
          ],
          [
            138.612839,
            35.12918
          ],
          [
            138.612447,
            35.128552
          ],
          [
            138.612941,
            35.128298
          ],
          [
            138.613086,
            35.128223
          ],
          [
            138.613257,
            35.127596
          ],
          [
            138.61329,
            35.127078
          ],
          [
            138.613306,
            35.126455
          ],
          [
            138.613386,
            35.125964
          ],
          [
            138.613386,
            35.124981
          ],
          [
            138.613558,
            35.124248
          ],
          [
            138.613536,
            35.124042
          ],
          [
            138.612726,
            35.123673
          ],
          [
            138.612356,
            35.123445
          ],
          [
            138.611042,
            35.122269
          ],
          [
            138.610908,
            35.122089
          ],
          [
            138.609164,
            35.120734
          ],
          [
            138.608183,
            35.120396
          ],
          [
            138.607609,
            35.120273
          ],
          [
            138.607051,
            35.120189
          ],
          [
            138.606257,
            35.120146
          ],
          [
            138.606032,
            35.120168
          ],
          [
            138.605661,
            35.120132
          ],
          [
            138.604288,
            35.119931
          ],
          [
            138.603489,
            35.119768
          ],
          [
            138.602185,
            35.11936
          ],
          [
            138.601563,
            35.119154
          ],
          [
            138.601579,
            35.118408
          ],
          [
            138.601552,
            35.117688
          ],
          [
            138.599466,
            35.11739
          ],
          [
            138.598098,
            35.117276
          ],
          [
            138.59607,
            35.116872
          ],
          [
            138.594375,
            35.116495
          ],
          [
            138.592304,
            35.116205
          ],
          [
            138.589783,
            35.115635
          ],
          [
            138.587884,
            35.11545
          ],
          [
            138.586178,
            35.115135
          ],
          [
            138.584096,
            35.11488
          ],
          [
            138.58224,
            35.114661
          ],
          [
            138.58032,
            35.114283
          ],
          [
            138.578163,
            35.113607
          ],
          [
            138.575631,
            35.112598
          ],
          [
            138.574226,
            35.111773
          ],
          [
            138.573775,
            35.111475
          ],
          [
            138.572445,
            35.110606
          ],
          [
            138.570975,
            35.109623
          ],
          [
            138.570364,
            35.109412
          ],
          [
            138.569505,
            35.108728
          ],
          [
            138.569387,
            35.108578
          ],
          [
            138.566984,
            35.107279
          ],
          [
            138.564956,
            35.106235
          ],
          [
            138.563025,
            35.105331
          ],
          [
            138.561083,
            35.10448
          ],
          [
            138.558852,
            35.103637
          ],
          [
            138.558058,
            35.103277
          ],
          [
            138.556899,
            35.102794
          ],
          [
            138.555837,
            35.101925
          ],
          [
            138.555032,
            35.101153
          ],
          [
            138.554539,
            35.100056
          ],
          [
            138.554431,
            35.09974
          ],
          [
            138.553444,
            35.09837
          ],
          [
            138.552897,
            35.097888
          ],
          [
            138.551846,
            35.096316
          ],
          [
            138.551449,
            35.095807
          ],
          [
            138.551041,
            35.095798
          ],
          [
            138.550816,
            35.095421
          ],
          [
            138.550633,
            35.094613
          ],
          [
            138.550311,
            35.093814
          ],
          [
            138.550097,
            35.093411
          ],
          [
            138.549936,
            35.093174
          ],
          [
            138.549593,
            35.092928
          ],
          [
            138.548906,
            35.091988
          ],
          [
            138.548691,
            35.091857
          ],
          [
            138.54852,
            35.091313
          ],
          [
            138.548327,
            35.090882
          ],
          [
            138.548251,
            35.090321
          ],
          [
            138.548198,
            35.089785
          ],
          [
            138.54838,
            35.089381
          ],
          [
            138.548294,
            35.08889
          ],
          [
            138.548037,
            35.08853
          ],
          [
            138.548155,
            35.088354
          ],
          [
            138.548101,
            35.087783
          ],
          [
            138.548155,
            35.087529
          ],
          [
            138.548005,
            35.087011
          ],
          [
            138.547629,
            35.086203
          ],
          [
            138.547157,
            35.085483
          ],
          [
            138.5469,
            35.084658
          ],
          [
            138.547028,
            35.084237
          ],
          [
            138.546717,
            35.082744
          ],
          [
            138.546546,
            35.082393
          ],
          [
            138.54661,
            35.081769
          ],
          [
            138.546503,
            35.081076
          ],
          [
            138.546213,
            35.080716
          ],
          [
            138.546095,
            35.080005
          ],
          [
            138.54602,
            35.079689
          ],
          [
            138.545752,
            35.079487
          ],
          [
            138.545591,
            35.078512
          ],
          [
            138.545387,
            35.078135
          ],
          [
            138.545387,
            35.078126
          ],
          [
            138.545398,
            35.077836
          ],
          [
            138.544754,
            35.077538
          ],
          [
            138.544464,
            35.077248
          ],
          [
            138.544464,
            35.07702
          ],
          [
            138.544325,
            35.07687
          ],
          [
            138.544217,
            35.076809
          ],
          [
            138.544014,
            35.076528
          ],
          [
            138.544024,
            35.076291
          ],
          [
            138.543702,
            35.075843
          ],
          [
            138.543466,
            35.075659
          ],
          [
            138.543391,
            35.075316
          ],
          [
            138.542737,
            35.074684
          ],
          [
            138.542683,
            35.074289
          ],
          [
            138.542286,
            35.073823
          ],
          [
            138.542072,
            35.073657
          ],
          [
            138.542136,
            35.073384
          ],
          [
            138.542029,
            35.073077
          ],
          [
            138.541664,
            35.072691
          ],
          [
            138.541557,
            35.072269
          ],
          [
            138.540891,
            35.072023
          ],
          [
            138.541063,
            35.071619
          ],
          [
            138.541353,
            35.07147
          ],
          [
            138.541181,
            35.070777
          ],
          [
            138.541224,
            35.070083
          ],
          [
            138.540827,
            35.06974
          ],
          [
            138.540355,
            35.068906
          ],
          [
            138.539786,
            35.068529
          ],
          [
            138.539636,
            35.068002
          ],
          [
            138.539336,
            35.067624
          ],
          [
            138.539228,
            35.067185
          ],
          [
            138.538971,
            35.066676
          ],
          [
            138.5391,
            35.066158
          ],
          [
            138.539271,
            35.065938
          ],
          [
            138.53911,
            35.065622
          ],
          [
            138.539186,
            35.06535
          ],
          [
            138.538874,
            35.06513
          ],
          [
            138.538703,
            35.064849
          ],
          [
            138.538199,
            35.064603
          ],
          [
            138.536986,
            35.063435
          ],
          [
            138.53476,
            35.065152
          ],
          [
            138.534223,
            35.064911
          ],
          [
            138.533703,
            35.06531
          ],
          [
            138.532882,
            35.065293
          ],
          [
            138.532609,
            35.065503
          ],
          [
            138.532115,
            35.065367
          ],
          [
            138.531831,
            35.064919
          ],
          [
            138.53152,
            35.064652
          ],
          [
            138.531418,
            35.063936
          ],
          [
            138.531176,
            35.063282
          ],
          [
            138.531182,
            35.062768
          ],
          [
            138.531236,
            35.062663
          ],
          [
            138.532287,
            35.061776
          ],
          [
            138.532888,
            35.061055
          ],
          [
            138.534186,
            35.059984
          ],
          [
            138.534862,
            35.059773
          ],
          [
            138.53278,
            35.058553
          ],
          [
            138.532679,
            35.058557
          ],
          [
            138.532566,
            35.058588
          ],
          [
            138.532721,
            35.05875
          ],
          [
            138.532523,
            35.058926
          ],
          [
            138.53138,
            35.058333
          ],
          [
            138.531219,
            35.057793
          ],
          [
            138.530527,
            35.057165
          ],
          [
            138.530152,
            35.056585
          ],
          [
            138.530409,
            35.055545
          ],
          [
            138.529846,
            35.055132
          ],
          [
            138.528543,
            35.054214
          ],
          [
            138.526837,
            35.053186
          ],
          [
            138.524353,
            35.052168
          ],
          [
            138.52232,
            35.051351
          ],
          [
            138.520533,
            35.050345
          ],
          [
            138.518913,
            35.049476
          ],
          [
            138.516762,
            35.048294
          ],
          [
            138.516011,
            35.047767
          ],
          [
            138.515244,
            35.047192
          ],
          [
            138.514429,
            35.046911
          ],
          [
            138.513726,
            35.046841
          ],
          [
            138.512036,
            35.046902
          ],
          [
            138.511071,
            35.04677
          ],
          [
            138.509402,
            35.04645
          ],
          [
            138.508158,
            35.046305
          ],
          [
            138.507326,
            35.046116
          ],
          [
            138.506253,
            35.046112
          ],
          [
            138.505964,
            35.046015
          ],
          [
            138.506071,
            35.045817
          ],
          [
            138.506082,
            35.045558
          ],
          [
            138.506162,
            35.045176
          ],
          [
            138.505122,
            35.044794
          ],
          [
            138.504762,
            35.044737
          ],
          [
            138.504301,
            35.044715
          ],
          [
            138.503459,
            35.044899
          ],
          [
            138.502938,
            35.044917
          ],
          [
            138.500921,
            35.04414
          ],
          [
            138.499478,
            35.043485
          ],
          [
            138.498706,
            35.042984
          ],
          [
            138.498035,
            35.042273
          ],
          [
            138.497799,
            35.041759
          ],
          [
            138.497268,
            35.040679
          ],
          [
            138.496844,
            35.039778
          ],
          [
            138.496222,
            35.039036
          ],
          [
            138.495331,
            35.038061
          ],
          [
            138.49457,
            35.037288
          ],
          [
            138.493508,
            35.036054
          ],
          [
            138.491689,
            35.034415
          ],
          [
            138.490616,
            35.033326
          ],
          [
            138.489275,
            35.031692
          ],
          [
            138.488889,
            35.031165
          ],
          [
            138.488256,
            35.030111
          ],
          [
            138.487687,
            35.028846
          ],
          [
            138.48699,
            35.027484
          ],
          [
            138.486271,
            35.026078
          ],
          [
            138.486078,
            35.025156
          ],
          [
            138.485917,
            35.024092
          ],
          [
            138.485777,
            35.023319
          ],
          [
            138.485724,
            35.022107
          ],
          [
            138.485735,
            35.020973
          ],
          [
            138.485574,
            35.018601
          ],
          [
            138.483707,
            35.019093
          ],
          [
            138.481529,
            35.019673
          ],
          [
            138.48037,
            35.017389
          ],
          [
            138.478664,
            35.016835
          ],
          [
            138.476411,
            35.016053
          ],
          [
            138.474426,
            35.01535
          ],
          [
            138.470854,
            35.014076
          ],
          [
            138.468783,
            35.013338
          ],
          [
            138.466691,
            35.0126
          ],
          [
            138.464921,
            35.01209
          ],
          [
            138.463869,
            35.01144
          ],
          [
            138.462356,
            35.010825
          ],
          [
            138.461444,
            35.010719
          ],
          [
            138.460264,
            35.010394
          ],
          [
            138.459749,
            35.010517
          ],
          [
            138.458462,
            35.011123
          ],
          [
            138.4577,
            35.011088
          ],
          [
            138.456917,
            35.010464
          ],
          [
            138.455554,
            35.0089
          ],
          [
            138.453945,
            35.007028
          ],
          [
            138.453569,
            35.006396
          ],
          [
            138.453387,
            35.006035
          ],
          [
            138.451896,
            35.005025
          ],
          [
            138.450383,
            35.003997
          ],
          [
            138.449214,
            35.003557
          ],
          [
            138.446853,
            35.003047
          ],
          [
            138.445754,
            35.002555
          ],
          [
            138.444632,
            35.001927
          ],
          [
            138.443629,
            35.001175
          ],
          [
            138.443973,
            35.000868
          ],
          [
            138.442959,
            35.000042
          ],
          [
            138.442379,
            34.999159
          ],
          [
            138.441789,
            34.998411
          ],
          [
            138.441172,
            34.997765
          ],
          [
            138.440834,
            34.997537
          ],
          [
            138.439772,
            34.996957
          ],
          [
            138.438909,
            34.996285
          ],
          [
            138.437927,
            34.995542
          ],
          [
            138.437664,
            34.995225
          ],
          [
            138.437305,
            34.994988
          ],
          [
            138.436269,
            34.994434
          ],
          [
            138.435229,
            34.994048
          ],
          [
            138.434236,
            34.993762
          ],
          [
            138.433592,
            34.993516
          ],
          [
            138.432922,
            34.993063
          ],
          [
            138.432562,
            34.992835
          ],
          [
            138.431806,
            34.992619
          ],
          [
            138.431382,
            34.992505
          ],
          [
            138.430744,
            34.992211
          ],
          [
            138.43039,
            34.992637
          ],
          [
            138.429875,
            34.993138
          ],
          [
            138.428716,
            34.992852
          ],
          [
            138.427289,
            34.992839
          ],
          [
            138.427364,
            34.993019
          ],
          [
            138.426914,
            34.993714
          ],
          [
            138.426785,
            34.993723
          ],
          [
            138.42664,
            34.993578
          ],
          [
            138.426254,
            34.993309
          ],
          [
            138.425519,
            34.992927
          ],
          [
            138.425186,
            34.992707
          ],
          [
            138.424317,
            34.992712
          ],
          [
            138.4237,
            34.992606
          ],
          [
            138.422391,
            34.992272
          ],
          [
            138.421533,
            34.991938
          ],
          [
            138.42104,
            34.991815
          ],
          [
            138.419591,
            34.991666
          ],
          [
            138.418089,
            34.990752
          ],
          [
            138.417842,
            34.990857
          ],
          [
            138.416576,
            34.99069
          ],
          [
            138.414624,
            34.989662
          ],
          [
            138.411952,
            34.988291
          ],
          [
            138.411083,
            34.987702
          ],
          [
            138.409452,
            34.986172
          ],
          [
            138.409045,
            34.985689
          ],
          [
            138.408734,
            34.984906
          ],
          [
            138.408723,
            34.984608
          ],
          [
            138.407875,
            34.983852
          ],
          [
            138.407199,
            34.98292
          ],
          [
            138.406577,
            34.982129
          ],
          [
            138.406802,
            34.981206
          ],
          [
            138.407704,
            34.980054
          ],
          [
            138.406824,
            34.979404
          ],
          [
            138.405815,
            34.9787
          ],
          [
            138.404549,
            34.977953
          ],
          [
            138.402908,
            34.97747
          ],
          [
            138.402532,
            34.977549
          ],
          [
            138.401674,
            34.977602
          ],
          [
            138.401374,
            34.97754
          ],
          [
            138.399668,
            34.977672
          ],
          [
            138.398391,
            34.977751
          ],
          [
            138.39691,
            34.977733
          ],
          [
            138.395323,
            34.977224
          ],
          [
            138.393493,
            34.976591
          ],
          [
            138.392463,
            34.976239
          ],
          [
            138.390865,
            34.975707
          ],
          [
            138.389652,
            34.975329
          ],
          [
            138.388091,
            34.974806
          ],
          [
            138.387716,
            34.974709
          ],
          [
            138.387115,
            34.974643
          ],
          [
            138.385844,
            34.974837
          ],
          [
            138.385549,
            34.974876
          ],
          [
            138.384723,
            34.973663
          ],
          [
            138.382781,
            34.974489
          ],
          [
            138.38174,
            34.97492
          ],
          [
            138.380173,
            34.972459
          ],
          [
            138.379669,
            34.971645
          ],
          [
            138.377647,
            34.972472
          ],
          [
            138.376536,
            34.970731
          ],
          [
            138.375056,
            34.968423
          ],
          [
            138.374069,
            34.966937
          ],
          [
            138.373178,
            34.965707
          ],
          [
            138.372116,
            34.964256
          ],
          [
            138.371494,
            34.963649
          ],
          [
            138.371183,
            34.963438
          ],
          [
            138.370625,
            34.962928
          ],
          [
            138.369938,
            34.96226
          ],
          [
            138.369434,
            34.961759
          ],
          [
            138.369209,
            34.961477
          ],
          [
            138.365754,
            34.958031
          ],
          [
            138.364563,
            34.956826
          ],
          [
            138.363329,
            34.95366
          ],
          [
            138.360347,
            34.949932
          ],
          [
            138.35996,
            34.949448
          ],
          [
            138.357782,
            34.948243
          ],
          [
            138.357369,
            34.947487
          ],
          [
            138.356999,
            34.946709
          ],
          [
            138.356232,
            34.945979
          ],
          [
            138.35524,
            34.945218
          ],
          [
            138.355218,
            34.945016
          ],
          [
            138.354558,
            34.945007
          ],
          [
            138.354065,
            34.945143
          ],
          [
            138.353142,
            34.945552
          ],
          [
            138.352203,
            34.945755
          ],
          [
            138.35135,
            34.946163
          ],
          [
            138.349999,
            34.946801
          ],
          [
            138.349714,
            34.947082
          ],
          [
            138.34935,
            34.947153
          ],
          [
            138.348121,
            34.948129
          ],
          [
            138.347359,
            34.948419
          ],
          [
            138.346463,
            34.948485
          ],
          [
            138.345149,
            34.94896
          ],
          [
            138.344109,
            34.949057
          ],
          [
            138.342682,
            34.94914
          ],
          [
            138.341603,
            34.949321
          ],
          [
            138.340611,
            34.949536
          ],
          [
            138.338267,
            34.950006
          ],
          [
            138.337966,
            34.950182
          ],
          [
            138.337258,
            34.950015
          ],
          [
            138.336448,
            34.949932
          ],
          [
            138.335118,
            34.949822
          ],
          [
            138.333616,
            34.949901
          ],
          [
            138.33324,
            34.949782
          ],
          [
            138.332908,
            34.949
          ],
          [
            138.332677,
            34.948151
          ],
          [
            138.332441,
            34.947755
          ],
          [
            138.33176,
            34.947245
          ],
          [
            138.33117,
            34.946761
          ],
          [
            138.330478,
            34.946001
          ],
          [
            138.330633,
            34.945702
          ],
          [
            138.330596,
            34.945618
          ],
          [
            138.33037,
            34.945711
          ],
          [
            138.330166,
            34.94513
          ],
          [
            138.330016,
            34.944959
          ],
          [
            138.329984,
            34.944774
          ],
          [
            138.329769,
            34.944453
          ],
          [
            138.329539,
            34.944163
          ],
          [
            138.329442,
            34.944035
          ],
          [
            138.329324,
            34.943617
          ],
          [
            138.329051,
            34.943371
          ],
          [
            138.328171,
            34.942887
          ],
          [
            138.327672,
            34.942641
          ],
          [
            138.326899,
            34.942162
          ],
          [
            138.326401,
            34.942087
          ],
          [
            138.325703,
            34.941999
          ],
          [
            138.325081,
            34.941608
          ],
          [
            138.324544,
            34.94126
          ],
          [
            138.324174,
            34.941199
          ],
          [
            138.323563,
            34.941309
          ],
          [
            138.323144,
            34.94119
          ],
          [
            138.322994,
            34.941296
          ],
          [
            138.323273,
            34.941291
          ],
          [
            138.323134,
            34.941256
          ],
          [
            138.323118,
            34.941705
          ],
          [
            138.323273,
            34.941678
          ],
          [
            138.323053,
            34.941661
          ],
          [
            138.322957,
            34.941634
          ],
          [
            138.322903,
            34.941837
          ],
          [
            138.322704,
            34.941902
          ],
          [
            138.322114,
            34.941951
          ],
          [
            138.321857,
            34.941788
          ],
          [
            138.321025,
            34.941621
          ],
          [
            138.320537,
            34.941401
          ],
          [
            138.320189,
            34.941129
          ],
          [
            138.32013,
            34.940979
          ],
          [
            138.319904,
            34.940777
          ],
          [
            138.319561,
            34.940517
          ],
          [
            138.319282,
            34.940346
          ],
          [
            138.318917,
            34.940337
          ],
          [
            138.318531,
            34.940196
          ],
          [
            138.317957,
            34.939554
          ],
          [
            138.317222,
            34.939207
          ],
          [
            138.317024,
            34.939093
          ],
          [
            138.31624,
            34.938983
          ],
          [
            138.315285,
            34.938974
          ],
          [
            138.314427,
            34.938969
          ],
          [
            138.313703,
            34.938965
          ],
          [
            138.312866,
            34.938903
          ],
          [
            138.31255,
            34.938873
          ],
          [
            138.312609,
            34.938525
          ],
          [
            138.31299,
            34.938556
          ],
          [
            138.312898,
            34.9386
          ],
          [
            138.312458,
            34.938534
          ],
          [
            138.312153,
            34.938319
          ],
          [
            138.311032,
            34.938077
          ],
          [
            138.310817,
            34.937927
          ],
          [
            138.310114,
            34.937707
          ],
          [
            138.309894,
            34.937769
          ],
          [
            138.309251,
            34.93732
          ],
          [
            138.309358,
            34.937118
          ],
          [
            138.309234,
            34.936933
          ],
          [
            138.308945,
            34.936771
          ],
          [
            138.308655,
            34.936744
          ],
          [
            138.308296,
            34.936859
          ],
          [
            138.307534,
            34.937347
          ],
          [
            138.307121,
            34.937426
          ],
          [
            138.306799,
            34.937307
          ],
          [
            138.306541,
            34.936964
          ],
          [
            138.306364,
            34.936779
          ],
          [
            138.306021,
            34.936625
          ],
          [
            138.305613,
            34.93659
          ],
          [
            138.305356,
            34.936599
          ],
          [
            138.30512,
            34.93652
          ],
          [
            138.304857,
            34.936467
          ],
          [
            138.304482,
            34.936124
          ],
          [
            138.303993,
            34.935627
          ],
          [
            138.303747,
            34.935711
          ],
          [
            138.303564,
            34.935702
          ],
          [
            138.303258,
            34.935746
          ],
          [
            138.303328,
            34.93564
          ],
          [
            138.303564,
            34.935583
          ],
          [
            138.303709,
            34.935403
          ],
          [
            138.303704,
            34.935319
          ],
          [
            138.303242,
            34.935464
          ],
          [
            138.30313,
            34.935442
          ],
          [
            138.303183,
            34.935412
          ],
          [
            138.303119,
            34.935306
          ],
          [
            138.302819,
            34.935157
          ],
          [
            138.302872,
            34.935077
          ],
          [
            138.303124,
            34.934976
          ],
          [
            138.303103,
            34.934712
          ],
          [
            138.30299,
            34.934435
          ],
          [
            138.303033,
            34.934229
          ],
          [
            138.303189,
            34.933974
          ],
          [
            138.30328,
            34.933657
          ],
          [
            138.303226,
            34.933424
          ],
          [
            138.302969,
            34.93298
          ],
          [
            138.302867,
            34.933046
          ],
          [
            138.30277,
            34.933015
          ],
          [
            138.302808,
            34.932835
          ],
          [
            138.302931,
            34.932505
          ],
          [
            138.302819,
            34.932078
          ],
          [
            138.302829,
            34.931823
          ],
          [
            138.302958,
            34.931493
          ],
          [
            138.303081,
            34.931269
          ],
          [
            138.303065,
            34.931031
          ],
          [
            138.303511,
            34.930706
          ],
          [
            138.303554,
            34.93042
          ],
          [
            138.30395,
            34.930372
          ],
          [
            138.304149,
            34.930205
          ],
          [
            138.304444,
            34.930156
          ],
          [
            138.304036,
            34.929888
          ],
          [
            138.303704,
            34.92958
          ],
          [
            138.303151,
            34.929347
          ],
          [
            138.302963,
            34.929285
          ],
          [
            138.302749,
            34.928872
          ],
          [
            138.302593,
            34.928379
          ],
          [
            138.302384,
            34.928331
          ],
          [
            138.302003,
            34.926783
          ],
          [
            138.301338,
            34.925499
          ],
          [
            138.300855,
            34.925063
          ],
          [
            138.300367,
            34.924795
          ],
          [
            138.300152,
            34.92472
          ],
          [
            138.300276,
            34.924637
          ],
          [
            138.300512,
            34.924808
          ],
          [
            138.300383,
            34.924786
          ],
          [
            138.300195,
            34.924984
          ],
          [
            138.299943,
            34.924852
          ],
          [
            138.299627,
            34.925129
          ],
          [
            138.298532,
            34.925358
          ],
          [
            138.298152,
            34.925362
          ],
          [
            138.297857,
            34.925103
          ],
          [
            138.297363,
            34.925041
          ],
          [
            138.296805,
            34.924707
          ],
          [
            138.296161,
            34.924975
          ],
          [
            138.295287,
            34.924966
          ],
          [
            138.29482,
            34.924878
          ],
          [
            138.292996,
            34.92483
          ],
          [
            138.292492,
            34.924659
          ],
          [
            138.291854,
            34.923981
          ],
          [
            138.290985,
            34.923541
          ],
          [
            138.290014,
            34.923216
          ],
          [
            138.289815,
            34.92304
          ],
          [
            138.288571,
            34.922798
          ],
          [
            138.287487,
            34.922341
          ],
          [
            138.286248,
            34.921866
          ],
          [
            138.283528,
            34.920797
          ],
          [
            138.28252,
            34.920766
          ],
          [
            138.282423,
            34.920251
          ],
          [
            138.28252,
            34.919803
          ],
          [
            138.282412,
            34.919178
          ],
          [
            138.282037,
            34.917423
          ],
          [
            138.282407,
            34.916781
          ],
          [
            138.282386,
            34.916636
          ],
          [
            138.281581,
            34.915729
          ],
          [
            138.281704,
            34.915514
          ],
          [
            138.281618,
            34.915109
          ],
          [
            138.281581,
            34.914533
          ],
          [
            138.281634,
            34.913851
          ],
          [
            138.281522,
            34.913499
          ],
          [
            138.280792,
            34.911621
          ],
          [
            138.280696,
            34.911251
          ],
          [
            138.280674,
            34.910833
          ],
          [
            138.280385,
            34.910798
          ],
          [
            138.280835,
            34.909826
          ],
          [
            138.281468,
            34.908524
          ],
          [
            138.28186,
            34.907446
          ],
          [
            138.282745,
            34.905458
          ],
          [
            138.283281,
            34.904437
          ],
          [
            138.284687,
            34.902334
          ],
          [
            138.284547,
            34.902114
          ],
          [
            138.284515,
            34.901252
          ],
          [
            138.284193,
            34.900055
          ],
          [
            138.284,
            34.899122
          ],
          [
            138.283711,
            34.898322
          ],
          [
            138.283142,
            34.896773
          ],
          [
            138.282573,
            34.895198
          ],
          [
            138.282605,
            34.895066
          ],
          [
            138.282514,
            34.894912
          ],
          [
            138.28238,
            34.894278
          ],
          [
            138.282418,
            34.89408
          ],
          [
            138.28223,
            34.893759
          ],
          [
            138.282294,
            34.893543
          ],
          [
            138.28201,
            34.892663
          ],
          [
            138.281838,
            34.892377
          ],
          [
            138.281318,
            34.891889
          ],
          [
            138.280932,
            34.891493
          ],
          [
            138.280647,
            34.891405
          ],
          [
            138.280406,
            34.890938
          ],
          [
            138.280352,
            34.890604
          ],
          [
            138.280256,
            34.890164
          ],
          [
            138.28047,
            34.888941
          ],
          [
            138.281018,
            34.88799
          ],
          [
            138.281018,
            34.887506
          ],
          [
            138.280503,
            34.886353
          ],
          [
            138.280546,
            34.885896
          ],
          [
            138.279355,
            34.88506
          ],
          [
            138.278024,
            34.883942
          ],
          [
            138.276866,
            34.883291
          ],
          [
            138.276222,
            34.882296
          ],
          [
            138.275567,
            34.881214
          ],
          [
            138.274709,
            34.881583
          ],
          [
            138.273829,
            34.881663
          ],
          [
            138.273218,
            34.880888
          ],
          [
            138.272467,
            34.880316
          ],
          [
            138.27193,
            34.879392
          ],
          [
            138.271303,
            34.879621
          ],
          [
            138.270723,
            34.878996
          ],
          [
            138.269924,
            34.878195
          ],
          [
            138.269146,
            34.877684
          ],
          [
            138.2681,
            34.877108
          ],
          [
            138.266941,
            34.876456
          ],
          [
            138.265418,
            34.875493
          ],
          [
            138.264399,
            34.874758
          ],
          [
            138.263465,
            34.874326
          ],
          [
            138.262162,
            34.873754
          ],
          [
            138.259807,
            34.872738
          ],
          [
            138.25691,
            34.871818
          ],
          [
            138.255542,
            34.871329
          ],
          [
            138.254517,
            34.870788
          ],
          [
            138.253809,
            34.870647
          ],
          [
            138.253144,
            34.870541
          ],
          [
            138.25279,
            34.870313
          ],
          [
            138.252398,
            34.869842
          ],
          [
            138.251873,
            34.869133
          ],
          [
            138.251717,
            34.868636
          ],
          [
            138.251063,
            34.86721
          ],
          [
            138.250451,
            34.865365
          ],
          [
            138.250076,
            34.864463
          ],
          [
            138.249228,
            34.862927
          ],
          [
            138.249019,
            34.861981
          ],
          [
            138.248981,
            34.861281
          ],
          [
            138.248777,
            34.859163
          ],
          [
            138.248692,
            34.857693
          ],
          [
            138.248702,
            34.856478
          ],
          [
            138.248509,
            34.855501
          ],
          [
            138.248187,
            34.854779
          ],
          [
            138.247705,
            34.854374
          ],
          [
            138.247039,
            34.853952
          ],
          [
            138.246567,
            34.853617
          ],
          [
            138.245462,
            34.853652
          ],
          [
            138.24514,
            34.853476
          ],
          [
            138.244443,
            34.852578
          ],
          [
            138.243499,
            34.850984
          ],
          [
            138.242909,
            34.850324
          ],
          [
            138.242447,
            34.849655
          ],
          [
            138.241546,
            34.849083
          ],
          [
            138.241128,
            34.848458
          ],
          [
            138.240688,
            34.84792
          ],
          [
            138.239508,
            34.847269
          ],
          [
            138.23778,
            34.846362
          ],
          [
            138.236439,
            34.846001
          ],
          [
            138.235914,
            34.845851
          ],
          [
            138.234948,
            34.844909
          ],
          [
            138.234186,
            34.844759
          ],
          [
            138.233467,
            34.844504
          ],
          [
            138.231751,
            34.844302
          ],
          [
            138.230174,
            34.844354
          ],
          [
            138.229283,
            34.844214
          ],
          [
            138.227599,
            34.843835
          ],
          [
            138.226247,
            34.843351
          ],
          [
            138.225431,
            34.843016
          ],
          [
            138.22349,
            34.842884
          ],
          [
            138.22247,
            34.842761
          ],
          [
            138.219638,
            34.842039
          ],
          [
            138.218758,
            34.841889
          ],
          [
            138.217503,
            34.841457
          ],
          [
            138.216301,
            34.841246
          ],
          [
            138.215926,
            34.841299
          ],
          [
            138.21157,
            34.839591
          ],
          [
            138.209617,
            34.838754
          ],
          [
            138.206323,
            34.838094
          ],
          [
            138.204982,
            34.837838
          ],
          [
            138.204081,
            34.837777
          ],
          [
            138.202397,
            34.837671
          ],
          [
            138.201088,
            34.837354
          ],
          [
            138.200154,
            34.837019
          ],
          [
            138.199124,
            34.836509
          ],
          [
            138.198738,
            34.836271
          ],
          [
            138.198234,
            34.836051
          ],
          [
            138.197789,
            34.835989
          ],
          [
            138.197274,
            34.835967
          ],
          [
            138.195498,
            34.83558
          ],
          [
            138.193578,
            34.835192
          ],
          [
            138.192784,
            34.83506
          ],
          [
            138.192312,
            34.834985
          ],
          [
            138.191861,
            34.834849
          ],
          [
            138.191003,
            34.834809
          ],
          [
            138.189769,
            34.834642
          ],
          [
            138.188176,
            34.834347
          ],
          [
            138.187661,
            34.834179
          ],
          [
            138.1861,
            34.833576
          ],
          [
            138.185338,
            34.833387
          ],
          [
            138.184163,
            34.833145
          ],
          [
            138.182881,
            34.832665
          ],
          [
            138.181486,
            34.832198
          ],
          [
            138.179104,
            34.832458
          ],
          [
            138.177854,
            34.832616
          ],
          [
            138.176143,
            34.832761
          ],
          [
            138.174121,
            34.832938
          ],
          [
            138.17374,
            34.832955
          ],
          [
            138.172887,
            34.832621
          ],
          [
            138.171723,
            34.832524
          ],
          [
            138.169813,
            34.832572
          ],
          [
            138.16844,
            34.832713
          ],
          [
            138.166305,
            34.832898
          ],
          [
            138.164175,
            34.833065
          ],
          [
            138.163081,
            34.833171
          ],
          [
            138.161509,
            34.833444
          ],
          [
            138.161144,
            34.833316
          ],
          [
            138.160479,
            34.833277
          ],
          [
            138.15961,
            34.833083
          ],
          [
            138.158746,
            34.832929
          ],
          [
            138.157277,
            34.832378
          ],
          [
            138.156434,
            34.83189
          ],
          [
            138.155699,
            34.831295
          ],
          [
            138.155077,
            34.830991
          ],
          [
            138.154321,
            34.830652
          ],
          [
            138.154063,
            34.830503
          ],
          [
            138.15217,
            34.832211
          ],
          [
            138.150448,
            34.833783
          ],
          [
            138.150013,
            34.834272
          ],
          [
            138.147368,
            34.832783
          ],
          [
            138.143903,
            34.830815
          ],
          [
            138.140588,
            34.828961
          ],
          [
            138.14077,
            34.828759
          ],
          [
            138.141452,
            34.827927
          ],
          [
            138.141811,
            34.827451
          ],
          [
            138.140684,
            34.826953
          ],
          [
            138.140309,
            34.826892
          ],
          [
            138.139654,
            34.826773
          ],
          [
            138.138791,
            34.826694
          ],
          [
            138.137986,
            34.826724
          ],
          [
            138.137224,
            34.826786
          ],
          [
            138.136355,
            34.826821
          ],
          [
            138.135459,
            34.827011
          ],
          [
            138.134607,
            34.827033
          ],
          [
            138.133153,
            34.826967
          ],
          [
            138.132294,
            34.826698
          ],
          [
            138.131812,
            34.826214
          ],
          [
            138.131136,
            34.825122
          ],
          [
            138.130717,
            34.824382
          ],
          [
            138.130202,
            34.823721
          ],
          [
            138.128711,
            34.822629
          ],
          [
            138.127906,
            34.821916
          ],
          [
            138.127188,
            34.821088
          ],
          [
            138.126109,
            34.819903
          ],
          [
            138.126496,
            34.819599
          ],
          [
            138.126104,
            34.819154
          ],
          [
            138.126018,
            34.819022
          ],
          [
            138.125712,
            34.818705
          ],
          [
            138.125836,
            34.81808
          ],
          [
            138.1259,
            34.817727
          ],
          [
            138.125841,
            34.81745
          ],
          [
            138.125728,
            34.817199
          ],
          [
            138.125433,
            34.817313
          ],
          [
            138.125364,
            34.817291
          ],
          [
            138.125637,
            34.817036
          ],
          [
            138.125278,
            34.816701
          ],
          [
            138.12487,
            34.816715
          ],
          [
            138.124436,
            34.816582
          ],
          [
            138.124119,
            34.816111
          ],
          [
            138.123985,
            34.815807
          ],
          [
            138.123792,
            34.815578
          ],
          [
            138.123304,
            34.815235
          ],
          [
            138.1231,
            34.815041
          ],
          [
            138.123025,
            34.814816
          ],
          [
            138.122799,
            34.814675
          ],
          [
            138.122301,
            34.814719
          ],
          [
            138.121936,
            34.814675
          ],
          [
            138.121625,
            34.814759
          ],
          [
            138.121002,
            34.815226
          ],
          [
            138.120262,
            34.815569
          ],
          [
            138.119366,
            34.81582
          ],
          [
            138.118578,
            34.815851
          ],
          [
            138.117564,
            34.81605
          ],
          [
            138.117338,
            34.816036
          ],
          [
            138.116942,
            34.816001
          ],
          [
            138.116394,
            34.816133
          ],
          [
            138.116153,
            34.816138
          ],
          [
            138.115965,
            34.816274
          ],
          [
            138.115681,
            34.816486
          ],
          [
            138.115445,
            34.816675
          ],
          [
            138.115123,
            34.817071
          ],
          [
            138.114533,
            34.817987
          ],
          [
            138.114265,
            34.818159
          ],
          [
            138.113905,
            34.818296
          ],
          [
            138.113557,
            34.818414
          ],
          [
            138.113165,
            34.818287
          ],
          [
            138.112999,
            34.818221
          ],
          [
            138.112596,
            34.818287
          ],
          [
            138.112355,
            34.818238
          ],
          [
            138.112097,
            34.8183
          ],
          [
            138.111979,
            34.818234
          ],
          [
            138.111062,
            34.81804
          ],
          [
            138.110526,
            34.817895
          ],
          [
            138.11029,
            34.817939
          ],
          [
            138.109796,
            34.818207
          ],
          [
            138.109351,
            34.818591
          ],
          [
            138.108525,
            34.819146
          ],
          [
            138.108096,
            34.819251
          ],
          [
            138.10764,
            34.819286
          ],
          [
            138.107527,
            34.819163
          ],
          [
            138.107967,
            34.818912
          ],
          [
            138.108498,
            34.818357
          ],
          [
            138.108246,
            34.81819
          ],
          [
            138.10786,
            34.818084
          ],
          [
            138.107076,
            34.81826
          ],
          [
            138.106679,
            34.818428
          ],
          [
            138.106239,
            34.818481
          ],
          [
            138.10566,
            34.818626
          ],
          [
            138.104689,
            34.81889
          ],
          [
            138.104013,
            34.818895
          ],
          [
            138.103514,
            34.81904
          ],
          [
            138.102586,
            34.818974
          ],
          [
            138.101594,
            34.818806
          ],
          [
            138.100215,
            34.818604
          ],
          [
            138.098939,
            34.818216
          ],
          [
            138.098252,
            34.817899
          ],
          [
            138.097919,
            34.817683
          ],
          [
            138.097608,
            34.816922
          ],
          [
            138.097367,
            34.816164
          ],
          [
            138.096626,
            34.815741
          ],
          [
            138.095806,
            34.81516
          ],
          [
            138.094481,
            34.81446
          ],
          [
            138.093612,
            34.814002
          ],
          [
            138.092233,
            34.813169
          ],
          [
            138.09175,
            34.812359
          ],
          [
            138.091514,
            34.811526
          ],
          [
            138.091155,
            34.811271
          ],
          [
            138.090441,
            34.810597
          ],
          [
            138.08939,
            34.809593
          ],
          [
            138.088301,
            34.808509
          ],
          [
            138.088108,
            34.80813
          ],
          [
            138.088102,
            34.807879
          ],
          [
            138.088135,
            34.807523
          ],
          [
            138.087882,
            34.807201
          ],
          [
            138.086745,
            34.806483
          ],
          [
            138.085281,
            34.806003
          ],
          [
            138.084154,
            34.805448
          ],
          [
            138.08277,
            34.804897
          ],
          [
            138.081654,
            34.804373
          ],
          [
            138.08107,
            34.804017
          ],
          [
            138.080356,
            34.804043
          ],
          [
            138.079932,
            34.803787
          ],
          [
            138.079664,
            34.803576
          ],
          [
            138.079031,
            34.803453
          ],
          [
            138.078865,
            34.803501
          ],
          [
            138.078736,
            34.803607
          ],
          [
            138.078473,
            34.803532
          ],
          [
            138.078007,
            34.80355
          ],
          [
            138.077792,
            34.803431
          ],
          [
            138.077556,
            34.803492
          ],
          [
            138.077674,
            34.803307
          ],
          [
            138.077416,
            34.803343
          ],
          [
            138.077288,
            34.803285
          ],
          [
            138.077154,
            34.803409
          ],
          [
            138.077084,
            34.803924
          ],
          [
            138.076885,
            34.80421
          ],
          [
            138.076628,
            34.804365
          ],
          [
            138.076864,
            34.80466
          ],
          [
            138.076585,
            34.804827
          ],
          [
            138.076091,
            34.804735
          ],
          [
            138.075426,
            34.804475
          ],
          [
            138.075137,
            34.804184
          ],
          [
            138.074992,
            34.803942
          ],
          [
            138.075094,
            34.803497
          ],
          [
            138.075271,
            34.803246
          ],
          [
            138.075501,
            34.803034
          ],
          [
            138.076193,
            34.802492
          ],
          [
            138.076258,
            34.802365
          ],
          [
            138.076097,
            34.801603
          ],
          [
            138.07585,
            34.801114
          ],
          [
            138.075668,
            34.800598
          ],
          [
            138.075378,
            34.800264
          ],
          [
            138.074573,
            34.799418
          ],
          [
            138.074579,
            34.799145
          ],
          [
            138.074761,
            34.79877
          ],
          [
            138.074284,
            34.797735
          ],
          [
            138.073232,
            34.795268
          ],
          [
            138.07246,
            34.793118
          ],
          [
            138.071591,
            34.791162
          ],
          [
            138.071097,
            34.789629
          ],
          [
            138.070625,
            34.78881
          ],
          [
            138.070625,
            34.788413
          ],
          [
            138.070121,
            34.787559
          ],
          [
            138.069477,
            34.787065
          ],
          [
            138.06775,
            34.786025
          ],
          [
            138.06731,
            34.786043
          ],
          [
            138.065121,
            34.78629
          ],
          [
            138.064188,
            34.785973
          ],
          [
            138.063544,
            34.785611
          ],
          [
            138.063576,
            34.785444
          ],
          [
            138.062654,
            34.784342
          ],
          [
            138.061999,
            34.784043
          ],
          [
            138.061216,
            34.783884
          ],
          [
            138.060025,
            34.784149
          ],
          [
            138.057697,
            34.784254
          ],
          [
            138.055337,
            34.784219
          ],
          [
            138.053448,
            34.784536
          ],
          [
            138.052708,
            34.784483
          ],
          [
            138.051345,
            34.784246
          ],
          [
            138.049618,
            34.784351
          ],
          [
            138.047891,
            34.784483
          ],
          [
            138.047183,
            34.784325
          ],
          [
            138.044833,
            34.783655
          ],
          [
            138.044061,
            34.783162
          ],
          [
            138.042676,
            34.782289
          ],
          [
            138.042226,
            34.782131
          ],
          [
            138.04008,
            34.781646
          ],
          [
            138.039984,
            34.781338
          ],
          [
            138.037269,
            34.779716
          ],
          [
            138.034952,
            34.778544
          ],
          [
            138.033814,
            34.777769
          ],
          [
            138.030918,
            34.776914
          ],
          [
            138.02786,
            34.776156
          ],
          [
            138.024019,
            34.773442
          ],
          [
            138.023697,
            34.773301
          ],
          [
            138.023794,
            34.773094
          ],
          [
            138.02389,
            34.772375
          ],
          [
            138.022651,
            34.772204
          ],
          [
            138.02271,
            34.772063
          ],
          [
            138.022683,
            34.771723
          ],
          [
            138.021712,
            34.771662
          ],
          [
            138.02094,
            34.771657
          ],
          [
            138.020918,
            34.772032
          ],
          [
            138.020779,
            34.772111
          ],
          [
            138.020725,
            34.772336
          ],
          [
            138.019626,
            34.772314
          ],
          [
            138.019567,
            34.773089
          ],
          [
            138.018574,
            34.773036
          ],
          [
            138.016466,
            34.772931
          ],
          [
            138.014395,
            34.772825
          ],
          [
            138.01255,
            34.772798
          ],
          [
            138.010705,
            34.772719
          ],
          [
            138.008194,
            34.772622
          ],
          [
            138.004932,
            34.772913
          ],
          [
            138.004959,
            34.77316
          ],
          [
            138.003109,
            34.774667
          ],
          [
            138.00284,
            34.774737
          ],
          [
            138.002293,
            34.775275
          ],
          [
            138.001832,
            34.776491
          ],
          [
            138.000212,
            34.776566
          ],
          [
            137.999477,
            34.776442
          ],
          [
            137.996902,
            34.775909
          ],
          [
            137.99577,
            34.775698
          ],
          [
            137.995325,
            34.774394
          ],
          [
            137.994987,
            34.773336
          ],
          [
            137.994365,
            34.77197
          ],
          [
            137.993957,
            34.771582
          ],
          [
            137.991618,
            34.770692
          ],
          [
            137.989901,
            34.770093
          ],
          [
            137.988292,
            34.769476
          ],
          [
            137.985234,
            34.768824
          ],
          [
            137.984462,
            34.768824
          ],
          [
            137.983722,
            34.768982
          ],
          [
            137.982928,
            34.769088
          ],
          [
            137.982144,
            34.769635
          ],
          [
            137.980921,
            34.770181
          ],
          [
            137.979902,
            34.77041
          ],
          [
            137.979033,
            34.770243
          ],
          [
            137.977928,
            34.769599
          ],
          [
            137.977188,
            34.769837
          ],
          [
            137.976995,
            34.769643
          ],
          [
            137.976791,
            34.769009
          ],
          [
            137.975847,
            34.768595
          ],
          [
            137.974688,
            34.768233
          ],
          [
            137.973551,
            34.767616
          ],
          [
            137.972467,
            34.76677
          ],
          [
            137.971952,
            34.766294
          ],
          [
            137.970321,
            34.766162
          ],
          [
            137.96957,
            34.765915
          ],
          [
            137.967703,
            34.765219
          ],
          [
            137.966534,
            34.764787
          ],
          [
            137.965236,
            34.763932
          ],
          [
            137.963798,
            34.763148
          ],
          [
            137.96324,
            34.763205
          ],
          [
            137.963106,
            34.762698
          ],
          [
            137.963187,
            34.762707
          ],
          [
            137.963337,
            34.76283
          ],
          [
            137.961534,
            34.762901
          ],
          [
            137.961443,
            34.762782
          ],
          [
            137.961234,
            34.762725
          ],
          [
            137.961084,
            34.762504
          ],
          [
            137.960869,
            34.762579
          ],
          [
            137.960311,
            34.762024
          ],
          [
            137.959737,
            34.761623
          ],
          [
            137.95897,
            34.761032
          ],
          [
            137.958257,
            34.760645
          ],
          [
            137.95772,
            34.760526
          ],
          [
            137.957093,
            34.760473
          ],
          [
            137.955794,
            34.760089
          ],
          [
            137.954421,
            34.76001
          ],
          [
            137.953407,
            34.759913
          ],
          [
            137.952533,
            34.759895
          ],
          [
            137.951095,
            34.759516
          ],
          [
            137.950468,
            34.759485
          ],
          [
            137.94903,
            34.759516
          ],
          [
            137.948402,
            34.759314
          ],
          [
            137.947624,
            34.758952
          ],
          [
            137.9466,
            34.758873
          ],
          [
            137.945146,
            34.758639
          ],
          [
            137.944685,
            34.75852
          ],
          [
            137.943537,
            34.758639
          ],
          [
            137.943054,
            34.758626
          ],
          [
            137.942035,
            34.758238
          ],
          [
            137.941058,
            34.757842
          ],
          [
            137.939744,
            34.757423
          ],
          [
            137.939031,
            34.757229
          ],
          [
            137.938204,
            34.756929
          ],
          [
            137.936992,
            34.75689
          ],
          [
            137.935812,
            34.756612
          ],
          [
            137.934927,
            34.756224
          ],
          [
            137.933977,
            34.755753
          ],
          [
            137.932743,
            34.754986
          ],
          [
            137.931976,
            34.754532
          ],
          [
            137.930265,
            34.753505
          ],
          [
            137.929224,
            34.753073
          ],
          [
            137.928951,
            34.753165
          ],
          [
            137.928216,
            34.752698
          ],
          [
            137.928377,
            34.752363
          ],
          [
            137.927894,
            34.752178
          ],
          [
            137.927148,
            34.751416
          ],
          [
            137.926853,
            34.751103
          ],
          [
            137.926081,
            34.750058
          ],
          [
            137.925786,
            34.749965
          ],
          [
            137.926016,
            34.749375
          ],
          [
            137.9254,
            34.749159
          ],
          [
            137.92555,
            34.748916
          ],
          [
            137.925416,
            34.7487
          ],
          [
            137.92519,
            34.748269
          ],
          [
            137.92474,
            34.748017
          ],
          [
            137.923774,
            34.747647
          ],
          [
            137.922283,
            34.74718
          ],
          [
            137.920615,
            34.746642
          ],
          [
            137.919906,
            34.746642
          ],
          [
            137.919048,
            34.746748
          ],
          [
            137.918099,
            34.747435
          ],
          [
            137.917627,
            34.747466
          ],
          [
            137.916988,
            34.74729
          ],
          [
            137.915524,
            34.746823
          ],
          [
            137.914274,
            34.746364
          ],
          [
            137.912756,
            34.745871
          ],
          [
            137.911533,
            34.745527
          ],
          [
            137.908008,
            34.744363
          ],
          [
            137.905959,
            34.74379
          ],
          [
            137.905278,
            34.743896
          ],
          [
            137.904291,
            34.74394
          ],
          [
            137.903899,
            34.743892
          ],
          [
            137.902955,
            34.743583
          ],
          [
            137.90207,
            34.743358
          ],
          [
            137.900493,
            34.742653
          ],
          [
            137.898755,
            34.742252
          ],
          [
            137.895455,
            34.74148
          ],
          [
            137.893052,
            34.740775
          ],
          [
            137.890939,
            34.740123
          ],
          [
            137.890155,
            34.739814
          ],
          [
            137.889496,
            34.73955
          ],
          [
            137.889549,
            34.739356
          ],
          [
            137.889356,
            34.73932
          ],
          [
            137.889367,
            34.739206
          ],
          [
            137.888669,
            34.738968
          ],
          [
            137.888267,
            34.738716
          ],
          [
            137.887135,
            34.73802
          ],
          [
            137.885998,
            34.737363
          ],
          [
            137.885199,
            34.736953
          ],
          [
            137.88492,
            34.737041
          ],
          [
            137.884898,
            34.736883
          ],
          [
            137.884941,
            34.736719
          ],
          [
            137.885193,
            34.736164
          ],
          [
            137.884469,
            34.735877
          ],
          [
            137.883359,
            34.735291
          ],
          [
            137.882452,
            34.734859
          ],
          [
            137.881637,
            34.734612
          ],
          [
            137.880526,
            34.734211
          ],
          [
            137.878804,
            34.733537
          ],
          [
            137.877393,
            34.733131
          ],
          [
            137.876471,
            34.732769
          ],
          [
            137.875591,
            34.73232
          ],
          [
            137.874202,
            34.731531
          ],
          [
            137.873504,
            34.731032
          ],
          [
            137.87307,
            34.730887
          ],
          [
            137.872185,
            34.730913
          ],
          [
            137.871493,
            34.730755
          ],
          [
            137.87116,
            34.730741
          ],
          [
            137.870597,
            34.730358
          ],
          [
            137.870076,
            34.72993
          ],
          [
            137.869502,
            34.729666
          ],
          [
            137.868751,
            34.729242
          ],
          [
            137.867834,
            34.728744
          ],
          [
            137.867174,
            34.728339
          ],
          [
            137.866498,
            34.72803
          ],
          [
            137.86483,
            34.727351
          ],
          [
            137.86417,
            34.727104
          ],
          [
            137.863741,
            34.727038
          ],
          [
            137.863553,
            34.726937
          ],
          [
            137.862909,
            34.727113
          ],
          [
            137.861853,
            34.727104
          ],
          [
            137.859385,
            34.726994
          ],
          [
            137.858151,
            34.726985
          ],
          [
            137.857561,
            34.726915
          ],
          [
            137.853919,
            34.726333
          ],
          [
            137.853093,
            34.726006
          ],
          [
            137.85335,
            34.725627
          ],
          [
            137.853355,
            34.725292
          ],
          [
            137.853087,
            34.723824
          ],
          [
            137.852916,
            34.722982
          ],
          [
            137.85327,
            34.722206
          ],
          [
            137.853372,
            34.721791
          ],
          [
            137.853264,
            34.721549
          ],
          [
            137.85306,
            34.721355
          ],
          [
            137.852615,
            34.721099
          ],
          [
            137.852621,
            34.719344
          ],
          [
            137.85261,
            34.718758
          ],
          [
            137.852556,
            34.717153
          ],
          [
            137.852481,
            34.715826
          ],
          [
            137.852325,
            34.713325
          ],
          [
            137.852191,
            34.711729
          ],
          [
            137.850164,
            34.711835
          ],
          [
            137.848839,
            34.711949
          ],
          [
            137.847755,
            34.712324
          ],
          [
            137.846832,
            34.712739
          ],
          [
            137.844831,
            34.713519
          ],
          [
            137.84319,
            34.71415
          ],
          [
            137.841334,
            34.714635
          ],
          [
            137.8404,
            34.715049
          ],
          [
            137.839961,
            34.715305
          ],
          [
            137.836114,
            34.716897
          ],
          [
            137.831941,
            34.718599
          ],
          [
            137.828711,
            34.719631
          ],
          [
            137.826201,
            34.720751
          ],
          [
            137.823325,
            34.721809
          ],
          [
            137.822628,
            34.722197
          ],
          [
            137.822306,
            34.722206
          ],
          [
            137.820343,
            34.722938
          ],
          [
            137.819356,
            34.723167
          ],
          [
            137.817521,
            34.723229
          ],
          [
            137.816277,
            34.723264
          ],
          [
            137.814624,
            34.723202
          ],
          [
            137.813165,
            34.723141
          ],
          [
            137.813348,
            34.72486
          ],
          [
            137.814002,
            34.725751
          ],
          [
            137.814345,
            34.726531
          ],
          [
            137.814265,
            34.727691
          ],
          [
            137.814313,
            34.728974
          ],
          [
            137.814238,
            34.729569
          ],
          [
            137.813342,
            34.731623
          ],
          [
            137.813353,
            34.732703
          ],
          [
            137.813466,
            34.733488
          ],
          [
            137.813262,
            34.73411
          ],
          [
            137.813058,
            34.735688
          ],
          [
            137.813101,
            34.736719
          ],
          [
            137.813031,
            34.737041
          ],
          [
            137.812613,
            34.737222
          ],
          [
            137.811969,
            34.734841
          ],
          [
            137.811352,
            34.730318
          ],
          [
            137.811406,
            34.728678
          ],
          [
            137.811207,
            34.727554
          ],
          [
            137.810703,
            34.72654
          ],
          [
            137.811052,
            34.728308
          ],
          [
            137.806331,
            34.729533
          ],
          [
            137.801857,
            34.730636
          ],
          [
            137.801219,
            34.730737
          ],
          [
            137.801127,
            34.730521
          ],
          [
            137.801026,
            34.73042
          ],
          [
            137.801052,
            34.73023
          ],
          [
            137.800714,
            34.729384
          ],
          [
            137.800607,
            34.729088
          ],
          [
            137.800301,
            34.72911
          ],
          [
            137.800178,
            34.728806
          ],
          [
            137.798815,
            34.728766
          ],
          [
            137.796573,
            34.72874
          ],
          [
            137.795731,
            34.728705
          ],
          [
            137.794202,
            34.728718
          ],
          [
            137.792979,
            34.728634
          ],
          [
            137.79174,
            34.728453
          ],
          [
            137.790726,
            34.728176
          ],
          [
            137.789723,
            34.727805
          ],
          [
            137.788623,
            34.727259
          ],
          [
            137.787405,
            34.726147
          ],
          [
            137.785635,
            34.724966
          ],
          [
            137.783951,
            34.723934
          ],
          [
            137.782513,
            34.722955
          ],
          [
            137.780324,
            34.721121
          ],
          [
            137.7779,
            34.720433
          ],
          [
            137.772031,
            34.718467
          ],
          [
            137.767106,
            34.716624
          ],
          [
            137.764628,
            34.715292
          ],
          [
            137.759854,
            34.713211
          ],
          [
            137.755787,
            34.711597
          ],
          [
            137.753727,
            34.710565
          ],
          [
            137.751946,
            34.709877
          ],
          [
            137.749769,
            34.709277
          ],
          [
            137.746314,
            34.708475
          ],
          [
            137.7442,
            34.708016
          ],
          [
            137.741346,
            34.708201
          ],
          [
            137.737398,
            34.708201
          ],
          [
            137.731712,
            34.708201
          ],
          [
            137.729684,
            34.708166
          ],
          [
            137.727624,
            34.708025
          ],
          [
            137.728311,
            34.70559
          ],
          [
            137.728456,
            34.705485
          ],
          [
            137.728708,
            34.705348
          ],
          [
            137.728745,
            34.705185
          ],
          [
            137.728579,
            34.705158
          ],
          [
            137.728477,
            34.70503
          ],
          [
            137.728756,
            34.703522
          ],
          [
            137.72822,
            34.702195
          ],
          [
            137.726948,
            34.69991
          ],
          [
            137.724717,
            34.699531
          ],
          [
            137.724674,
            34.699394
          ],
          [
            137.723338,
            34.69819
          ],
          [
            137.721857,
            34.69673
          ],
          [
            137.721981,
            34.696351
          ],
          [
            137.721026,
            34.695994
          ],
          [
            137.719846,
            34.694869
          ],
          [
            137.718322,
            34.693497
          ],
          [
            137.712754,
            34.688284
          ],
          [
            137.712153,
            34.687984
          ],
          [
            137.708978,
            34.68801
          ],
          [
            137.707808,
            34.688001
          ],
          [
            137.704901,
            34.688125
          ],
          [
            137.701092,
            34.688469
          ],
          [
            137.698903,
            34.688575
          ],
          [
            137.695996,
            34.688487
          ],
          [
            137.691339,
            34.688248
          ],
          [
            137.6884,
            34.687878
          ],
          [
            137.683668,
            34.687807
          ],
          [
            137.68075,
            34.687781
          ],
          [
            137.677692,
            34.687834
          ],
          [
            137.67589,
            34.687904
          ],
          [
            137.674753,
            34.687843
          ],
          [
            137.673959,
            34.687878
          ],
          [
            137.672789,
            34.687649
          ],
          [
            137.668186,
            34.686687
          ],
          [
            137.665826,
            34.68614
          ],
          [
            137.662307,
            34.685443
          ],
          [
            137.659807,
            34.685011
          ],
          [
            137.656835,
            34.684596
          ],
          [
            137.653284,
            34.684084
          ],
          [
            137.651761,
            34.683899
          ],
          [
            137.649787,
            34.683599
          ],
          [
            137.645109,
            34.682999
          ],
          [
            137.642437,
            34.682655
          ],
          [
            137.64057,
            34.682814
          ],
          [
            137.636858,
            34.683167
          ],
          [
            137.634476,
            34.683255
          ],
          [
            137.631279,
            34.683634
          ],
          [
            137.628071,
            34.683696
          ],
          [
            137.620207,
            34.683776
          ],
          [
            137.618576,
            34.683873
          ],
          [
            137.615905,
            34.684058
          ],
          [
            137.614274,
            34.684226
          ],
          [
            137.612949,
            34.684261
          ],
          [
            137.609859,
            34.684556
          ],
          [
            137.608325,
            34.684671
          ],
          [
            137.607488,
            34.686471
          ],
          [
            137.605771,
            34.688222
          ],
          [
            137.604591,
            34.68902
          ],
          [
            137.604436,
            34.689236
          ],
          [
            137.603148,
            34.689783
          ],
          [
            137.601421,
            34.69056
          ],
          [
            137.600187,
            34.690754
          ],
          [
            137.599796,
            34.690939
          ],
          [
            137.597655,
            34.691843
          ],
          [
            137.597446,
            34.69187
          ],
          [
            137.596175,
            34.692426
          ],
          [
            137.59398,
            34.693162
          ],
          [
            137.59206,
            34.69359
          ],
          [
            137.590258,
            34.69389
          ],
          [
            137.589946,
            34.693907
          ],
          [
            137.589759,
            34.694013
          ],
          [
            137.584271,
            34.694022
          ],
          [
            137.583702,
            34.694062
          ],
          [
            137.583579,
            34.693956
          ],
          [
            137.58249,
            34.694018
          ],
          [
            137.578949,
            34.694027
          ],
          [
            137.574234,
            34.694044
          ],
          [
            137.57277,
            34.694018
          ],
          [
            137.569562,
            34.693921
          ],
          [
            137.566499,
            34.693872
          ],
          [
            137.565195,
            34.693938
          ],
          [
            137.562711,
            34.694172
          ],
          [
            137.562003,
            34.694234
          ],
          [
            137.561569,
            34.69434
          ],
          [
            137.560501,
            34.694675
          ],
          [
            137.559117,
            34.695037
          ],
          [
            137.559004,
            34.694146
          ],
          [
            137.558822,
            34.692725
          ],
          [
            137.558726,
            34.692439
          ],
          [
            137.558334,
            34.69149
          ],
          [
            137.55806,
            34.690776
          ],
          [
            137.558135,
            34.688919
          ],
          [
            137.557272,
            34.688548
          ],
          [
            137.557551,
            34.68741
          ],
          [
            137.557631,
            34.687163
          ],
          [
            137.55563,
            34.686519
          ],
          [
            137.555314,
            34.686568
          ],
          [
            137.553227,
            34.686599
          ],
          [
            137.551902,
            34.687013
          ],
          [
            137.5515,
            34.686956
          ],
          [
            137.550073,
            34.686621
          ],
          [
            137.549273,
            34.686533
          ],
          [
            137.548361,
            34.68625
          ],
          [
            137.546285,
            34.685589
          ],
          [
            137.54517,
            34.685328
          ],
          [
            137.544285,
            34.684821
          ],
          [
            137.542825,
            34.684248
          ],
          [
            137.539687,
            34.683992
          ],
          [
            137.538368,
            34.683802
          ],
          [
            137.53796,
            34.683714
          ],
          [
            137.535852,
            34.683529
          ],
          [
            137.534838,
            34.683321
          ],
          [
            137.533073,
            34.682986
          ],
          [
            137.532011,
            34.682915
          ],
          [
            137.531201,
            34.682699
          ],
          [
            137.530584,
            34.682629
          ],
          [
            137.530037,
            34.682395
          ],
          [
            137.528449,
            34.681936
          ],
          [
            137.526818,
            34.681513
          ],
          [
            137.525927,
            34.681244
          ],
          [
            137.525032,
            34.681129
          ],
          [
            137.523744,
            34.681107
          ],
          [
            137.523063,
            34.68112
          ],
          [
            137.521486,
            34.680869
          ],
          [
            137.520649,
            34.680622
          ],
          [
            137.518562,
            34.680277
          ],
          [
            137.51691,
            34.680039
          ],
          [
            137.514523,
            34.679673
          ],
          [
            137.513192,
            34.679611
          ],
          [
            137.512688,
            34.680604
          ],
          [
            137.51227,
            34.681336
          ],
          [
            137.511798,
            34.681689
          ],
          [
            137.511406,
            34.681711
          ],
          [
            137.511127,
            34.681482
          ],
          [
            137.510628,
            34.681499
          ],
          [
            137.510424,
            34.681861
          ],
          [
            137.510478,
            34.682205
          ],
          [
            137.510237,
            34.682532
          ],
          [
            137.509614,
            34.683061
          ],
          [
            137.50889,
            34.68382
          ],
          [
            137.508531,
            34.68389
          ],
          [
            137.507903,
            34.683657
          ],
          [
            137.50727,
            34.684009
          ],
          [
            137.506122,
            34.685359
          ],
          [
            137.505757,
            34.685637
          ],
          [
            137.504432,
            34.686391
          ],
          [
            137.502919,
            34.687234
          ],
          [
            137.502694,
            34.687212
          ],
          [
            137.500908,
            34.688526
          ],
          [
            137.500269,
            34.689038
          ],
          [
            137.499846,
            34.689678
          ],
          [
            137.499299,
            34.690943
          ],
          [
            137.498757,
            34.691799
          ],
          [
            137.498065,
            34.692747
          ],
          [
            137.497534,
            34.693409
          ],
          [
            137.496809,
            34.694221
          ],
          [
            137.49653,
            34.694335
          ],
          [
            137.495463,
            34.694534
          ],
          [
            137.495222,
            34.694538
          ],
          [
            137.494766,
            34.694697
          ],
          [
            137.494567,
            34.694851
          ],
          [
            137.49402,
            34.695032
          ],
          [
            137.493323,
            34.695037
          ],
          [
            137.493103,
            34.694957
          ],
          [
            137.491306,
            34.69516
          ],
          [
            137.490233,
            34.695253
          ],
          [
            137.48887,
            34.69576
          ],
          [
            137.488387,
            34.696219
          ],
          [
            137.487931,
            34.696501
          ],
          [
            137.486816,
            34.698102
          ],
          [
            137.485946,
            34.699227
          ],
          [
            137.484638,
            34.700364
          ],
          [
            137.482685,
            34.701604
          ],
          [
            137.481945,
            34.702415
          ],
          [
            137.481269,
            34.703597
          ],
          [
            137.478147,
            34.706428
          ],
          [
            137.477299,
            34.708078
          ],
          [
            137.476258,
            34.709321
          ],
          [
            137.472879,
            34.7115
          ],
          [
            137.47069,
            34.713678
          ],
          [
            137.468491,
            34.715266
          ],
          [
            137.466635,
            34.717073
          ],
          [
            137.460948,
            34.72001
          ],
          [
            137.459586,
            34.720469
          ],
          [
            137.458792,
            34.72061
          ],
          [
            137.458974,
            34.721306
          ],
          [
            137.458223,
            34.721897
          ],
          [
            137.457022,
            34.722056
          ],
          [
            137.45685,
            34.722232
          ],
          [
            137.456217,
            34.722206
          ],
          [
            137.455305,
            34.722523
          ],
          [
            137.454093,
            34.722761
          ],
          [
            137.45258,
            34.723167
          ],
          [
            137.451786,
            34.723299
          ],
          [
            137.450037,
            34.72385
          ],
          [
            137.449216,
            34.72408
          ],
          [
            137.448846,
            34.72426
          ],
          [
            137.445043,
            34.725301
          ],
          [
            137.444614,
            34.725394
          ],
          [
            137.443943,
            34.725438
          ],
          [
            137.442082,
            34.725685
          ],
          [
            137.437817,
            34.726368
          ],
          [
            137.436272,
            34.726712
          ],
          [
            137.435387,
            34.727307
          ],
          [
            137.434786,
            34.727488
          ],
          [
            137.434706,
            34.727902
          ],
          [
            137.43462,
            34.728334
          ],
          [
            137.433971,
            34.729445
          ],
          [
            137.433729,
            34.730728
          ],
          [
            137.433536,
            34.731804
          ],
          [
            137.433499,
            34.73325
          ],
          [
            137.43352,
            34.734251
          ],
          [
            137.431675,
            34.734401
          ],
          [
            137.430602,
            34.73526
          ],
          [
            137.427667,
            34.736715
          ],
          [
            137.424803,
            34.738452
          ],
          [
            137.423848,
            34.738946
          ],
          [
            137.422866,
            34.739942
          ],
          [
            137.422351,
            34.740559
          ],
          [
            137.42189,
            34.740934
          ],
          [
            137.420265,
            34.742053
          ],
          [
            137.417513,
            34.743896
          ],
          [
            137.416118,
            34.744764
          ],
          [
            137.415201,
            34.745302
          ],
          [
            137.414879,
            34.74573
          ],
          [
            137.41475,
            34.746285
          ],
          [
            137.414369,
            34.746854
          ],
          [
            137.413892,
            34.747418
          ],
          [
            137.4135,
            34.748559
          ],
          [
            137.412508,
            34.751733
          ],
          [
            137.411671,
            34.753267
          ],
          [
            137.411124,
            34.754527
          ],
          [
            137.409986,
            34.756123
          ],
          [
            137.408452,
            34.758265
          ],
          [
            137.404708,
            34.762363
          ],
          [
            137.403141,
            34.763879
          ],
          [
            137.399783,
            34.765915
          ],
          [
            137.399628,
            34.765444
          ],
          [
            137.399488,
            34.765298
          ],
          [
            137.39849,
            34.765505
          ],
          [
            137.398319,
            34.764866
          ],
          [
            137.39503,
            34.765598
          ],
          [
            137.393437,
            34.765959
          ],
          [
            137.393239,
            34.765514
          ],
          [
            137.391345,
            34.766105
          ],
          [
            137.390235,
            34.766453
          ],
          [
            137.387998,
            34.767127
          ],
          [
            137.385948,
            34.767572
          ],
          [
            137.386431,
            34.769388
          ],
          [
            137.386437,
            34.770842
          ],
          [
            137.38339,
            34.771344
          ],
          [
            137.38384,
            34.772781
          ],
          [
            137.385321,
            34.774402
          ],
          [
            137.384473,
            34.775063
          ],
          [
            137.383218,
            34.776121
          ],
          [
            137.380922,
            34.778483
          ],
          [
            137.37942,
            34.779108
          ],
          [
            137.37854,
            34.779848
          ],
          [
            137.377789,
            34.780774
          ],
          [
            137.376748,
            34.78199
          ],
          [
            137.375161,
            34.784298
          ],
          [
            137.374002,
            34.785629
          ],
          [
            137.372543,
            34.7874
          ],
          [
            137.371362,
            34.788854
          ],
          [
            137.369893,
            34.790378
          ],
          [
            137.368841,
            34.791577
          ],
          [
            137.365998,
            34.794881
          ],
          [
            137.365161,
            34.795788
          ],
          [
            137.364764,
            34.796502
          ],
          [
            137.363992,
            34.799647
          ],
          [
            137.362404,
            34.801409
          ],
          [
            137.360923,
            34.803109
          ],
          [
            137.358842,
            34.80547
          ],
          [
            137.357158,
            34.807126
          ],
          [
            137.354347,
            34.810324
          ],
          [
            137.351321,
            34.81361
          ],
          [
            137.34983,
            34.815345
          ],
          [
            137.347641,
            34.817864
          ],
          [
            137.347105,
            34.818428
          ],
          [
            137.345989,
            34.819097
          ],
          [
            137.345495,
            34.819634
          ],
          [
            137.345002,
            34.820418
          ],
          [
            137.343993,
            34.821035
          ],
          [
            137.343457,
            34.821264
          ],
          [
            137.342234,
            34.82247
          ],
          [
            137.340785,
            34.824073
          ],
          [
            137.339015,
            34.825941
          ],
          [
            137.337416,
            34.827649
          ],
          [
            137.337159,
            34.828028
          ],
          [
            137.333865,
            34.829411
          ],
          [
            137.331634,
            34.830467
          ],
          [
            137.330775,
            34.831145
          ],
          [
            137.329788,
            34.832493
          ],
          [
            137.326859,
            34.833673
          ],
          [
            137.325786,
            34.834316
          ],
          [
            137.325475,
            34.835038
          ],
          [
            137.325132,
            34.836077
          ],
          [
            137.324338,
            34.836773
          ],
          [
            137.323802,
            34.837918
          ],
          [
            137.322954,
            34.83893
          ],
          [
            137.322407,
            34.839687
          ],
          [
            137.321409,
            34.840638
          ],
          [
            137.320272,
            34.841589
          ],
          [
            137.319531,
            34.842039
          ],
          [
            137.31878,
            34.842347
          ],
          [
            137.317579,
            34.842884
          ],
          [
            137.317375,
            34.843042
          ],
          [
            137.317032,
            34.843632
          ],
          [
            137.318029,
            34.844161
          ],
          [
            137.317509,
            34.844825
          ],
          [
            137.316463,
            34.845829
          ],
          [
            137.315953,
            34.846661
          ],
          [
            137.315782,
            34.847229
          ],
          [
            137.315326,
            34.848039
          ],
          [
            137.314714,
            34.848673
          ],
          [
            137.314226,
            34.849206
          ],
          [
            137.313572,
            34.849734
          ],
          [
            137.312847,
            34.850756
          ],
          [
            137.31207,
            34.851447
          ],
          [
            137.311292,
            34.851957
          ],
          [
            137.310906,
            34.852547
          ],
          [
            137.310643,
            34.853467
          ],
          [
            137.309918,
            34.85444
          ],
          [
            137.308888,
            34.855206
          ],
          [
            137.308052,
            34.855897
          ],
          [
            137.307022,
            34.856817
          ],
          [
            137.306448,
            34.857244
          ],
          [
            137.304661,
            34.858719
          ],
          [
            137.303776,
            34.859969
          ],
          [
            137.303277,
            34.860638
          ],
          [
            137.3028,
            34.861237
          ],
          [
            137.301003,
            34.863407
          ],
          [
            137.300037,
            34.863803
          ],
          [
            137.297248,
            34.864674
          ],
          [
            137.296003,
            34.865026
          ],
          [
            137.294512,
            34.865748
          ],
          [
            137.293847,
            34.866105
          ],
          [
            137.292076,
            34.866805
          ],
          [
            137.290633,
            34.867456
          ],
          [
            137.28919,
            34.868011
          ],
          [
            137.288257,
            34.868499
          ],
          [
            137.287082,
            34.869349
          ],
          [
            137.286594,
            34.869762
          ],
          [
            137.286449,
            34.870401
          ],
          [
            137.285736,
            34.871061
          ],
          [
            137.284711,
            34.87184
          ],
          [
            137.28411,
            34.872377
          ],
          [
            137.28322,
            34.872768
          ],
          [
            137.282603,
            34.872883
          ],
          [
            137.281761,
            34.87323
          ],
          [
            137.281053,
            34.873393
          ],
          [
            137.280242,
            34.873644
          ],
          [
            137.279974,
            34.87375
          ],
          [
            137.279384,
            34.874384
          ],
          [
            137.278939,
            34.874498
          ],
          [
            137.278858,
            34.87467
          ],
          [
            137.278242,
            34.87485
          ],
          [
            137.277571,
            34.875198
          ],
          [
            137.277174,
            34.875488
          ],
          [
            137.27608,
            34.876214
          ],
          [
            137.273768,
            34.878023
          ],
          [
            137.271692,
            34.879295
          ],
          [
            137.269868,
            34.880395
          ],
          [
            137.267293,
            34.882719
          ],
          [
            137.26563,
            34.884144
          ],
          [
            137.265501,
            34.884087
          ],
          [
            137.265029,
            34.884813
          ],
          [
            137.264809,
            34.885588
          ],
          [
            137.264589,
            34.886406
          ],
          [
            137.264493,
            34.886974
          ],
          [
            137.264278,
            34.888127
          ],
          [
            137.26409,
            34.888171
          ],
          [
            137.263597,
            34.888554
          ],
          [
            137.262948,
            34.889231
          ],
          [
            137.262186,
            34.890058
          ],
          [
            137.261151,
            34.890938
          ],
          [
            137.260485,
            34.891444
          ],
          [
            137.25975,
            34.891863
          ],
          [
            137.25915,
            34.892395
          ],
          [
            137.258425,
            34.892993
          ],
          [
            137.257884,
            34.893385
          ],
          [
            137.257186,
            34.893689
          ],
          [
            137.256178,
            34.893909
          ],
          [
            137.255534,
            34.89408
          ],
          [
            137.254488,
            34.894472
          ],
          [
            137.25386,
            34.894718
          ],
          [
            137.253576,
            34.894815
          ],
          [
            137.253715,
            34.895026
          ],
          [
            137.25275,
            34.895418
          ],
          [
            137.250894,
            34.896425
          ],
          [
            137.249204,
            34.89716
          ],
          [
            137.247557,
            34.897895
          ],
          [
            137.246463,
            34.898168
          ],
          [
            137.245803,
            34.898269
          ],
          [
            137.245556,
            34.898414
          ],
          [
            137.243941,
            34.898722
          ],
          [
            137.243609,
            34.898792
          ],
          [
            137.242391,
            34.899399
          ],
          [
            137.241613,
            34.899729
          ],
          [
            137.240691,
            34.900121
          ],
          [
            137.239441,
            34.900763
          ],
          [
            137.238523,
            34.901256
          ],
          [
            137.237783,
            34.901604
          ],
          [
            137.237188,
            34.901986
          ],
          [
            137.236898,
            34.90233
          ],
          [
            137.235884,
            34.903082
          ],
          [
            137.235358,
            34.903377
          ],
          [
            137.235117,
            34.903588
          ],
          [
            137.234055,
            34.905189
          ],
          [
            137.233121,
            34.906021
          ],
          [
            137.231829,
            34.906733
          ],
          [
            137.230337,
            34.907596
          ],
          [
            137.229887,
            34.907877
          ],
          [
            137.229576,
            34.908
          ],
          [
            137.229914,
            34.90789
          ],
          [
            137.229704,
            34.907934
          ],
          [
            137.229238,
            34.908308
          ],
          [
            137.229077,
            34.908308
          ],
          [
            137.228481,
            34.908731
          ],
          [
            137.228728,
            34.909171
          ],
          [
            137.227076,
            34.909751
          ],
          [
            137.224351,
            34.910697
          ],
          [
            137.22257,
            34.911203
          ],
          [
            137.221727,
            34.911322
          ],
          [
            137.219882,
            34.911674
          ],
          [
            137.218949,
            34.911832
          ],
          [
            137.217978,
            34.912364
          ],
          [
            137.217001,
            34.912883
          ],
          [
            137.216047,
            34.91342
          ],
          [
            137.213981,
            34.914053
          ],
          [
            137.213531,
            34.914335
          ],
          [
            137.212549,
            34.91529
          ],
          [
            137.21197,
            34.915857
          ],
          [
            137.210752,
            34.916754
          ],
          [
            137.209164,
            34.917982
          ],
          [
            137.208971,
            34.918219
          ],
          [
            137.208654,
            34.918496
          ],
          [
            137.207839,
            34.919222
          ],
          [
            137.206428,
            34.920678
          ],
          [
            137.202823,
            34.924342
          ],
          [
            137.202684,
            34.924293
          ],
          [
            137.201402,
            34.925112
          ],
          [
            137.200184,
            34.925389
          ],
          [
            137.199755,
            34.925666
          ],
          [
            137.199186,
            34.926215
          ],
          [
            137.198698,
            34.926655
          ],
          [
            137.198054,
            34.927328
          ],
          [
            137.197593,
            34.927869
          ],
          [
            137.196531,
            34.929294
          ],
          [
            137.196225,
            34.92973
          ],
          [
            137.196096,
            34.930521
          ],
          [
            137.195951,
            34.931089
          ],
          [
            137.195946,
            34.931089
          ],
          [
            137.19564,
            34.932408
          ],
          [
            137.195426,
            34.933455
          ],
          [
            137.195581,
            34.933547
          ],
          [
            137.196016,
            34.933516
          ],
          [
            137.196407,
            34.933468
          ],
          [
            137.196348,
            34.934418
          ],
          [
            137.196284,
            34.935271
          ],
          [
            137.196214,
            34.935522
          ],
          [
            137.195061,
            34.935324
          ],
          [
            137.194932,
            34.935346
          ],
          [
            137.195206,
            34.936133
          ],
          [
            137.195506,
            34.936854
          ],
          [
            137.195662,
            34.937131
          ],
          [
            137.195774,
            34.937602
          ],
          [
            137.195737,
            34.938085
          ],
          [
            137.19549,
            34.938802
          ],
          [
            137.195168,
            34.93962
          ],
          [
            137.194793,
            34.94017
          ],
          [
            137.193881,
            34.9413
          ],
          [
            137.193537,
            34.941625
          ],
          [
            137.193022,
            34.941995
          ],
          [
            137.192245,
            34.942549
          ],
          [
            137.191451,
            34.942672
          ],
          [
            137.190303,
            34.944106
          ],
          [
            137.19048,
            34.944497
          ],
          [
            137.19019,
            34.944814
          ],
          [
            137.190029,
            34.944937
          ],
          [
            137.189863,
            34.945372
          ],
          [
            137.189874,
            34.945653
          ],
          [
            137.189498,
            34.945944
          ],
          [
            137.189021,
            34.946089
          ],
          [
            137.188715,
            34.946124
          ],
          [
            137.188125,
            34.946594
          ],
          [
            137.187299,
            34.947082
          ],
          [
            137.186875,
            34.947456
          ],
          [
            137.186258,
            34.94801
          ],
          [
            137.185679,
            34.948199
          ],
          [
            137.185067,
            34.948397
          ],
          [
            137.184284,
            34.948687
          ],
          [
            137.183484,
            34.949057
          ],
          [
            137.183275,
            34.949778
          ],
          [
            137.182514,
            34.950477
          ],
          [
            137.181966,
            34.950921
          ],
          [
            137.181548,
            34.951427
          ],
          [
            137.181382,
            34.951708
          ],
          [
            137.181843,
            34.952565
          ],
          [
            137.180212,
            34.953177
          ],
          [
            137.179209,
            34.953546
          ],
          [
            137.178249,
            34.953906
          ],
          [
            137.176725,
            34.954865
          ],
          [
            137.175631,
            34.955199
          ],
          [
            137.175947,
            34.955881
          ],
          [
            137.173179,
            34.956712
          ],
          [
            137.170524,
            34.957525
          ],
          [
            137.169054,
            34.957973
          ],
          [
            137.168818,
            34.95749
          ],
          [
            137.168099,
            34.957727
          ],
          [
            137.167332,
            34.957951
          ],
          [
            137.167128,
            34.957991
          ],
          [
            137.167327,
            34.958505
          ],
          [
            137.167161,
            34.958558
          ],
          [
            137.167257,
            34.959596
          ],
          [
            137.167053,
            34.959662
          ],
          [
            137.165911,
            34.959618
          ],
          [
            137.163894,
            34.959578
          ],
          [
            137.163089,
            34.959552
          ],
          [
            137.163169,
            34.960308
          ],
          [
            137.162118,
            34.960273
          ],
          [
            137.162156,
            34.961636
          ],
          [
            137.160273,
            34.961715
          ],
          [
            137.158433,
            34.961917
          ],
          [
            137.158358,
            34.961055
          ],
          [
            137.158417,
            34.960167
          ],
          [
            137.157757,
            34.960123
          ],
          [
            137.157311,
            34.960136
          ],
          [
            137.156968,
            34.958976
          ],
          [
            137.156882,
            34.958633
          ],
          [
            137.155568,
            34.958734
          ],
          [
            137.155509,
            34.958646
          ],
          [
            137.155557,
            34.958519
          ],
          [
            137.156067,
            34.958466
          ],
          [
            137.156003,
            34.958176
          ],
          [
            137.156045,
            34.957573
          ],
          [
            137.156094,
            34.957046
          ],
          [
            137.156137,
            34.956219
          ],
          [
            137.155032,
            34.956404
          ],
          [
            137.153862,
            34.956707
          ],
          [
            137.152907,
            34.956879
          ],
          [
            137.151336,
            34.957226
          ],
          [
            137.150762,
            34.957367
          ],
          [
            137.151137,
            34.958158
          ],
          [
            137.151405,
            34.958721
          ],
          [
            137.151668,
            34.958703
          ],
          [
            137.151496,
            34.958782
          ],
          [
            137.150939,
            34.958839
          ],
          [
            137.149512,
            34.959081
          ],
          [
            137.147602,
            34.959679
          ],
          [
            137.147918,
            34.960176
          ],
          [
            137.146282,
            34.960919
          ],
          [
            137.145016,
            34.961491
          ],
          [
            137.143718,
            34.962115
          ],
          [
            137.142854,
            34.962695
          ],
          [
            137.141857,
            34.963174
          ],
          [
            137.140011,
            34.964383
          ],
          [
            137.139239,
            34.964673
          ],
          [
            137.138064,
            34.965003
          ],
          [
            137.136916,
            34.965117
          ],
          [
            137.136256,
            34.965157
          ],
          [
            137.134851,
            34.965711
          ],
          [
            137.133923,
            34.966234
          ],
          [
            137.1319,
            34.967707
          ],
          [
            137.131106,
            34.968265
          ],
          [
            137.130479,
            34.968489
          ],
          [
            137.129384,
            34.968815
          ],
          [
            137.128499,
            34.969157
          ],
          [
            137.127695,
            34.969298
          ],
          [
            137.127287,
            34.969465
          ],
          [
            137.126262,
            34.970059
          ],
          [
            137.125104,
            34.970907
          ],
          [
            137.123736,
            34.971474
          ],
          [
            137.121214,
            34.972358
          ],
          [
            137.120254,
            34.972947
          ],
          [
            137.118698,
            34.974577
          ],
          [
            137.118151,
            34.975246
          ],
          [
            137.11695,
            34.976481
          ],
          [
            137.116032,
            34.977329
          ],
          [
            137.115126,
            34.978032
          ],
          [
            137.114235,
            34.979153
          ],
          [
            137.112696,
            34.980441
          ],
          [
            137.111751,
            34.981113
          ],
          [
            137.10952,
            34.98281
          ],
          [
            137.10694,
            34.984669
          ],
          [
            137.105073,
            34.985865
          ],
          [
            137.103292,
            34.986744
          ],
          [
            137.102326,
            34.987122
          ],
          [
            137.100395,
            34.987711
          ],
          [
            137.098013,
            34.988581
          ],
          [
            137.095417,
            34.989671
          ],
          [
            137.09384,
            34.990145
          ],
          [
            137.092048,
            34.990488
          ],
          [
            137.090235,
            34.990743
          ],
          [
            137.086598,
            34.991701
          ],
          [
            137.084549,
            34.992527
          ],
          [
            137.0828,
            34.993661
          ],
          [
            137.081512,
            34.994672
          ],
          [
            137.080096,
            34.995551
          ],
          [
            137.077682,
            34.99708
          ],
          [
            137.07618,
            34.998513
          ],
          [
            137.074882,
            34.999963
          ],
          [
            137.073144,
            35.000877
          ],
          [
            137.070816,
            35.00143
          ],
          [
            137.067232,
            35.002292
          ],
          [
            137.065988,
            35.002353
          ],
          [
            137.064636,
            35.002186
          ],
          [
            137.062522,
            35.001914
          ],
          [
            137.061213,
            35.002063
          ],
          [
            137.059089,
            35.002529
          ],
          [
            137.056342,
            35.003047
          ],
          [
            137.054282,
            35.003557
          ],
          [
            137.052888,
            35.004067
          ],
          [
            137.051257,
            35.004691
          ],
          [
            137.049519,
            35.005376
          ],
          [
            137.047319,
            35.006
          ],
          [
            137.045367,
            35.006475
          ],
          [
            137.043607,
            35.007187
          ],
          [
            137.043189,
            35.007274
          ],
          [
            137.04261,
            35.007705
          ],
          [
            137.041462,
            35.008724
          ],
          [
            137.040378,
            35.009243
          ],
          [
            137.040743,
            35.009972
          ],
          [
            137.040346,
            35.010218
          ],
          [
            137.039756,
            35.010789
          ],
          [
            137.039563,
            35.011545
          ],
          [
            137.039563,
            35.012371
          ],
          [
            137.039294,
            35.012854
          ],
          [
            137.039058,
            35.01368
          ],
          [
            137.038307,
            35.014164
          ],
          [
            137.037835,
            35.014164
          ],
          [
            137.037374,
            35.015447
          ],
          [
            137.036848,
            35.015781
          ],
          [
            137.035775,
            35.0168
          ],
          [
            137.034499,
            35.01803
          ],
          [
            137.032707,
            35.020077
          ],
          [
            137.031741,
            35.020868
          ],
          [
            137.03054,
            35.021641
          ],
          [
            137.030186,
            35.022515
          ],
          [
            137.029359,
            35.023495
          ],
          [
            137.028823,
            35.023912
          ],
          [
            137.028533,
            35.024009
          ],
          [
            137.027514,
            35.024176
          ],
          [
            137.026833,
            35.024299
          ],
          [
            137.026484,
            35.024396
          ],
          [
            137.026055,
            35.024659
          ],
          [
            137.025738,
            35.024677
          ],
          [
            137.024848,
            35.024892
          ],
          [
            137.023791,
            35.025195
          ],
          [
            137.023341,
            35.025336
          ],
          [
            137.022734,
            35.025929
          ],
          [
            137.021774,
            35.026974
          ],
          [
            137.021189,
            35.027427
          ],
          [
            137.020556,
            35.027835
          ],
          [
            137.019612,
            35.028397
          ],
          [
            137.018791,
            35.028973
          ],
          [
            137.018164,
            35.029478
          ],
          [
            137.017568,
            35.030168
          ],
          [
            137.016753,
            35.031156
          ],
          [
            137.016318,
            35.031732
          ],
          [
            137.016131,
            35.032342
          ],
          [
            137.015943,
            35.033607
          ],
          [
            137.015825,
            35.034046
          ],
          [
            137.015809,
            35.034266
          ],
          [
            137.015031,
            35.035751
          ],
          [
            137.014822,
            35.036317
          ],
          [
            137.0142,
            35.037301
          ],
          [
            137.01355,
            35.037868
          ],
          [
            137.012757,
            35.038518
          ],
          [
            137.011673,
            35.039172
          ],
          [
            137.01133,
            35.039712
          ],
          [
            137.011088,
            35.039849
          ],
          [
            137.010788,
            35.03977
          ],
          [
            137.010289,
            35.04031
          ],
          [
            137.008991,
            35.041553
          ],
          [
            137.007714,
            35.042809
          ],
          [
            137.007285,
            35.043305
          ],
          [
            137.005311,
            35.045971
          ],
          [
            137.004764,
            35.04634
          ],
          [
            137.004334,
            35.046709
          ],
          [
            137.003251,
            35.047662
          ],
          [
            137.002323,
            35.048505
          ],
          [
            137.001475,
            35.049243
          ],
          [
            137.00007,
            35.050424
          ],
          [
            136.999345,
            35.050929
          ],
          [
            136.998058,
            35.051764
          ],
          [
            136.996856,
            35.052519
          ],
          [
            136.996025,
            35.052743
          ],
          [
            136.995816,
            35.053186
          ],
          [
            136.994759,
            35.0537
          ],
          [
            136.993944,
            35.054038
          ],
          [
            136.993375,
            35.054526
          ],
          [
            136.992876,
            35.055088
          ],
          [
            136.992195,
            35.055685
          ],
          [
            136.991615,
            35.056102
          ],
          [
            136.991165,
            35.056493
          ],
          [
            136.990001,
            35.0576
          ],
          [
            136.989287,
            35.0581
          ],
          [
            136.988273,
            35.058667
          ],
          [
            136.986809,
            35.059264
          ],
          [
            136.986122,
            35.059571
          ],
          [
            136.984518,
            35.060603
          ],
          [
            136.983579,
            35.061108
          ],
          [
            136.983043,
            35.061055
          ],
          [
            136.981804,
            35.060827
          ],
          [
            136.981283,
            35.060796
          ],
          [
            136.980366,
            35.061029
          ],
          [
            136.980141,
            35.060968
          ],
          [
            136.97924,
            35.06113
          ],
          [
            136.978725,
            35.061139
          ],
          [
            136.977899,
            35.061683
          ],
          [
            136.977244,
            35.061885
          ],
          [
            136.976992,
            35.062219
          ],
          [
            136.975865,
            35.062636
          ],
          [
            136.974787,
            35.063172
          ],
          [
            136.974814,
            35.063374
          ],
          [
            136.974031,
            35.064502
          ],
          [
            136.973725,
            35.064687
          ],
          [
            136.973355,
            35.064862
          ],
          [
            136.972985,
            35.065236
          ],
          [
            136.972266,
            35.065754
          ],
          [
            136.97188,
            35.066079
          ],
          [
            136.971279,
            35.066324
          ],
          [
            136.970914,
            35.066649
          ],
          [
            136.970576,
            35.066821
          ],
          [
            136.970286,
            35.067286
          ],
          [
            136.969911,
            35.067563
          ],
          [
            136.968634,
            35.067971
          ],
          [
            136.967921,
            35.068147
          ],
          [
            136.967261,
            35.068594
          ],
          [
            136.966558,
            35.068884
          ],
          [
            136.966161,
            35.069279
          ],
          [
            136.965866,
            35.069582
          ],
          [
            136.964579,
            35.070421
          ],
          [
            136.963871,
            35.070697
          ],
          [
            136.962669,
            35.07133
          ],
          [
            136.961628,
            35.071857
          ],
          [
            136.961145,
            35.071936
          ],
          [
            136.959976,
            35.072585
          ],
          [
            136.958506,
            35.073007
          ],
          [
            136.957347,
            35.072963
          ],
          [
            136.9568,
            35.073288
          ],
          [
            136.956199,
            35.073788
          ],
          [
            136.954311,
            35.076747
          ],
          [
            136.95429,
            35.077502
          ],
          [
            136.953667,
            35.078117
          ],
          [
            136.952294,
            35.079355
          ],
          [
            136.95208,
            35.079697
          ],
          [
            136.950154,
            35.080448
          ],
          [
            136.948845,
            35.080747
          ],
          [
            136.948593,
            35.080905
          ],
          [
            136.948539,
            35.081366
          ],
          [
            136.948641,
            35.082147
          ],
          [
            136.949038,
            35.08295
          ],
          [
            136.949177,
            35.083328
          ],
          [
            136.949902,
            35.084272
          ],
          [
            136.950036,
            35.085176
          ],
          [
            136.949719,
            35.085966
          ],
          [
            136.949515,
            35.086611
          ],
          [
            136.949639,
            35.087423
          ],
          [
            136.950057,
            35.088407
          ],
          [
            136.949971,
            35.089276
          ],
          [
            136.949757,
            35.090154
          ],
          [
            136.949617,
            35.091058
          ],
          [
            136.949263,
            35.09126
          ],
          [
            136.948131,
            35.091804
          ],
          [
            136.947708,
            35.092024
          ],
          [
            136.94671,
            35.092506
          ],
          [
            136.94561,
            35.093007
          ],
          [
            136.94406,
            35.093634
          ],
          [
            136.94296,
            35.094051
          ],
          [
            136.942214,
            35.094227
          ],
          [
            136.940793,
            35.094442
          ],
          [
            136.939446,
            35.094767
          ],
          [
            136.93913,
            35.095245
          ],
          [
            136.938593,
            35.096202
          ],
          [
            136.937987,
            35.09701
          ],
          [
            136.936571,
            35.098568
          ],
          [
            136.936115,
            35.099024
          ],
          [
            136.935981,
            35.099125
          ],
          [
            136.935863,
            35.099441
          ],
          [
            136.934978,
            35.099784
          ],
          [
            136.934125,
            35.100205
          ],
          [
            136.933106,
            35.100859
          ],
          [
            136.933052,
            35.10193
          ],
          [
            136.932977,
            35.103927
          ],
          [
            136.933009,
            35.105256
          ],
          [
            136.933374,
            35.106248
          ],
          [
            136.933883,
            35.107262
          ],
          [
            136.932693,
            35.108772
          ],
          [
            136.931942,
            35.110386
          ],
          [
            136.931523,
            35.111369
          ],
          [
            136.931276,
            35.112133
          ],
          [
            136.930697,
            35.112616
          ],
          [
            136.929807,
            35.113239
          ],
          [
            136.928208,
            35.114301
          ],
          [
            136.927092,
            35.114064
          ],
          [
            136.926116,
            35.114125
          ],
          [
            136.925118,
            35.114143
          ],
          [
            136.923037,
            35.114766
          ],
          [
            136.921245,
            35.115328
          ],
          [
            136.919078,
            35.11617
          ],
          [
            136.917458,
            35.116565
          ],
          [
            136.916288,
            35.116872
          ],
          [
            136.915269,
            35.117206
          ],
          [
            136.914228,
            35.117135
          ],
          [
            136.913531,
            35.11746
          ],
          [
            136.912576,
            35.118004
          ],
          [
            136.912018,
            35.118592
          ],
          [
            136.911417,
            35.119312
          ],
          [
            136.910859,
            35.119751
          ],
          [
            136.910082,
            35.12011
          ],
          [
            136.910301,
            35.120461
          ],
          [
            136.910092,
            35.120532
          ],
          [
            136.90984,
            35.120216
          ],
          [
            136.907829,
            35.121133
          ],
          [
            136.907587,
            35.120843
          ],
          [
            136.907512,
            35.120378
          ],
          [
            136.907104,
            35.120365
          ],
          [
            136.907131,
            35.120031
          ],
          [
            136.907008,
            35.120014
          ],
          [
            136.906074,
            35.118698
          ],
          [
            136.905752,
            35.118654
          ],
          [
            136.905173,
            35.118939
          ],
          [
            136.905023,
            35.11875
          ],
          [
            136.904717,
            35.118509
          ]
        ]
      },
      "properties": {
        "schemaVersion": 2,
        "id": "path-east",
        "featureRole": "path",
        "order": 1,
        "title": "Nihonbashi to the Miya ferry landing",
        "kind": "walking",
        "lengthKm": 374.7,
        "startAnchorId": "a-001",
        "endAnchorId": "a-070",
        "navigational": false,
        "demonstration": false,
        "source": "kevin-traced 2026-08-22 (from kaidotrail, CC BY-SA 4.0)",
        "confidence": "medium",
        "verification": "manually-traced",
        "lastChecked": null,
        "classification": "public"
      }
    },
    {
      "type": "Feature",
      "id": "path-west",
      "geometry": {
        "type": "LineString",
        "coordinates": [
          [
            136.69654,
            35.068212
          ],
          [
            136.696476,
            35.068037
          ],
          [
            136.696374,
            35.067435
          ],
          [
            136.696143,
            35.066017
          ],
          [
            136.695955,
            35.064871
          ],
          [
            136.695752,
            35.063967
          ],
          [
            136.695532,
            35.063181
          ],
          [
            136.694588,
            35.063413
          ],
          [
            136.69374,
            35.063642
          ],
          [
            136.693397,
            35.063743
          ],
          [
            136.692184,
            35.062487
          ],
          [
            136.69175,
            35.061999
          ],
          [
            136.691594,
            35.061683
          ],
          [
            136.691315,
            35.061209
          ],
          [
            136.690999,
            35.060805
          ],
          [
            136.69131,
            35.060643
          ],
          [
            136.691621,
            35.06059
          ],
          [
            136.691927,
            35.060423
          ],
          [
            136.691203,
            35.058917
          ],
          [
            136.690221,
            35.056809
          ],
          [
            136.690167,
            35.056541
          ],
          [
            136.690194,
            35.055773
          ],
          [
            136.690269,
            35.055628
          ],
          [
            136.69013,
            35.055268
          ],
          [
            136.689481,
            35.055408
          ],
          [
            136.688381,
            35.055918
          ],
          [
            136.687249,
            35.056475
          ],
          [
            136.686493,
            35.056787
          ],
          [
            136.685575,
            35.057016
          ],
          [
            136.684181,
            35.057266
          ],
          [
            136.682743,
            35.05749
          ],
          [
            136.681874,
            35.057617
          ],
          [
            136.680967,
            35.055496
          ],
          [
            136.680554,
            35.054451
          ],
          [
            136.680071,
            35.053336
          ],
          [
            136.679508,
            35.052049
          ],
          [
            136.678972,
            35.050863
          ],
          [
            136.678612,
            35.049937
          ],
          [
            136.678237,
            35.048782
          ],
          [
            136.678033,
            35.048237
          ],
          [
            136.677625,
            35.046906
          ],
          [
            136.677416,
            35.046599
          ],
          [
            136.677266,
            35.046423
          ],
          [
            136.677411,
            35.046024
          ],
          [
            136.677609,
            35.045743
          ],
          [
            136.675662,
            35.043762
          ],
          [
            136.675655,
            35.043767
          ],
          [
            136.675631,
            35.043744
          ],
          [
            136.675576,
            35.043789
          ],
          [
            136.675597,
            35.043855
          ],
          [
            136.675355,
            35.044386
          ],
          [
            136.675309,
            35.044424
          ],
          [
            136.675262,
            35.044463
          ],
          [
            136.674747,
            35.043955
          ],
          [
            136.674361,
            35.043644
          ],
          [
            136.674262,
            35.043579
          ],
          [
            136.6742,
            35.043539
          ],
          [
            136.674051,
            35.04349
          ],
          [
            136.673827,
            35.043427
          ],
          [
            136.673666,
            35.04336
          ],
          [
            136.673639,
            35.043333
          ],
          [
            136.673423,
            35.043111
          ],
          [
            136.672805,
            35.042437
          ],
          [
            136.672183,
            35.041721
          ],
          [
            136.671964,
            35.041451
          ],
          [
            136.671769,
            35.041237
          ],
          [
            136.671654,
            35.041134
          ],
          [
            136.671457,
            35.040956
          ],
          [
            136.671293,
            35.040838
          ],
          [
            136.670979,
            35.04066
          ],
          [
            136.670444,
            35.040412
          ],
          [
            136.670321,
            35.040306
          ],
          [
            136.670236,
            35.040216
          ],
          [
            136.669731,
            35.039513
          ],
          [
            136.669485,
            35.039236
          ],
          [
            136.669414,
            35.039172
          ],
          [
            136.669355,
            35.03912
          ],
          [
            136.669274,
            35.039084
          ],
          [
            136.66918,
            35.039019
          ],
          [
            136.669075,
            35.038962
          ],
          [
            136.66891,
            35.038896
          ],
          [
            136.668739,
            35.038795
          ],
          [
            136.668667,
            35.038738
          ],
          [
            136.668556,
            35.03865
          ],
          [
            136.667564,
            35.037729
          ],
          [
            136.667213,
            35.037382
          ],
          [
            136.66695,
            35.037107
          ],
          [
            136.666664,
            35.036828
          ],
          [
            136.666383,
            35.036539
          ],
          [
            136.66621,
            35.036349
          ],
          [
            136.665814,
            35.035957
          ],
          [
            136.665739,
            35.035884
          ],
          [
            136.665531,
            35.035738
          ],
          [
            136.66494,
            35.035368
          ],
          [
            136.664691,
            35.035263
          ],
          [
            136.664686,
            35.035276
          ],
          [
            136.664691,
            35.035263
          ],
          [
            136.664605,
            35.035242
          ],
          [
            136.664297,
            35.035175
          ],
          [
            136.663938,
            35.03507
          ],
          [
            136.663591,
            35.03499
          ],
          [
            136.663325,
            35.034942
          ],
          [
            136.662388,
            35.034881
          ],
          [
            136.662133,
            35.034857
          ],
          [
            136.661806,
            35.034807
          ],
          [
            136.661341,
            35.034759
          ],
          [
            136.661236,
            35.034735
          ],
          [
            136.661192,
            35.034726
          ],
          [
            136.661073,
            35.034666
          ],
          [
            136.66062,
            35.034335
          ],
          [
            136.660374,
            35.034182
          ],
          [
            136.660097,
            35.03403
          ],
          [
            136.659667,
            35.033737
          ],
          [
            136.658965,
            35.033132
          ],
          [
            136.658237,
            35.032545
          ],
          [
            136.65823,
            35.03253
          ],
          [
            136.658216,
            35.0325
          ],
          [
            136.658236,
            35.032426
          ],
          [
            136.65829,
            35.032359
          ],
          [
            136.658437,
            35.032205
          ],
          [
            136.658459,
            35.032159
          ],
          [
            136.658446,
            35.032042
          ],
          [
            136.658298,
            35.031634
          ],
          [
            136.65821,
            35.03143
          ],
          [
            136.658183,
            35.031323
          ],
          [
            136.657907,
            35.03068
          ],
          [
            136.657446,
            35.029683
          ],
          [
            136.657139,
            35.029092
          ],
          [
            136.657049,
            35.02892
          ],
          [
            136.656901,
            35.028751
          ],
          [
            136.656329,
            35.028161
          ],
          [
            136.656019,
            35.027877
          ],
          [
            136.655905,
            35.027743
          ],
          [
            136.655554,
            35.02736
          ],
          [
            136.655475,
            35.027291
          ],
          [
            136.6553,
            35.027093
          ],
          [
            136.654987,
            35.026726
          ],
          [
            136.654965,
            35.0267
          ],
          [
            136.654691,
            35.026153
          ],
          [
            136.654224,
            35.02502
          ],
          [
            136.654202,
            35.024973
          ],
          [
            136.654146,
            35.024854
          ],
          [
            136.654061,
            35.024785
          ],
          [
            136.653541,
            35.024601
          ],
          [
            136.653478,
            35.024562
          ],
          [
            136.65342,
            35.024526
          ],
          [
            136.653339,
            35.024447
          ],
          [
            136.653071,
            35.02404
          ],
          [
            136.653025,
            35.023948
          ],
          [
            136.653013,
            35.023952
          ],
          [
            136.653025,
            35.023948
          ],
          [
            136.652982,
            35.023862
          ],
          [
            136.652861,
            35.023464
          ],
          [
            136.652713,
            35.022694
          ],
          [
            136.652423,
            35.021727
          ],
          [
            136.652113,
            35.020745
          ],
          [
            136.651771,
            35.019774
          ],
          [
            136.651758,
            35.019778
          ],
          [
            136.651771,
            35.019774
          ],
          [
            136.651661,
            35.019533
          ],
          [
            136.651301,
            35.018911
          ],
          [
            136.650028,
            35.016833
          ],
          [
            136.64975,
            35.016427
          ],
          [
            136.649396,
            35.015938
          ],
          [
            136.648953,
            35.015272
          ],
          [
            136.648701,
            35.014871
          ],
          [
            136.648098,
            35.013973
          ],
          [
            136.648068,
            35.013912
          ],
          [
            136.648066,
            35.01389
          ],
          [
            136.64806,
            35.013842
          ],
          [
            136.648085,
            35.013796
          ],
          [
            136.648128,
            35.013741
          ],
          [
            136.648696,
            35.013239
          ],
          [
            136.648843,
            35.013098
          ],
          [
            136.648934,
            35.013027
          ],
          [
            136.649126,
            35.012733
          ],
          [
            136.649261,
            35.012479
          ],
          [
            136.649435,
            35.012119
          ],
          [
            136.649657,
            35.011784
          ],
          [
            136.649826,
            35.011551
          ],
          [
            136.649894,
            35.011461
          ],
          [
            136.649979,
            35.011369
          ],
          [
            136.650213,
            35.011118
          ],
          [
            136.650532,
            35.01078
          ],
          [
            136.650578,
            35.010722
          ],
          [
            136.650589,
            35.010728
          ],
          [
            136.650578,
            35.010722
          ],
          [
            136.650645,
            35.010637
          ],
          [
            136.650766,
            35.010401
          ],
          [
            136.650852,
            35.010169
          ],
          [
            136.650841,
            35.010074
          ],
          [
            136.650718,
            35.009669
          ],
          [
            136.650696,
            35.009552
          ],
          [
            136.650697,
            35.009436
          ],
          [
            136.650777,
            35.009009
          ],
          [
            136.650813,
            35.008762
          ],
          [
            136.650885,
            35.008267
          ],
          [
            136.650895,
            35.008137
          ],
          [
            136.65089,
            35.007807
          ],
          [
            136.650903,
            35.007644
          ],
          [
            136.650947,
            35.007465
          ],
          [
            136.651007,
            35.007373
          ],
          [
            136.650979,
            35.00735
          ],
          [
            136.650964,
            35.007362
          ],
          [
            136.650979,
            35.00735
          ],
          [
            136.651007,
            35.007373
          ],
          [
            136.651096,
            35.007281
          ],
          [
            136.651423,
            35.007008
          ],
          [
            136.651742,
            35.006725
          ],
          [
            136.652341,
            35.006272
          ],
          [
            136.652525,
            35.00612
          ],
          [
            136.652528,
            35.006118
          ],
          [
            136.652449,
            35.006057
          ],
          [
            136.652072,
            35.005846
          ],
          [
            136.651394,
            35.005493
          ],
          [
            136.651346,
            35.005465
          ],
          [
            136.651109,
            35.005325
          ],
          [
            136.650891,
            35.005156
          ],
          [
            136.650698,
            35.004945
          ],
          [
            136.650655,
            35.004899
          ],
          [
            136.65043,
            35.004537
          ],
          [
            136.650208,
            35.004127
          ],
          [
            136.650197,
            35.004093
          ],
          [
            136.649888,
            35.003535
          ],
          [
            136.649879,
            35.003516
          ],
          [
            136.649879,
            35.003494
          ],
          [
            136.649849,
            35.003434
          ],
          [
            136.649592,
            35.002962
          ],
          [
            136.649128,
            35.002064
          ],
          [
            136.648959,
            35.001822
          ],
          [
            136.648966,
            35.001817
          ],
          [
            136.648959,
            35.001822
          ],
          [
            136.648757,
            35.001597
          ],
          [
            136.648556,
            35.001405
          ],
          [
            136.648429,
            35.001266
          ],
          [
            136.648114,
            35.000968
          ],
          [
            136.647978,
            35.000872
          ],
          [
            136.647478,
            35.000558
          ],
          [
            136.647456,
            35.000518
          ],
          [
            136.64746,
            35.000506
          ],
          [
            136.647465,
            35.000486
          ],
          [
            136.647695,
            35.000252
          ],
          [
            136.647977,
            35.000001
          ],
          [
            136.647925,
            34.999916
          ],
          [
            136.647813,
            34.999797
          ],
          [
            136.647578,
            34.99952
          ],
          [
            136.64751,
            34.999454
          ],
          [
            136.647326,
            34.999301
          ],
          [
            136.646957,
            34.999047
          ],
          [
            136.64626,
            34.998483
          ],
          [
            136.646163,
            34.998417
          ],
          [
            136.645987,
            34.998268
          ],
          [
            136.645605,
            34.997828
          ],
          [
            136.645153,
            34.997385
          ],
          [
            136.644971,
            34.997228
          ],
          [
            136.644923,
            34.997178
          ],
          [
            136.644846,
            34.997072
          ],
          [
            136.644833,
            34.997079
          ],
          [
            136.644846,
            34.997072
          ],
          [
            136.644754,
            34.996912
          ],
          [
            136.644475,
            34.996256
          ],
          [
            136.644448,
            34.996134
          ],
          [
            136.644429,
            34.995926
          ],
          [
            136.644405,
            34.99578
          ],
          [
            136.644364,
            34.995607
          ],
          [
            136.644304,
            34.995502
          ],
          [
            136.64409,
            34.995258
          ],
          [
            136.643976,
            34.995104
          ],
          [
            136.643938,
            34.995039
          ],
          [
            136.643549,
            34.994159
          ],
          [
            136.643497,
            34.994021
          ],
          [
            136.643366,
            34.993833
          ],
          [
            136.643199,
            34.993646
          ],
          [
            136.642867,
            34.99335
          ],
          [
            136.642885,
            34.993336
          ],
          [
            136.642867,
            34.99335
          ],
          [
            136.64265,
            34.993158
          ],
          [
            136.641779,
            34.992596
          ],
          [
            136.64156,
            34.992409
          ],
          [
            136.641131,
            34.991993
          ],
          [
            136.640918,
            34.991816
          ],
          [
            136.640107,
            34.991267
          ],
          [
            136.63926,
            34.990626
          ],
          [
            136.638981,
            34.990441
          ],
          [
            136.638438,
            34.99011
          ],
          [
            136.638138,
            34.989894
          ],
          [
            136.637718,
            34.989569
          ],
          [
            136.637322,
            34.989298
          ],
          [
            136.637055,
            34.989155
          ],
          [
            136.636669,
            34.988963
          ],
          [
            136.636419,
            34.988819
          ],
          [
            136.635899,
            34.988476
          ],
          [
            136.635581,
            34.988287
          ],
          [
            136.635406,
            34.988164
          ],
          [
            136.63512,
            34.987912
          ],
          [
            136.634879,
            34.98764
          ],
          [
            136.634693,
            34.987464
          ],
          [
            136.634442,
            34.987279
          ],
          [
            136.634137,
            34.987033
          ],
          [
            136.634078,
            34.986958
          ],
          [
            136.634045,
            34.986963
          ],
          [
            136.634078,
            34.986958
          ],
          [
            136.634066,
            34.986905
          ],
          [
            136.634082,
            34.986862
          ],
          [
            136.634115,
            34.986816
          ],
          [
            136.634366,
            34.986568
          ],
          [
            136.63442,
            34.986504
          ],
          [
            136.63444,
            34.986435
          ],
          [
            136.634445,
            34.986343
          ],
          [
            136.634418,
            34.986234
          ],
          [
            136.634369,
            34.986117
          ],
          [
            136.634292,
            34.98597
          ],
          [
            136.634375,
            34.985919
          ],
          [
            136.634336,
            34.98589
          ],
          [
            136.634345,
            34.985882
          ],
          [
            136.634336,
            34.98589
          ],
          [
            136.633962,
            34.985604
          ],
          [
            136.633736,
            34.985415
          ],
          [
            136.63321,
            34.984929
          ],
          [
            136.633049,
            34.98478
          ],
          [
            136.632161,
            34.984063
          ],
          [
            136.632023,
            34.983963
          ],
          [
            136.632005,
            34.983976
          ],
          [
            136.632023,
            34.983963
          ],
          [
            136.631415,
            34.983412
          ],
          [
            136.630879,
            34.982871
          ],
          [
            136.630546,
            34.982539
          ],
          [
            136.629653,
            34.981674
          ],
          [
            136.629438,
            34.981449
          ],
          [
            136.629464,
            34.981432
          ],
          [
            136.629459,
            34.981417
          ],
          [
            136.629342,
            34.981033
          ],
          [
            136.629124,
            34.980466
          ],
          [
            136.62912,
            34.980467
          ],
          [
            136.629124,
            34.980466
          ],
          [
            136.629116,
            34.980446
          ],
          [
            136.628899,
            34.980501
          ],
          [
            136.628827,
            34.980507
          ],
          [
            136.628742,
            34.980535
          ],
          [
            136.628718,
            34.980543
          ],
          [
            136.628139,
            34.979608
          ],
          [
            136.628131,
            34.97961
          ],
          [
            136.628133,
            34.979615
          ],
          [
            136.628131,
            34.97961
          ],
          [
            136.628362,
            34.979526
          ],
          [
            136.62851,
            34.979449
          ],
          [
            136.628671,
            34.979329
          ],
          [
            136.628711,
            34.979299
          ],
          [
            136.628729,
            34.979249
          ],
          [
            136.62865,
            34.978906
          ],
          [
            136.628373,
            34.977779
          ],
          [
            136.628193,
            34.977147
          ],
          [
            136.628158,
            34.977052
          ],
          [
            136.628004,
            34.976722
          ],
          [
            136.62773,
            34.976163
          ],
          [
            136.627083,
            34.97473
          ],
          [
            136.626735,
            34.973914
          ],
          [
            136.626521,
            34.973435
          ],
          [
            136.626471,
            34.97326
          ],
          [
            136.626253,
            34.972595
          ],
          [
            136.626166,
            34.972346
          ],
          [
            136.626045,
            34.972008
          ],
          [
            136.625873,
            34.971353
          ],
          [
            136.625749,
            34.970998
          ],
          [
            136.625521,
            34.970426
          ],
          [
            136.625297,
            34.969994
          ],
          [
            136.624934,
            34.969191
          ],
          [
            136.624862,
            34.968986
          ],
          [
            136.624781,
            34.96882
          ],
          [
            136.624677,
            34.96872
          ],
          [
            136.62453,
            34.968657
          ],
          [
            136.624527,
            34.968658
          ],
          [
            136.623906,
            34.968807
          ],
          [
            136.623901,
            34.968795
          ],
          [
            136.623562,
            34.967933
          ],
          [
            136.623384,
            34.967505
          ],
          [
            136.623247,
            34.967565
          ],
          [
            136.623364,
            34.967854
          ],
          [
            136.623235,
            34.967839
          ],
          [
            136.622927,
            34.967673
          ],
          [
            136.622803,
            34.967571
          ],
          [
            136.622753,
            34.967477
          ],
          [
            136.622449,
            34.966976
          ],
          [
            136.622133,
            34.966514
          ],
          [
            136.621832,
            34.966106
          ],
          [
            136.621693,
            34.965716
          ],
          [
            136.621683,
            34.965669
          ],
          [
            136.621691,
            34.965666
          ],
          [
            136.622055,
            34.965539
          ],
          [
            136.622025,
            34.96548
          ],
          [
            136.621817,
            34.965075
          ],
          [
            136.621811,
            34.965077
          ],
          [
            136.621803,
            34.96506
          ],
          [
            136.621811,
            34.965077
          ],
          [
            136.621516,
            34.965173
          ],
          [
            136.62149,
            34.965118
          ],
          [
            136.621218,
            34.964541
          ],
          [
            136.621216,
            34.964514
          ],
          [
            136.621184,
            34.964441
          ],
          [
            136.62108,
            34.964252
          ],
          [
            136.620961,
            34.964063
          ],
          [
            136.620681,
            34.963667
          ],
          [
            136.620333,
            34.963148
          ],
          [
            136.620348,
            34.963141
          ],
          [
            136.620333,
            34.963148
          ],
          [
            136.620123,
            34.962857
          ],
          [
            136.619724,
            34.962223
          ],
          [
            136.619578,
            34.961992
          ],
          [
            136.619312,
            34.961613
          ],
          [
            136.619309,
            34.961614
          ],
          [
            136.619312,
            34.961613
          ],
          [
            136.619255,
            34.961532
          ],
          [
            136.618901,
            34.961313
          ],
          [
            136.61864,
            34.96117
          ],
          [
            136.618206,
            34.960962
          ],
          [
            136.617598,
            34.960774
          ],
          [
            136.616707,
            34.960517
          ],
          [
            136.616299,
            34.960379
          ],
          [
            136.616203,
            34.960354
          ],
          [
            136.616139,
            34.960337
          ],
          [
            136.615921,
            34.960337
          ],
          [
            136.615075,
            34.960418
          ],
          [
            136.614069,
            34.96055
          ],
          [
            136.613785,
            34.960593
          ],
          [
            136.613784,
            34.960593
          ],
          [
            136.613783,
            34.960594
          ],
          [
            136.613306,
            34.960374
          ],
          [
            136.610935,
            34.959209
          ],
          [
            136.609803,
            34.958567
          ],
          [
            136.60858,
            34.957648
          ],
          [
            136.607925,
            34.957195
          ],
          [
            136.607512,
            34.957173
          ],
          [
            136.606327,
            34.955995
          ],
          [
            136.605635,
            34.955036
          ],
          [
            136.605361,
            34.954672
          ],
          [
            136.604605,
            34.953665
          ],
          [
            136.603859,
            34.952288
          ],
          [
            136.603253,
            34.950991
          ],
          [
            136.602776,
            34.950094
          ],
          [
            136.602395,
            34.949321
          ],
          [
            136.602412,
            34.949317
          ],
          [
            136.602237,
            34.948841
          ],
          [
            136.602185,
            34.948648
          ],
          [
            136.602166,
            34.948491
          ],
          [
            136.602163,
            34.94829
          ],
          [
            136.602191,
            34.94797
          ],
          [
            136.602158,
            34.947492
          ],
          [
            136.602038,
            34.946263
          ],
          [
            136.601999,
            34.946028
          ],
          [
            136.601951,
            34.945798
          ],
          [
            136.601949,
            34.945798
          ],
          [
            136.601951,
            34.945798
          ],
          [
            136.601756,
            34.945035
          ],
          [
            136.601753,
            34.944981
          ],
          [
            136.601634,
            34.944566
          ],
          [
            136.601409,
            34.943903
          ],
          [
            136.601291,
            34.943454
          ],
          [
            136.601145,
            34.942833
          ],
          [
            136.601142,
            34.942833
          ],
          [
            136.601145,
            34.942833
          ],
          [
            136.60084,
            34.941744
          ],
          [
            136.600839,
            34.941744
          ],
          [
            136.60084,
            34.941744
          ],
          [
            136.600659,
            34.941151
          ],
          [
            136.600578,
            34.940892
          ],
          [
            136.600367,
            34.940337
          ],
          [
            136.600286,
            34.940204
          ],
          [
            136.600292,
            34.940201
          ],
          [
            136.600286,
            34.940204
          ],
          [
            136.600118,
            34.939981
          ],
          [
            136.599839,
            34.939678
          ],
          [
            136.599562,
            34.939397
          ],
          [
            136.599258,
            34.93901
          ],
          [
            136.599228,
            34.938957
          ],
          [
            136.599023,
            34.938588
          ],
          [
            136.598828,
            34.938256
          ],
          [
            136.598701,
            34.937989
          ],
          [
            136.59865,
            34.937882
          ],
          [
            136.598513,
            34.937475
          ],
          [
            136.598409,
            34.937131
          ],
          [
            136.598385,
            34.936952
          ],
          [
            136.598385,
            34.936944
          ],
          [
            136.598383,
            34.936863
          ],
          [
            136.59842,
            34.93677
          ],
          [
            136.598314,
            34.936565
          ],
          [
            136.59827,
            34.936405
          ],
          [
            136.598234,
            34.936134
          ],
          [
            136.598237,
            34.936024
          ],
          [
            136.598264,
            34.935871
          ],
          [
            136.598226,
            34.935764
          ],
          [
            136.598146,
            34.935621
          ],
          [
            136.598116,
            34.935586
          ],
          [
            136.598189,
            34.935544
          ],
          [
            136.598116,
            34.935586
          ],
          [
            136.597807,
            34.935222
          ],
          [
            136.597693,
            34.935107
          ],
          [
            136.597514,
            34.934967
          ],
          [
            136.597351,
            34.934864
          ],
          [
            136.596865,
            34.934598
          ],
          [
            136.596538,
            34.934487
          ],
          [
            136.595778,
            34.934277
          ],
          [
            136.595765,
            34.934273
          ],
          [
            136.595707,
            34.934164
          ],
          [
            136.595646,
            34.934093
          ],
          [
            136.595509,
            34.933982
          ],
          [
            136.595181,
            34.933692
          ],
          [
            136.594834,
            34.933336
          ],
          [
            136.594561,
            34.933039
          ],
          [
            136.593426,
            34.931752
          ],
          [
            136.593324,
            34.931687
          ],
          [
            136.593019,
            34.931558
          ],
          [
            136.592503,
            34.931289
          ],
          [
            136.592304,
            34.931167
          ],
          [
            136.592283,
            34.93117
          ],
          [
            136.592142,
            34.931063
          ],
          [
            136.591879,
            34.930777
          ],
          [
            136.591807,
            34.930715
          ],
          [
            136.591478,
            34.930512
          ],
          [
            136.591457,
            34.9305
          ],
          [
            136.591064,
            34.929957
          ],
          [
            136.591001,
            34.929818
          ],
          [
            136.590937,
            34.92965
          ],
          [
            136.590875,
            34.929434
          ],
          [
            136.590766,
            34.928925
          ],
          [
            136.590707,
            34.928705
          ],
          [
            136.590706,
            34.928698
          ],
          [
            136.590283,
            34.928757
          ],
          [
            136.589538,
            34.928878
          ],
          [
            136.589529,
            34.928863
          ],
          [
            136.588922,
            34.927872
          ],
          [
            136.588361,
            34.927319
          ],
          [
            136.588169,
            34.927128
          ],
          [
            136.588006,
            34.926986
          ],
          [
            136.587697,
            34.926839
          ],
          [
            136.587113,
            34.926513
          ],
          [
            136.586823,
            34.926305
          ],
          [
            136.586644,
            34.926147
          ],
          [
            136.586483,
            34.926019
          ],
          [
            136.586184,
            34.925738
          ],
          [
            136.585538,
            34.925198
          ],
          [
            136.585272,
            34.924966
          ],
          [
            136.585179,
            34.924889
          ],
          [
            136.584996,
            34.924757
          ],
          [
            136.584934,
            34.924712
          ],
          [
            136.584757,
            34.924622
          ],
          [
            136.584171,
            34.924293
          ],
          [
            136.583849,
            34.924083
          ],
          [
            136.583801,
            34.924063
          ],
          [
            136.583239,
            34.923624
          ],
          [
            136.583244,
            34.92362
          ],
          [
            136.583239,
            34.923624
          ],
          [
            136.583215,
            34.923605
          ],
          [
            136.583352,
            34.923428
          ],
          [
            136.583318,
            34.923399
          ],
          [
            136.583623,
            34.923195
          ],
          [
            136.583714,
            34.92313
          ],
          [
            136.583792,
            34.923077
          ],
          [
            136.58278,
            34.922372
          ],
          [
            136.582609,
            34.922241
          ],
          [
            136.582275,
            34.921956
          ],
          [
            136.582058,
            34.92175
          ],
          [
            136.5821,
            34.92163
          ],
          [
            136.582045,
            34.921346
          ],
          [
            136.581897,
            34.920784
          ],
          [
            136.581872,
            34.920757
          ],
          [
            136.581797,
            34.92048
          ],
          [
            136.58168,
            34.91995
          ],
          [
            136.581618,
            34.919765
          ],
          [
            136.581439,
            34.919106
          ],
          [
            136.581409,
            34.919067
          ],
          [
            136.581413,
            34.919063
          ],
          [
            136.581409,
            34.919067
          ],
          [
            136.581286,
            34.919048
          ],
          [
            136.580864,
            34.919039
          ],
          [
            136.580128,
            34.919037
          ],
          [
            136.580077,
            34.919029
          ],
          [
            136.580079,
            34.91902
          ],
          [
            136.580077,
            34.919029
          ],
          [
            136.580068,
            34.919028
          ],
          [
            136.580003,
            34.91857
          ],
          [
            136.580003,
            34.918479
          ],
          [
            136.579987,
            34.918485
          ],
          [
            136.579979,
            34.918405
          ],
          [
            136.579984,
            34.918322
          ],
          [
            136.58,
            34.918209
          ],
          [
            136.580017,
            34.918185
          ],
          [
            136.580247,
            34.918107
          ],
          [
            136.580347,
            34.918038
          ],
          [
            136.580364,
            34.917991
          ],
          [
            136.580348,
            34.917957
          ],
          [
            136.580213,
            34.917834
          ],
          [
            136.580147,
            34.91777
          ],
          [
            136.579858,
            34.91764
          ],
          [
            136.579656,
            34.917615
          ],
          [
            136.57957,
            34.917594
          ],
          [
            136.579508,
            34.917553
          ],
          [
            136.579472,
            34.917505
          ],
          [
            136.579426,
            34.917403
          ],
          [
            136.579323,
            34.917111
          ],
          [
            136.579261,
            34.917023
          ],
          [
            136.579274,
            34.917014
          ],
          [
            136.579261,
            34.917023
          ],
          [
            136.57895,
            34.916778
          ],
          [
            136.578745,
            34.916643
          ],
          [
            136.578585,
            34.916569
          ],
          [
            136.578179,
            34.916362
          ],
          [
            136.577773,
            34.916089
          ],
          [
            136.577689,
            34.916034
          ],
          [
            136.577589,
            34.915991
          ],
          [
            136.577277,
            34.915922
          ],
          [
            136.576973,
            34.915845
          ],
          [
            136.575938,
            34.915542
          ],
          [
            136.57527,
            34.915354
          ],
          [
            136.574498,
            34.915065
          ],
          [
            136.573927,
            34.91494
          ],
          [
            136.573864,
            34.914942
          ],
          [
            136.573842,
            34.914999
          ],
          [
            136.572957,
            34.914816
          ],
          [
            136.571054,
            34.914452
          ],
          [
            136.570572,
            34.914368
          ],
          [
            136.570344,
            34.914338
          ],
          [
            136.570131,
            34.914323
          ],
          [
            136.569639,
            34.914318
          ],
          [
            136.569353,
            34.914319
          ],
          [
            136.56864,
            34.914349
          ],
          [
            136.568244,
            34.914367
          ],
          [
            136.566663,
            34.914426
          ],
          [
            136.565652,
            34.914475
          ],
          [
            136.565341,
            34.914479
          ],
          [
            136.561224,
            34.914642
          ],
          [
            136.56089,
            34.914643
          ],
          [
            136.560679,
            34.914575
          ],
          [
            136.560586,
            34.914542
          ],
          [
            136.560296,
            34.914526
          ],
          [
            136.560124,
            34.914564
          ],
          [
            136.560116,
            34.914652
          ],
          [
            136.560112,
            34.914652
          ],
          [
            136.560116,
            34.914652
          ],
          [
            136.560124,
            34.914564
          ],
          [
            136.560096,
            34.914546
          ],
          [
            136.560001,
            34.914533
          ],
          [
            136.55963,
            34.914499
          ],
          [
            136.558357,
            34.914321
          ],
          [
            136.558027,
            34.914292
          ],
          [
            136.557825,
            34.91426
          ],
          [
            136.557641,
            34.914196
          ],
          [
            136.557115,
            34.913928
          ],
          [
            136.556257,
            34.913445
          ],
          [
            136.555812,
            34.913185
          ],
          [
            136.553986,
            34.912015
          ],
          [
            136.553721,
            34.911876
          ],
          [
            136.553454,
            34.911736
          ],
          [
            136.553205,
            34.911641
          ],
          [
            136.553067,
            34.911603
          ],
          [
            136.552015,
            34.911243
          ],
          [
            136.55193,
            34.911238
          ],
          [
            136.551798,
            34.911251
          ],
          [
            136.551684,
            34.911286
          ],
          [
            136.551574,
            34.911286
          ],
          [
            136.551437,
            34.911221
          ],
          [
            136.55104,
            34.910912
          ],
          [
            136.550938,
            34.910762
          ],
          [
            136.550912,
            34.910714
          ],
          [
            136.550901,
            34.91067
          ],
          [
            136.551001,
            34.910607
          ],
          [
            136.550919,
            34.910481
          ],
          [
            136.550783,
            34.910233
          ],
          [
            136.550677,
            34.910001
          ],
          [
            136.550593,
            34.909746
          ],
          [
            136.55052,
            34.909447
          ],
          [
            136.550466,
            34.909439
          ],
          [
            136.550399,
            34.909418
          ],
          [
            136.550335,
            34.909354
          ],
          [
            136.550194,
            34.909141
          ],
          [
            136.550073,
            34.90892
          ],
          [
            136.549836,
            34.908454
          ],
          [
            136.549766,
            34.908279
          ],
          [
            136.549665,
            34.908128
          ],
          [
            136.549352,
            34.907719
          ],
          [
            136.549292,
            34.907619
          ],
          [
            136.549241,
            34.907512
          ],
          [
            136.549194,
            34.907415
          ],
          [
            136.548944,
            34.906752
          ],
          [
            136.548498,
            34.905535
          ],
          [
            136.547721,
            34.903333
          ],
          [
            136.547656,
            34.903072
          ],
          [
            136.547609,
            34.902759
          ],
          [
            136.547536,
            34.901702
          ],
          [
            136.547545,
            34.901674
          ],
          [
            136.547573,
            34.901102
          ],
          [
            136.547597,
            34.90083
          ],
          [
            136.547592,
            34.900829
          ],
          [
            136.547597,
            34.90083
          ],
          [
            136.547738,
            34.900232
          ],
          [
            136.548049,
            34.899271
          ],
          [
            136.54812,
            34.899096
          ],
          [
            136.548174,
            34.89906
          ],
          [
            136.54849,
            34.898925
          ],
          [
            136.54859,
            34.898879
          ],
          [
            136.548686,
            34.898775
          ],
          [
            136.548768,
            34.898618
          ],
          [
            136.548799,
            34.898483
          ],
          [
            136.548846,
            34.898185
          ],
          [
            136.548961,
            34.897519
          ],
          [
            136.548981,
            34.897305
          ],
          [
            136.54898,
            34.897061
          ],
          [
            136.54898,
            34.896818
          ],
          [
            136.548971,
            34.89673
          ],
          [
            136.548928,
            34.89633
          ],
          [
            136.548849,
            34.895835
          ],
          [
            136.548741,
            34.895527
          ],
          [
            136.548702,
            34.895456
          ],
          [
            136.548601,
            34.895322
          ],
          [
            136.548427,
            34.89517
          ],
          [
            136.548101,
            34.894976
          ],
          [
            136.54808,
            34.894965
          ],
          [
            136.548124,
            34.894886
          ],
          [
            136.548131,
            34.894771
          ],
          [
            136.548103,
            34.894654
          ],
          [
            136.548046,
            34.894483
          ],
          [
            136.548042,
            34.8944
          ],
          [
            136.548057,
            34.8943
          ],
          [
            136.548067,
            34.894226
          ],
          [
            136.548068,
            34.894222
          ],
          [
            136.547489,
            34.894146
          ],
          [
            136.546914,
            34.894075
          ],
          [
            136.546817,
            34.894054
          ],
          [
            136.546648,
            34.89399
          ],
          [
            136.546568,
            34.89397
          ],
          [
            136.546481,
            34.893939
          ],
          [
            136.546343,
            34.893913
          ],
          [
            136.546226,
            34.893899
          ],
          [
            136.546169,
            34.893884
          ],
          [
            136.546104,
            34.893882
          ],
          [
            136.545518,
            34.893747
          ],
          [
            136.545452,
            34.893719
          ],
          [
            136.545426,
            34.8937
          ],
          [
            136.545414,
            34.893711
          ],
          [
            136.54506,
            34.893183
          ],
          [
            136.544781,
            34.892857
          ],
          [
            136.544788,
            34.892894
          ],
          [
            136.544743,
            34.8929
          ],
          [
            136.544282,
            34.892924
          ],
          [
            136.544161,
            34.892927
          ],
          [
            136.544059,
            34.89279
          ],
          [
            136.544027,
            34.892784
          ],
          [
            136.543691,
            34.892872
          ],
          [
            136.543474,
            34.892939
          ],
          [
            136.543299,
            34.893004
          ],
          [
            136.543203,
            34.893057
          ],
          [
            136.543196,
            34.893049
          ],
          [
            136.543092,
            34.892887
          ],
          [
            136.542855,
            34.892801
          ],
          [
            136.542687,
            34.89272
          ],
          [
            136.542473,
            34.892598
          ],
          [
            136.542288,
            34.892474
          ],
          [
            136.542134,
            34.892285
          ],
          [
            136.541971,
            34.892027
          ],
          [
            136.541791,
            34.891711
          ],
          [
            136.54163,
            34.891495
          ],
          [
            136.541317,
            34.891207
          ],
          [
            136.541125,
            34.891041
          ],
          [
            136.540976,
            34.890929
          ],
          [
            136.540953,
            34.890859
          ],
          [
            136.540971,
            34.890772
          ],
          [
            136.540968,
            34.890776
          ],
          [
            136.540518,
            34.89055
          ],
          [
            136.540259,
            34.89044
          ],
          [
            136.540011,
            34.890353
          ],
          [
            136.539844,
            34.890303
          ],
          [
            136.539535,
            34.890219
          ],
          [
            136.539302,
            34.890177
          ],
          [
            136.538995,
            34.890135
          ],
          [
            136.53863,
            34.89012
          ],
          [
            136.538266,
            34.890125
          ],
          [
            136.535796,
            34.890333
          ],
          [
            136.535387,
            34.890342
          ],
          [
            136.535146,
            34.890336
          ],
          [
            136.53482,
            34.890311
          ],
          [
            136.534534,
            34.890266
          ],
          [
            136.534218,
            34.890191
          ],
          [
            136.533934,
            34.890094
          ],
          [
            136.533663,
            34.88998
          ],
          [
            136.533451,
            34.88988
          ],
          [
            136.532841,
            34.88954
          ],
          [
            136.531095,
            34.888517
          ],
          [
            136.530537,
            34.888165
          ],
          [
            136.530043,
            34.887819
          ],
          [
            136.529765,
            34.887595
          ],
          [
            136.529445,
            34.887337
          ],
          [
            136.529218,
            34.887124
          ],
          [
            136.528814,
            34.886693
          ],
          [
            136.528722,
            34.886595
          ],
          [
            136.528544,
            34.886685
          ],
          [
            136.527674,
            34.88714
          ],
          [
            136.527404,
            34.887306
          ],
          [
            136.527332,
            34.887343
          ],
          [
            136.527319,
            34.88735
          ],
          [
            136.527224,
            34.887234
          ],
          [
            136.527153,
            34.887169
          ],
          [
            136.527106,
            34.887114
          ],
          [
            136.526933,
            34.886875
          ],
          [
            136.526735,
            34.886577
          ],
          [
            136.525611,
            34.884798
          ],
          [
            136.524689,
            34.883307
          ],
          [
            136.524664,
            34.883246
          ],
          [
            136.524284,
            34.882586
          ],
          [
            136.523978,
            34.882092
          ],
          [
            136.523756,
            34.881791
          ],
          [
            136.523629,
            34.881636
          ],
          [
            136.523522,
            34.881521
          ],
          [
            136.523055,
            34.881071
          ],
          [
            136.522369,
            34.88048
          ],
          [
            136.522311,
            34.880411
          ],
          [
            136.522027,
            34.880217
          ],
          [
            136.521826,
            34.880007
          ],
          [
            136.521582,
            34.879637
          ],
          [
            136.52156,
            34.879627
          ],
          [
            136.521483,
            34.879504
          ],
          [
            136.52134,
            34.879238
          ],
          [
            136.521301,
            34.879217
          ],
          [
            136.520979,
            34.879035
          ],
          [
            136.520949,
            34.878984
          ],
          [
            136.520941,
            34.878933
          ],
          [
            136.520833,
            34.87892
          ],
          [
            136.520759,
            34.878937
          ],
          [
            136.520725,
            34.87896
          ],
          [
            136.520711,
            34.878969
          ],
          [
            136.520615,
            34.878955
          ],
          [
            136.520247,
            34.878879
          ],
          [
            136.52021,
            34.878819
          ],
          [
            136.520311,
            34.878612
          ],
          [
            136.519667,
            34.878504
          ],
          [
            136.519795,
            34.878034
          ],
          [
            136.519831,
            34.877952
          ],
          [
            136.519675,
            34.877792
          ],
          [
            136.51921,
            34.877467
          ],
          [
            136.51886,
            34.877213
          ],
          [
            136.518669,
            34.877062
          ],
          [
            136.518586,
            34.877029
          ],
          [
            136.517492,
            34.877068
          ],
          [
            136.517202,
            34.877147
          ],
          [
            136.516526,
            34.877209
          ],
          [
            136.515958,
            34.877328
          ],
          [
            136.514944,
            34.877328
          ],
          [
            136.514429,
            34.877125
          ],
          [
            136.513104,
            34.876324
          ],
          [
            136.513102,
            34.876327
          ],
          [
            136.513039,
            34.87629
          ],
          [
            136.512994,
            34.876249
          ],
          [
            136.512842,
            34.876201
          ],
          [
            136.512129,
            34.876019
          ],
          [
            136.511918,
            34.875937
          ],
          [
            136.511462,
            34.875757
          ],
          [
            136.511255,
            34.875705
          ],
          [
            136.511194,
            34.875704
          ],
          [
            136.511066,
            34.875702
          ],
          [
            136.510735,
            34.87572
          ],
          [
            136.510735,
            34.875723
          ],
          [
            136.510735,
            34.87572
          ],
          [
            136.509148,
            34.875988
          ],
          [
            136.508842,
            34.876052
          ],
          [
            136.508673,
            34.876048
          ],
          [
            136.508673,
            34.876047
          ],
          [
            136.508673,
            34.876048
          ],
          [
            136.508618,
            34.876047
          ],
          [
            136.508277,
            34.875988
          ],
          [
            136.507908,
            34.875928
          ],
          [
            136.507,
            34.875806
          ],
          [
            136.506861,
            34.875778
          ],
          [
            136.506511,
            34.875679
          ],
          [
            136.505933,
            34.875419
          ],
          [
            136.505742,
            34.875325
          ],
          [
            136.504831,
            34.874847
          ],
          [
            136.504327,
            34.874557
          ],
          [
            136.504214,
            34.874479
          ],
          [
            136.504089,
            34.874377
          ],
          [
            136.503912,
            34.874213
          ],
          [
            136.503724,
            34.873986
          ],
          [
            136.503623,
            34.873825
          ],
          [
            136.503483,
            34.873569
          ],
          [
            136.503367,
            34.873321
          ],
          [
            136.503353,
            34.87328
          ],
          [
            136.503391,
            34.873274
          ],
          [
            136.503986,
            34.87318
          ],
          [
            136.504066,
            34.873168
          ],
          [
            136.5042,
            34.873167
          ],
          [
            136.504288,
            34.873143
          ],
          [
            136.504488,
            34.873171
          ],
          [
            136.504491,
            34.873156
          ],
          [
            136.504489,
            34.873156
          ],
          [
            136.50465,
            34.872157
          ],
          [
            136.504794,
            34.871246
          ],
          [
            136.504793,
            34.87125
          ],
          [
            136.504653,
            34.871228
          ],
          [
            136.504418,
            34.871242
          ],
          [
            136.503533,
            34.871215
          ],
          [
            136.503218,
            34.871232
          ],
          [
            136.503046,
            34.871249
          ],
          [
            136.503053,
            34.871248
          ],
          [
            136.503018,
            34.871206
          ],
          [
            136.502921,
            34.871119
          ],
          [
            136.50267,
            34.870942
          ],
          [
            136.501668,
            34.870628
          ],
          [
            136.501226,
            34.870503
          ],
          [
            136.500559,
            34.870297
          ],
          [
            136.500329,
            34.870239
          ],
          [
            136.500158,
            34.870206
          ],
          [
            136.500038,
            34.870209
          ],
          [
            136.499875,
            34.870255
          ],
          [
            136.49941,
            34.870412
          ],
          [
            136.498354,
            34.870823
          ],
          [
            136.498352,
            34.870819
          ],
          [
            136.497488,
            34.871074
          ],
          [
            136.497486,
            34.871067
          ],
          [
            136.497332,
            34.871095
          ],
          [
            136.497181,
            34.871114
          ],
          [
            136.497021,
            34.87112
          ],
          [
            136.496955,
            34.871114
          ],
          [
            136.496474,
            34.870897
          ],
          [
            136.496451,
            34.870773
          ],
          [
            136.496245,
            34.870782
          ],
          [
            136.496068,
            34.870742
          ],
          [
            136.495222,
            34.870419
          ],
          [
            136.495134,
            34.870381
          ],
          [
            136.494386,
            34.870004
          ],
          [
            136.494266,
            34.869956
          ],
          [
            136.494211,
            34.870037
          ],
          [
            136.494063,
            34.870121
          ],
          [
            136.494002,
            34.870132
          ],
          [
            136.493977,
            34.870127
          ],
          [
            136.493691,
            34.869777
          ],
          [
            136.493645,
            34.869746
          ],
          [
            136.493631,
            34.869745
          ],
          [
            136.493508,
            34.869742
          ],
          [
            136.492724,
            34.869786
          ],
          [
            136.492553,
            34.869787
          ],
          [
            136.49255,
            34.869782
          ],
          [
            136.49223,
            34.869312
          ],
          [
            136.492008,
            34.86878
          ],
          [
            136.491919,
            34.86851
          ],
          [
            136.491839,
            34.868266
          ],
          [
            136.491746,
            34.86802
          ],
          [
            136.491616,
            34.867757
          ],
          [
            136.491166,
            34.866987
          ],
          [
            136.491099,
            34.86688
          ],
          [
            136.491062,
            34.866844
          ],
          [
            136.491094,
            34.866822
          ],
          [
            136.491062,
            34.866844
          ],
          [
            136.491018,
            34.866802
          ],
          [
            136.490863,
            34.866723
          ],
          [
            136.490669,
            34.866654
          ],
          [
            136.490549,
            34.866582
          ],
          [
            136.490372,
            34.866415
          ],
          [
            136.490216,
            34.866212
          ],
          [
            136.490089,
            34.866115
          ],
          [
            136.489955,
            34.866043
          ],
          [
            136.4897,
            34.865973
          ],
          [
            136.489548,
            34.865947
          ],
          [
            136.489548,
            34.865939
          ],
          [
            136.489548,
            34.865947
          ],
          [
            136.489125,
            34.865996
          ],
          [
            136.489002,
            34.866035
          ],
          [
            136.488875,
            34.866058
          ],
          [
            136.488323,
            34.866302
          ],
          [
            136.488174,
            34.866355
          ],
          [
            136.488175,
            34.866356
          ],
          [
            136.488174,
            34.866355
          ],
          [
            136.488117,
            34.866375
          ],
          [
            136.487877,
            34.866116
          ],
          [
            136.487722,
            34.865921
          ],
          [
            136.487608,
            34.865756
          ],
          [
            136.487482,
            34.865504
          ],
          [
            136.487213,
            34.865102
          ],
          [
            136.487024,
            34.864857
          ],
          [
            136.486776,
            34.86464
          ],
          [
            136.486538,
            34.864473
          ],
          [
            136.4864,
            34.864357
          ],
          [
            136.486257,
            34.864223
          ],
          [
            136.486022,
            34.86398
          ],
          [
            136.485894,
            34.86381
          ],
          [
            136.485779,
            34.863589
          ],
          [
            136.485672,
            34.863277
          ],
          [
            136.48539,
            34.86289
          ],
          [
            136.485281,
            34.862772
          ],
          [
            136.485161,
            34.862658
          ],
          [
            136.485096,
            34.862582
          ],
          [
            136.485039,
            34.862515
          ],
          [
            136.484793,
            34.862155
          ],
          [
            136.484744,
            34.862045
          ],
          [
            136.484736,
            34.86189
          ],
          [
            136.484746,
            34.861747
          ],
          [
            136.484749,
            34.86147
          ],
          [
            136.484743,
            34.861363
          ],
          [
            136.484727,
            34.861273
          ],
          [
            136.484701,
            34.861194
          ],
          [
            136.484608,
            34.861018
          ],
          [
            136.484512,
            34.860892
          ],
          [
            136.484188,
            34.860627
          ],
          [
            136.483936,
            34.860231
          ],
          [
            136.484477,
            34.860059
          ],
          [
            136.483936,
            34.860231
          ],
          [
            136.483838,
            34.860058
          ],
          [
            136.483703,
            34.859851
          ],
          [
            136.483606,
            34.859603
          ],
          [
            136.483508,
            34.859195
          ],
          [
            136.483507,
            34.858934
          ],
          [
            136.483497,
            34.858786
          ],
          [
            136.483467,
            34.858696
          ],
          [
            136.483486,
            34.858685
          ],
          [
            136.483467,
            34.858696
          ],
          [
            136.483432,
            34.858645
          ],
          [
            136.483363,
            34.858576
          ],
          [
            136.483276,
            34.858514
          ],
          [
            136.482865,
            34.858294
          ],
          [
            136.482648,
            34.85819
          ],
          [
            136.482628,
            34.85818
          ],
          [
            136.482364,
            34.85818
          ],
          [
            136.481585,
            34.858236
          ],
          [
            136.481379,
            34.858216
          ],
          [
            136.48107,
            34.858161
          ],
          [
            136.479918,
            34.858063
          ],
          [
            136.479603,
            34.858017
          ],
          [
            136.479044,
            34.857935
          ],
          [
            136.478069,
            34.857785
          ],
          [
            136.477845,
            34.857741
          ],
          [
            136.477199,
            34.857556
          ],
          [
            136.476769,
            34.857468
          ],
          [
            136.476556,
            34.857441
          ],
          [
            136.47641,
            34.857424
          ],
          [
            136.475662,
            34.857387
          ],
          [
            136.475427,
            34.857357
          ],
          [
            136.475277,
            34.857358
          ],
          [
            136.474981,
            34.857318
          ],
          [
            136.47436,
            34.857304
          ],
          [
            136.474094,
            34.857302
          ],
          [
            136.473365,
            34.857328
          ],
          [
            136.472006,
            34.857389
          ],
          [
            136.471118,
            34.857404
          ],
          [
            136.469248,
            34.857316
          ],
          [
            136.468349,
            34.857223
          ],
          [
            136.468013,
            34.85718
          ],
          [
            136.466774,
            34.856917
          ],
          [
            136.466673,
            34.856887
          ],
          [
            136.466361,
            34.856823
          ],
          [
            136.465904,
            34.856715
          ],
          [
            136.465288,
            34.856603
          ],
          [
            136.464255,
            34.856523
          ],
          [
            136.46389,
            34.856506
          ],
          [
            136.463419,
            34.856454
          ],
          [
            136.462808,
            34.856358
          ],
          [
            136.461196,
            34.856143
          ],
          [
            136.460835,
            34.856081
          ],
          [
            136.460684,
            34.856053
          ],
          [
            136.460447,
            34.855981
          ],
          [
            136.460053,
            34.855829
          ],
          [
            136.459492,
            34.85558
          ],
          [
            136.459241,
            34.855421
          ],
          [
            136.459133,
            34.855307
          ],
          [
            136.459107,
            34.855279
          ],
          [
            136.458932,
            34.854945
          ],
          [
            136.458843,
            34.854734
          ],
          [
            136.458571,
            34.853967
          ],
          [
            136.458457,
            34.853734
          ],
          [
            136.458296,
            34.853529
          ],
          [
            136.458276,
            34.853504
          ],
          [
            136.457957,
            34.85351
          ],
          [
            136.45716,
            34.85362
          ],
          [
            136.456733,
            34.853673
          ],
          [
            136.456429,
            34.853722
          ],
          [
            136.456198,
            34.853777
          ],
          [
            136.455967,
            34.853858
          ],
          [
            136.455126,
            34.854244
          ],
          [
            136.454948,
            34.854337
          ],
          [
            136.454811,
            34.854423
          ],
          [
            136.454695,
            34.854496
          ],
          [
            136.454506,
            34.854641
          ],
          [
            136.454002,
            34.855104
          ],
          [
            136.454004,
            34.855105
          ],
          [
            136.454002,
            34.855104
          ],
          [
            136.453999,
            34.855106
          ],
          [
            136.453378,
            34.854313
          ],
          [
            136.453345,
            34.854306
          ],
          [
            136.453181,
            34.854342
          ],
          [
            136.453093,
            34.854198
          ],
          [
            136.452976,
            34.854132
          ],
          [
            136.452945,
            34.854123
          ],
          [
            136.452947,
            34.854119
          ],
          [
            136.452945,
            34.854123
          ],
          [
            136.452824,
            34.854089
          ],
          [
            136.452617,
            34.854054
          ],
          [
            136.452374,
            34.854022
          ],
          [
            136.452308,
            34.854029
          ],
          [
            136.452191,
            34.854069
          ],
          [
            136.451956,
            34.854232
          ],
          [
            136.451806,
            34.854317
          ],
          [
            136.451494,
            34.854421
          ],
          [
            136.451326,
            34.854467
          ],
          [
            136.451306,
            34.854465
          ],
          [
            136.451206,
            34.854456
          ],
          [
            136.451063,
            34.854427
          ],
          [
            136.450962,
            34.854346
          ],
          [
            136.450671,
            34.854028
          ],
          [
            136.450623,
            34.853992
          ],
          [
            136.450494,
            34.853959
          ],
          [
            136.450477,
            34.853996
          ],
          [
            136.45041,
            34.853974
          ],
          [
            136.450345,
            34.853919
          ],
          [
            136.450321,
            34.853885
          ],
          [
            136.450313,
            34.853824
          ],
          [
            136.450316,
            34.853717
          ],
          [
            136.45031,
            34.853717
          ],
          [
            136.44969,
            34.853804
          ],
          [
            136.448878,
            34.853928
          ],
          [
            136.448308,
            34.854032
          ],
          [
            136.447887,
            34.85412
          ],
          [
            136.447538,
            34.85421
          ],
          [
            136.44742,
            34.854261
          ],
          [
            136.44729,
            34.85434
          ],
          [
            136.447296,
            34.854349
          ],
          [
            136.447295,
            34.854349
          ],
          [
            136.447614,
            34.854897
          ],
          [
            136.44761,
            34.854898
          ],
          [
            136.447614,
            34.854897
          ],
          [
            136.447621,
            34.854909
          ],
          [
            136.447037,
            34.855248
          ],
          [
            136.446669,
            34.855464
          ],
          [
            136.446543,
            34.85551
          ],
          [
            136.44653,
            34.855515
          ],
          [
            136.446236,
            34.855516
          ],
          [
            136.446016,
            34.85551
          ],
          [
            136.445231,
            34.855501
          ],
          [
            136.445176,
            34.855489
          ],
          [
            136.445139,
            34.85549
          ],
          [
            136.444261,
            34.855781
          ],
          [
            136.443926,
            34.855921
          ],
          [
            136.443532,
            34.856098
          ],
          [
            136.442982,
            34.856293
          ],
          [
            136.442531,
            34.856434
          ],
          [
            136.441749,
            34.856631
          ],
          [
            136.44167,
            34.856643
          ],
          [
            136.441671,
            34.856646
          ],
          [
            136.44167,
            34.856643
          ],
          [
            136.440691,
            34.856799
          ],
          [
            136.439655,
            34.856915
          ],
          [
            136.439241,
            34.856975
          ],
          [
            136.438607,
            34.85703
          ],
          [
            136.438216,
            34.857079
          ],
          [
            136.438075,
            34.85709
          ],
          [
            136.437845,
            34.857102
          ],
          [
            136.437306,
            34.857115
          ],
          [
            136.436443,
            34.857159
          ],
          [
            136.436092,
            34.857181
          ],
          [
            136.435807,
            34.857197
          ],
          [
            136.435473,
            34.85723
          ],
          [
            136.435265,
            34.857251
          ],
          [
            136.435013,
            34.857309
          ],
          [
            136.434797,
            34.857388
          ],
          [
            136.434534,
            34.857499
          ],
          [
            136.433873,
            34.857824
          ],
          [
            136.433755,
            34.857889
          ],
          [
            136.43366,
            34.857914
          ],
          [
            136.432968,
            34.858023
          ],
          [
            136.432802,
            34.858077
          ],
          [
            136.432566,
            34.858188
          ],
          [
            136.432366,
            34.858255
          ],
          [
            136.43216,
            34.858307
          ],
          [
            136.431585,
            34.858351
          ],
          [
            136.43129,
            34.858341
          ],
          [
            136.431039,
            34.858304
          ],
          [
            136.430909,
            34.858271
          ],
          [
            136.430711,
            34.858222
          ],
          [
            136.4306,
            34.858182
          ],
          [
            136.430516,
            34.858117
          ],
          [
            136.430318,
            34.857912
          ],
          [
            136.430183,
            34.857967
          ],
          [
            136.429997,
            34.858066
          ],
          [
            136.429726,
            34.858295
          ],
          [
            136.429574,
            34.858383
          ],
          [
            136.429495,
            34.858419
          ],
          [
            136.429321,
            34.858483
          ],
          [
            136.429095,
            34.858521
          ],
          [
            136.428793,
            34.858538
          ],
          [
            136.428579,
            34.858535
          ],
          [
            136.428377,
            34.858514
          ],
          [
            136.428213,
            34.858478
          ],
          [
            136.428212,
            34.858481
          ],
          [
            136.428213,
            34.858478
          ],
          [
            136.427888,
            34.858404
          ],
          [
            136.427557,
            34.858294
          ],
          [
            136.427257,
            34.858168
          ],
          [
            136.426935,
            34.858058
          ],
          [
            136.426869,
            34.858043
          ],
          [
            136.426816,
            34.858031
          ],
          [
            136.42659,
            34.858011
          ],
          [
            136.426477,
            34.858016
          ],
          [
            136.426391,
            34.858004
          ],
          [
            136.426074,
            34.858005
          ],
          [
            136.425832,
            34.857964
          ],
          [
            136.425638,
            34.857979
          ],
          [
            136.425458,
            34.857982
          ],
          [
            136.425347,
            34.857963
          ],
          [
            136.42496,
            34.857847
          ],
          [
            136.424564,
            34.857804
          ],
          [
            136.423799,
            34.857762
          ],
          [
            136.423779,
            34.857761
          ],
          [
            136.423734,
            34.857721
          ],
          [
            136.423727,
            34.857651
          ],
          [
            136.4237,
            34.857561
          ],
          [
            136.42361,
            34.857333
          ],
          [
            136.423591,
            34.857324
          ],
          [
            136.422914,
            34.857511
          ],
          [
            136.422607,
            34.857511
          ],
          [
            136.42249,
            34.857471
          ],
          [
            136.422171,
            34.85736
          ],
          [
            136.422129,
            34.85734
          ],
          [
            136.421466,
            34.857145
          ],
          [
            136.419748,
            34.856635
          ],
          [
            136.418675,
            34.856372
          ],
          [
            136.418618,
            34.856363
          ],
          [
            136.418634,
            34.85633
          ],
          [
            136.418613,
            34.856325
          ],
          [
            136.418615,
            34.85632
          ],
          [
            136.418613,
            34.856325
          ],
          [
            136.417374,
            34.85607
          ],
          [
            136.416575,
            34.855914
          ],
          [
            136.416149,
            34.855839
          ],
          [
            136.415015,
            34.855639
          ],
          [
            136.414432,
            34.855521
          ],
          [
            136.414053,
            34.855428
          ],
          [
            136.41376,
            34.855336
          ],
          [
            136.413443,
            34.855185
          ],
          [
            136.413134,
            34.855019
          ],
          [
            136.413014,
            34.854927
          ],
          [
            136.412889,
            34.854797
          ],
          [
            136.41276,
            34.854705
          ],
          [
            136.412093,
            34.854136
          ],
          [
            136.411525,
            34.853683
          ],
          [
            136.411044,
            34.853323
          ],
          [
            136.41086,
            34.853192
          ],
          [
            136.410621,
            34.853045
          ],
          [
            136.410221,
            34.852816
          ],
          [
            136.409879,
            34.852663
          ],
          [
            136.409255,
            34.852363
          ],
          [
            136.40892,
            34.852221
          ],
          [
            136.408774,
            34.852176
          ],
          [
            136.408435,
            34.852081
          ],
          [
            136.40811,
            34.852014
          ],
          [
            136.407858,
            34.851999
          ],
          [
            136.407333,
            34.852077
          ],
          [
            136.407221,
            34.852109
          ],
          [
            136.407115,
            34.852161
          ],
          [
            136.407015,
            34.85223
          ],
          [
            136.407014,
            34.852228
          ],
          [
            136.406617,
            34.851764
          ],
          [
            136.405982,
            34.851115
          ],
          [
            136.405962,
            34.851106
          ],
          [
            136.405815,
            34.851043
          ],
          [
            136.405592,
            34.850839
          ],
          [
            136.405501,
            34.850766
          ],
          [
            136.405375,
            34.850682
          ],
          [
            136.40527,
            34.850633
          ],
          [
            136.405065,
            34.850569
          ],
          [
            136.404446,
            34.850616
          ],
          [
            136.404342,
            34.850635
          ],
          [
            136.40434,
            34.850628
          ],
          [
            136.404342,
            34.850635
          ],
          [
            136.40394,
            34.850736
          ],
          [
            136.403271,
            34.850945
          ],
          [
            136.40295,
            34.851069
          ],
          [
            136.40268,
            34.851185
          ],
          [
            136.402036,
            34.851423
          ],
          [
            136.40166,
            34.851533
          ],
          [
            136.401435,
            34.851573
          ],
          [
            136.401438,
            34.851583
          ],
          [
            136.401435,
            34.851573
          ],
          [
            136.401099,
            34.851625
          ],
          [
            136.400549,
            34.851627
          ],
          [
            136.400387,
            34.851606
          ],
          [
            136.400262,
            34.851626
          ],
          [
            136.400048,
            34.851642
          ],
          [
            136.399181,
            34.851748
          ],
          [
            136.39849,
            34.85182
          ],
          [
            136.39775,
            34.851897
          ],
          [
            136.397355,
            34.851999
          ],
          [
            136.397059,
            34.852059
          ],
          [
            136.396624,
            34.852116
          ],
          [
            136.395852,
            34.852201
          ],
          [
            136.395229,
            34.852288
          ],
          [
            136.394635,
            34.852387
          ],
          [
            136.394168,
            34.852433
          ],
          [
            136.394093,
            34.852439
          ],
          [
            136.393673,
            34.852434
          ],
          [
            136.392964,
            34.852409
          ],
          [
            136.392455,
            34.852433
          ],
          [
            136.392042,
            34.852479
          ],
          [
            136.39184,
            34.852516
          ],
          [
            136.391836,
            34.852503
          ],
          [
            136.39184,
            34.852516
          ],
          [
            136.39129,
            34.852617
          ],
          [
            136.390576,
            34.852762
          ],
          [
            136.390044,
            34.852906
          ],
          [
            136.389808,
            34.852947
          ],
          [
            136.389709,
            34.852981
          ],
          [
            136.389697,
            34.852985
          ],
          [
            136.389202,
            34.85327
          ],
          [
            136.38873,
            34.853475
          ],
          [
            136.38767,
            34.853996
          ],
          [
            136.387673,
            34.854
          ],
          [
            136.38767,
            34.853996
          ],
          [
            136.387312,
            34.854163
          ],
          [
            136.38689,
            34.854334
          ],
          [
            136.385972,
            34.854693
          ],
          [
            136.385237,
            34.854959
          ],
          [
            136.384737,
            34.855155
          ],
          [
            136.384294,
            34.85533
          ],
          [
            136.383177,
            34.855727
          ],
          [
            136.382418,
            34.855988
          ],
          [
            136.382147,
            34.856022
          ],
          [
            136.38197,
            34.85603
          ],
          [
            136.381559,
            34.856092
          ],
          [
            136.381368,
            34.856135
          ],
          [
            136.381289,
            34.856166
          ],
          [
            136.381153,
            34.856201
          ],
          [
            136.381158,
            34.856232
          ],
          [
            136.38115,
            34.85626
          ],
          [
            136.381069,
            34.856334
          ],
          [
            136.380905,
            34.856439
          ],
          [
            136.380766,
            34.856498
          ],
          [
            136.380668,
            34.85653
          ],
          [
            136.380276,
            34.856627
          ],
          [
            136.38003,
            34.856662
          ],
          [
            136.379855,
            34.856702
          ],
          [
            136.379707,
            34.856752
          ],
          [
            136.379736,
            34.857071
          ],
          [
            136.37969,
            34.857111
          ],
          [
            136.379712,
            34.857122
          ],
          [
            136.379712,
            34.857121
          ],
          [
            136.379712,
            34.857122
          ],
          [
            136.37951,
            34.856985
          ],
          [
            136.37939,
            34.856861
          ],
          [
            136.379247,
            34.85666
          ],
          [
            136.379253,
            34.856658
          ],
          [
            136.378538,
            34.856924
          ],
          [
            136.377801,
            34.857187
          ],
          [
            136.376692,
            34.85754
          ],
          [
            136.376692,
            34.857539
          ],
          [
            136.376692,
            34.85754
          ],
          [
            136.376188,
            34.857716
          ],
          [
            136.375666,
            34.857928
          ],
          [
            136.375433,
            34.858042
          ],
          [
            136.375285,
            34.858141
          ],
          [
            136.375156,
            34.858246
          ],
          [
            136.374906,
            34.858466
          ],
          [
            136.374656,
            34.858686
          ],
          [
            136.374463,
            34.858856
          ],
          [
            136.37444,
            34.858874
          ],
          [
            136.374444,
            34.858877
          ],
          [
            136.37444,
            34.858874
          ],
          [
            136.374463,
            34.858856
          ],
          [
            136.374603,
            34.859277
          ],
          [
            136.374753,
            34.859583
          ],
          [
            136.374956,
            34.860041
          ],
          [
            136.374887,
            34.860154
          ],
          [
            136.374857,
            34.860186
          ],
          [
            136.374597,
            34.860307
          ],
          [
            136.374187,
            34.860497
          ],
          [
            136.374185,
            34.860488
          ],
          [
            136.374182,
            34.860488
          ],
          [
            136.374185,
            34.860488
          ],
          [
            136.374187,
            34.860497
          ],
          [
            136.37431,
            34.861169
          ],
          [
            136.374312,
            34.861263
          ],
          [
            136.374313,
            34.861285
          ],
          [
            136.37429,
            34.861369
          ],
          [
            136.374145,
            34.861631
          ],
          [
            136.374087,
            34.861775
          ],
          [
            136.373942,
            34.862074
          ],
          [
            136.373848,
            34.862314
          ],
          [
            136.373836,
            34.862368
          ],
          [
            136.373819,
            34.862447
          ],
          [
            136.373806,
            34.863065
          ],
          [
            136.373828,
            34.863207
          ],
          [
            136.373842,
            34.863253
          ],
          [
            136.373912,
            34.863351
          ],
          [
            136.374113,
            34.863571
          ],
          [
            136.374183,
            34.863665
          ],
          [
            136.374242,
            34.863803
          ],
          [
            136.374265,
            34.863952
          ],
          [
            136.374312,
            34.864032
          ],
          [
            136.374297,
            34.864065
          ],
          [
            136.374289,
            34.864063
          ],
          [
            136.374297,
            34.864065
          ],
          [
            136.37425,
            34.864165
          ],
          [
            136.374182,
            34.864313
          ],
          [
            136.373687,
            34.865184
          ],
          [
            136.373432,
            34.865621
          ],
          [
            136.372916,
            34.866498
          ],
          [
            136.372245,
            34.867637
          ],
          [
            136.372022,
            34.867935
          ],
          [
            136.37194,
            34.868019
          ],
          [
            136.371778,
            34.868183
          ],
          [
            136.37132,
            34.868587
          ],
          [
            136.371084,
            34.868767
          ],
          [
            136.370929,
            34.868886
          ],
          [
            136.370432,
            34.86922
          ],
          [
            136.370179,
            34.86939
          ],
          [
            136.369996,
            34.869501
          ],
          [
            136.369728,
            34.869663
          ],
          [
            136.369675,
            34.869695
          ],
          [
            136.369504,
            34.869749
          ],
          [
            136.369426,
            34.86976
          ],
          [
            136.36929,
            34.869759
          ],
          [
            136.369111,
            34.869733
          ],
          [
            136.368956,
            34.869676
          ],
          [
            136.368796,
            34.869564
          ],
          [
            136.36826,
            34.86901
          ],
          [
            136.36813,
            34.868901
          ],
          [
            136.3678,
            34.868679
          ],
          [
            136.367676,
            34.868622
          ],
          [
            136.367583,
            34.868609
          ],
          [
            136.36717,
            34.868578
          ],
          [
            136.366943,
            34.868585
          ],
          [
            136.366816,
            34.868597
          ],
          [
            136.366667,
            34.86866
          ],
          [
            136.36624,
            34.868928
          ],
          [
            136.366134,
            34.868977
          ],
          [
            136.365594,
            34.869146
          ],
          [
            136.365202,
            34.86928
          ],
          [
            136.364845,
            34.869424
          ],
          [
            136.36484,
            34.869426
          ],
          [
            136.36485,
            34.870051
          ],
          [
            136.364829,
            34.870281
          ],
          [
            136.364775,
            34.870592
          ],
          [
            136.364696,
            34.870923
          ],
          [
            136.364664,
            34.871142
          ],
          [
            136.364661,
            34.871264
          ],
          [
            136.364671,
            34.871367
          ],
          [
            136.364706,
            34.871479
          ],
          [
            136.364589,
            34.871915
          ],
          [
            136.364551,
            34.871988
          ],
          [
            136.364508,
            34.872044
          ],
          [
            136.364303,
            34.872274
          ],
          [
            136.364157,
            34.872459
          ],
          [
            136.364052,
            34.872598
          ],
          [
            136.363987,
            34.872652
          ],
          [
            136.363898,
            34.872703
          ],
          [
            136.363823,
            34.872729
          ],
          [
            136.363579,
            34.872795
          ],
          [
            136.363494,
            34.872843
          ],
          [
            136.363415,
            34.872901
          ],
          [
            136.363356,
            34.872968
          ],
          [
            136.363328,
            34.873025
          ],
          [
            136.363257,
            34.873379
          ],
          [
            136.363176,
            34.873654
          ],
          [
            136.363165,
            34.873792
          ],
          [
            136.363174,
            34.874002
          ],
          [
            136.363138,
            34.874197
          ],
          [
            136.363099,
            34.874322
          ],
          [
            136.363047,
            34.87443
          ],
          [
            136.362957,
            34.874584
          ],
          [
            136.362768,
            34.874807
          ],
          [
            136.362704,
            34.874913
          ],
          [
            136.362603,
            34.875165
          ],
          [
            136.36259,
            34.875239
          ],
          [
            136.362579,
            34.875301
          ],
          [
            136.362531,
            34.875981
          ],
          [
            136.362458,
            34.876419
          ],
          [
            136.362451,
            34.876755
          ],
          [
            136.362411,
            34.877243
          ],
          [
            136.362287,
            34.877646
          ],
          [
            136.362313,
            34.877911
          ],
          [
            136.362296,
            34.87801
          ],
          [
            136.362258,
            34.878066
          ],
          [
            136.362143,
            34.878154
          ],
          [
            136.361924,
            34.878372
          ],
          [
            136.361629,
            34.878599
          ],
          [
            136.361589,
            34.878657
          ],
          [
            136.361541,
            34.878825
          ],
          [
            136.36123,
            34.879443
          ],
          [
            136.361209,
            34.879517
          ],
          [
            136.361195,
            34.88004
          ],
          [
            136.36115,
            34.880237
          ],
          [
            136.361151,
            34.880237
          ],
          [
            136.36115,
            34.880237
          ],
          [
            136.361141,
            34.880304
          ],
          [
            136.361047,
            34.880471
          ],
          [
            136.360877,
            34.880687
          ],
          [
            136.360768,
            34.88085
          ],
          [
            136.360613,
            34.881129
          ],
          [
            136.360525,
            34.881249
          ],
          [
            136.360325,
            34.881429
          ],
          [
            136.360185,
            34.88153
          ],
          [
            136.359994,
            34.881721
          ],
          [
            136.359997,
            34.88174
          ],
          [
            136.360046,
            34.882078
          ],
          [
            136.360055,
            34.882258
          ],
          [
            136.360025,
            34.882362
          ],
          [
            136.359973,
            34.882453
          ],
          [
            136.359635,
            34.883167
          ],
          [
            136.359524,
            34.883323
          ],
          [
            136.359492,
            34.88354
          ],
          [
            136.359399,
            34.883741
          ],
          [
            136.359397,
            34.88374
          ],
          [
            136.359399,
            34.883741
          ],
          [
            136.359324,
            34.883869
          ],
          [
            136.359189,
            34.884009
          ],
          [
            136.359059,
            34.88412
          ],
          [
            136.35894,
            34.884198
          ],
          [
            136.358834,
            34.884256
          ],
          [
            136.358668,
            34.88432
          ],
          [
            136.358101,
            34.884418
          ],
          [
            136.357965,
            34.884447
          ],
          [
            136.35781,
            34.884504
          ],
          [
            136.357677,
            34.8846
          ],
          [
            136.357486,
            34.884768
          ],
          [
            136.35741,
            34.884869
          ],
          [
            136.357354,
            34.884975
          ],
          [
            136.357088,
            34.885585
          ],
          [
            136.356914,
            34.88594
          ],
          [
            136.356762,
            34.886312
          ],
          [
            136.356717,
            34.886465
          ],
          [
            136.356711,
            34.886575
          ],
          [
            136.356729,
            34.886678
          ],
          [
            136.356676,
            34.886882
          ],
          [
            136.356583,
            34.887043
          ],
          [
            136.356451,
            34.887164
          ],
          [
            136.355951,
            34.887479
          ],
          [
            136.354826,
            34.888235
          ],
          [
            136.35463,
            34.888348
          ],
          [
            136.354431,
            34.888445
          ],
          [
            136.353596,
            34.888788
          ],
          [
            136.353318,
            34.888902
          ],
          [
            136.353021,
            34.889015
          ],
          [
            136.352761,
            34.889069
          ],
          [
            136.352761,
            34.889068
          ],
          [
            136.352761,
            34.889069
          ],
          [
            136.352542,
            34.889085
          ],
          [
            136.351664,
            34.889062
          ],
          [
            136.351272,
            34.889058
          ],
          [
            136.351076,
            34.889074
          ],
          [
            136.35085,
            34.889093
          ],
          [
            136.350107,
            34.889208
          ],
          [
            136.349512,
            34.889326
          ],
          [
            136.349215,
            34.889384
          ],
          [
            136.348875,
            34.889447
          ],
          [
            136.348194,
            34.889574
          ],
          [
            136.347936,
            34.889614
          ],
          [
            136.347547,
            34.88963
          ],
          [
            136.347547,
            34.889632
          ],
          [
            136.34707,
            34.889579
          ],
          [
            136.346887,
            34.88946
          ],
          [
            136.346287,
            34.889376
          ],
          [
            136.345353,
            34.889148
          ],
          [
            136.345031,
            34.889148
          ],
          [
            136.34503,
            34.889144
          ],
          [
            136.345001,
            34.889148
          ],
          [
            136.344711,
            34.889244
          ],
          [
            136.344456,
            34.88934
          ],
          [
            136.344201,
            34.889415
          ],
          [
            136.344111,
            34.889434
          ],
          [
            136.344021,
            34.889453
          ],
          [
            136.343787,
            34.889499
          ],
          [
            136.343345,
            34.889573
          ],
          [
            136.342743,
            34.889701
          ],
          [
            136.342529,
            34.889765
          ],
          [
            136.342307,
            34.88984
          ],
          [
            136.34216,
            34.889877
          ],
          [
            136.34206,
            34.889892
          ],
          [
            136.342012,
            34.889899
          ],
          [
            136.341754,
            34.889899
          ],
          [
            136.341268,
            34.889864
          ],
          [
            136.340797,
            34.88982
          ],
          [
            136.340763,
            34.889817
          ],
          [
            136.340738,
            34.88987
          ],
          [
            136.340695,
            34.889907
          ],
          [
            136.340453,
            34.889997
          ],
          [
            136.340428,
            34.890003
          ],
          [
            136.340234,
            34.890057
          ],
          [
            136.339805,
            34.890175
          ],
          [
            136.339505,
            34.890258
          ],
          [
            136.339,
            34.890426
          ],
          [
            136.338752,
            34.890521
          ],
          [
            136.33875,
            34.89052
          ],
          [
            136.338752,
            34.890521
          ],
          [
            136.338507,
            34.890705
          ],
          [
            136.33835,
            34.890807
          ],
          [
            136.338063,
            34.890925
          ],
          [
            136.337886,
            34.890923
          ],
          [
            136.33782,
            34.890938
          ],
          [
            136.337568,
            34.891063
          ],
          [
            136.337483,
            34.891091
          ],
          [
            136.337368,
            34.891102
          ],
          [
            136.337234,
            34.891102
          ],
          [
            136.337231,
            34.891102
          ],
          [
            136.337241,
            34.89115
          ],
          [
            136.337439,
            34.89118
          ],
          [
            136.337452,
            34.891189
          ],
          [
            136.337405,
            34.891275
          ],
          [
            136.337546,
            34.891286
          ],
          [
            136.33762,
            34.891397
          ],
          [
            136.337604,
            34.891408
          ],
          [
            136.337497,
            34.89139
          ],
          [
            136.337478,
            34.891403
          ],
          [
            136.337482,
            34.891425
          ],
          [
            136.337545,
            34.891477
          ],
          [
            136.337545,
            34.891486
          ],
          [
            136.337527,
            34.8915
          ],
          [
            136.337465,
            34.891485
          ],
          [
            136.337434,
            34.891486
          ],
          [
            136.337428,
            34.89151
          ],
          [
            136.337441,
            34.89154
          ],
          [
            136.337482,
            34.891585
          ],
          [
            136.337489,
            34.891612
          ],
          [
            136.33747,
            34.891797
          ],
          [
            136.337469,
            34.891939
          ],
          [
            136.337504,
            34.89204
          ],
          [
            136.337495,
            34.892048
          ],
          [
            136.337299,
            34.891906
          ],
          [
            136.337253,
            34.891936
          ],
          [
            136.337247,
            34.89194
          ],
          [
            136.337348,
            34.892068
          ],
          [
            136.337273,
            34.892111
          ],
          [
            136.337177,
            34.892079
          ],
          [
            136.337168,
            34.892083
          ],
          [
            136.337169,
            34.892098
          ],
          [
            136.337273,
            34.892304
          ],
          [
            136.337241,
            34.892363
          ],
          [
            136.337147,
            34.89244
          ],
          [
            136.337148,
            34.892459
          ],
          [
            136.33715,
            34.892527
          ],
          [
            136.337224,
            34.892557
          ],
          [
            136.337341,
            34.892546
          ],
          [
            136.337581,
            34.892413
          ],
          [
            136.33763,
            34.89244
          ],
          [
            136.337658,
            34.892487
          ],
          [
            136.337687,
            34.892501
          ],
          [
            136.337658,
            34.892487
          ],
          [
            136.337506,
            34.892697
          ],
          [
            136.33747,
            34.892912
          ],
          [
            136.337448,
            34.892941
          ],
          [
            136.337427,
            34.892934
          ],
          [
            136.337372,
            34.892858
          ],
          [
            136.337349,
            34.892847
          ],
          [
            136.337336,
            34.892858
          ],
          [
            136.337338,
            34.892886
          ],
          [
            136.33738,
            34.893002
          ],
          [
            136.337363,
            34.893167
          ],
          [
            136.33723,
            34.893334
          ],
          [
            136.336956,
            34.893764
          ],
          [
            136.336799,
            34.89401
          ],
          [
            136.336729,
            34.894128
          ],
          [
            136.336458,
            34.894596
          ],
          [
            136.33629,
            34.894851
          ],
          [
            136.336222,
            34.894905
          ],
          [
            136.335964,
            34.895096
          ],
          [
            136.335936,
            34.895164
          ],
          [
            136.335911,
            34.895309
          ],
          [
            136.335911,
            34.895495
          ],
          [
            136.335887,
            34.895549
          ],
          [
            136.335748,
            34.895692
          ],
          [
            136.33567,
            34.895805
          ],
          [
            136.335656,
            34.895846
          ],
          [
            136.335656,
            34.895919
          ],
          [
            136.335693,
            34.896379
          ],
          [
            136.335694,
            34.896466
          ],
          [
            136.33558,
            34.896764
          ],
          [
            136.335482,
            34.896972
          ],
          [
            136.335462,
            34.897049
          ],
          [
            136.335442,
            34.897397
          ],
          [
            136.33562,
            34.89743
          ],
          [
            136.335633,
            34.897481
          ],
          [
            136.335467,
            34.898137
          ],
          [
            136.335312,
            34.898883
          ],
          [
            136.335245,
            34.899104
          ],
          [
            136.335171,
            34.899503
          ],
          [
            136.335108,
            34.900133
          ],
          [
            136.335094,
            34.900479
          ],
          [
            136.335073,
            34.900544
          ],
          [
            136.335084,
            34.900801
          ],
          [
            136.335057,
            34.90083
          ],
          [
            136.335043,
            34.900999
          ],
          [
            136.33508,
            34.901015
          ],
          [
            136.335088,
            34.901228
          ],
          [
            136.335033,
            34.901613
          ],
          [
            136.334984,
            34.901802
          ],
          [
            136.334897,
            34.902057
          ],
          [
            136.334769,
            34.902312
          ],
          [
            136.334595,
            34.902595
          ],
          [
            136.334413,
            34.902838
          ],
          [
            136.334287,
            34.902968
          ],
          [
            136.334133,
            34.903126
          ],
          [
            136.333819,
            34.903382
          ],
          [
            136.333526,
            34.903579
          ],
          [
            136.333388,
            34.903658
          ],
          [
            136.333309,
            34.903687
          ],
          [
            136.33325,
            34.903742
          ],
          [
            136.332695,
            34.90406
          ],
          [
            136.331972,
            34.904474
          ],
          [
            136.331773,
            34.904609
          ],
          [
            136.331346,
            34.905003
          ],
          [
            136.331195,
            34.905171
          ],
          [
            136.331136,
            34.905247
          ],
          [
            136.331007,
            34.905447
          ],
          [
            136.330854,
            34.90571
          ],
          [
            136.331017,
            34.905842
          ],
          [
            136.330779,
            34.906311
          ],
          [
            136.33066,
            34.906546
          ],
          [
            136.330506,
            34.906805
          ],
          [
            136.330447,
            34.906955
          ],
          [
            136.330315,
            34.907115
          ],
          [
            136.330066,
            34.907362
          ],
          [
            136.32988,
            34.907502
          ],
          [
            136.329604,
            34.907632
          ],
          [
            136.32925,
            34.907812
          ],
          [
            136.329155,
            34.90787
          ],
          [
            136.329035,
            34.907982
          ],
          [
            136.328734,
            34.908042
          ],
          [
            136.328439,
            34.908142
          ],
          [
            136.328141,
            34.908227
          ],
          [
            136.327535,
            34.908414
          ],
          [
            136.326549,
            34.908712
          ],
          [
            136.326316,
            34.908782
          ],
          [
            136.325987,
            34.908896
          ],
          [
            136.32572,
            34.908998
          ],
          [
            136.325576,
            34.909087
          ],
          [
            136.325413,
            34.909168
          ],
          [
            136.325274,
            34.909212
          ],
          [
            136.325119,
            34.909277
          ],
          [
            136.324973,
            34.909353
          ],
          [
            136.324622,
            34.909519
          ],
          [
            136.324333,
            34.909668
          ],
          [
            136.324113,
            34.909803
          ],
          [
            136.324045,
            34.909855
          ],
          [
            136.323819,
            34.910044
          ],
          [
            136.323688,
            34.910183
          ],
          [
            136.323427,
            34.910512
          ],
          [
            136.32302,
            34.911025
          ],
          [
            136.322296,
            34.911936
          ],
          [
            136.3223,
            34.911889
          ],
          [
            136.322296,
            34.911936
          ],
          [
            136.322269,
            34.912048
          ],
          [
            136.322237,
            34.912147
          ],
          [
            136.32215,
            34.912368
          ],
          [
            136.321918,
            34.912929
          ],
          [
            136.321835,
            34.913185
          ],
          [
            136.321753,
            34.913384
          ],
          [
            136.321646,
            34.913566
          ],
          [
            136.321632,
            34.913561
          ],
          [
            136.321646,
            34.913566
          ],
          [
            136.321491,
            34.913783
          ],
          [
            136.320741,
            34.914537
          ],
          [
            136.320538,
            34.914751
          ],
          [
            136.32022,
            34.915057
          ],
          [
            136.320187,
            34.915073
          ],
          [
            136.320079,
            34.915124
          ],
          [
            136.319663,
            34.915295
          ],
          [
            136.319145,
            34.915523
          ],
          [
            136.319037,
            34.915594
          ],
          [
            136.31892,
            34.915685
          ],
          [
            136.318592,
            34.915982
          ],
          [
            136.318559,
            34.915998
          ],
          [
            136.318272,
            34.916134
          ],
          [
            136.31822,
            34.916151
          ],
          [
            136.317907,
            34.916205
          ],
          [
            136.317722,
            34.916225
          ],
          [
            136.317457,
            34.916298
          ],
          [
            136.317385,
            34.916306
          ],
          [
            136.317313,
            34.916295
          ],
          [
            136.317239,
            34.916242
          ],
          [
            136.317247,
            34.916249
          ],
          [
            136.317176,
            34.916282
          ],
          [
            136.317069,
            34.916304
          ],
          [
            136.316847,
            34.916421
          ],
          [
            136.316513,
            34.916688
          ],
          [
            136.316231,
            34.916974
          ],
          [
            136.31496,
            34.918412
          ],
          [
            136.314759,
            34.918626
          ],
          [
            136.314487,
            34.918867
          ],
          [
            136.314304,
            34.919005
          ],
          [
            136.314206,
            34.91908
          ],
          [
            136.313884,
            34.919263
          ],
          [
            136.313598,
            34.919394
          ],
          [
            136.313246,
            34.919495
          ],
          [
            136.31227,
            34.919701
          ],
          [
            136.312177,
            34.919743
          ],
          [
            136.311959,
            34.919786
          ],
          [
            136.311664,
            34.919844
          ],
          [
            136.311623,
            34.919867
          ],
          [
            136.311508,
            34.919903
          ],
          [
            136.311542,
            34.919956
          ],
          [
            136.311628,
            34.920032
          ],
          [
            136.31169,
            34.920052
          ],
          [
            136.311752,
            34.92005
          ],
          [
            136.311811,
            34.92003
          ],
          [
            136.311831,
            34.920015
          ],
          [
            136.312024,
            34.920155
          ],
          [
            136.312187,
            34.920277
          ],
          [
            136.312197,
            34.920286
          ],
          [
            136.311892,
            34.920392
          ],
          [
            136.311317,
            34.920633
          ],
          [
            136.311136,
            34.920696
          ],
          [
            136.311061,
            34.920711
          ],
          [
            136.310954,
            34.920721
          ],
          [
            136.310805,
            34.920724
          ],
          [
            136.310517,
            34.920684
          ],
          [
            136.31039,
            34.920681
          ],
          [
            136.310187,
            34.920726
          ],
          [
            136.309996,
            34.920755
          ],
          [
            136.309941,
            34.920751
          ],
          [
            136.309925,
            34.920743
          ],
          [
            136.309927,
            34.92074
          ],
          [
            136.309925,
            34.920743
          ],
          [
            136.309905,
            34.920734
          ],
          [
            136.309893,
            34.920716
          ],
          [
            136.309896,
            34.92062
          ],
          [
            136.309887,
            34.920538
          ],
          [
            136.309863,
            34.920486
          ],
          [
            136.309788,
            34.920397
          ],
          [
            136.309691,
            34.920335
          ],
          [
            136.309539,
            34.920277
          ],
          [
            136.309463,
            34.920265
          ],
          [
            136.30944,
            34.920262
          ],
          [
            136.309255,
            34.920333
          ],
          [
            136.30915,
            34.920384
          ],
          [
            136.309027,
            34.92045
          ],
          [
            136.308853,
            34.920564
          ],
          [
            136.308745,
            34.920644
          ],
          [
            136.308499,
            34.920881
          ],
          [
            136.308358,
            34.921053
          ],
          [
            136.308242,
            34.921247
          ],
          [
            136.307901,
            34.921888
          ],
          [
            136.307737,
            34.922111
          ],
          [
            136.307612,
            34.922244
          ],
          [
            136.307598,
            34.922235
          ],
          [
            136.307612,
            34.922244
          ],
          [
            136.307553,
            34.922306
          ],
          [
            136.307317,
            34.922492
          ],
          [
            136.307057,
            34.922665
          ],
          [
            136.30677,
            34.922813
          ],
          [
            136.306473,
            34.922923
          ],
          [
            136.306284,
            34.922973
          ],
          [
            136.306044,
            34.923095
          ],
          [
            136.305822,
            34.923236
          ],
          [
            136.305361,
            34.923474
          ],
          [
            136.305261,
            34.923537
          ],
          [
            136.305103,
            34.923669
          ],
          [
            136.304995,
            34.923783
          ],
          [
            136.30462,
            34.924137
          ],
          [
            136.30441,
            34.924282
          ],
          [
            136.303844,
            34.92465
          ],
          [
            136.303601,
            34.924789
          ],
          [
            136.303553,
            34.924836
          ],
          [
            136.303538,
            34.924851
          ],
          [
            136.303499,
            34.924951
          ],
          [
            136.303384,
            34.925581
          ],
          [
            136.303352,
            34.925693
          ],
          [
            136.303081,
            34.925939
          ],
          [
            136.302776,
            34.926186
          ],
          [
            136.302646,
            34.926267
          ],
          [
            136.302472,
            34.926343
          ],
          [
            136.302116,
            34.926467
          ],
          [
            136.301993,
            34.926537
          ],
          [
            136.301804,
            34.926695
          ],
          [
            136.301641,
            34.926976
          ],
          [
            136.301594,
            34.927035
          ],
          [
            136.301523,
            34.927084
          ],
          [
            136.300777,
            34.927459
          ],
          [
            136.300093,
            34.927823
          ],
          [
            136.299537,
            34.928059
          ],
          [
            136.299111,
            34.928178
          ],
          [
            136.29893,
            34.928287
          ],
          [
            136.298597,
            34.928679
          ],
          [
            136.298407,
            34.928813
          ],
          [
            136.298215,
            34.928976
          ],
          [
            136.297754,
            34.929245
          ],
          [
            136.297748,
            34.929248
          ],
          [
            136.297123,
            34.928653
          ],
          [
            136.296707,
            34.928256
          ],
          [
            136.296611,
            34.928182
          ],
          [
            136.296508,
            34.928118
          ],
          [
            136.29584,
            34.927556
          ],
          [
            136.295686,
            34.927473
          ],
          [
            136.295689,
            34.927469
          ],
          [
            136.295686,
            34.927473
          ],
          [
            136.295671,
            34.927465
          ],
          [
            136.295549,
            34.927516
          ],
          [
            136.295212,
            34.927681
          ],
          [
            136.294832,
            34.927835
          ],
          [
            136.294094,
            34.928046
          ],
          [
            136.293846,
            34.928126
          ],
          [
            136.293317,
            34.928353
          ],
          [
            136.293105,
            34.928459
          ],
          [
            136.293027,
            34.928513
          ],
          [
            136.292993,
            34.928537
          ],
          [
            136.292934,
            34.928606
          ],
          [
            136.292853,
            34.928743
          ],
          [
            136.292744,
            34.92895
          ],
          [
            136.292719,
            34.92903
          ],
          [
            136.292673,
            34.929117
          ],
          [
            136.292613,
            34.9292
          ],
          [
            136.292471,
            34.929361
          ],
          [
            136.292372,
            34.929458
          ],
          [
            136.292283,
            34.929531
          ],
          [
            136.291874,
            34.92977
          ],
          [
            136.291791,
            34.929841
          ],
          [
            136.291647,
            34.929946
          ],
          [
            136.291485,
            34.930084
          ],
          [
            136.290572,
            34.93091
          ],
          [
            136.290125,
            34.931291
          ],
          [
            136.289828,
            34.931527
          ],
          [
            136.289576,
            34.931709
          ],
          [
            136.289228,
            34.931881
          ],
          [
            136.288923,
            34.932044
          ],
          [
            136.288622,
            34.932233
          ],
          [
            136.287895,
            34.932747
          ],
          [
            136.287003,
            34.933297
          ],
          [
            136.286784,
            34.93345
          ],
          [
            136.286355,
            34.933824
          ],
          [
            136.286081,
            34.934052
          ],
          [
            136.285971,
            34.934104
          ],
          [
            136.285861,
            34.934155
          ],
          [
            136.285406,
            34.934311
          ],
          [
            136.28462,
            34.934547
          ],
          [
            136.284387,
            34.934609
          ],
          [
            136.283978,
            34.934674
          ],
          [
            136.283113,
            34.934758
          ],
          [
            136.282698,
            34.934804
          ],
          [
            136.282404,
            34.934812
          ],
          [
            136.282309,
            34.934818
          ],
          [
            136.281819,
            34.934804
          ],
          [
            136.281448,
            34.93476
          ],
          [
            136.280908,
            34.934662
          ],
          [
            136.280617,
            34.934666
          ],
          [
            136.280396,
            34.934698
          ],
          [
            136.280203,
            34.934758
          ],
          [
            136.280117,
            34.934818
          ],
          [
            136.280052,
            34.934864
          ],
          [
            136.279963,
            34.93496
          ],
          [
            136.279846,
            34.935207
          ],
          [
            136.27969,
            34.935496
          ],
          [
            136.279286,
            34.935974
          ],
          [
            136.278739,
            34.936712
          ],
          [
            136.278153,
            34.937287
          ],
          [
            136.277805,
            34.937789
          ],
          [
            136.277744,
            34.937865
          ],
          [
            136.277668,
            34.937962
          ],
          [
            136.277492,
            34.938113
          ],
          [
            136.277429,
            34.938167
          ],
          [
            136.277504,
            34.938148
          ],
          [
            136.277535,
            34.93824
          ],
          [
            136.276872,
            34.938405
          ],
          [
            136.276256,
            34.938565
          ],
          [
            136.27626,
            34.938564
          ],
          [
            136.276238,
            34.93861
          ],
          [
            136.276007,
            34.938906
          ],
          [
            136.27583,
            34.939117
          ],
          [
            136.275433,
            34.939501
          ],
          [
            136.275246,
            34.939716
          ],
          [
            136.27514,
            34.939869
          ],
          [
            136.275029,
            34.940056
          ],
          [
            136.274932,
            34.940238
          ],
          [
            136.274818,
            34.940417
          ],
          [
            136.27463,
            34.940632
          ],
          [
            136.274432,
            34.940743
          ],
          [
            136.274427,
            34.940732
          ],
          [
            136.274425,
            34.940733
          ],
          [
            136.274427,
            34.940732
          ],
          [
            136.274325,
            34.94052
          ],
          [
            136.274271,
            34.940362
          ],
          [
            136.274255,
            34.940284
          ],
          [
            136.274221,
            34.939725
          ],
          [
            136.274203,
            34.939643
          ],
          [
            136.274194,
            34.939606
          ],
          [
            136.273949,
            34.939071
          ],
          [
            136.273843,
            34.93894
          ],
          [
            136.273513,
            34.938639
          ],
          [
            136.273491,
            34.938591
          ],
          [
            136.273461,
            34.938523
          ],
          [
            136.272398,
            34.938297
          ],
          [
            136.271893,
            34.93819
          ],
          [
            136.271882,
            34.938232
          ],
          [
            136.271848,
            34.93823
          ],
          [
            136.270703,
            34.937987
          ],
          [
            136.270446,
            34.937942
          ],
          [
            136.27019,
            34.937929
          ],
          [
            136.269912,
            34.937927
          ],
          [
            136.268647,
            34.937937
          ],
          [
            136.268529,
            34.937917
          ],
          [
            136.268049,
            34.937922
          ],
          [
            136.267958,
            34.937944
          ],
          [
            136.267872,
            34.93795
          ],
          [
            136.267961,
            34.938282
          ],
          [
            136.268189,
            34.939098
          ],
          [
            136.268221,
            34.939251
          ],
          [
            136.268229,
            34.939374
          ],
          [
            136.26824,
            34.939374
          ],
          [
            136.268197,
            34.940161
          ],
          [
            136.268224,
            34.940658
          ],
          [
            136.267875,
            34.940407
          ],
          [
            136.267172,
            34.939726
          ],
          [
            136.267178,
            34.939723
          ],
          [
            136.267144,
            34.93968
          ],
          [
            136.267056,
            34.939509
          ],
          [
            136.266973,
            34.939203
          ],
          [
            136.266919,
            34.939113
          ],
          [
            136.266812,
            34.93897
          ],
          [
            136.266566,
            34.938671
          ],
          [
            136.266516,
            34.938634
          ],
          [
            136.266366,
            34.938524
          ],
          [
            136.266176,
            34.938416
          ],
          [
            136.265723,
            34.938224
          ],
          [
            136.265531,
            34.938126
          ],
          [
            136.265454,
            34.938094
          ],
          [
            136.26539,
            34.938063
          ],
          [
            136.264691,
            34.93774
          ],
          [
            136.264576,
            34.937715
          ],
          [
            136.26447,
            34.937692
          ],
          [
            136.264409,
            34.937687
          ],
          [
            136.264282,
            34.937694
          ],
          [
            136.26417,
            34.937664
          ],
          [
            136.263942,
            34.937704
          ],
          [
            136.263391,
            34.937724
          ],
          [
            136.263146,
            34.93772
          ],
          [
            136.262705,
            34.937726
          ],
          [
            136.262322,
            34.937765
          ],
          [
            136.262052,
            34.937815
          ],
          [
            136.261085,
            34.937907
          ],
          [
            136.260649,
            34.93793
          ],
          [
            136.260161,
            34.937907
          ],
          [
            136.259817,
            34.937866
          ],
          [
            136.259556,
            34.937814
          ],
          [
            136.259251,
            34.937734
          ],
          [
            136.25901,
            34.937655
          ],
          [
            136.258667,
            34.93749
          ],
          [
            136.258329,
            34.937355
          ],
          [
            136.258127,
            34.937298
          ],
          [
            136.25803,
            34.937279
          ],
          [
            136.257826,
            34.937266
          ],
          [
            136.257632,
            34.93729
          ],
          [
            136.257238,
            34.937337
          ],
          [
            136.256423,
            34.93749
          ],
          [
            136.256228,
            34.937543
          ],
          [
            136.255578,
            34.937655
          ],
          [
            136.255246,
            34.93777
          ],
          [
            136.255096,
            34.937833
          ],
          [
            136.25489,
            34.937968
          ],
          [
            136.25472,
            34.938143
          ],
          [
            136.254412,
            34.93856
          ],
          [
            136.254278,
            34.938682
          ],
          [
            136.253931,
            34.938924
          ],
          [
            136.253654,
            34.939031
          ],
          [
            136.253656,
            34.939034
          ],
          [
            136.253654,
            34.939035
          ],
          [
            136.253656,
            34.939034
          ],
          [
            136.253654,
            34.939031
          ],
          [
            136.253464,
            34.939083
          ],
          [
            136.253216,
            34.93913
          ],
          [
            136.252298,
            34.939232
          ],
          [
            136.251753,
            34.939275
          ],
          [
            136.251527,
            34.939303
          ],
          [
            136.250685,
            34.939531
          ],
          [
            136.250287,
            34.939625
          ],
          [
            136.250228,
            34.939644
          ],
          [
            136.250094,
            34.939688
          ],
          [
            136.249854,
            34.939801
          ],
          [
            136.249611,
            34.939938
          ],
          [
            136.24927,
            34.940164
          ],
          [
            136.249075,
            34.940282
          ],
          [
            136.248826,
            34.940372
          ],
          [
            136.248573,
            34.940436
          ],
          [
            136.248188,
            34.940558
          ],
          [
            136.247812,
            34.940664
          ],
          [
            136.247433,
            34.940742
          ],
          [
            136.247076,
            34.940804
          ],
          [
            136.246906,
            34.940847
          ],
          [
            136.246831,
            34.940875
          ],
          [
            136.246603,
            34.940984
          ],
          [
            136.246412,
            34.941092
          ],
          [
            136.245781,
            34.941469
          ],
          [
            136.245698,
            34.94151
          ],
          [
            136.244939,
            34.941838
          ],
          [
            136.244742,
            34.941894
          ],
          [
            136.243514,
            34.942089
          ],
          [
            136.242721,
            34.942229
          ],
          [
            136.241924,
            34.942388
          ],
          [
            136.241781,
            34.942409
          ],
          [
            136.241185,
            34.94254
          ],
          [
            136.240411,
            34.94273
          ],
          [
            136.239955,
            34.942852
          ],
          [
            136.239859,
            34.942891
          ],
          [
            136.239707,
            34.942953
          ],
          [
            136.238534,
            34.943504
          ],
          [
            136.238131,
            34.943683
          ],
          [
            136.237793,
            34.943872
          ],
          [
            136.237758,
            34.943904
          ],
          [
            136.237432,
            34.944064
          ],
          [
            136.237294,
            34.944132
          ],
          [
            136.237183,
            34.944187
          ],
          [
            136.236611,
            34.944419
          ],
          [
            136.235756,
            34.944686
          ],
          [
            136.235758,
            34.94469
          ],
          [
            136.235756,
            34.944686
          ],
          [
            136.235483,
            34.944766
          ],
          [
            136.235057,
            34.944844
          ],
          [
            136.234935,
            34.944856
          ],
          [
            136.234835,
            34.944857
          ],
          [
            136.234725,
            34.944842
          ],
          [
            136.23451,
            34.944828
          ],
          [
            136.23386,
            34.944868
          ],
          [
            136.233756,
            34.944879
          ],
          [
            136.23353,
            34.945027
          ],
          [
            136.233155,
            34.945322
          ],
          [
            136.232672,
            34.94572
          ],
          [
            136.232588,
            34.945804
          ],
          [
            136.232535,
            34.94588
          ],
          [
            136.232515,
            34.945909
          ],
          [
            136.23248,
            34.946017
          ],
          [
            136.232391,
            34.946415
          ],
          [
            136.23234,
            34.946585
          ],
          [
            136.23228,
            34.946712
          ],
          [
            136.231886,
            34.947284
          ],
          [
            136.231681,
            34.947526
          ],
          [
            136.231335,
            34.947882
          ],
          [
            136.231006,
            34.948165
          ],
          [
            136.230831,
            34.948327
          ],
          [
            136.230783,
            34.948381
          ],
          [
            136.230728,
            34.948467
          ],
          [
            136.230703,
            34.948544
          ],
          [
            136.230691,
            34.948583
          ],
          [
            136.230686,
            34.948719
          ],
          [
            136.23074,
            34.949094
          ],
          [
            136.230752,
            34.94925
          ],
          [
            136.230736,
            34.94928
          ],
          [
            136.230742,
            34.949346
          ],
          [
            136.230833,
            34.949444
          ],
          [
            136.230931,
            34.949565
          ],
          [
            136.230941,
            34.949591
          ],
          [
            136.230938,
            34.949646
          ],
          [
            136.230919,
            34.949659
          ],
          [
            136.230522,
            34.949923
          ],
          [
            136.230093,
            34.950644
          ],
          [
            136.230069,
            34.950627
          ],
          [
            136.229934,
            34.950735
          ],
          [
            136.229591,
            34.950955
          ],
          [
            136.229393,
            34.951066
          ],
          [
            136.228719,
            34.951417
          ],
          [
            136.228398,
            34.951614
          ],
          [
            136.228249,
            34.951709
          ],
          [
            136.227879,
            34.951975
          ],
          [
            136.227746,
            34.95205
          ],
          [
            136.227069,
            34.9523
          ],
          [
            136.226685,
            34.952426
          ],
          [
            136.226275,
            34.95257
          ],
          [
            136.226068,
            34.952684
          ],
          [
            136.225912,
            34.952781
          ],
          [
            136.224794,
            34.953565
          ],
          [
            136.224525,
            34.953727
          ],
          [
            136.223955,
            34.953992
          ],
          [
            136.223491,
            34.954314
          ],
          [
            136.223272,
            34.954446
          ],
          [
            136.223044,
            34.954553
          ],
          [
            136.223002,
            34.954566
          ],
          [
            136.222136,
            34.954807
          ],
          [
            136.2216,
            34.954894
          ],
          [
            136.221085,
            34.954948
          ],
          [
            136.22062,
            34.955038
          ],
          [
            136.220278,
            34.95508
          ],
          [
            136.219698,
            34.955101
          ],
          [
            136.219264,
            34.955104
          ],
          [
            136.218559,
            34.95523
          ],
          [
            136.21806,
            34.955308
          ],
          [
            136.21759,
            34.95537
          ],
          [
            136.216916,
            34.955424
          ],
          [
            136.215783,
            34.955638
          ],
          [
            136.21521,
            34.955713
          ],
          [
            136.215011,
            34.955793
          ],
          [
            136.214955,
            34.95579
          ],
          [
            136.214917,
            34.955774
          ],
          [
            136.214791,
            34.955835
          ],
          [
            136.214646,
            34.955667
          ],
          [
            136.21434,
            34.955775
          ],
          [
            136.214015,
            34.955892
          ],
          [
            136.213332,
            34.956127
          ],
          [
            136.213336,
            34.956252
          ],
          [
            136.213253,
            34.956298
          ],
          [
            136.212996,
            34.956384
          ],
          [
            136.212329,
            34.956591
          ],
          [
            136.211957,
            34.956781
          ],
          [
            136.211419,
            34.957027
          ],
          [
            136.210963,
            34.957238
          ],
          [
            136.210739,
            34.957369
          ],
          [
            136.210284,
            34.957619
          ],
          [
            136.209974,
            34.957768
          ],
          [
            136.209929,
            34.957783
          ],
          [
            136.209656,
            34.957887
          ],
          [
            136.20925,
            34.958003
          ],
          [
            136.209042,
            34.95807
          ],
          [
            136.207885,
            34.958673
          ],
          [
            136.207787,
            34.95871
          ],
          [
            136.207746,
            34.958718
          ],
          [
            136.207651,
            34.958735
          ],
          [
            136.207511,
            34.958733
          ],
          [
            136.207427,
            34.958723
          ],
          [
            136.207322,
            34.958699
          ],
          [
            136.207198,
            34.958648
          ],
          [
            136.206749,
            34.958437
          ],
          [
            136.205885,
            34.958012
          ],
          [
            136.205865,
            34.957981
          ],
          [
            136.205861,
            34.957976
          ],
          [
            136.205202,
            34.958103
          ],
          [
            136.205193,
            34.958146
          ],
          [
            136.205118,
            34.958186
          ],
          [
            136.204609,
            34.958352
          ],
          [
            136.204152,
            34.958547
          ],
          [
            136.203944,
            34.958613
          ],
          [
            136.203759,
            34.958654
          ],
          [
            136.203542,
            34.958678
          ],
          [
            136.203357,
            34.958671
          ],
          [
            136.203357,
            34.958664
          ],
          [
            136.203357,
            34.958671
          ],
          [
            136.203139,
            34.958663
          ],
          [
            136.202747,
            34.958633
          ],
          [
            136.202508,
            34.958591
          ],
          [
            136.202414,
            34.958573
          ],
          [
            136.202014,
            34.958473
          ],
          [
            136.201697,
            34.958404
          ],
          [
            136.201586,
            34.958367
          ],
          [
            136.200375,
            34.958003
          ],
          [
            136.200374,
            34.958004
          ],
          [
            136.200375,
            34.958003
          ],
          [
            136.200226,
            34.957871
          ],
          [
            136.200123,
            34.957796
          ],
          [
            136.200118,
            34.957774
          ],
          [
            136.200116,
            34.957768
          ],
          [
            136.199994,
            34.957767
          ],
          [
            136.199698,
            34.957799
          ],
          [
            136.199368,
            34.95788
          ],
          [
            136.199034,
            34.957963
          ],
          [
            136.198937,
            34.958014
          ],
          [
            136.198763,
            34.95806
          ],
          [
            136.198696,
            34.958065
          ],
          [
            136.19869,
            34.958077
          ],
          [
            136.198671,
            34.958117
          ],
          [
            136.198593,
            34.958157
          ],
          [
            136.198473,
            34.95825
          ],
          [
            136.197652,
            34.958987
          ],
          [
            136.196581,
            34.960007
          ],
          [
            136.196425,
            34.960102
          ],
          [
            136.195921,
            34.960408
          ],
          [
            136.195505,
            34.960649
          ],
          [
            136.19504,
            34.960973
          ],
          [
            136.194734,
            34.961223
          ],
          [
            136.19435,
            34.961461
          ],
          [
            136.194192,
            34.961573
          ],
          [
            136.194128,
            34.961633
          ],
          [
            136.193966,
            34.961786
          ],
          [
            136.193658,
            34.962143
          ],
          [
            136.193244,
            34.962558
          ],
          [
            136.193054,
            34.962732
          ],
          [
            136.192881,
            34.962919
          ],
          [
            136.192759,
            34.963005
          ],
          [
            136.192648,
            34.963058
          ],
          [
            136.192466,
            34.963128
          ],
          [
            136.192388,
            34.963171
          ],
          [
            136.192027,
            34.963458
          ],
          [
            136.191913,
            34.963539
          ],
          [
            136.191526,
            34.96374
          ],
          [
            136.191523,
            34.963737
          ],
          [
            136.191526,
            34.96374
          ],
          [
            136.191474,
            34.963765
          ],
          [
            136.19141,
            34.963942
          ],
          [
            136.191121,
            34.964928
          ],
          [
            136.191015,
            34.965235
          ],
          [
            136.191001,
            34.965275
          ],
          [
            136.190946,
            34.965332
          ],
          [
            136.190721,
            34.965442
          ],
          [
            136.190624,
            34.965504
          ],
          [
            136.18959,
            34.966305
          ],
          [
            136.189369,
            34.966453
          ],
          [
            136.189085,
            34.966603
          ],
          [
            136.188832,
            34.966717
          ],
          [
            136.188441,
            34.966853
          ],
          [
            136.187641,
            34.966958
          ],
          [
            136.187003,
            34.967076
          ],
          [
            136.186955,
            34.967087
          ],
          [
            136.186848,
            34.967131
          ],
          [
            136.186684,
            34.967182
          ],
          [
            136.186501,
            34.967231
          ],
          [
            136.186352,
            34.967247
          ],
          [
            136.185802,
            34.967269
          ],
          [
            136.185045,
            34.96725
          ],
          [
            136.184873,
            34.967268
          ],
          [
            136.184666,
            34.967266
          ],
          [
            136.184606,
            34.967247
          ],
          [
            136.184523,
            34.96722
          ],
          [
            136.184504,
            34.967184
          ],
          [
            136.183988,
            34.9669
          ],
          [
            136.183787,
            34.966752
          ],
          [
            136.183663,
            34.966632
          ],
          [
            136.18354,
            34.966367
          ],
          [
            136.183436,
            34.966317
          ],
          [
            136.183282,
            34.966255
          ],
          [
            136.182883,
            34.966119
          ],
          [
            136.182819,
            34.966109
          ],
          [
            136.182742,
            34.966105
          ],
          [
            136.182551,
            34.966122
          ],
          [
            136.182065,
            34.966227
          ],
          [
            136.181672,
            34.966321
          ],
          [
            136.180796,
            34.966281
          ],
          [
            136.180775,
            34.96628
          ],
          [
            136.18065,
            34.966325
          ],
          [
            136.178829,
            34.967082
          ],
          [
            136.177705,
            34.967633
          ],
          [
            136.177653,
            34.96765
          ],
          [
            136.176453,
            34.968337
          ],
          [
            136.175493,
            34.968909
          ],
          [
            136.175387,
            34.968963
          ],
          [
            136.174657,
            34.969283
          ],
          [
            136.17377,
            34.969643
          ],
          [
            136.173245,
            34.969869
          ],
          [
            136.172556,
            34.97024
          ],
          [
            136.172182,
            34.970465
          ],
          [
            136.172088,
            34.970503
          ],
          [
            136.172025,
            34.970502
          ],
          [
            136.171828,
            34.970612
          ],
          [
            136.171408,
            34.970816
          ],
          [
            136.171342,
            34.970841
          ],
          [
            136.170876,
            34.971019
          ],
          [
            136.170327,
            34.971215
          ],
          [
            136.169876,
            34.9714
          ],
          [
            136.169395,
            34.971497
          ],
          [
            136.169389,
            34.971498
          ],
          [
            136.16939,
            34.9715
          ],
          [
            136.169389,
            34.971498
          ],
          [
            136.169395,
            34.971497
          ],
          [
            136.16953,
            34.971846
          ],
          [
            136.169856,
            34.972639
          ],
          [
            136.168323,
            34.973086
          ],
          [
            136.168075,
            34.973166
          ],
          [
            136.167213,
            34.97341
          ],
          [
            136.166275,
            34.973686
          ],
          [
            136.16599,
            34.973761
          ],
          [
            136.165988,
            34.97376
          ],
          [
            136.165656,
            34.972951
          ],
          [
            136.163634,
            34.973505
          ],
          [
            136.161965,
            34.97394
          ],
          [
            136.161649,
            34.973984
          ],
          [
            136.161284,
            34.973558
          ],
          [
            136.161287,
            34.973565
          ],
          [
            136.160638,
            34.973774
          ],
          [
            136.158873,
            34.974312
          ],
          [
            136.157091,
            34.974895
          ],
          [
            136.156726,
            34.975004
          ],
          [
            136.155838,
            34.975302
          ],
          [
            136.154988,
            34.975597
          ],
          [
            136.152617,
            34.976384
          ],
          [
            136.151404,
            34.976771
          ],
          [
            136.150967,
            34.976927
          ],
          [
            136.150008,
            34.977253
          ],
          [
            136.14906,
            34.977538
          ],
          [
            136.148585,
            34.977717
          ],
          [
            136.147925,
            34.977927
          ],
          [
            136.147229,
            34.978165
          ],
          [
            136.146247,
            34.978461
          ],
          [
            136.144412,
            34.979045
          ],
          [
            136.143232,
            34.979435
          ],
          [
            136.138348,
            34.981012
          ],
          [
            136.136944,
            34.981453
          ],
          [
            136.136714,
            34.981499
          ],
          [
            136.136302,
            34.981535
          ],
          [
            136.135741,
            34.981645
          ],
          [
            136.135112,
            34.981849
          ],
          [
            136.13459,
            34.982046
          ],
          [
            136.13417,
            34.982134
          ],
          [
            136.13396,
            34.982167
          ],
          [
            136.13317,
            34.982191
          ],
          [
            136.132823,
            34.982222
          ],
          [
            136.132732,
            34.982242
          ],
          [
            136.132332,
            34.982291
          ],
          [
            136.131859,
            34.982363
          ],
          [
            136.131031,
            34.98244
          ],
          [
            136.130869,
            34.982449
          ],
          [
            136.130793,
            34.982454
          ],
          [
            136.130705,
            34.982469
          ],
          [
            136.130509,
            34.982483
          ],
          [
            136.130503,
            34.982477
          ],
          [
            136.130498,
            34.98248
          ],
          [
            136.130503,
            34.982477
          ],
          [
            136.130459,
            34.98243
          ],
          [
            136.130251,
            34.98233
          ],
          [
            136.130038,
            34.982263
          ],
          [
            136.129842,
            34.982222
          ],
          [
            136.12972,
            34.982213
          ],
          [
            136.129239,
            34.982238
          ],
          [
            136.129014,
            34.982262
          ],
          [
            136.12852,
            34.982333
          ],
          [
            136.128381,
            34.982335
          ],
          [
            136.128302,
            34.982322
          ],
          [
            136.128204,
            34.982277
          ],
          [
            136.127998,
            34.982066
          ],
          [
            136.128004,
            34.98206
          ],
          [
            136.12779,
            34.982287
          ],
          [
            136.127587,
            34.982596
          ],
          [
            136.127528,
            34.982671
          ],
          [
            136.127308,
            34.98291
          ],
          [
            136.127233,
            34.98291
          ],
          [
            136.126724,
            34.983432
          ],
          [
            136.126288,
            34.983924
          ],
          [
            136.126101,
            34.98412
          ],
          [
            136.125696,
            34.984501
          ],
          [
            136.125714,
            34.984553
          ],
          [
            136.125586,
            34.984688
          ],
          [
            136.125692,
            34.984801
          ],
          [
            136.125354,
            34.984922
          ],
          [
            136.125143,
            34.985004
          ],
          [
            136.125091,
            34.985061
          ],
          [
            136.125095,
            34.985144
          ],
          [
            136.12487,
            34.98517
          ],
          [
            136.124876,
            34.985205
          ],
          [
            136.123792,
            34.985311
          ],
          [
            136.122649,
            34.985544
          ],
          [
            136.121555,
            34.98579
          ],
          [
            136.120691,
            34.985944
          ],
          [
            136.120364,
            34.985909
          ],
          [
            136.120203,
            34.986071
          ],
          [
            136.120032,
            34.986071
          ],
          [
            136.119812,
            34.985904
          ],
          [
            136.119683,
            34.985768
          ],
          [
            136.118047,
            34.984669
          ],
          [
            136.117655,
            34.984463
          ],
          [
            136.117408,
            34.984388
          ],
          [
            136.117553,
            34.984177
          ],
          [
            136.117457,
            34.983698
          ],
          [
            136.117465,
            34.983697
          ],
          [
            136.117464,
            34.983688
          ],
          [
            136.116889,
            34.98372
          ],
          [
            136.116339,
            34.983776
          ],
          [
            136.115229,
            34.98382
          ],
          [
            136.114902,
            34.983847
          ],
          [
            136.114747,
            34.983897
          ],
          [
            136.114541,
            34.984012
          ],
          [
            136.114335,
            34.98415
          ],
          [
            136.114124,
            34.984274
          ],
          [
            136.113695,
            34.984593
          ],
          [
            136.113584,
            34.984697
          ],
          [
            136.113266,
            34.984906
          ],
          [
            136.113189,
            34.984929
          ],
          [
            136.113197,
            34.984946
          ],
          [
            136.113189,
            34.984929
          ],
          [
            136.113104,
            34.984954
          ],
          [
            136.11293,
            34.984943
          ],
          [
            136.112555,
            34.984878
          ],
          [
            136.112008,
            34.984767
          ],
          [
            136.111263,
            34.984565
          ],
          [
            136.111053,
            34.984493
          ],
          [
            136.111044,
            34.984482
          ],
          [
            136.111053,
            34.984493
          ],
          [
            136.111014,
            34.984493
          ],
          [
            136.110805,
            34.984527
          ],
          [
            136.110736,
            34.984547
          ],
          [
            136.110735,
            34.984546
          ],
          [
            136.110736,
            34.984547
          ],
          [
            136.110692,
            34.984561
          ],
          [
            136.110543,
            34.984665
          ],
          [
            136.110429,
            34.984765
          ],
          [
            136.110344,
            34.984857
          ],
          [
            136.11024,
            34.984993
          ],
          [
            136.110009,
            34.985406
          ],
          [
            136.109968,
            34.985447
          ],
          [
            136.109944,
            34.98547
          ],
          [
            136.109848,
            34.985526
          ],
          [
            136.109337,
            34.985748
          ],
          [
            136.109134,
            34.985818
          ],
          [
            136.108722,
            34.986029
          ],
          [
            136.108395,
            34.986206
          ],
          [
            136.108206,
            34.986282
          ],
          [
            136.108106,
            34.986303
          ],
          [
            136.108106,
            34.986304
          ],
          [
            136.108106,
            34.986303
          ],
          [
            136.108052,
            34.986315
          ],
          [
            136.107901,
            34.986328
          ],
          [
            136.107289,
            34.986318
          ],
          [
            136.107041,
            34.986386
          ],
          [
            136.106951,
            34.986192
          ],
          [
            136.106732,
            34.986272
          ],
          [
            136.106576,
            34.986299
          ],
          [
            136.106338,
            34.986305
          ],
          [
            136.106039,
            34.986335
          ],
          [
            136.105718,
            34.986395
          ],
          [
            136.10552,
            34.986449
          ],
          [
            136.105373,
            34.986498
          ],
          [
            136.104717,
            34.98677
          ],
          [
            136.104237,
            34.986981
          ],
          [
            136.103801,
            34.987196
          ],
          [
            136.103304,
            34.987527
          ],
          [
            136.102653,
            34.987874
          ],
          [
            136.10215,
            34.988128
          ],
          [
            136.101906,
            34.988238
          ],
          [
            136.101736,
            34.988305
          ],
          [
            136.101676,
            34.988323
          ],
          [
            136.101651,
            34.98833
          ],
          [
            136.101229,
            34.988344
          ],
          [
            136.100885,
            34.988372
          ],
          [
            136.100129,
            34.988493
          ],
          [
            136.099956,
            34.988542
          ],
          [
            136.099948,
            34.988533
          ],
          [
            136.099956,
            34.988542
          ],
          [
            136.099819,
            34.988585
          ],
          [
            136.099469,
            34.988754
          ],
          [
            136.098962,
            34.988912
          ],
          [
            136.098801,
            34.988975
          ],
          [
            136.098218,
            34.989259
          ],
          [
            136.097921,
            34.989418
          ],
          [
            136.097804,
            34.989457
          ],
          [
            136.097784,
            34.989458
          ],
          [
            136.097785,
            34.989473
          ],
          [
            136.097784,
            34.989458
          ],
          [
            136.097437,
            34.989477
          ],
          [
            136.096339,
            34.989482
          ],
          [
            136.095952,
            34.989516
          ],
          [
            136.095714,
            34.989515
          ],
          [
            136.095471,
            34.989536
          ],
          [
            136.095299,
            34.989586
          ],
          [
            136.095221,
            34.989609
          ],
          [
            136.094857,
            34.989816
          ],
          [
            136.094173,
            34.990312
          ],
          [
            136.093565,
            34.990778
          ],
          [
            136.092726,
            34.99136
          ],
          [
            136.09205,
            34.991767
          ],
          [
            136.091205,
            34.992285
          ],
          [
            136.09086,
            34.992471
          ],
          [
            136.090865,
            34.992479
          ],
          [
            136.09086,
            34.992471
          ],
          [
            136.089745,
            34.992914
          ],
          [
            136.089033,
            34.993173
          ],
          [
            136.088814,
            34.993263
          ],
          [
            136.087974,
            34.993656
          ],
          [
            136.087317,
            34.994011
          ],
          [
            136.087268,
            34.994029
          ],
          [
            136.087011,
            34.994166
          ],
          [
            136.08688,
            34.994213
          ],
          [
            136.086749,
            34.994261
          ],
          [
            136.085491,
            34.994614
          ],
          [
            136.085198,
            34.994707
          ],
          [
            136.085099,
            34.994767
          ],
          [
            136.084959,
            34.994829
          ],
          [
            136.08399,
            34.995194
          ],
          [
            136.083902,
            34.995243
          ],
          [
            136.083874,
            34.995258
          ],
          [
            136.083769,
            34.995348
          ],
          [
            136.083671,
            34.995491
          ],
          [
            136.083506,
            34.995698
          ],
          [
            136.083341,
            34.995845
          ],
          [
            136.082717,
            34.996435
          ],
          [
            136.082566,
            34.99655
          ],
          [
            136.082013,
            34.996941
          ],
          [
            136.081969,
            34.996988
          ],
          [
            136.081873,
            34.997066
          ],
          [
            136.081393,
            34.997347
          ],
          [
            136.081248,
            34.997444
          ],
          [
            136.081199,
            34.997484
          ],
          [
            136.081098,
            34.997598
          ],
          [
            136.080595,
            34.998234
          ],
          [
            136.080529,
            34.998302
          ],
          [
            136.080429,
            34.998363
          ],
          [
            136.080222,
            34.998439
          ],
          [
            136.080086,
            34.998461
          ],
          [
            136.079931,
            34.998466
          ],
          [
            136.079614,
            34.998495
          ],
          [
            136.079443,
            34.998525
          ],
          [
            136.079245,
            34.998598
          ],
          [
            136.079113,
            34.998634
          ],
          [
            136.078959,
            34.998703
          ],
          [
            136.078962,
            34.998706
          ],
          [
            136.078959,
            34.998703
          ],
          [
            136.077763,
            34.999405
          ],
          [
            136.077382,
            34.99958
          ],
          [
            136.077015,
            34.999761
          ],
          [
            136.076345,
            35.000143
          ],
          [
            136.076015,
            35.000349
          ],
          [
            136.075836,
            35.000472
          ],
          [
            136.075158,
            35.00086
          ],
          [
            136.074535,
            35.00121
          ],
          [
            136.07429,
            35.001305
          ],
          [
            136.073931,
            35.001512
          ],
          [
            136.073254,
            35.001834
          ],
          [
            136.073045,
            35.001948
          ],
          [
            136.072503,
            35.002217
          ],
          [
            136.07101,
            35.003023
          ],
          [
            136.070372,
            35.003394
          ],
          [
            136.069978,
            35.003601
          ],
          [
            136.069626,
            35.003799
          ],
          [
            136.069221,
            35.004007
          ],
          [
            136.06912,
            35.004029
          ],
          [
            136.069038,
            35.004028
          ],
          [
            136.068985,
            35.004028
          ],
          [
            136.068792,
            35.003999
          ],
          [
            136.068251,
            35.003971
          ],
          [
            136.067407,
            35.003968
          ],
          [
            136.067391,
            35.003977
          ],
          [
            136.067208,
            35.003974
          ],
          [
            136.066789,
            35.004021
          ],
          [
            136.066518,
            35.004154
          ],
          [
            136.066294,
            35.004253
          ],
          [
            136.066127,
            35.004297
          ],
          [
            136.066043,
            35.004329
          ],
          [
            136.06599,
            35.00436
          ],
          [
            136.06598,
            35.004348
          ],
          [
            136.06599,
            35.00436
          ],
          [
            136.065902,
            35.004412
          ],
          [
            136.065144,
            35.004907
          ],
          [
            136.064982,
            35.004979
          ],
          [
            136.064224,
            35.005418
          ],
          [
            136.063817,
            35.005643
          ],
          [
            136.0629,
            35.006199
          ],
          [
            136.062639,
            35.006341
          ],
          [
            136.062093,
            35.006745
          ],
          [
            136.061606,
            35.006861
          ],
          [
            136.061333,
            35.006901
          ],
          [
            136.06125,
            35.006904
          ],
          [
            136.060846,
            35.007028
          ],
          [
            136.059846,
            35.007389
          ],
          [
            136.059736,
            35.007446
          ],
          [
            136.058934,
            35.007866
          ],
          [
            136.057593,
            35.008521
          ],
          [
            136.056908,
            35.008889
          ],
          [
            136.055802,
            35.009457
          ],
          [
            136.055044,
            35.009817
          ],
          [
            136.054785,
            35.009987
          ],
          [
            136.054411,
            35.010201
          ],
          [
            136.053821,
            35.010515
          ],
          [
            136.053514,
            35.010704
          ],
          [
            136.053507,
            35.010697
          ],
          [
            136.052858,
            35.01122
          ],
          [
            136.053346,
            35.011681
          ],
          [
            136.054071,
            35.012679
          ],
          [
            136.053802,
            35.01296
          ],
          [
            136.052676,
            35.013781
          ],
          [
            136.052322,
            35.014212
          ],
          [
            136.051828,
            35.015078
          ],
          [
            136.05184,
            35.015081
          ],
          [
            136.051689,
            35.015553
          ],
          [
            136.051507,
            35.015967
          ],
          [
            136.051374,
            35.016246
          ],
          [
            136.05128,
            35.016511
          ],
          [
            136.051205,
            35.016792
          ],
          [
            136.050997,
            35.01729
          ],
          [
            136.05075,
            35.017792
          ],
          [
            136.050465,
            35.018188
          ],
          [
            136.05046,
            35.018231
          ],
          [
            136.050458,
            35.018246
          ],
          [
            136.050549,
            35.018423
          ],
          [
            136.050544,
            35.018425
          ],
          [
            136.050386,
            35.018517
          ],
          [
            136.05026,
            35.018617
          ],
          [
            136.0499,
            35.018999
          ],
          [
            136.049785,
            35.019108
          ],
          [
            136.049565,
            35.019257
          ],
          [
            136.049349,
            35.019367
          ],
          [
            136.048858,
            35.019552
          ],
          [
            136.048713,
            35.019617
          ],
          [
            136.048549,
            35.019722
          ],
          [
            136.048273,
            35.019951
          ],
          [
            136.048246,
            35.01996
          ],
          [
            136.048184,
            35.019984
          ],
          [
            136.048096,
            35.019981
          ],
          [
            136.047887,
            35.019957
          ],
          [
            136.047827,
            35.019963
          ],
          [
            136.047798,
            35.019966
          ],
          [
            136.047696,
            35.02001
          ],
          [
            136.04746,
            35.020348
          ],
          [
            136.047114,
            35.020716
          ],
          [
            136.046902,
            35.021021
          ],
          [
            136.046606,
            35.021356
          ],
          [
            136.046564,
            35.021384
          ],
          [
            136.04633,
            35.021543
          ],
          [
            136.046061,
            35.021707
          ],
          [
            136.045097,
            35.022274
          ],
          [
            136.044873,
            35.022406
          ],
          [
            136.044451,
            35.022615
          ],
          [
            136.043918,
            35.022887
          ],
          [
            136.043567,
            35.023019
          ],
          [
            136.043366,
            35.023078
          ],
          [
            136.042918,
            35.023192
          ],
          [
            136.042069,
            35.023409
          ],
          [
            136.041499,
            35.023557
          ],
          [
            136.040737,
            35.023717
          ],
          [
            136.040623,
            35.023725
          ],
          [
            136.040321,
            35.023746
          ],
          [
            136.039659,
            35.023869
          ],
          [
            136.039265,
            35.023873
          ],
          [
            136.038798,
            35.023911
          ],
          [
            136.038322,
            35.02396
          ],
          [
            136.037848,
            35.023968
          ],
          [
            136.037427,
            35.023975
          ],
          [
            136.036987,
            35.023951
          ],
          [
            136.036756,
            35.023926
          ],
          [
            136.036674,
            35.023942
          ],
          [
            136.036531,
            35.023969
          ],
          [
            136.036213,
            35.024053
          ],
          [
            136.035812,
            35.024169
          ],
          [
            136.035112,
            35.024424
          ],
          [
            136.034863,
            35.024494
          ],
          [
            136.034722,
            35.024516
          ],
          [
            136.03443,
            35.024491
          ],
          [
            136.034011,
            35.024506
          ],
          [
            136.033884,
            35.024515
          ],
          [
            136.033601,
            35.024564
          ],
          [
            136.033314,
            35.024656
          ],
          [
            136.032914,
            35.024829
          ],
          [
            136.032588,
            35.024982
          ],
          [
            136.032233,
            35.025129
          ],
          [
            136.031837,
            35.025272
          ],
          [
            136.031688,
            35.025317
          ],
          [
            136.031465,
            35.02537
          ],
          [
            136.031314,
            35.025419
          ],
          [
            136.031061,
            35.025532
          ],
          [
            136.030951,
            35.025545
          ],
          [
            136.030726,
            35.025535
          ],
          [
            136.030278,
            35.025494
          ],
          [
            136.029934,
            35.025497
          ],
          [
            136.029801,
            35.025512
          ],
          [
            136.029369,
            35.025578
          ],
          [
            136.029281,
            35.025614
          ],
          [
            136.028932,
            35.025804
          ],
          [
            136.028789,
            35.025869
          ],
          [
            136.028576,
            35.025926
          ],
          [
            136.02828,
            35.025975
          ],
          [
            136.028171,
            35.025977
          ],
          [
            136.027579,
            35.025974
          ],
          [
            136.027023,
            35.025955
          ],
          [
            136.026434,
            35.025979
          ],
          [
            136.025586,
            35.025871
          ],
          [
            136.025293,
            35.025872
          ],
          [
            136.024766,
            35.025886
          ],
          [
            136.024463,
            35.02591
          ],
          [
            136.023992,
            35.025985
          ],
          [
            136.023504,
            35.026045
          ],
          [
            136.023151,
            35.02608
          ],
          [
            136.023028,
            35.026075
          ],
          [
            136.022908,
            35.026081
          ],
          [
            136.022784,
            35.026095
          ],
          [
            136.022451,
            35.026159
          ],
          [
            136.022185,
            35.026219
          ],
          [
            136.022071,
            35.026224
          ],
          [
            136.021943,
            35.02622
          ],
          [
            136.021615,
            35.026195
          ],
          [
            136.021251,
            35.026156
          ],
          [
            136.02091,
            35.026142
          ],
          [
            136.020495,
            35.02611
          ],
          [
            136.020296,
            35.026079
          ],
          [
            136.020086,
            35.026035
          ],
          [
            136.01992,
            35.025995
          ],
          [
            136.019763,
            35.025977
          ],
          [
            136.019617,
            35.025942
          ],
          [
            136.019615,
            35.025944
          ],
          [
            136.019617,
            35.025942
          ],
          [
            136.019514,
            35.02562
          ],
          [
            136.019306,
            35.025307
          ],
          [
            136.019061,
            35.025031
          ],
          [
            136.018856,
            35.024862
          ],
          [
            136.018761,
            35.024807
          ],
          [
            136.018767,
            35.0248
          ],
          [
            136.018761,
            35.024807
          ],
          [
            136.018624,
            35.024768
          ],
          [
            136.01805,
            35.024669
          ],
          [
            136.01769,
            35.024612
          ],
          [
            136.017373,
            35.024522
          ],
          [
            136.016529,
            35.024223
          ],
          [
            136.016357,
            35.024173
          ],
          [
            136.016203,
            35.024154
          ],
          [
            136.016031,
            35.024143
          ],
          [
            136.015702,
            35.024136
          ],
          [
            136.015112,
            35.024165
          ],
          [
            136.013706,
            35.024322
          ],
          [
            136.013505,
            35.024377
          ],
          [
            136.0135,
            35.024365
          ],
          [
            136.013505,
            35.024377
          ],
          [
            136.013293,
            35.024445
          ],
          [
            136.012985,
            35.024588
          ],
          [
            136.011905,
            35.025157
          ],
          [
            136.011773,
            35.025282
          ],
          [
            136.011681,
            35.025396
          ],
          [
            136.011576,
            35.025497
          ],
          [
            136.011434,
            35.025597
          ],
          [
            136.011188,
            35.025727
          ],
          [
            136.01098,
            35.025816
          ],
          [
            136.010748,
            35.025888
          ],
          [
            136.01057,
            35.025925
          ],
          [
            136.010311,
            35.025961
          ],
          [
            136.009346,
            35.025945
          ],
          [
            136.008919,
            35.025926
          ],
          [
            136.008689,
            35.025928
          ],
          [
            136.008313,
            35.025952
          ],
          [
            136.008045,
            35.025943
          ],
          [
            136.007843,
            35.025925
          ],
          [
            136.007111,
            35.025827
          ],
          [
            136.006892,
            35.025804
          ],
          [
            136.006552,
            35.025791
          ],
          [
            136.006335,
            35.025759
          ],
          [
            136.006097,
            35.025713
          ],
          [
            136.00596,
            35.025676
          ],
          [
            136.005838,
            35.025629
          ],
          [
            136.005681,
            35.025597
          ],
          [
            136.005614,
            35.025597
          ],
          [
            136.005614,
            35.025599
          ],
          [
            136.005614,
            35.025597
          ],
          [
            136.005527,
            35.025597
          ],
          [
            136.005346,
            35.025634
          ],
          [
            136.005223,
            35.025677
          ],
          [
            136.004822,
            35.025858
          ],
          [
            136.004683,
            35.025901
          ],
          [
            136.004056,
            35.025988
          ],
          [
            136.003653,
            35.02602
          ],
          [
            136.00355,
            35.02602
          ],
          [
            136.003269,
            35.025957
          ],
          [
            136.003092,
            35.025953
          ],
          [
            136.002527,
            35.026026
          ],
          [
            136.002359,
            35.026039
          ],
          [
            136.002151,
            35.026037
          ],
          [
            136.001847,
            35.026017
          ],
          [
            136.001726,
            35.026
          ],
          [
            136.001318,
            35.025977
          ],
          [
            136.000957,
            35.025978
          ],
          [
            135.999892,
            35.026004
          ],
          [
            135.999254,
            35.025975
          ],
          [
            135.998551,
            35.025897
          ],
          [
            135.997355,
            35.025934
          ],
          [
            135.996645,
            35.025965
          ],
          [
            135.995868,
            35.02601
          ],
          [
            135.995348,
            35.026024
          ],
          [
            135.994729,
            35.025969
          ],
          [
            135.994693,
            35.025954
          ],
          [
            135.99462,
            35.025922
          ],
          [
            135.99444,
            35.025821
          ],
          [
            135.99418,
            35.025631
          ],
          [
            135.993908,
            35.025439
          ],
          [
            135.993628,
            35.025218
          ],
          [
            135.993337,
            35.024975
          ],
          [
            135.993114,
            35.024755
          ],
          [
            135.992894,
            35.024519
          ],
          [
            135.99277,
            35.024347
          ],
          [
            135.99274,
            35.02425
          ],
          [
            135.992694,
            35.023875
          ],
          [
            135.992639,
            35.023742
          ],
          [
            135.992524,
            35.023558
          ],
          [
            135.992444,
            35.023462
          ],
          [
            135.992338,
            35.023354
          ],
          [
            135.992202,
            35.023239
          ],
          [
            135.992012,
            35.023114
          ],
          [
            135.99201,
            35.023117
          ],
          [
            135.992012,
            35.023114
          ],
          [
            135.991581,
            35.022939
          ],
          [
            135.991309,
            35.022783
          ],
          [
            135.991061,
            35.022612
          ],
          [
            135.990724,
            35.022361
          ],
          [
            135.990004,
            35.021888
          ],
          [
            135.989831,
            35.021801
          ],
          [
            135.989625,
            35.021743
          ],
          [
            135.989495,
            35.021715
          ],
          [
            135.989544,
            35.021512
          ],
          [
            135.989555,
            35.021409
          ],
          [
            135.989545,
            35.021359
          ],
          [
            135.989515,
            35.021305
          ],
          [
            135.988993,
            35.020592
          ],
          [
            135.988799,
            35.020378
          ],
          [
            135.98857,
            35.020185
          ],
          [
            135.988361,
            35.019991
          ],
          [
            135.98812,
            35.019735
          ],
          [
            135.987827,
            35.019397
          ],
          [
            135.987575,
            35.018958
          ],
          [
            135.987298,
            35.018541
          ],
          [
            135.987024,
            35.018149
          ],
          [
            135.986638,
            35.017708
          ],
          [
            135.986224,
            35.017287
          ],
          [
            135.986082,
            35.017227
          ],
          [
            135.986023,
            35.017202
          ],
          [
            135.985673,
            35.017333
          ],
          [
            135.985227,
            35.017527
          ],
          [
            135.985108,
            35.017572
          ],
          [
            135.984974,
            35.017601
          ],
          [
            135.984711,
            35.017644
          ],
          [
            135.984166,
            35.01773
          ],
          [
            135.984025,
            35.017745
          ],
          [
            135.983888,
            35.017724
          ],
          [
            135.983838,
            35.017709
          ],
          [
            135.983721,
            35.017673
          ],
          [
            135.983652,
            35.017635
          ],
          [
            135.983515,
            35.017535
          ],
          [
            135.983123,
            35.017038
          ],
          [
            135.982925,
            35.016872
          ],
          [
            135.982458,
            35.01649
          ],
          [
            135.98184,
            35.015997
          ],
          [
            135.980734,
            35.015133
          ],
          [
            135.979726,
            35.014405
          ],
          [
            135.979614,
            35.014313
          ],
          [
            135.978947,
            35.013688
          ],
          [
            135.978737,
            35.013501
          ],
          [
            135.978381,
            35.013119
          ],
          [
            135.978238,
            35.013027
          ],
          [
            135.97792,
            35.012918
          ],
          [
            135.977864,
            35.012887
          ],
          [
            135.977665,
            35.01272
          ],
          [
            135.977591,
            35.012678
          ],
          [
            135.977541,
            35.01266
          ],
          [
            135.97744,
            35.012644
          ],
          [
            135.977348,
            35.012644
          ],
          [
            135.977228,
            35.012661
          ],
          [
            135.9761,
            35.013008
          ],
          [
            135.97566,
            35.013156
          ],
          [
            135.975367,
            35.0133
          ],
          [
            135.974964,
            35.013511
          ],
          [
            135.97433,
            35.013788
          ],
          [
            135.973549,
            35.014082
          ],
          [
            135.973385,
            35.014159
          ],
          [
            135.973126,
            35.014363
          ],
          [
            135.972736,
            35.014657
          ],
          [
            135.972518,
            35.01477
          ],
          [
            135.972148,
            35.014936
          ],
          [
            135.972025,
            35.015008
          ],
          [
            135.971548,
            35.015371
          ],
          [
            135.970963,
            35.015838
          ],
          [
            135.970746,
            35.015953
          ],
          [
            135.969902,
            35.016491
          ],
          [
            135.969851,
            35.016452
          ],
          [
            135.969371,
            35.016625
          ],
          [
            135.9689,
            35.016811
          ],
          [
            135.968666,
            35.016885
          ],
          [
            135.968397,
            35.016891
          ],
          [
            135.967631,
            35.017108
          ],
          [
            135.967561,
            35.017082
          ],
          [
            135.967157,
            35.01721
          ],
          [
            135.967046,
            35.017245
          ],
          [
            135.96674,
            35.017384
          ],
          [
            135.966697,
            35.017302
          ],
          [
            135.966635,
            35.017333
          ],
          [
            135.966495,
            35.017131
          ],
          [
            135.966439,
            35.017092
          ],
          [
            135.966385,
            35.017079
          ],
          [
            135.966078,
            35.01709
          ],
          [
            135.965784,
            35.017083
          ],
          [
            135.965645,
            35.017069
          ],
          [
            135.965548,
            35.017048
          ],
          [
            135.965472,
            35.017015
          ],
          [
            135.965248,
            35.016888
          ],
          [
            135.965202,
            35.016872
          ],
          [
            135.964922,
            35.016872
          ],
          [
            135.964076,
            35.016936
          ],
          [
            135.964033,
            35.016945
          ],
          [
            135.964029,
            35.016932
          ],
          [
            135.964033,
            35.016945
          ],
          [
            135.963894,
            35.016972
          ],
          [
            135.963617,
            35.017054
          ],
          [
            135.96152,
            35.017744
          ],
          [
            135.961401,
            35.017789
          ],
          [
            135.960836,
            35.018072
          ],
          [
            135.960832,
            35.018074
          ],
          [
            135.960362,
            35.017538
          ],
          [
            135.95995,
            35.017053
          ],
          [
            135.959792,
            35.016846
          ],
          [
            135.959053,
            35.015948
          ],
          [
            135.958657,
            35.015496
          ],
          [
            135.957752,
            35.014429
          ],
          [
            135.957581,
            35.014218
          ],
          [
            135.957575,
            35.014221
          ],
          [
            135.957581,
            35.014218
          ],
          [
            135.957319,
            35.013859
          ],
          [
            135.957131,
            35.013554
          ],
          [
            135.957117,
            35.013383
          ],
          [
            135.957072,
            35.013235
          ],
          [
            135.956792,
            35.012674
          ],
          [
            135.956746,
            35.012313
          ],
          [
            135.956724,
            35.012191
          ],
          [
            135.956695,
            35.012102
          ],
          [
            135.956548,
            35.011794
          ],
          [
            135.956488,
            35.011706
          ],
          [
            135.956073,
            35.010969
          ],
          [
            135.95602,
            35.010877
          ],
          [
            135.955641,
            35.010323
          ],
          [
            135.95481,
            35.009053
          ],
          [
            135.954364,
            35.008388
          ],
          [
            135.953891,
            35.007594
          ],
          [
            135.953525,
            35.007027
          ],
          [
            135.953158,
            35.006473
          ],
          [
            135.953058,
            35.006304
          ],
          [
            135.952886,
            35.005963
          ],
          [
            135.952814,
            35.005792
          ],
          [
            135.952807,
            35.005794
          ],
          [
            135.952814,
            35.005792
          ],
          [
            135.952348,
            35.004831
          ],
          [
            135.952182,
            35.004386
          ],
          [
            135.952122,
            35.004107
          ],
          [
            135.952221,
            35.004039
          ],
          [
            135.952027,
            35.003847
          ],
          [
            135.951986,
            35.003758
          ],
          [
            135.951944,
            35.003666
          ],
          [
            135.952002,
            35.003638
          ],
          [
            135.951919,
            35.003356
          ],
          [
            135.951931,
            35.003337
          ],
          [
            135.952039,
            35.003296
          ],
          [
            135.952015,
            35.003231
          ],
          [
            135.951975,
            35.003211
          ],
          [
            135.951965,
            35.003196
          ],
          [
            135.951934,
            35.003147
          ],
          [
            135.951691,
            35.003253
          ],
          [
            135.951657,
            35.003307
          ],
          [
            135.951633,
            35.003291
          ],
          [
            135.951626,
            35.003298
          ],
          [
            135.951633,
            35.003291
          ],
          [
            135.951497,
            35.003171
          ],
          [
            135.951487,
            35.003162
          ],
          [
            135.951614,
            35.003123
          ],
          [
            135.951945,
            35.002978
          ],
          [
            135.95194,
            35.002945
          ],
          [
            135.951957,
            35.002835
          ],
          [
            135.952058,
            35.002386
          ],
          [
            135.952129,
            35.002217
          ],
          [
            135.952164,
            35.001962
          ],
          [
            135.95216,
            35.001783
          ],
          [
            135.952143,
            35.001605
          ],
          [
            135.952058,
            35.001152
          ],
          [
            135.952,
            35.001002
          ],
          [
            135.951899,
            35.000784
          ],
          [
            135.951724,
            35.000588
          ],
          [
            135.951583,
            35.000491
          ],
          [
            135.950783,
            35.000136
          ],
          [
            135.95002,
            34.999813
          ],
          [
            135.949863,
            34.999735
          ],
          [
            135.949592,
            34.999554
          ],
          [
            135.949447,
            34.999446
          ],
          [
            135.949443,
            34.999449
          ],
          [
            135.949447,
            34.999446
          ],
          [
            135.949349,
            34.999358
          ],
          [
            135.949157,
            34.999138
          ],
          [
            135.948906,
            34.998822
          ],
          [
            135.948579,
            34.99844
          ],
          [
            135.948336,
            34.998089
          ],
          [
            135.948114,
            34.997833
          ],
          [
            135.948013,
            34.99759
          ],
          [
            135.947939,
            34.997374
          ],
          [
            135.94783,
            34.997164
          ],
          [
            135.947572,
            34.996827
          ],
          [
            135.947376,
            34.996597
          ],
          [
            135.947224,
            34.996437
          ],
          [
            135.94712,
            34.996345
          ],
          [
            135.946984,
            34.996256
          ],
          [
            135.946871,
            34.99619
          ],
          [
            135.946742,
            34.996135
          ],
          [
            135.946587,
            34.996081
          ],
          [
            135.946093,
            34.995866
          ],
          [
            135.945904,
            34.995797
          ],
          [
            135.945758,
            34.995759
          ],
          [
            135.945697,
            34.995758
          ],
          [
            135.945531,
            34.995793
          ],
          [
            135.945404,
            34.995805
          ],
          [
            135.945258,
            34.995802
          ],
          [
            135.945175,
            34.995791
          ],
          [
            135.944974,
            34.995747
          ],
          [
            135.94494,
            34.995732
          ],
          [
            135.944904,
            34.995699
          ],
          [
            135.944856,
            34.995713
          ],
          [
            135.944578,
            34.994711
          ],
          [
            135.944358,
            34.993573
          ],
          [
            135.944197,
            34.993406
          ],
          [
            135.944154,
            34.993182
          ],
          [
            135.943467,
            34.992395
          ],
          [
            135.94263,
            34.991688
          ],
          [
            135.942024,
            34.99095
          ],
          [
            135.941563,
            34.990563
          ],
          [
            135.941198,
            34.990027
          ],
          [
            135.939878,
            34.988792
          ],
          [
            135.939882,
            34.988796
          ],
          [
            135.939876,
            34.9888
          ],
          [
            135.939373,
            34.988452
          ],
          [
            135.938616,
            34.987917
          ],
          [
            135.938278,
            34.987623
          ],
          [
            135.93821,
            34.987563
          ],
          [
            135.937981,
            34.987394
          ],
          [
            135.937575,
            34.987176
          ],
          [
            135.937139,
            34.986966
          ],
          [
            135.936912,
            34.986907
          ],
          [
            135.936917,
            34.986893
          ],
          [
            135.936912,
            34.986907
          ],
          [
            135.936654,
            34.986839
          ],
          [
            135.936385,
            34.986788
          ],
          [
            135.935836,
            34.986709
          ],
          [
            135.935615,
            34.986694
          ],
          [
            135.935224,
            34.986683
          ],
          [
            135.93467,
            34.986717
          ],
          [
            135.934496,
            34.986735
          ],
          [
            135.933938,
            34.986716
          ],
          [
            135.933555,
            34.986773
          ],
          [
            135.933424,
            34.986831
          ],
          [
            135.933296,
            34.986872
          ],
          [
            135.93315,
            34.986865
          ],
          [
            135.933041,
            34.986848
          ],
          [
            135.932906,
            34.986774
          ],
          [
            135.932533,
            34.986592
          ],
          [
            135.932472,
            34.986548
          ],
          [
            135.932434,
            34.98652
          ],
          [
            135.931997,
            34.985901
          ],
          [
            135.931874,
            34.985697
          ],
          [
            135.931777,
            34.985591
          ],
          [
            135.93173,
            34.985564
          ],
          [
            135.931526,
            34.985536
          ],
          [
            135.931061,
            34.985432
          ],
          [
            135.929921,
            34.985086
          ],
          [
            135.929709,
            34.985036
          ],
          [
            135.929493,
            34.984934
          ],
          [
            135.929396,
            34.984828
          ],
          [
            135.929123,
            34.984469
          ],
          [
            135.92892,
            34.984226
          ],
          [
            135.928618,
            34.983905
          ],
          [
            135.928143,
            34.983482
          ],
          [
            135.928002,
            34.983387
          ],
          [
            135.927853,
            34.98331
          ],
          [
            135.927584,
            34.983217
          ],
          [
            135.927221,
            34.983097
          ],
          [
            135.927095,
            34.983074
          ],
          [
            135.926523,
            34.983029
          ],
          [
            135.926247,
            34.982961
          ],
          [
            135.926174,
            34.982922
          ],
          [
            135.926147,
            34.982897
          ],
          [
            135.926145,
            34.982898
          ],
          [
            135.925421,
            34.982239
          ],
          [
            135.925207,
            34.981856
          ],
          [
            135.924826,
            34.981083
          ],
          [
            135.924525,
            34.980823
          ],
          [
            135.923984,
            34.980727
          ],
          [
            135.923265,
            34.9807
          ],
          [
            135.921961,
            34.98074
          ],
          [
            135.920947,
            34.980696
          ],
          [
            135.920116,
            34.980757
          ],
          [
            135.919998,
            34.97979
          ],
          [
            135.920051,
            34.979522
          ],
          [
            135.919971,
            34.978248
          ],
          [
            135.919971,
            34.97798
          ],
          [
            135.919949,
            34.977289
          ],
          [
            135.919842,
            34.976775
          ],
          [
            135.919134,
            34.976736
          ],
          [
            135.917739,
            34.976727
          ],
          [
            135.916688,
            34.976793
          ],
          [
            135.916076,
            34.976828
          ],
          [
            135.915685,
            34.976705
          ],
          [
            135.915164,
            34.976459
          ],
          [
            135.914564,
            34.976129
          ],
          [
            135.914263,
            34.976164
          ],
          [
            135.913866,
            34.976314
          ],
          [
            135.913045,
            34.97554
          ],
          [
            135.910937,
            34.973386
          ],
          [
            135.910905,
            34.972903
          ],
          [
            135.910192,
            34.972872
          ],
          [
            135.907681,
            34.972705
          ],
          [
            135.904816,
            34.973408
          ],
          [
            135.903191,
            34.973817
          ],
          [
            135.901968,
            34.974221
          ],
          [
            135.901898,
            34.974907
          ],
          [
            135.901946,
            34.976626
          ],
          [
            135.902038,
            34.977404
          ],
          [
            135.902027,
            34.978305
          ],
          [
            135.902097,
            34.979219
          ],
          [
            135.901936,
            34.980656
          ],
          [
            135.901153,
            34.982617
          ],
          [
            135.901158,
            34.983166
          ],
          [
            135.900686,
            34.984238
          ],
          [
            135.900251,
            34.98437
          ],
          [
            135.899447,
            34.98455
          ],
          [
            135.898905,
            34.984986
          ],
          [
            135.898218,
            34.985227
          ],
          [
            135.897966,
            34.985495
          ],
          [
            135.897778,
            34.986137
          ],
          [
            135.897735,
            34.986621
          ],
          [
            135.89736,
            34.987245
          ],
          [
            135.896496,
            34.987333
          ],
          [
            135.896244,
            34.98753
          ],
          [
            135.894168,
            34.987289
          ],
          [
            135.894066,
            34.988554
          ],
          [
            135.893937,
            34.989785
          ],
          [
            135.893905,
            34.99113
          ],
          [
            135.893787,
            34.991257
          ],
          [
            135.891985,
            34.991288
          ],
          [
            135.891942,
            34.9932
          ],
          [
            135.891915,
            34.994979
          ],
          [
            135.89192,
            34.997599
          ],
          [
            135.891947,
            34.998526
          ],
          [
            135.889952,
            34.999681
          ],
          [
            135.890279,
            35.000481
          ],
          [
            135.889855,
            35.00074
          ],
          [
            135.889592,
            35.000762
          ],
          [
            135.88926,
            35.000736
          ],
          [
            135.888938,
            35.000503
          ],
          [
            135.888863,
            35.000371
          ],
          [
            135.887951,
            35.000639
          ],
          [
            135.886996,
            35.000881
          ],
          [
            135.885993,
            35.001307
          ],
          [
            135.885258,
            35.001545
          ],
          [
            135.884829,
            35.001641
          ],
          [
            135.884748,
            35.001931
          ],
          [
            135.883123,
            35.002406
          ],
          [
            135.881996,
            35.002744
          ],
          [
            135.880789,
            35.003052
          ],
          [
            135.879749,
            35.003311
          ],
          [
            135.879019,
            35.003434
          ],
          [
            135.87764,
            35.003873
          ],
          [
            135.876412,
            35.004251
          ],
          [
            135.87602,
            35.004251
          ],
          [
            135.87565,
            35.004185
          ],
          [
            135.875205,
            35.004106
          ],
          [
            135.874491,
            35.004115
          ],
          [
            135.873628,
            35.004102
          ],
          [
            135.871793,
            35.004743
          ],
          [
            135.868998,
            35.005666
          ],
          [
            135.866729,
            35.006404
          ],
          [
            135.864508,
            35.007147
          ],
          [
            135.862041,
            35.007929
          ],
          [
            135.861563,
            35.006431
          ],
          [
            135.861408,
            35.005917
          ],
          [
            135.861064,
            35.004871
          ],
          [
            135.860147,
            35.003258
          ],
          [
            135.858725,
            35.001083
          ],
          [
            135.858591,
            35.000481
          ],
          [
            135.858108,
            34.999616
          ],
          [
            135.857926,
            34.998992
          ],
          [
            135.857524,
            34.997691
          ],
          [
            135.857416,
            34.997027
          ],
          [
            135.857754,
            34.995362
          ],
          [
            135.857701,
            34.994839
          ],
          [
            135.857433,
            34.994452
          ],
          [
            135.857025,
            34.994158
          ],
          [
            135.856478,
            34.994065
          ],
          [
            135.855721,
            34.994118
          ],
          [
            135.855458,
            34.994109
          ],
          [
            135.85511,
            34.994228
          ],
          [
            135.853871,
            34.994492
          ],
          [
            135.853275,
            34.994496
          ],
          [
            135.852674,
            34.994377
          ],
          [
            135.852583,
            34.994338
          ],
          [
            135.852615,
            34.994144
          ],
          [
            135.852444,
            34.994105
          ],
          [
            135.851972,
            34.993951
          ],
          [
            135.851188,
            34.993468
          ],
          [
            135.849713,
            34.992439
          ],
          [
            135.848458,
            34.991872
          ],
          [
            135.845465,
            34.991068
          ],
          [
            135.842316,
            34.990295
          ],
          [
            135.841709,
            34.990167
          ],
          [
            135.841712,
            34.990152
          ],
          [
            135.841531,
            34.99013
          ],
          [
            135.841383,
            34.990138
          ],
          [
            135.841083,
            34.990173
          ],
          [
            135.840661,
            34.990272
          ],
          [
            135.840272,
            34.99038
          ],
          [
            135.840162,
            34.990325
          ],
          [
            135.840058,
            34.990279
          ],
          [
            135.839971,
            34.990257
          ],
          [
            135.839904,
            34.99025
          ],
          [
            135.839803,
            34.990257
          ],
          [
            135.839489,
            34.990317
          ],
          [
            135.839025,
            34.990455
          ],
          [
            135.838756,
            34.990564
          ],
          [
            135.838406,
            34.990723
          ],
          [
            135.838286,
            34.990763
          ],
          [
            135.837846,
            34.990826
          ],
          [
            135.837517,
            34.990846
          ],
          [
            135.837327,
            34.990849
          ],
          [
            135.837146,
            34.990866
          ],
          [
            135.836418,
            34.991005
          ],
          [
            135.836347,
            34.991025
          ],
          [
            135.83609,
            34.991074
          ],
          [
            135.835679,
            34.99113
          ],
          [
            135.835422,
            34.99115
          ],
          [
            135.834214,
            34.991162
          ],
          [
            135.833584,
            34.991175
          ],
          [
            135.832854,
            34.991153
          ],
          [
            135.83245,
            34.991151
          ],
          [
            135.831268,
            34.991203
          ],
          [
            135.831278,
            34.991202
          ],
          [
            135.831275,
            34.991238
          ],
          [
            135.831183,
            34.991252
          ],
          [
            135.831189,
            34.991306
          ],
          [
            135.831022,
            34.991607
          ],
          [
            135.830915,
            34.99157
          ],
          [
            135.830921,
            34.99156
          ],
          [
            135.830197,
            34.991294
          ],
          [
            135.830148,
            34.991276
          ],
          [
            135.830044,
            34.991293
          ],
          [
            135.828527,
            34.991414
          ],
          [
            135.827688,
            34.991404
          ],
          [
            135.827283,
            34.991418
          ],
          [
            135.826863,
            34.991449
          ],
          [
            135.826735,
            34.991475
          ],
          [
            135.826383,
            34.991508
          ],
          [
            135.825991,
            34.991499
          ],
          [
            135.82563,
            34.99147
          ],
          [
            135.824148,
            34.991293
          ],
          [
            135.823729,
            34.991263
          ],
          [
            135.822875,
            34.991273
          ],
          [
            135.821798,
            34.99132
          ],
          [
            135.821577,
            34.99132
          ],
          [
            135.821212,
            34.991334
          ],
          [
            135.820412,
            34.991328
          ],
          [
            135.819573,
            34.991307
          ],
          [
            135.819204,
            34.991262
          ],
          [
            135.818657,
            34.991238
          ],
          [
            135.818019,
            34.991254
          ],
          [
            135.817194,
            34.991238
          ],
          [
            135.816242,
            34.991211
          ],
          [
            135.815696,
            34.991212
          ],
          [
            135.815417,
            34.991194
          ],
          [
            135.814745,
            34.991193
          ],
          [
            135.81398,
            34.991233
          ],
          [
            135.813405,
            34.99124
          ],
          [
            135.812544,
            34.99123
          ],
          [
            135.81204,
            34.991214
          ],
          [
            135.811484,
            34.991205
          ],
          [
            135.811294,
            34.991211
          ],
          [
            135.810802,
            34.991261
          ],
          [
            135.810477,
            34.9913
          ],
          [
            135.81037,
            34.991332
          ],
          [
            135.810279,
            34.991376
          ],
          [
            135.810075,
            34.991515
          ],
          [
            135.809945,
            34.991585
          ],
          [
            135.809805,
            34.991624
          ],
          [
            135.809075,
            34.991654
          ],
          [
            135.808243,
            34.991733
          ],
          [
            135.8079,
            34.991814
          ],
          [
            135.807763,
            34.991821
          ],
          [
            135.807303,
            34.992223
          ],
          [
            135.80648,
            34.992911
          ],
          [
            135.806285,
            34.993087
          ],
          [
            135.805799,
            34.993546
          ],
          [
            135.805405,
            34.993543
          ],
          [
            135.805315,
            34.993532
          ],
          [
            135.805085,
            34.993502
          ],
          [
            135.804369,
            34.993518
          ],
          [
            135.804375,
            34.993548
          ],
          [
            135.803937,
            34.993601
          ],
          [
            135.803801,
            34.993627
          ],
          [
            135.803249,
            34.993786
          ],
          [
            135.802929,
            34.993861
          ],
          [
            135.802294,
            34.993993
          ],
          [
            135.801743,
            34.994081
          ],
          [
            135.801492,
            34.994121
          ],
          [
            135.800871,
            34.994243
          ],
          [
            135.80065,
            34.994301
          ],
          [
            135.800159,
            34.994399
          ],
          [
            135.799752,
            34.994468
          ],
          [
            135.79962,
            34.994489
          ],
          [
            135.799457,
            34.994529
          ],
          [
            135.798965,
            34.994693
          ],
          [
            135.798782,
            34.994769
          ],
          [
            135.798593,
            34.994914
          ],
          [
            135.798446,
            34.995007
          ],
          [
            135.798334,
            34.995153
          ],
          [
            135.798278,
            34.995246
          ],
          [
            135.79806,
            34.995686
          ],
          [
            135.798023,
            34.995717
          ],
          [
            135.79788,
            34.995837
          ],
          [
            135.797683,
            34.995946
          ],
          [
            135.797363,
            34.996171
          ],
          [
            135.797306,
            34.996214
          ],
          [
            135.797246,
            34.996292
          ],
          [
            135.797197,
            34.996377
          ],
          [
            135.797179,
            34.996431
          ],
          [
            135.797079,
            34.996634
          ],
          [
            135.796821,
            34.996924
          ],
          [
            135.79673,
            34.997015
          ],
          [
            135.796489,
            34.997278
          ],
          [
            135.796232,
            34.997487
          ],
          [
            135.79599,
            34.997664
          ],
          [
            135.795792,
            34.997783
          ],
          [
            135.795158,
            34.998169
          ],
          [
            135.794715,
            34.998401
          ],
          [
            135.794288,
            34.998575
          ],
          [
            135.794094,
            34.998686
          ],
          [
            135.793859,
            34.998839
          ],
          [
            135.793714,
            34.998956
          ],
          [
            135.793613,
            34.999088
          ],
          [
            135.793541,
            34.999204
          ],
          [
            135.793536,
            34.999229
          ],
          [
            135.793542,
            34.99925
          ],
          [
            135.793494,
            34.999287
          ],
          [
            135.793499,
            34.99932
          ],
          [
            135.793447,
            34.999375
          ],
          [
            135.793349,
            34.99952
          ],
          [
            135.793316,
            34.999639
          ],
          [
            135.793294,
            34.999859
          ],
          [
            135.79329,
            35.000088
          ],
          [
            135.793275,
            35.000247
          ],
          [
            135.793208,
            35.000473
          ],
          [
            135.793191,
            35.000507
          ],
          [
            135.793116,
            35.000655
          ],
          [
            135.793046,
            35.000758
          ],
          [
            135.792695,
            35.001192
          ],
          [
            135.792635,
            35.001279
          ],
          [
            135.792319,
            35.001738
          ],
          [
            135.792292,
            35.001765
          ],
          [
            135.792103,
            35.002131
          ],
          [
            135.79187,
            35.002613
          ],
          [
            135.791812,
            35.002732
          ],
          [
            135.791724,
            35.002889
          ],
          [
            135.791604,
            35.003053
          ],
          [
            135.791494,
            35.003175
          ],
          [
            135.791358,
            35.003296
          ],
          [
            135.791026,
            35.003563
          ],
          [
            135.790946,
            35.003644
          ],
          [
            135.790857,
            35.003748
          ],
          [
            135.790772,
            35.003905
          ],
          [
            135.790718,
            35.004103
          ],
          [
            135.790719,
            35.004383
          ],
          [
            135.79073,
            35.004419
          ],
          [
            135.790768,
            35.004546
          ],
          [
            135.790909,
            35.004934
          ],
          [
            135.79099,
            35.005145
          ],
          [
            135.79102,
            35.005302
          ],
          [
            135.791035,
            35.005571
          ],
          [
            135.791016,
            35.005645
          ],
          [
            135.790926,
            35.005892
          ],
          [
            135.790817,
            35.006102
          ],
          [
            135.790407,
            35.006784
          ],
          [
            135.790309,
            35.006974
          ],
          [
            135.790253,
            35.007119
          ],
          [
            135.790216,
            35.007283
          ],
          [
            135.790175,
            35.007562
          ],
          [
            135.790179,
            35.007774
          ],
          [
            135.790133,
            35.008021
          ],
          [
            135.790117,
            35.00809
          ],
          [
            135.790038,
            35.008258
          ],
          [
            135.789917,
            35.008423
          ],
          [
            135.789792,
            35.008597
          ],
          [
            135.789728,
            35.008683
          ],
          [
            135.789582,
            35.008844
          ],
          [
            135.789551,
            35.008878
          ],
          [
            135.789476,
            35.008938
          ],
          [
            135.7893,
            35.00903
          ],
          [
            135.788961,
            35.009136
          ],
          [
            135.788741,
            35.009187
          ],
          [
            135.787951,
            35.009286
          ],
          [
            135.787477,
            35.009331
          ],
          [
            135.785924,
            35.009453
          ],
          [
            135.785568,
            35.009461
          ],
          [
            135.785365,
            35.009445
          ],
          [
            135.78507,
            35.009421
          ],
          [
            135.784901,
            35.009407
          ],
          [
            135.784161,
            35.009336
          ],
          [
            135.783805,
            35.009309
          ],
          [
            135.783455,
            35.009283
          ],
          [
            135.783221,
            35.009244
          ],
          [
            135.783122,
            35.009235
          ],
          [
            135.782942,
            35.009219
          ],
          [
            135.782875,
            35.009195
          ],
          [
            135.782833,
            35.009146
          ],
          [
            135.782736,
            35.009147
          ],
          [
            135.78272,
            35.009171
          ],
          [
            135.782692,
            35.009187
          ],
          [
            135.7825,
            35.009177
          ],
          [
            135.781672,
            35.009192
          ],
          [
            135.781232,
            35.0092
          ],
          [
            135.780958,
            35.009217
          ],
          [
            135.780921,
            35.009222
          ],
          [
            135.780925,
            35.009236
          ],
          [
            135.780921,
            35.009222
          ],
          [
            135.780683,
            35.009259
          ],
          [
            135.779496,
            35.009389
          ],
          [
            135.778962,
            35.009407
          ],
          [
            135.778284,
            35.009397
          ],
          [
            135.778205,
            35.009333
          ],
          [
            135.778012,
            35.009345
          ],
          [
            135.777963,
            35.009385
          ],
          [
            135.777902,
            35.009397
          ],
          [
            135.777706,
            35.009398
          ],
          [
            135.77752,
            35.009399
          ],
          [
            135.776245,
            35.009369
          ],
          [
            135.775503,
            35.00932
          ],
          [
            135.775273,
            35.009304
          ],
          [
            135.774744,
            35.009272
          ],
          [
            135.773574,
            35.009168
          ],
          [
            135.773474,
            35.009147
          ],
          [
            135.773376,
            35.009124
          ],
          [
            135.773263,
            35.009075
          ],
          [
            135.772714,
            35.009025
          ]
        ]
      },
      "properties": {
        "schemaVersion": 2,
        "id": "path-west",
        "featureRole": "path",
        "order": 3,
        "title": "Kuwana to Sanjo Ohashi",
        "kind": "walking",
        "lengthKm": 124.08,
        "startAnchorId": "a-077",
        "endAnchorId": "a-099",
        "navigational": false,
        "demonstration": false,
        "source": "kevin-traced 2026-08-22 (from kaidotrail, CC BY-SA 4.0)",
        "confidence": "medium",
        "verification": "manually-traced",
        "lastChecked": null,
        "classification": "public"
      }
    },
    {
      "type": "Feature",
      "id": "variant-saya",
      "geometry": {
        "type": "LineString",
        "coordinates": [
          [
            136.907829,
            35.121133
          ],
          [
            136.908091,
            35.121629
          ],
          [
            136.907786,
            35.121694
          ],
          [
            136.907609,
            35.121633
          ],
          [
            136.907496,
            35.121747
          ],
          [
            136.907485,
            35.122199
          ],
          [
            136.908236,
            35.121896
          ],
          [
            136.908526,
            35.122532
          ],
          [
            136.908543,
            35.122527
          ],
          [
            136.908529,
            35.122495
          ],
          [
            136.908478,
            35.122511
          ],
          [
            136.908473,
            35.122527
          ],
          [
            136.907581,
            35.122841
          ],
          [
            136.907527,
            35.122816
          ],
          [
            136.907529,
            35.122866
          ],
          [
            136.90753,
            35.122929
          ],
          [
            136.907512,
            35.122977
          ],
          [
            136.907508,
            35.123626
          ],
          [
            136.90744,
            35.124987
          ],
          [
            136.907425,
            35.125147
          ],
          [
            136.907388,
            35.125148
          ],
          [
            136.907379,
            35.125242
          ],
          [
            136.906942,
            35.125226
          ],
          [
            136.906931,
            35.125391
          ],
          [
            136.906896,
            35.12539
          ],
          [
            136.906889,
            35.125451
          ],
          [
            136.906864,
            35.125512
          ],
          [
            136.906854,
            35.125574
          ],
          [
            136.906863,
            35.125617
          ],
          [
            136.906737,
            35.126231
          ],
          [
            136.906705,
            35.126272
          ],
          [
            136.906701,
            35.126332
          ],
          [
            136.90673,
            35.126355
          ],
          [
            136.906741,
            35.12638
          ],
          [
            136.906626,
            35.12695
          ],
          [
            136.906486,
            35.127649
          ],
          [
            136.906453,
            35.127641
          ],
          [
            136.90643,
            35.127635
          ],
          [
            136.906388,
            35.127666
          ],
          [
            136.906179,
            35.127835
          ],
          [
            136.906268,
            35.127909
          ],
          [
            136.906306,
            35.127964
          ],
          [
            136.906324,
            35.128021
          ],
          [
            136.906324,
            35.128074
          ],
          [
            136.906306,
            35.128134
          ],
          [
            136.906175,
            35.128307
          ],
          [
            136.906143,
            35.128318
          ],
          [
            136.906125,
            35.128315
          ],
          [
            136.906106,
            35.128341
          ],
          [
            136.906222,
            35.128403
          ],
          [
            136.905914,
            35.128823
          ],
          [
            136.903643,
            35.131916
          ],
          [
            136.902946,
            35.132884
          ],
          [
            136.9025,
            35.133502
          ],
          [
            136.90216,
            35.133955
          ],
          [
            136.90199,
            35.133903
          ],
          [
            136.901964,
            35.133947
          ],
          [
            136.90169,
            35.134304
          ],
          [
            136.901573,
            35.134487
          ],
          [
            136.90157,
            35.134576
          ],
          [
            136.901676,
            35.134616
          ],
          [
            136.90005,
            35.136948
          ],
          [
            136.899872,
            35.137206
          ],
          [
            136.899691,
            35.137168
          ],
          [
            136.899662,
            35.137206
          ],
          [
            136.899669,
            35.137244
          ],
          [
            136.899366,
            35.138226
          ],
          [
            136.899522,
            35.138249
          ],
          [
            136.899452,
            35.138494
          ],
          [
            136.899377,
            35.138756
          ],
          [
            136.899054,
            35.139875
          ],
          [
            136.89901,
            35.140096
          ],
          [
            136.899008,
            35.140108
          ],
          [
            136.899017,
            35.141613
          ],
          [
            136.898885,
            35.141621
          ],
          [
            136.898892,
            35.142395
          ],
          [
            136.89886,
            35.142442
          ],
          [
            136.898213,
            35.142469
          ],
          [
            136.898178,
            35.142493
          ],
          [
            136.897251,
            35.142542
          ],
          [
            136.896829,
            35.142556
          ],
          [
            136.896079,
            35.142603
          ],
          [
            136.895989,
            35.142581
          ],
          [
            136.895931,
            35.142581
          ],
          [
            136.895905,
            35.142595
          ],
          [
            136.895492,
            35.142502
          ],
          [
            136.895418,
            35.142495
          ],
          [
            136.895387,
            35.14247
          ],
          [
            136.895335,
            35.142478
          ],
          [
            136.89511,
            35.142517
          ],
          [
            136.89506,
            35.142504
          ],
          [
            136.894988,
            35.142535
          ],
          [
            136.894412,
            35.142698
          ],
          [
            136.893463,
            35.142953
          ],
          [
            136.893401,
            35.142962
          ],
          [
            136.893306,
            35.142939
          ],
          [
            136.892911,
            35.14309
          ],
          [
            136.8928,
            35.143132
          ],
          [
            136.891558,
            35.143467
          ],
          [
            136.888268,
            35.144317
          ],
          [
            136.887875,
            35.144429
          ],
          [
            136.887854,
            35.144411
          ],
          [
            136.887761,
            35.144434
          ],
          [
            136.887749,
            35.144461
          ],
          [
            136.887268,
            35.144578
          ],
          [
            136.887114,
            35.144631
          ],
          [
            136.885685,
            35.145021
          ],
          [
            136.884013,
            35.145487
          ],
          [
            136.884,
            35.145501
          ],
          [
            136.883958,
            35.145513
          ],
          [
            136.883033,
            35.145777
          ],
          [
            136.882952,
            35.145779
          ],
          [
            136.882112,
            35.146037
          ],
          [
            136.882046,
            35.146055
          ],
          [
            136.880906,
            35.14639
          ],
          [
            136.880827,
            35.146411
          ],
          [
            136.878777,
            35.147054
          ],
          [
            136.878226,
            35.147241
          ],
          [
            136.878145,
            35.147269
          ],
          [
            136.877268,
            35.147574
          ],
          [
            136.877212,
            35.147563
          ],
          [
            136.877187,
            35.147538
          ],
          [
            136.87707,
            35.147583
          ],
          [
            136.877047,
            35.147622
          ],
          [
            136.877042,
            35.14763
          ],
          [
            136.876784,
            35.147728
          ],
          [
            136.876716,
            35.147747
          ],
          [
            136.875766,
            35.148083
          ],
          [
            136.875494,
            35.148172
          ],
          [
            136.87544,
            35.148181
          ],
          [
            136.87534,
            35.148173
          ],
          [
            136.875234,
            35.148217
          ],
          [
            136.875211,
            35.14826
          ],
          [
            136.875108,
            35.148308
          ],
          [
            136.874722,
            35.148454
          ],
          [
            136.874652,
            35.148467
          ],
          [
            136.874609,
            35.148418
          ],
          [
            136.874369,
            35.148521
          ],
          [
            136.874377,
            35.148566
          ],
          [
            136.87436,
            35.14859
          ],
          [
            136.874341,
            35.148601
          ],
          [
            136.87393,
            35.148752
          ],
          [
            136.873847,
            35.14877
          ],
          [
            136.87339,
            35.148941
          ],
          [
            136.872573,
            35.149241
          ],
          [
            136.872564,
            35.149238
          ],
          [
            136.872491,
            35.149214
          ],
          [
            136.872221,
            35.149273
          ],
          [
            136.872233,
            35.149354
          ],
          [
            136.87221,
            35.149389
          ],
          [
            136.872192,
            35.149395
          ],
          [
            136.87197,
            35.149478
          ],
          [
            136.871612,
            35.149611
          ],
          [
            136.87098,
            35.14984
          ],
          [
            136.870902,
            35.149864
          ],
          [
            136.870901,
            35.149857
          ],
          [
            136.870809,
            35.149888
          ],
          [
            136.870126,
            35.150124
          ],
          [
            136.870134,
            35.150131
          ],
          [
            136.870102,
            35.150142
          ],
          [
            136.869173,
            35.150469
          ],
          [
            136.868885,
            35.150593
          ],
          [
            136.868312,
            35.150794
          ],
          [
            136.868185,
            35.150837
          ],
          [
            136.8682,
            35.15088
          ],
          [
            136.867343,
            35.151189
          ],
          [
            136.865614,
            35.151788
          ],
          [
            136.864204,
            35.1523
          ],
          [
            136.864074,
            35.152346
          ],
          [
            136.864065,
            35.152312
          ],
          [
            136.863978,
            35.152343
          ],
          [
            136.863914,
            35.152366
          ],
          [
            136.863917,
            35.152402
          ],
          [
            136.862634,
            35.152863
          ],
          [
            136.860337,
            35.15367
          ],
          [
            136.858036,
            35.154514
          ],
          [
            136.857916,
            35.154536
          ],
          [
            136.855904,
            35.154751
          ],
          [
            136.853967,
            35.154935
          ],
          [
            136.851874,
            35.155108
          ],
          [
            136.84701,
            35.155576
          ],
          [
            136.84636,
            35.155638
          ],
          [
            136.843171,
            35.155962
          ],
          [
            136.841821,
            35.156055
          ],
          [
            136.840509,
            35.156157
          ],
          [
            136.840184,
            35.156179
          ],
          [
            136.839899,
            35.156199
          ],
          [
            136.839859,
            35.156201
          ],
          [
            136.839881,
            35.155827
          ],
          [
            136.839873,
            35.155649
          ],
          [
            136.839842,
            35.155597
          ],
          [
            136.839827,
            35.155668
          ],
          [
            136.83984,
            35.15567
          ],
          [
            136.839827,
            35.155668
          ],
          [
            136.839718,
            35.156192
          ],
          [
            136.83961,
            35.156643
          ],
          [
            136.839458,
            35.157114
          ],
          [
            136.839307,
            35.15751
          ],
          [
            136.839265,
            35.157499
          ],
          [
            136.839245,
            35.157521
          ],
          [
            136.835987,
            35.156777
          ],
          [
            136.835959,
            35.156757
          ],
          [
            136.835952,
            35.156742
          ],
          [
            136.835907,
            35.156732
          ],
          [
            136.835888,
            35.156785
          ],
          [
            136.835986,
            35.156517
          ],
          [
            136.836051,
            35.156282
          ],
          [
            136.836075,
            35.155943
          ],
          [
            136.836076,
            35.155921
          ],
          [
            136.83602,
            35.155781
          ],
          [
            136.835958,
            35.155401
          ],
          [
            136.835875,
            35.155284
          ],
          [
            136.835839,
            35.155119
          ],
          [
            136.835771,
            35.154956
          ],
          [
            136.835719,
            35.154908
          ],
          [
            136.835211,
            35.154869
          ],
          [
            136.833934,
            35.154782
          ],
          [
            136.833057,
            35.154735
          ],
          [
            136.832514,
            35.154694
          ],
          [
            136.831666,
            35.154658
          ],
          [
            136.831661,
            35.154658
          ],
          [
            136.831548,
            35.155243
          ],
          [
            136.831541,
            35.155246
          ],
          [
            136.830884,
            35.15558
          ],
          [
            136.830446,
            35.155837
          ],
          [
            136.830197,
            35.155972
          ],
          [
            136.829441,
            35.15634
          ],
          [
            136.829444,
            35.156346
          ],
          [
            136.829441,
            35.15634
          ],
          [
            136.829113,
            35.156466
          ],
          [
            136.828454,
            35.156577
          ],
          [
            136.828451,
            35.156582
          ],
          [
            136.828292,
            35.156929
          ],
          [
            136.828183,
            35.157075
          ],
          [
            136.828151,
            35.157163
          ],
          [
            136.827965,
            35.157464
          ],
          [
            136.827583,
            35.157983
          ],
          [
            136.827577,
            35.157984
          ],
          [
            136.827577,
            35.157982
          ],
          [
            136.827577,
            35.157984
          ],
          [
            136.827172,
            35.158012
          ],
          [
            136.827102,
            35.158047
          ],
          [
            136.827074,
            35.158088
          ],
          [
            136.82706,
            35.158152
          ],
          [
            136.827015,
            35.1592
          ],
          [
            136.826981,
            35.159643
          ],
          [
            136.826922,
            35.159727
          ],
          [
            136.82692,
            35.159729
          ],
          [
            136.826336,
            35.159792
          ],
          [
            136.825319,
            35.159961
          ],
          [
            136.824774,
            35.160023
          ],
          [
            136.824454,
            35.160086
          ],
          [
            136.82423,
            35.160138
          ],
          [
            136.82419,
            35.160158
          ],
          [
            136.824192,
            35.160161
          ],
          [
            136.82419,
            35.160158
          ],
          [
            136.824049,
            35.160228
          ],
          [
            136.823875,
            35.160333
          ],
          [
            136.823471,
            35.160442
          ],
          [
            136.823452,
            35.160446
          ],
          [
            136.823336,
            35.161041
          ],
          [
            136.82327,
            35.162056
          ],
          [
            136.823233,
            35.163089
          ],
          [
            136.823232,
            35.163124
          ],
          [
            136.823139,
            35.163145
          ],
          [
            136.822708,
            35.163193
          ],
          [
            136.82142,
            35.163297
          ],
          [
            136.821166,
            35.163346
          ],
          [
            136.821062,
            35.163393
          ],
          [
            136.820634,
            35.163613
          ],
          [
            136.820188,
            35.163812
          ],
          [
            136.81983,
            35.163991
          ],
          [
            136.819303,
            35.164232
          ],
          [
            136.818839,
            35.164441
          ],
          [
            136.818549,
            35.164537
          ],
          [
            136.818249,
            35.164593
          ],
          [
            136.818035,
            35.164622
          ],
          [
            136.817095,
            35.164709
          ],
          [
            136.816706,
            35.164774
          ],
          [
            136.816262,
            35.16487
          ],
          [
            136.816153,
            35.164883
          ],
          [
            136.815616,
            35.16485
          ],
          [
            136.815606,
            35.164972
          ],
          [
            136.815577,
            35.165049
          ],
          [
            136.815504,
            35.165115
          ],
          [
            136.815422,
            35.165158
          ],
          [
            136.814347,
            35.165478
          ],
          [
            136.812705,
            35.165845
          ],
          [
            136.812426,
            35.165912
          ],
          [
            136.812118,
            35.165998
          ],
          [
            136.811825,
            35.166113
          ],
          [
            136.811535,
            35.166276
          ],
          [
            136.810989,
            35.166603
          ],
          [
            136.810858,
            35.16669
          ],
          [
            136.810851,
            35.166683
          ],
          [
            136.810858,
            35.16669
          ],
          [
            136.810674,
            35.166825
          ],
          [
            136.810513,
            35.166988
          ],
          [
            136.810383,
            35.16714
          ],
          [
            136.810286,
            35.167274
          ],
          [
            136.810152,
            35.167517
          ],
          [
            136.810086,
            35.167682
          ],
          [
            136.809928,
            35.168159
          ],
          [
            136.80986,
            35.168406
          ],
          [
            136.809825,
            35.168573
          ],
          [
            136.809828,
            35.168823
          ],
          [
            136.809853,
            35.169009
          ],
          [
            136.809985,
            35.169322
          ],
          [
            136.81025,
            35.169766
          ],
          [
            136.810503,
            35.17021
          ],
          [
            136.810594,
            35.170417
          ],
          [
            136.810624,
            35.170537
          ],
          [
            136.810632,
            35.170534
          ],
          [
            136.810631,
            35.170533
          ],
          [
            136.810632,
            35.170534
          ],
          [
            136.810624,
            35.170537
          ],
          [
            136.810293,
            35.170632
          ],
          [
            136.810085,
            35.170708
          ],
          [
            136.809941,
            35.17078
          ],
          [
            136.809488,
            35.171109
          ],
          [
            136.809321,
            35.171184
          ],
          [
            136.809271,
            35.171203
          ],
          [
            136.809062,
            35.171254
          ],
          [
            136.808857,
            35.171249
          ],
          [
            136.808654,
            35.171267
          ],
          [
            136.808366,
            35.171311
          ],
          [
            136.807861,
            35.171409
          ],
          [
            136.807534,
            35.17148
          ],
          [
            136.806504,
            35.171803
          ],
          [
            136.805834,
            35.171985
          ],
          [
            136.805033,
            35.172105
          ],
          [
            136.804516,
            35.172145
          ],
          [
            136.804069,
            35.172162
          ],
          [
            136.80407,
            35.172182
          ],
          [
            136.804069,
            35.172162
          ],
          [
            136.80385,
            35.172165
          ],
          [
            136.803252,
            35.172147
          ],
          [
            136.801103,
            35.172065
          ],
          [
            136.799286,
            35.171943
          ],
          [
            136.799158,
            35.171926
          ],
          [
            136.798293,
            35.171888
          ],
          [
            136.797978,
            35.171904
          ],
          [
            136.797755,
            35.171933
          ],
          [
            136.797327,
            35.172036
          ],
          [
            136.797076,
            35.172082
          ],
          [
            136.796671,
            35.172122
          ],
          [
            136.796251,
            35.172179
          ],
          [
            136.795812,
            35.172249
          ],
          [
            136.795356,
            35.172313
          ],
          [
            136.794851,
            35.172336
          ],
          [
            136.793394,
            35.172426
          ],
          [
            136.792694,
            35.172449
          ],
          [
            136.791442,
            35.172459
          ],
          [
            136.789827,
            35.172455
          ],
          [
            136.788754,
            35.17244
          ],
          [
            136.787866,
            35.172429
          ],
          [
            136.786413,
            35.172416
          ],
          [
            136.786354,
            35.172415
          ],
          [
            136.783743,
            35.17251
          ],
          [
            136.782497,
            35.172514
          ],
          [
            136.780412,
            35.172496
          ],
          [
            136.778881,
            35.172451
          ],
          [
            136.778257,
            35.172451
          ],
          [
            136.777558,
            35.172463
          ],
          [
            136.777047,
            35.172486
          ],
          [
            136.776356,
            35.172527
          ],
          [
            136.776191,
            35.172547
          ],
          [
            136.77602,
            35.172577
          ],
          [
            136.775467,
            35.172723
          ],
          [
            136.775085,
            35.172859
          ],
          [
            136.774074,
            35.173415
          ],
          [
            136.772911,
            35.174069
          ],
          [
            136.771856,
            35.174692
          ],
          [
            136.771849,
            35.17468
          ],
          [
            136.771857,
            35.174677
          ],
          [
            136.771849,
            35.17468
          ],
          [
            136.771895,
            35.174758
          ],
          [
            136.772123,
            35.176723
          ],
          [
            136.772282,
            35.177914
          ],
          [
            136.772283,
            35.177916
          ],
          [
            136.771163,
            35.177967
          ],
          [
            136.770264,
            35.178009
          ],
          [
            136.770203,
            35.178018
          ],
          [
            136.769802,
            35.178138
          ],
          [
            136.769344,
            35.178207
          ],
          [
            136.768451,
            35.178393
          ],
          [
            136.768309,
            35.178413
          ],
          [
            136.768085,
            35.178445
          ],
          [
            136.767907,
            35.178453
          ],
          [
            136.766909,
            35.178462
          ],
          [
            136.766651,
            35.178454
          ],
          [
            136.76638,
            35.178398
          ],
          [
            136.765818,
            35.178198
          ],
          [
            136.765653,
            35.178151
          ],
          [
            136.765439,
            35.178112
          ],
          [
            136.765347,
            35.178097
          ],
          [
            136.765113,
            35.178091
          ],
          [
            136.764942,
            35.178096
          ],
          [
            136.764697,
            35.178137
          ],
          [
            136.764342,
            35.178226
          ],
          [
            136.763894,
            35.178353
          ],
          [
            136.763678,
            35.1784
          ],
          [
            136.763616,
            35.178406
          ],
          [
            136.763511,
            35.178417
          ],
          [
            136.763248,
            35.17842
          ],
          [
            136.763063,
            35.17841
          ],
          [
            136.762744,
            35.178362
          ],
          [
            136.762427,
            35.178339
          ],
          [
            136.760976,
            35.178355
          ],
          [
            136.760311,
            35.178335
          ],
          [
            136.759834,
            35.178288
          ],
          [
            136.759612,
            35.178274
          ],
          [
            136.759235,
            35.178268
          ],
          [
            136.75908,
            35.178239
          ],
          [
            136.75903,
            35.178187
          ],
          [
            136.758566,
            35.178206
          ],
          [
            136.757433,
            35.178113
          ],
          [
            136.756913,
            35.178093
          ],
          [
            136.756794,
            35.178095
          ],
          [
            136.756368,
            35.178103
          ],
          [
            136.75561,
            35.178138
          ],
          [
            136.755268,
            35.178135
          ],
          [
            136.75492,
            35.178117
          ],
          [
            136.75383,
            35.178059
          ],
          [
            136.753522,
            35.17804
          ],
          [
            136.753292,
            35.17802
          ],
          [
            136.752796,
            35.17795
          ],
          [
            136.752246,
            35.177832
          ],
          [
            136.752011,
            35.177766
          ],
          [
            136.751359,
            35.17758
          ],
          [
            136.75065,
            35.177381
          ],
          [
            136.750295,
            35.177293
          ],
          [
            136.749937,
            35.177213
          ],
          [
            136.749766,
            35.177182
          ],
          [
            136.749568,
            35.177157
          ],
          [
            136.74926,
            35.177135
          ],
          [
            136.748989,
            35.177128
          ],
          [
            136.748299,
            35.177129
          ],
          [
            136.747629,
            35.177059
          ],
          [
            136.747562,
            35.177052
          ],
          [
            136.747447,
            35.177008
          ],
          [
            136.746997,
            35.176772
          ],
          [
            136.746619,
            35.176568
          ],
          [
            136.746375,
            35.176379
          ],
          [
            136.746245,
            35.176321
          ],
          [
            136.74587,
            35.176179
          ],
          [
            136.74481,
            35.175844
          ],
          [
            136.744064,
            35.175599
          ],
          [
            136.744015,
            35.175561
          ],
          [
            136.743914,
            35.175452
          ],
          [
            136.743807,
            35.175482
          ],
          [
            136.743811,
            35.175492
          ],
          [
            136.742803,
            35.175624
          ],
          [
            136.740915,
            35.175738
          ],
          [
            136.740888,
            35.175418
          ],
          [
            136.740893,
            35.175418
          ],
          [
            136.740892,
            35.175403
          ],
          [
            136.740659,
            35.175388
          ],
          [
            136.740056,
            35.175333
          ],
          [
            136.739643,
            35.175319
          ],
          [
            136.739354,
            35.175348
          ],
          [
            136.739271,
            35.175339
          ],
          [
            136.738655,
            35.175324
          ],
          [
            136.738626,
            35.175314
          ],
          [
            136.737911,
            35.175319
          ],
          [
            136.737043,
            35.175326
          ],
          [
            136.73704,
            35.175295
          ],
          [
            136.736925,
            35.174025
          ],
          [
            136.736722,
            35.17165
          ],
          [
            136.736721,
            35.17165
          ],
          [
            136.736454,
            35.168551
          ],
          [
            136.736427,
            35.168425
          ],
          [
            136.736426,
            35.168421
          ],
          [
            136.735925,
            35.168615
          ],
          [
            136.73569,
            35.16864
          ],
          [
            136.735678,
            35.168623
          ],
          [
            136.735674,
            35.168625
          ],
          [
            136.735678,
            35.168623
          ],
          [
            136.735516,
            35.168397
          ],
          [
            136.734319,
            35.167781
          ],
          [
            136.733673,
            35.16744
          ],
          [
            136.733221,
            35.167274
          ],
          [
            136.733132,
            35.167219
          ],
          [
            136.73263,
            35.166893
          ],
          [
            136.732273,
            35.166566
          ],
          [
            136.732229,
            35.16652
          ],
          [
            136.732224,
            35.166496
          ],
          [
            136.732208,
            35.166498
          ],
          [
            136.732224,
            35.166496
          ],
          [
            136.732132,
            35.166087
          ],
          [
            136.731821,
            35.165466
          ],
          [
            136.73167,
            35.165535
          ],
          [
            136.731653,
            35.16543
          ],
          [
            136.731202,
            35.165207
          ],
          [
            136.731129,
            35.165137
          ],
          [
            136.731047,
            35.165034
          ],
          [
            136.73102,
            35.164975
          ],
          [
            136.731016,
            35.16491
          ],
          [
            136.730776,
            35.164796
          ],
          [
            136.730628,
            35.164699
          ],
          [
            136.730512,
            35.164593
          ],
          [
            136.730461,
            35.164521
          ],
          [
            136.730331,
            35.164399
          ],
          [
            136.730235,
            35.164287
          ],
          [
            136.730234,
            35.164288
          ],
          [
            136.730235,
            35.164287
          ],
          [
            136.730192,
            35.163761
          ],
          [
            136.730171,
            35.163056
          ],
          [
            136.730161,
            35.162328
          ],
          [
            136.730164,
            35.161354
          ],
          [
            136.730201,
            35.161083
          ],
          [
            136.73025,
            35.160883
          ],
          [
            136.730386,
            35.160447
          ],
          [
            136.7304,
            35.160447
          ],
          [
            136.727444,
            35.160387
          ],
          [
            136.726008,
            35.160367
          ],
          [
            136.723834,
            35.160327
          ],
          [
            136.723834,
            35.160324
          ],
          [
            136.72255,
            35.160304
          ],
          [
            136.720386,
            35.160253
          ],
          [
            136.720272,
            35.160269
          ],
          [
            136.720261,
            35.160271
          ],
          [
            136.719587,
            35.159372
          ],
          [
            136.719509,
            35.159231
          ],
          [
            136.719449,
            35.159086
          ],
          [
            136.719418,
            35.15899
          ],
          [
            136.719349,
            35.158574
          ],
          [
            136.719279,
            35.157906
          ],
          [
            136.719231,
            35.157653
          ],
          [
            136.719167,
            35.157424
          ],
          [
            136.718869,
            35.156543
          ],
          [
            136.718729,
            35.156175
          ],
          [
            136.718314,
            35.155309
          ],
          [
            136.718084,
            35.154929
          ],
          [
            136.717902,
            35.154704
          ],
          [
            136.717651,
            35.154406
          ],
          [
            136.717466,
            35.154121
          ],
          [
            136.717302,
            35.153791
          ],
          [
            136.717139,
            35.153426
          ],
          [
            136.716555,
            35.15198
          ],
          [
            136.716533,
            35.15198
          ],
          [
            136.71646,
            35.151981
          ],
          [
            136.715928,
            35.151924
          ],
          [
            136.715627,
            35.151881
          ],
          [
            136.714768,
            35.151732
          ],
          [
            136.713816,
            35.151553
          ],
          [
            136.712742,
            35.151321
          ],
          [
            136.712145,
            35.151199
          ],
          [
            136.71178,
            35.151142
          ],
          [
            136.711777,
            35.151141
          ],
          [
            136.711764,
            35.151044
          ],
          [
            136.711648,
            35.150592
          ],
          [
            136.711554,
            35.150328
          ],
          [
            136.711461,
            35.150002
          ],
          [
            136.711379,
            35.149499
          ],
          [
            136.711314,
            35.14921
          ],
          [
            136.711038,
            35.14812
          ],
          [
            136.710992,
            35.147938
          ],
          [
            136.71059,
            35.146263
          ],
          [
            136.710508,
            35.145964
          ],
          [
            136.710385,
            35.14562
          ],
          [
            136.710359,
            35.145626
          ],
          [
            136.709994,
            35.14495
          ],
          [
            136.709018,
            35.143652
          ],
          [
            136.709036,
            35.143649
          ],
          [
            136.709005,
            35.143515
          ],
          [
            136.708852,
            35.14208
          ],
          [
            136.70873,
            35.141623
          ],
          [
            136.708423,
            35.140702
          ],
          [
            136.708172,
            35.13999
          ],
          [
            136.708186,
            35.139892
          ],
          [
            136.708241,
            35.139753
          ],
          [
            136.708106,
            35.139517
          ],
          [
            136.707998,
            35.139283
          ],
          [
            136.707638,
            35.138141
          ],
          [
            136.706502,
            35.134427
          ],
          [
            136.70633,
            35.133896
          ],
          [
            136.706208,
            35.133447
          ],
          [
            136.706166,
            35.133219
          ],
          [
            136.706149,
            35.133004
          ],
          [
            136.706153,
            35.1327
          ],
          [
            136.7062,
            35.132463
          ],
          [
            136.706223,
            35.132388
          ],
          [
            136.706445,
            35.131709
          ],
          [
            136.706796,
            35.130552
          ],
          [
            136.706959,
            35.130127
          ],
          [
            136.706986,
            35.130057
          ],
          [
            136.707226,
            35.12959
          ],
          [
            136.708464,
            35.127401
          ],
          [
            136.708607,
            35.127154
          ],
          [
            136.709338,
            35.125991
          ],
          [
            136.709821,
            35.125049
          ],
          [
            136.710523,
            35.123762
          ],
          [
            136.710797,
            35.123275
          ],
          [
            136.711269,
            35.12246
          ],
          [
            136.711479,
            35.122116
          ],
          [
            136.711642,
            35.121878
          ],
          [
            136.711738,
            35.121738
          ],
          [
            136.711988,
            35.121448
          ],
          [
            136.712506,
            35.120869
          ],
          [
            136.712697,
            35.12068
          ],
          [
            136.713268,
            35.120062
          ],
          [
            136.714563,
            35.118717
          ],
          [
            136.715648,
            35.117558
          ],
          [
            136.715809,
            35.117404
          ],
          [
            136.715999,
            35.117232
          ],
          [
            136.71622,
            35.117054
          ],
          [
            136.717241,
            35.11628
          ],
          [
            136.717365,
            35.116177
          ],
          [
            136.71835,
            35.115447
          ],
          [
            136.719313,
            35.114703
          ],
          [
            136.719743,
            35.114309
          ],
          [
            136.719995,
            35.11404
          ],
          [
            136.720073,
            35.113916
          ],
          [
            136.72009,
            35.113923
          ],
          [
            136.720073,
            35.113916
          ],
          [
            136.720116,
            35.113848
          ],
          [
            136.720136,
            35.113765
          ],
          [
            136.720221,
            35.113757
          ],
          [
            136.720295,
            35.113695
          ],
          [
            136.720858,
            35.112501
          ],
          [
            136.720986,
            35.112004
          ],
          [
            136.720982,
            35.111797
          ],
          [
            136.7209,
            35.111707
          ],
          [
            136.720368,
            35.11141
          ],
          [
            136.720366,
            35.111422
          ],
          [
            136.720369,
            35.111422
          ],
          [
            136.720366,
            35.111422
          ],
          [
            136.720415,
            35.111155
          ],
          [
            136.720374,
            35.11082
          ],
          [
            136.72037,
            35.110734
          ],
          [
            136.72039,
            35.110743
          ],
          [
            136.720773,
            35.110928
          ],
          [
            136.720777,
            35.110922
          ],
          [
            136.720773,
            35.110928
          ],
          [
            136.720756,
            35.11092
          ],
          [
            136.720757,
            35.110817
          ],
          [
            136.72064,
            35.110481
          ],
          [
            136.720557,
            35.110344
          ],
          [
            136.720444,
            35.110195
          ],
          [
            136.720383,
            35.110057
          ],
          [
            136.720299,
            35.109767
          ],
          [
            136.720196,
            35.109339
          ],
          [
            136.720166,
            35.109123
          ],
          [
            136.720153,
            35.109115
          ],
          [
            136.718846,
            35.10834
          ],
          [
            136.718856,
            35.108328
          ],
          [
            136.718846,
            35.10834
          ],
          [
            136.717889,
            35.107799
          ],
          [
            136.718153,
            35.107554
          ],
          [
            136.718207,
            35.10748
          ],
          [
            136.718238,
            35.107409
          ],
          [
            136.718251,
            35.107344
          ],
          [
            136.718257,
            35.107154
          ],
          [
            136.718309,
            35.107035
          ],
          [
            136.718352,
            35.106973
          ],
          [
            136.71845,
            35.106889
          ],
          [
            136.718455,
            35.106893
          ],
          [
            136.718139,
            35.106598
          ],
          [
            136.718013,
            35.106508
          ],
          [
            136.717684,
            35.106463
          ],
          [
            136.717632,
            35.106482
          ],
          [
            136.717612,
            35.106446
          ],
          [
            136.717632,
            35.106482
          ],
          [
            136.717562,
            35.106508
          ],
          [
            136.717137,
            35.106853
          ],
          [
            136.716948,
            35.106961
          ],
          [
            136.716766,
            35.107135
          ],
          [
            136.716755,
            35.107128
          ],
          [
            136.716307,
            35.106867
          ],
          [
            136.715859,
            35.106606
          ],
          [
            136.715412,
            35.106346
          ],
          [
            136.714964,
            35.106085
          ],
          [
            136.714516,
            35.105824
          ],
          [
            136.714068,
            35.105563
          ],
          [
            136.71362,
            35.105303
          ],
          [
            136.713173,
            35.105042
          ],
          [
            136.7128,
            35.104825
          ],
          [
            136.70952,
            35.102943
          ],
          [
            136.708803,
            35.102521
          ],
          [
            136.708529,
            35.102357
          ],
          [
            136.707836,
            35.101957
          ],
          [
            136.706301,
            35.101071
          ],
          [
            136.705723,
            35.100727
          ],
          [
            136.705545,
            35.100612
          ],
          [
            136.70528,
            35.100418
          ],
          [
            136.705041,
            35.100212
          ],
          [
            136.704873,
            35.100051
          ],
          [
            136.704748,
            35.099917
          ],
          [
            136.704514,
            35.099625
          ],
          [
            136.704512,
            35.099626
          ],
          [
            136.704514,
            35.099625
          ],
          [
            136.704231,
            35.099206
          ],
          [
            136.704045,
            35.098846
          ],
          [
            136.703933,
            35.098578
          ],
          [
            136.703863,
            35.098363
          ],
          [
            136.703647,
            35.097557
          ],
          [
            136.70365,
            35.09757
          ],
          [
            136.703568,
            35.097529
          ],
          [
            136.70279,
            35.096992
          ],
          [
            136.7027,
            35.096943
          ],
          [
            136.702379,
            35.096716
          ],
          [
            136.702242,
            35.096587
          ],
          [
            136.702154,
            35.096486
          ],
          [
            136.701597,
            35.09575
          ],
          [
            136.701598,
            35.09575
          ],
          [
            136.701052,
            35.095021
          ],
          [
            136.701049,
            35.095016
          ],
          [
            136.701115,
            35.094993
          ],
          [
            136.701369,
            35.094867
          ],
          [
            136.701622,
            35.094697
          ],
          [
            136.701613,
            35.094684
          ],
          [
            136.701218,
            35.094064
          ],
          [
            136.700986,
            35.093532
          ],
          [
            136.700785,
            35.093021
          ],
          [
            136.700632,
            35.092722
          ],
          [
            136.700595,
            35.092698
          ],
          [
            136.700486,
            35.092578
          ],
          [
            136.700171,
            35.092295
          ],
          [
            136.699649,
            35.091876
          ],
          [
            136.699652,
            35.091874
          ],
          [
            136.700209,
            35.091519
          ],
          [
            136.700205,
            35.09152
          ],
          [
            136.700163,
            35.091474
          ],
          [
            136.69995,
            35.09118
          ],
          [
            136.699692,
            35.090867
          ],
          [
            136.699515,
            35.090667
          ],
          [
            136.699465,
            35.090588
          ],
          [
            136.698829,
            35.090036
          ],
          [
            136.69879,
            35.089964
          ],
          [
            136.698788,
            35.089964
          ],
          [
            136.698703,
            35.089986
          ],
          [
            136.698458,
            35.090137
          ],
          [
            136.698401,
            35.090156
          ],
          [
            136.698346,
            35.090153
          ],
          [
            136.698314,
            35.090144
          ],
          [
            136.698248,
            35.090094
          ],
          [
            136.697687,
            35.089613
          ],
          [
            136.697101,
            35.089121
          ],
          [
            136.697099,
            35.089122
          ],
          [
            136.696406,
            35.088537
          ],
          [
            136.695888,
            35.088072
          ],
          [
            136.695898,
            35.088062
          ],
          [
            136.695947,
            35.088012
          ],
          [
            136.696419,
            35.087703
          ],
          [
            136.696417,
            35.087697
          ],
          [
            136.696332,
            35.087408
          ],
          [
            136.696055,
            35.086613
          ],
          [
            136.69606,
            35.086607
          ],
          [
            136.696336,
            35.086225
          ],
          [
            136.696462,
            35.086078
          ],
          [
            136.696479,
            35.086058
          ],
          [
            136.696867,
            35.085607
          ],
          [
            136.696888,
            35.085593
          ],
          [
            136.69702,
            35.085502
          ],
          [
            136.697194,
            35.08529
          ],
          [
            136.697285,
            35.085167
          ],
          [
            136.697308,
            35.085074
          ],
          [
            136.697316,
            35.08507
          ],
          [
            136.697425,
            35.085015
          ],
          [
            136.697552,
            35.084996
          ],
          [
            136.697562,
            35.084969
          ],
          [
            136.697569,
            35.084951
          ],
          [
            136.697735,
            35.084742
          ],
          [
            136.697732,
            35.084741
          ],
          [
            136.697399,
            35.084556
          ],
          [
            136.696472,
            35.084039
          ],
          [
            136.691767,
            35.08142
          ],
          [
            136.691733,
            35.081472
          ],
          [
            136.687481,
            35.079087
          ],
          [
            136.687375,
            35.079036
          ],
          [
            136.687358,
            35.079059
          ],
          [
            136.687306,
            35.079032
          ],
          [
            136.687352,
            35.078962
          ],
          [
            136.687349,
            35.07896
          ],
          [
            136.687352,
            35.078962
          ],
          [
            136.687651,
            35.078609
          ],
          [
            136.687725,
            35.07862
          ],
          [
            136.687789,
            35.078556
          ],
          [
            136.687934,
            35.078411
          ],
          [
            136.688026,
            35.078379
          ],
          [
            136.690599,
            35.075392
          ],
          [
            136.69163,
            35.074279
          ],
          [
            136.691849,
            35.073999
          ],
          [
            136.691907,
            35.073862
          ],
          [
            136.693452,
            35.071865
          ],
          [
            136.695102,
            35.06972
          ],
          [
            136.695207,
            35.069581
          ],
          [
            136.695213,
            35.06955
          ],
          [
            136.695239,
            35.069407
          ],
          [
            136.695252,
            35.06939
          ],
          [
            136.695242,
            35.069385
          ],
          [
            136.695252,
            35.06939
          ],
          [
            136.695288,
            35.069345
          ],
          [
            136.695317,
            35.06931
          ],
          [
            136.695522,
            35.069124
          ],
          [
            136.695615,
            35.069054
          ],
          [
            136.69563,
            35.069042
          ],
          [
            136.69595,
            35.068961
          ],
          [
            136.696608,
            35.068588
          ],
          [
            136.696599,
            35.068577
          ],
          [
            136.69654,
            35.068212
          ]
        ]
      },
      "properties": {
        "schemaVersion": 2,
        "id": "variant-saya",
        "featureRole": "variant",
        "order": 99,
        "title": "Saya Kaido — the historical land route",
        "kind": "walking",
        "lengthKm": 36.75,
        "startAnchorId": "a-069",
        "endAnchorId": "a-077",
        "active": true,
        "replacesPathId": "gap-shichiri",
        "rationale": "The Edo-period overland alternative to the Seven-ri sea crossing, via Saya and the Kiso Three Rivers bridges. Walking it makes the route continuous without inventing a modern line.",
        "navigational": false,
        "demonstration": false,
        "source": "kevin-traced 2026-08-22 (from kaidotrail, CC BY-SA 4.0) + section-saya-manba-traced-2026-08-23.gpx + section-iseohashi-shichiri-traced-2026-09-14.gpx + section-owari-ise-traced-2026-09-16.gpx + Section — Nikko Bridge to Owari Ohashi (1).gpx + Section — Manba Ohashi to Nikko Bridge.gpx",
        "confidence": "medium",
        "verification": "manually-traced",
        "lastChecked": null,
        "classification": "public"
      }
    },
    {
      "type": "Feature",
      "id": "edit-restored-section-nihonbashi-shinagawa-traced-2026-08-23",
      "geometry": {
        "type": "LineString",
        "coordinates": [
          [
            139.774533,
            35.684112
          ],
          [
            139.774488,
            35.683974
          ],
          [
            139.77449,
            35.683855
          ],
          [
            139.774443,
            35.683695
          ],
          [
            139.774269,
            35.683741
          ],
          [
            139.774267,
            35.683741
          ],
          [
            139.774215,
            35.683647
          ],
          [
            139.774197,
            35.683629
          ],
          [
            139.774174,
            35.683622
          ],
          [
            139.774114,
            35.683478
          ],
          [
            139.774122,
            35.683447
          ],
          [
            139.773687,
            35.682744
          ],
          [
            139.773601,
            35.682725
          ],
          [
            139.773466,
            35.68249
          ],
          [
            139.773488,
            35.682433
          ],
          [
            139.77288,
            35.681439
          ],
          [
            139.772527,
            35.680883
          ],
          [
            139.772468,
            35.680786
          ],
          [
            139.772253,
            35.680426
          ],
          [
            139.772218,
            35.680368
          ],
          [
            139.771707,
            35.679546
          ],
          [
            139.771649,
            35.679529
          ],
          [
            139.771592,
            35.679532
          ],
          [
            139.771393,
            35.67921
          ],
          [
            139.771425,
            35.679167
          ],
          [
            139.771441,
            35.679115
          ],
          [
            139.770687,
            35.67794
          ],
          [
            139.770616,
            35.677851
          ],
          [
            139.770577,
            35.67776
          ],
          [
            139.770374,
            35.677417
          ],
          [
            139.76975,
            35.676421
          ],
          [
            139.769679,
            35.676388
          ],
          [
            139.769529,
            35.676156
          ],
          [
            139.769544,
            35.676111
          ],
          [
            139.769543,
            35.676085
          ],
          [
            139.769153,
            35.675457
          ],
          [
            139.76907,
            35.67533
          ],
          [
            139.76906,
            35.675301
          ],
          [
            139.768994,
            35.675196
          ],
          [
            139.768829,
            35.67499
          ],
          [
            139.768762,
            35.674906
          ],
          [
            139.768714,
            35.674878
          ],
          [
            139.768676,
            35.674872
          ],
          [
            139.768668,
            35.674843
          ],
          [
            139.76859,
            35.674768
          ],
          [
            139.768567,
            35.674764
          ],
          [
            139.768573,
            35.674745
          ],
          [
            139.768569,
            35.674724
          ],
          [
            139.76774,
            35.673949
          ],
          [
            139.767717,
            35.673912
          ],
          [
            139.767672,
            35.673868
          ],
          [
            139.767653,
            35.67386
          ],
          [
            139.767661,
            35.67384
          ],
          [
            139.766804,
            35.673042
          ],
          [
            139.766742,
            35.672985
          ],
          [
            139.765843,
            35.672131
          ],
          [
            139.765785,
            35.672077
          ],
          [
            139.765112,
            35.671457
          ],
          [
            139.765018,
            35.671437
          ],
          [
            139.764993,
            35.671413
          ],
          [
            139.764807,
            35.671248
          ],
          [
            139.764786,
            35.67123
          ],
          [
            139.764789,
            35.671134
          ],
          [
            139.764045,
            35.670431
          ],
          [
            139.764021,
            35.670425
          ],
          [
            139.764008,
            35.670414
          ],
          [
            139.763941,
            35.670347
          ],
          [
            139.763913,
            35.670309
          ],
          [
            139.763104,
            35.669521
          ],
          [
            139.763064,
            35.669502
          ],
          [
            139.763023,
            35.669459
          ],
          [
            139.762993,
            35.669418
          ],
          [
            139.762137,
            35.668622
          ],
          [
            139.762089,
            35.668578
          ],
          [
            139.76115,
            35.667686
          ],
          [
            139.761065,
            35.667597
          ],
          [
            139.760834,
            35.667334
          ],
          [
            139.760831,
            35.667332
          ],
          [
            139.760759,
            35.667231
          ],
          [
            139.760765,
            35.667214
          ],
          [
            139.760549,
            35.666953
          ],
          [
            139.760819,
            35.666883
          ],
          [
            139.760815,
            35.666826
          ],
          [
            139.760834,
            35.666798
          ],
          [
            139.760647,
            35.666473
          ],
          [
            139.760614,
            35.666484
          ],
          [
            139.760487,
            35.66645
          ],
          [
            139.759785,
            35.665605
          ],
          [
            139.75979,
            35.66558
          ],
          [
            139.75959,
            35.665336
          ],
          [
            139.759571,
            35.665348
          ],
          [
            139.75867,
            35.66428
          ],
          [
            139.758358,
            35.663916
          ],
          [
            139.758364,
            35.663828
          ],
          [
            139.758347,
            35.663793
          ],
          [
            139.758093,
            35.663517
          ],
          [
            139.758083,
            35.663487
          ],
          [
            139.757988,
            35.663433
          ],
          [
            139.757652,
            35.663033
          ],
          [
            139.757179,
            35.662439
          ],
          [
            139.757173,
            35.662397
          ],
          [
            139.757068,
            35.662296
          ],
          [
            139.757034,
            35.662279
          ],
          [
            139.757013,
            35.662256
          ],
          [
            139.756018,
            35.661095
          ],
          [
            139.755803,
            35.660822
          ],
          [
            139.755793,
            35.660794
          ],
          [
            139.755761,
            35.660747
          ],
          [
            139.755738,
            35.660736
          ],
          [
            139.75542,
            35.660352
          ],
          [
            139.755419,
            35.660341
          ],
          [
            139.755415,
            35.660321
          ],
          [
            139.755187,
            35.660344
          ],
          [
            139.755181,
            35.660304
          ],
          [
            139.755187,
            35.660344
          ],
          [
            139.755005,
            35.660363
          ],
          [
            139.754961,
            35.660335
          ],
          [
            139.754945,
            35.660115
          ],
          [
            139.754974,
            35.660072
          ],
          [
            139.754808,
            35.658886
          ],
          [
            139.754782,
            35.658756
          ],
          [
            139.754638,
            35.657671
          ],
          [
            139.754633,
            35.657603
          ],
          [
            139.754544,
            35.656987
          ],
          [
            139.754533,
            35.656966
          ],
          [
            139.754467,
            35.656922
          ],
          [
            139.754436,
            35.656722
          ],
          [
            139.754487,
            35.656652
          ],
          [
            139.754339,
            35.65562
          ],
          [
            139.754218,
            35.654809
          ],
          [
            139.754212,
            35.654786
          ],
          [
            139.754195,
            35.654774
          ],
          [
            139.754182,
            35.654674
          ],
          [
            139.754199,
            35.654649
          ],
          [
            139.754051,
            35.653603
          ],
          [
            139.754045,
            35.653576
          ],
          [
            139.75403,
            35.653559
          ],
          [
            139.754018,
            35.653476
          ],
          [
            139.753995,
            35.653444
          ],
          [
            139.753969,
            35.653254
          ],
          [
            139.753916,
            35.652865
          ],
          [
            139.753894,
            35.652821
          ],
          [
            139.753878,
            35.652669
          ],
          [
            139.753922,
            35.652617
          ],
          [
            139.753661,
            35.651192
          ],
          [
            139.753659,
            35.65113
          ],
          [
            139.753656,
            35.65103
          ],
          [
            139.753419,
            35.650413
          ],
          [
            139.753309,
            35.650192
          ],
          [
            139.753205,
            35.649877
          ],
          [
            139.752982,
            35.649322
          ],
          [
            139.752871,
            35.64927
          ],
          [
            139.752808,
            35.649281
          ],
          [
            139.752708,
            35.649121
          ],
          [
            139.752725,
            35.649081
          ],
          [
            139.752721,
            35.649066
          ],
          [
            139.752701,
            35.649033
          ],
          [
            139.751419,
            35.648673
          ],
          [
            139.751378,
            35.648661
          ],
          [
            139.74989,
            35.648237
          ],
          [
            139.749525,
            35.648079
          ],
          [
            139.7492,
            35.647932
          ],
          [
            139.748981,
            35.647835
          ],
          [
            139.74896,
            35.647836
          ],
          [
            139.748945,
            35.647847
          ],
          [
            139.748947,
            35.647857
          ],
          [
            139.748673,
            35.647748
          ],
          [
            139.748631,
            35.647665
          ],
          [
            139.748073,
            35.647394
          ],
          [
            139.747192,
            35.647002
          ],
          [
            139.747183,
            35.647017
          ],
          [
            139.747074,
            35.646965
          ],
          [
            139.747059,
            35.64694
          ],
          [
            139.747007,
            35.646909
          ],
          [
            139.746804,
            35.646818
          ],
          [
            139.745655,
            35.646238
          ],
          [
            139.744634,
            35.645607
          ],
          [
            139.74457,
            35.645587
          ],
          [
            139.744506,
            35.645588
          ],
          [
            139.744411,
            35.64548
          ],
          [
            139.744201,
            35.645402
          ],
          [
            139.744124,
            35.645366
          ],
          [
            139.744114,
            35.645327
          ],
          [
            139.743908,
            35.645109
          ],
          [
            139.743652,
            35.644902
          ],
          [
            139.743494,
            35.644774
          ],
          [
            139.742949,
            35.644227
          ],
          [
            139.742731,
            35.643976
          ],
          [
            139.74264,
            35.643849
          ],
          [
            139.742166,
            35.643043
          ],
          [
            139.741766,
            35.642433
          ],
          [
            139.741421,
            35.641821
          ],
          [
            139.741114,
            35.641217
          ],
          [
            139.741022,
            35.640991
          ],
          [
            139.740881,
            35.640648
          ],
          [
            139.740749,
            35.640331
          ],
          [
            139.740673,
            35.640185
          ],
          [
            139.740434,
            35.639768
          ],
          [
            139.740414,
            35.639733
          ],
          [
            139.739962,
            35.638937
          ],
          [
            139.739957,
            35.638927
          ],
          [
            139.739858,
            35.638748
          ],
          [
            139.73984,
            35.638715
          ],
          [
            139.739317,
            35.63776
          ],
          [
            139.739288,
            35.637718
          ],
          [
            139.739259,
            35.637704
          ],
          [
            139.739184,
            35.637504
          ],
          [
            139.739198,
            35.637485
          ],
          [
            139.739193,
            35.637446
          ],
          [
            139.739165,
            35.637374
          ],
          [
            139.738638,
            35.636026
          ],
          [
            139.7385,
            35.6356
          ],
          [
            139.738302,
            35.635079
          ],
          [
            139.737976,
            35.634102
          ],
          [
            139.737968,
            35.634091
          ],
          [
            139.73794,
            35.634003
          ],
          [
            139.737947,
            35.633994
          ],
          [
            139.737939,
            35.633934
          ],
          [
            139.737812,
            35.633503
          ],
          [
            139.737565,
            35.632389
          ],
          [
            139.73755,
            35.632364
          ],
          [
            139.737528,
            35.632236
          ],
          [
            139.737532,
            35.632226
          ],
          [
            139.737534,
            35.632191
          ],
          [
            139.737483,
            35.631881
          ],
          [
            139.737453,
            35.631618
          ],
          [
            139.737379,
            35.630277
          ],
          [
            139.737365,
            35.630225
          ],
          [
            139.737362,
            35.63012
          ],
          [
            139.737324,
            35.63006
          ],
          [
            139.737238,
            35.629968
          ],
          [
            139.737214,
            35.629928
          ],
          [
            139.737117,
            35.629477
          ],
          [
            139.737117,
            35.62944
          ],
          [
            139.737049,
            35.628948
          ],
          [
            139.737058,
            35.628947
          ],
          [
            139.737185,
            35.628942
          ],
          [
            139.737204,
            35.628941
          ],
          [
            139.737205,
            35.628956
          ],
          [
            139.737313,
            35.628941
          ],
          [
            139.737346,
            35.628924
          ],
          [
            139.737352,
            35.628632
          ],
          [
            139.737382,
            35.628118
          ],
          [
            139.737441,
            35.627494
          ],
          [
            139.737532,
            35.627502
          ],
          [
            139.737566,
            35.627276
          ],
          [
            139.737575,
            35.627277
          ],
          [
            139.737566,
            35.627276
          ],
          [
            139.737591,
            35.627115
          ],
          [
            139.737496,
            35.627103
          ],
          [
            139.737568,
            35.626722
          ],
          [
            139.737591,
            35.626608
          ],
          [
            139.737926,
            35.626649
          ],
          [
            139.737994,
            35.6263
          ],
          [
            139.738204,
            35.625681
          ],
          [
            139.738399,
            35.625193
          ],
          [
            139.738443,
            35.625063
          ],
          [
            139.738498,
            35.624813
          ],
          [
            139.738468,
            35.624667
          ],
          [
            139.738893,
            35.624365
          ],
          [
            139.738904,
            35.624343
          ],
          [
            139.73891,
            35.624222
          ],
          [
            139.738902,
            35.624006
          ],
          [
            139.738979,
            35.624002
          ],
          [
            139.738988,
            35.623964
          ],
          [
            139.739041,
            35.62392
          ],
          [
            139.739094,
            35.62389
          ],
          [
            139.73911,
            35.623868
          ],
          [
            139.739109,
            35.62382
          ],
          [
            139.73906,
            35.623749
          ],
          [
            139.739098,
            35.623717
          ],
          [
            139.739224,
            35.623466
          ],
          [
            139.739768,
            35.622412
          ],
          [
            139.739826,
            35.622335
          ],
          [
            139.740063,
            35.622025
          ],
          [
            139.740797,
            35.621171
          ],
          [
            139.741114,
            35.620808
          ],
          [
            139.741466,
            35.620451
          ],
          [
            139.741569,
            35.620353
          ],
          [
            139.742037,
            35.620021
          ],
          [
            139.742281,
            35.619818
          ],
          [
            139.743246,
            35.618967
          ],
          [
            139.743469,
            35.618783
          ],
          [
            139.743563,
            35.618679
          ],
          [
            139.743852,
            35.618294
          ]
        ]
      },
      "properties": {
        "schemaVersion": 2,
        "id": "edit-restored-section-nihonbashi-shinagawa-traced-2026-08-23",
        "featureRole": "variant",
        "order": 99,
        "title": "Nihonbashi to Shinagawa-juku, retraced",
        "kind": "walking",
        "lengthKm": 8.926,
        "startAnchorId": "a-001",
        "endAnchorId": "a-002",
        "active": true,
        "rationale": "Road-snapped in gpx.studio at walking density. Rebuilt from the traced file after device storage was cleared on 2026-09-13.",
        "navigational": false,
        "demonstration": false,
        "source": "imported: section-nihonbashi-shinagawa-traced-2026-08-23.gpx",
        "confidence": "medium",
        "verification": "manually-traced",
        "lastChecked": null,
        "classification": "public"
      }
    },
    {
      "type": "Feature",
      "id": "edit-restored-section-numazu-hara-traced",
      "geometry": {
        "type": "LineString",
        "coordinates": [
          [
            138.856804,
            35.096459
          ],
          [
            138.856828,
            35.096455
          ],
          [
            138.856721,
            35.096048
          ],
          [
            138.856625,
            35.096065
          ],
          [
            138.85643,
            35.095286
          ],
          [
            138.856361,
            35.09502
          ],
          [
            138.856182,
            35.094328
          ],
          [
            138.856155,
            35.094224
          ],
          [
            138.856127,
            35.0942
          ],
          [
            138.856086,
            35.094192
          ],
          [
            138.855922,
            35.094238
          ],
          [
            138.855262,
            35.094611
          ],
          [
            138.855179,
            35.09466
          ],
          [
            138.855163,
            35.094682
          ],
          [
            138.855153,
            35.094717
          ],
          [
            138.854939,
            35.094837
          ],
          [
            138.854914,
            35.094826
          ],
          [
            138.854856,
            35.094834
          ],
          [
            138.85481,
            35.094785
          ],
          [
            138.854777,
            35.094805
          ],
          [
            138.854135,
            35.095194
          ],
          [
            138.854064,
            35.095237
          ],
          [
            138.854103,
            35.095303
          ],
          [
            138.852471,
            35.09628
          ],
          [
            138.852274,
            35.096415
          ],
          [
            138.851815,
            35.096718
          ],
          [
            138.851414,
            35.096985
          ],
          [
            138.851409,
            35.09698
          ],
          [
            138.851299,
            35.096875
          ],
          [
            138.850196,
            35.097624
          ],
          [
            138.850054,
            35.097721
          ],
          [
            138.849995,
            35.097749
          ],
          [
            138.849896,
            35.097828
          ],
          [
            138.849472,
            35.098171
          ],
          [
            138.849311,
            35.098262
          ],
          [
            138.84881,
            35.098546
          ],
          [
            138.848786,
            35.098567
          ],
          [
            138.847456,
            35.099337
          ],
          [
            138.845575,
            35.100247
          ],
          [
            138.845491,
            35.100276
          ],
          [
            138.84508,
            35.100478
          ],
          [
            138.845042,
            35.100521
          ],
          [
            138.844871,
            35.100605
          ],
          [
            138.844807,
            35.10062
          ],
          [
            138.84429,
            35.100892
          ],
          [
            138.843692,
            35.101204
          ],
          [
            138.843656,
            35.101214
          ],
          [
            138.843657,
            35.101215
          ],
          [
            138.843688,
            35.101257
          ],
          [
            138.843645,
            35.101282
          ],
          [
            138.842368,
            35.101956
          ],
          [
            138.841859,
            35.102297
          ],
          [
            138.841579,
            35.102506
          ],
          [
            138.84132,
            35.102716
          ],
          [
            138.840207,
            35.103605
          ],
          [
            138.839699,
            35.104021
          ],
          [
            138.839342,
            35.104328
          ],
          [
            138.838984,
            35.10465
          ],
          [
            138.83854,
            35.105017
          ],
          [
            138.838154,
            35.105323
          ],
          [
            138.836543,
            35.106463
          ],
          [
            138.835984,
            35.10688
          ],
          [
            138.835099,
            35.107565
          ],
          [
            138.834909,
            35.107689
          ],
          [
            138.833748,
            35.108536
          ],
          [
            138.831927,
            35.109888
          ],
          [
            138.830613,
            35.110867
          ],
          [
            138.829921,
            35.111335
          ],
          [
            138.829614,
            35.111516
          ],
          [
            138.828877,
            35.111926
          ],
          [
            138.827222,
            35.11273
          ],
          [
            138.827076,
            35.112808
          ],
          [
            138.825844,
            35.113399
          ],
          [
            138.824947,
            35.11381
          ],
          [
            138.824959,
            35.113827
          ],
          [
            138.824947,
            35.11381
          ],
          [
            138.823714,
            35.11439
          ],
          [
            138.822522,
            35.114891
          ],
          [
            138.821765,
            35.115225
          ],
          [
            138.821586,
            35.115297
          ],
          [
            138.819655,
            35.116158
          ],
          [
            138.819017,
            35.116429
          ],
          [
            138.818028,
            35.116864
          ],
          [
            138.816392,
            35.117568
          ],
          [
            138.814462,
            35.118486
          ],
          [
            138.812482,
            35.119409
          ],
          [
            138.811893,
            35.119677
          ],
          [
            138.811279,
            35.119967
          ],
          [
            138.810663,
            35.120268
          ],
          [
            138.810419,
            35.120411
          ],
          [
            138.810378,
            35.1204
          ],
          [
            138.810419,
            35.120411
          ],
          [
            138.810401,
            35.120457
          ],
          [
            138.810427,
            35.120626
          ],
          [
            138.810425,
            35.120838
          ],
          [
            138.810409,
            35.120985
          ],
          [
            138.810386,
            35.121019
          ],
          [
            138.81032,
            35.121067
          ],
          [
            138.810281,
            35.121082
          ],
          [
            138.810215,
            35.121085
          ],
          [
            138.810158,
            35.121088
          ],
          [
            138.810056,
            35.121056
          ],
          [
            138.809973,
            35.120979
          ],
          [
            138.809848,
            35.12081
          ],
          [
            138.809775,
            35.120765
          ],
          [
            138.809718,
            35.120756
          ],
          [
            138.809673,
            35.12076
          ],
          [
            138.809468,
            35.120841
          ],
          [
            138.809321,
            35.120926
          ],
          [
            138.809022,
            35.12107
          ],
          [
            138.808174,
            35.12145
          ],
          [
            138.807386,
            35.121843
          ],
          [
            138.806394,
            35.122303
          ],
          [
            138.806109,
            35.122419
          ],
          [
            138.805834,
            35.122545
          ],
          [
            138.805122,
            35.122838
          ],
          [
            138.804019,
            35.123309
          ],
          [
            138.804021,
            35.123314
          ],
          [
            138.804022,
            35.123314
          ],
          [
            138.804019,
            35.123309
          ],
          [
            138.803391,
            35.123586
          ],
          [
            138.803002,
            35.123741
          ],
          [
            138.802603,
            35.123868
          ],
          [
            138.80105,
            35.124331
          ],
          [
            138.800103,
            35.12462
          ],
          [
            138.799513,
            35.124811
          ],
          [
            138.798941,
            35.124982
          ]
        ]
      },
      "properties": {
        "schemaVersion": 2,
        "id": "edit-restored-section-numazu-hara-traced",
        "featureRole": "variant",
        "order": 99,
        "title": "Numazu-juku to Hara-juku, retraced",
        "kind": "walking",
        "lengthKm": 6.667,
        "startAnchorId": "a-024",
        "endAnchorId": "a-025",
        "active": true,
        "rationale": "Road-snapped in gpx.studio at walking density. Rebuilt from the traced file after device storage was cleared on 2026-09-13.",
        "navigational": false,
        "demonstration": false,
        "source": "imported: section-numazu-hara-traced.gpx",
        "confidence": "medium",
        "verification": "manually-traced",
        "lastChecked": null,
        "classification": "public"
      }
    },
    {
      "type": "Feature",
      "id": "edit-restored-section-hara-yoshiwara-traced-v2",
      "geometry": {
        "type": "LineString",
        "coordinates": [
          [
            138.798941,
            35.124982
          ],
          [
            138.79894,
            35.124982
          ],
          [
            138.798392,
            35.125134
          ],
          [
            138.797751,
            35.125326
          ],
          [
            138.797366,
            35.125455
          ],
          [
            138.795816,
            35.125936
          ],
          [
            138.794933,
            35.126183
          ],
          [
            138.794585,
            35.126293
          ],
          [
            138.794028,
            35.126458
          ],
          [
            138.79183,
            35.127115
          ],
          [
            138.791142,
            35.127313
          ],
          [
            138.791141,
            35.127311
          ],
          [
            138.791142,
            35.127313
          ],
          [
            138.789496,
            35.127815
          ],
          [
            138.788144,
            35.128197
          ],
          [
            138.786774,
            35.128573
          ],
          [
            138.78582,
            35.128814
          ],
          [
            138.785589,
            35.128877
          ],
          [
            138.784525,
            35.129147
          ],
          [
            138.783945,
            35.129308
          ],
          [
            138.781803,
            35.129832
          ],
          [
            138.781807,
            35.129842
          ],
          [
            138.781803,
            35.129832
          ],
          [
            138.780682,
            35.130114
          ],
          [
            138.776207,
            35.131184
          ],
          [
            138.776217,
            35.131209
          ],
          [
            138.776207,
            35.131184
          ],
          [
            138.774459,
            35.131605
          ],
          [
            138.773393,
            35.131829
          ],
          [
            138.772474,
            35.132039
          ],
          [
            138.77154,
            35.132222
          ],
          [
            138.771096,
            35.132315
          ],
          [
            138.768846,
            35.132745
          ],
          [
            138.76766,
            35.132953
          ],
          [
            138.766793,
            35.133088
          ],
          [
            138.765056,
            35.133345
          ],
          [
            138.763332,
            35.133565
          ],
          [
            138.760826,
            35.133861
          ],
          [
            138.759666,
            35.134012
          ],
          [
            138.759244,
            35.134056
          ],
          [
            138.758804,
            35.134086
          ],
          [
            138.75735,
            35.134178
          ],
          [
            138.757108,
            35.134201
          ],
          [
            138.756534,
            35.134289
          ],
          [
            138.756493,
            35.134282
          ],
          [
            138.756378,
            35.134185
          ],
          [
            138.756325,
            35.134179
          ],
          [
            138.755284,
            35.134233
          ],
          [
            138.751982,
            35.134295
          ],
          [
            138.751374,
            35.134295
          ],
          [
            138.75042,
            35.134263
          ],
          [
            138.749884,
            35.134238
          ],
          [
            138.749831,
            35.134249
          ],
          [
            138.749825,
            35.134229
          ],
          [
            138.749831,
            35.134249
          ],
          [
            138.749626,
            35.134292
          ],
          [
            138.747342,
            35.134831
          ],
          [
            138.745785,
            35.13519
          ],
          [
            138.74358,
            35.135606
          ],
          [
            138.742962,
            35.135748
          ],
          [
            138.740897,
            35.136255
          ],
          [
            138.739967,
            35.136468
          ],
          [
            138.73946,
            35.136544
          ],
          [
            138.738671,
            35.136685
          ],
          [
            138.737837,
            35.136825
          ],
          [
            138.735691,
            35.137208
          ],
          [
            138.734983,
            35.137315
          ],
          [
            138.732539,
            35.137634
          ],
          [
            138.731927,
            35.137698
          ],
          [
            138.730418,
            35.1379
          ],
          [
            138.729937,
            35.137976
          ],
          [
            138.72975,
            35.138016
          ],
          [
            138.729273,
            35.138117
          ],
          [
            138.728887,
            35.138219
          ],
          [
            138.72783,
            35.138524
          ],
          [
            138.727756,
            35.138514
          ],
          [
            138.726874,
            35.138738
          ],
          [
            138.726826,
            35.138729
          ],
          [
            138.726785,
            35.138703
          ],
          [
            138.72671,
            35.138638
          ],
          [
            138.726652,
            35.138622
          ],
          [
            138.726559,
            35.138614
          ],
          [
            138.726312,
            35.138663
          ],
          [
            138.726151,
            35.138712
          ],
          [
            138.725931,
            35.138808
          ],
          [
            138.725708,
            35.138927
          ],
          [
            138.725195,
            35.139073
          ],
          [
            138.725176,
            35.139033
          ],
          [
            138.725338,
            35.138991
          ],
          [
            138.725176,
            35.139033
          ],
          [
            138.725195,
            35.139073
          ],
          [
            138.724071,
            35.13943
          ],
          [
            138.723422,
            35.139621
          ],
          [
            138.723154,
            35.139689
          ],
          [
            138.722029,
            35.139896
          ],
          [
            138.720218,
            35.140216
          ],
          [
            138.720218,
            35.140215
          ],
          [
            138.720218,
            35.140216
          ],
          [
            138.71994,
            35.140263
          ],
          [
            138.719375,
            35.140388
          ],
          [
            138.717917,
            35.14072
          ],
          [
            138.717571,
            35.140813
          ],
          [
            138.717444,
            35.140833
          ],
          [
            138.7169,
            35.140846
          ],
          [
            138.716033,
            35.140829
          ],
          [
            138.715625,
            35.140857
          ],
          [
            138.715005,
            35.140943
          ],
          [
            138.714818,
            35.140986
          ],
          [
            138.713844,
            35.141289
          ],
          [
            138.713343,
            35.141485
          ],
          [
            138.713196,
            35.141536
          ],
          [
            138.713155,
            35.14155
          ],
          [
            138.712878,
            35.141589
          ],
          [
            138.71214,
            35.141623
          ],
          [
            138.712008,
            35.141637
          ],
          [
            138.711203,
            35.141822
          ],
          [
            138.710028,
            35.142154
          ],
          [
            138.709814,
            35.142203
          ],
          [
            138.709508,
            35.142259
          ],
          [
            138.70852,
            35.142363
          ],
          [
            138.707762,
            35.14248
          ],
          [
            138.707526,
            35.142525
          ],
          [
            138.70751,
            35.142529
          ],
          [
            138.707526,
            35.142525
          ],
          [
            138.707532,
            35.142708
          ],
          [
            138.707568,
            35.142968
          ],
          [
            138.707562,
            35.143065
          ],
          [
            138.70755,
            35.143081
          ],
          [
            138.707534,
            35.1431
          ],
          [
            138.707508,
            35.143113
          ],
          [
            138.706704,
            35.143266
          ],
          [
            138.706582,
            35.143299
          ],
          [
            138.706165,
            35.143451
          ],
          [
            138.704604,
            35.144075
          ],
          [
            138.704535,
            35.144124
          ],
          [
            138.704528,
            35.144117
          ],
          [
            138.704535,
            35.144124
          ],
          [
            138.704475,
            35.144185
          ],
          [
            138.704025,
            35.14494
          ],
          [
            138.70362,
            35.145591
          ],
          [
            138.703564,
            35.145713
          ],
          [
            138.703557,
            35.145732
          ],
          [
            138.703535,
            35.145792
          ],
          [
            138.703395,
            35.146271
          ],
          [
            138.703351,
            35.146424
          ],
          [
            138.703291,
            35.14668
          ],
          [
            138.70321,
            35.146996
          ],
          [
            138.703204,
            35.147016
          ],
          [
            138.703054,
            35.147139
          ],
          [
            138.702648,
            35.147396
          ],
          [
            138.702124,
            35.147788
          ],
          [
            138.701488,
            35.148186
          ],
          [
            138.701376,
            35.148268
          ],
          [
            138.700709,
            35.148807
          ],
          [
            138.700561,
            35.148907
          ],
          [
            138.700239,
            35.149154
          ],
          [
            138.700174,
            35.149217
          ],
          [
            138.700134,
            35.14928
          ],
          [
            138.699625,
            35.149547
          ],
          [
            138.699345,
            35.14969
          ],
          [
            138.699118,
            35.149803
          ],
          [
            138.69891,
            35.150025
          ],
          [
            138.698317,
            35.15052
          ],
          [
            138.698212,
            35.150593
          ],
          [
            138.698128,
            35.150676
          ],
          [
            138.697977,
            35.150872
          ],
          [
            138.69786,
            35.151059
          ],
          [
            138.697692,
            35.151456
          ],
          [
            138.697496,
            35.151882
          ],
          [
            138.697344,
            35.152131
          ],
          [
            138.697296,
            35.15224
          ],
          [
            138.697261,
            35.152371
          ],
          [
            138.697255,
            35.153066
          ],
          [
            138.697267,
            35.153122
          ],
          [
            138.697287,
            35.15321
          ],
          [
            138.697476,
            35.153602
          ],
          [
            138.697614,
            35.153852
          ],
          [
            138.69782,
            35.154268
          ],
          [
            138.69833,
            35.155236
          ],
          [
            138.698393,
            35.155396
          ],
          [
            138.698411,
            35.155494
          ],
          [
            138.698412,
            35.155604
          ],
          [
            138.698402,
            35.155654
          ],
          [
            138.698393,
            35.155699
          ],
          [
            138.698343,
            35.155816
          ],
          [
            138.6979,
            35.156241
          ],
          [
            138.697651,
            35.156537
          ],
          [
            138.697384,
            35.156999
          ],
          [
            138.697102,
            35.157511
          ],
          [
            138.696937,
            35.157751
          ],
          [
            138.696479,
            35.158496
          ],
          [
            138.69634,
            35.158597
          ],
          [
            138.695646,
            35.15889
          ],
          [
            138.694427,
            35.159358
          ],
          [
            138.692615,
            35.160088
          ],
          [
            138.691863,
            35.160384
          ],
          [
            138.690827,
            35.160731
          ],
          [
            138.690163,
            35.160945
          ],
          [
            138.69005,
            35.161016
          ],
          [
            138.690034,
            35.161034
          ],
          [
            138.690002,
            35.16107
          ],
          [
            138.689483,
            35.161812
          ],
          [
            138.68933,
            35.161863
          ],
          [
            138.688171,
            35.162239
          ],
          [
            138.687733,
            35.162384
          ],
          [
            138.686811,
            35.162675
          ],
          [
            138.68565,
            35.163064
          ],
          [
            138.684492,
            35.163437
          ],
          [
            138.683838,
            35.163657
          ]
        ]
      },
      "properties": {
        "schemaVersion": 2,
        "id": "edit-restored-section-hara-yoshiwara-traced-v2",
        "featureRole": "variant",
        "order": 99,
        "title": "Hara-juku to Yoshiwara-juku, retraced (v2)",
        "kind": "walking",
        "lengthKm": 12.247,
        "startAnchorId": "a-025",
        "endAnchorId": "a-026",
        "active": true,
        "rationale": "Road-snapped in gpx.studio at walking density. Rebuilt from the traced file after device storage was cleared on 2026-09-13.",
        "navigational": false,
        "demonstration": false,
        "source": "imported: section-hara-yoshiwara-traced-v2.gpx",
        "confidence": "medium",
        "verification": "manually-traced",
        "lastChecked": null,
        "classification": "public"
      }
    },
    {
      "type": "Feature",
      "id": "edit-restored-section-hamamatsu-maisaka-traced",
      "geometry": {
        "type": "LineString",
        "coordinates": [
          [
            137.72867,
            34.705085
          ],
          [
            137.728648,
            34.705067
          ],
          [
            137.728606,
            34.704948
          ],
          [
            137.728781,
            34.704374
          ],
          [
            137.728834,
            34.704172
          ],
          [
            137.728774,
            34.704145
          ],
          [
            137.728828,
            34.703748
          ],
          [
            137.728818,
            34.703391
          ],
          [
            137.728766,
            34.703204
          ],
          [
            137.728784,
            34.703158
          ],
          [
            137.728827,
            34.703145
          ],
          [
            137.728779,
            34.703029
          ],
          [
            137.728758,
            34.703035
          ],
          [
            137.728719,
            34.703011
          ],
          [
            137.728708,
            34.703004
          ],
          [
            137.728211,
            34.702002
          ],
          [
            137.7281,
            34.701766
          ],
          [
            137.728078,
            34.701704
          ],
          [
            137.727786,
            34.701225
          ],
          [
            137.7277,
            34.701091
          ],
          [
            137.727633,
            34.701118
          ],
          [
            137.727553,
            34.700975
          ],
          [
            137.727453,
            34.700793
          ],
          [
            137.727239,
            34.700404
          ],
          [
            137.727086,
            34.700127
          ],
          [
            137.727068,
            34.700077
          ],
          [
            137.72706,
            34.700054
          ],
          [
            137.726944,
            34.700054
          ],
          [
            137.726905,
            34.70004
          ],
          [
            137.726871,
            34.700027
          ],
          [
            137.726858,
            34.700022
          ],
          [
            137.726711,
            34.699791
          ],
          [
            137.725781,
            34.69963
          ],
          [
            137.725727,
            34.699621
          ],
          [
            137.725304,
            34.699548
          ],
          [
            137.7249,
            34.699478
          ],
          [
            137.724837,
            34.699451
          ],
          [
            137.724771,
            34.699422
          ],
          [
            137.724703,
            34.69936
          ],
          [
            137.724593,
            34.699398
          ],
          [
            137.724577,
            34.699366
          ],
          [
            137.724301,
            34.699115
          ],
          [
            137.723731,
            34.698596
          ],
          [
            137.723335,
            34.69823
          ],
          [
            137.722443,
            34.697355
          ],
          [
            137.722063,
            34.696998
          ],
          [
            137.722032,
            34.696996
          ],
          [
            137.721988,
            34.696955
          ],
          [
            137.72199,
            34.69693
          ],
          [
            137.721814,
            34.696764
          ],
          [
            137.721796,
            34.696736
          ],
          [
            137.72179,
            34.696704
          ],
          [
            137.721892,
            34.696447
          ],
          [
            137.721869,
            34.696407
          ],
          [
            137.721472,
            34.696292
          ],
          [
            137.721168,
            34.696204
          ],
          [
            137.721149,
            34.696219
          ],
          [
            137.720837,
            34.695974
          ],
          [
            137.720872,
            34.695938
          ],
          [
            137.72086,
            34.695926
          ],
          [
            137.719628,
            34.694781
          ],
          [
            137.719623,
            34.694763
          ],
          [
            137.718351,
            34.693581
          ],
          [
            137.718328,
            34.69358
          ],
          [
            137.718278,
            34.693533
          ],
          [
            137.718279,
            34.693514
          ],
          [
            137.717338,
            34.69264
          ],
          [
            137.717308,
            34.692638
          ],
          [
            137.717179,
            34.692518
          ],
          [
            137.717181,
            34.692494
          ],
          [
            137.715955,
            34.691356
          ],
          [
            137.715526,
            34.69093
          ],
          [
            137.715472,
            34.690927
          ],
          [
            137.715414,
            34.690873
          ],
          [
            137.715417,
            34.690829
          ],
          [
            137.715112,
            34.690546
          ],
          [
            137.713125,
            34.6887
          ],
          [
            137.712813,
            34.68841
          ],
          [
            137.712706,
            34.688327
          ],
          [
            137.712707,
            34.688327
          ],
          [
            137.712471,
            34.688191
          ],
          [
            137.712307,
            34.688126
          ],
          [
            137.712138,
            34.688082
          ],
          [
            137.712022,
            34.688065
          ],
          [
            137.711935,
            34.688056
          ],
          [
            137.711908,
            34.688076
          ],
          [
            137.711854,
            34.688068
          ],
          [
            137.711832,
            34.68804
          ],
          [
            137.711775,
            34.688038
          ],
          [
            137.709689,
            34.688079
          ],
          [
            137.70907,
            34.688077
          ],
          [
            137.708182,
            34.688054
          ],
          [
            137.707659,
            34.68806
          ],
          [
            137.706719,
            34.68809
          ],
          [
            137.706721,
            34.688135
          ],
          [
            137.706468,
            34.688143
          ],
          [
            137.706466,
            34.688099
          ],
          [
            137.705848,
            34.688129
          ],
          [
            137.704865,
            34.68819
          ],
          [
            137.704666,
            34.688198
          ],
          [
            137.704434,
            34.688218
          ],
          [
            137.70327,
            34.688363
          ],
          [
            137.70135,
            34.688506
          ],
          [
            137.701155,
            34.68853
          ],
          [
            137.700809,
            34.688546
          ],
          [
            137.699718,
            34.688622
          ],
          [
            137.699383,
            34.688634
          ],
          [
            137.699384,
            34.68865
          ],
          [
            137.69936,
            34.68867
          ],
          [
            137.698976,
            34.688677
          ],
          [
            137.698976,
            34.68865
          ],
          [
            137.698849,
            34.688648
          ],
          [
            137.697988,
            34.688634
          ],
          [
            137.696498,
            34.688563
          ],
          [
            137.69586,
            34.688541
          ],
          [
            137.695737,
            34.688526
          ],
          [
            137.695154,
            34.688498
          ],
          [
            137.69236,
            34.688377
          ],
          [
            137.69188,
            34.688344
          ],
          [
            137.691791,
            34.688344
          ],
          [
            137.691323,
            34.688288
          ],
          [
            137.69024,
            34.688162
          ],
          [
            137.689298,
            34.688026
          ],
          [
            137.689261,
            34.688049
          ],
          [
            137.68926,
            34.688053
          ],
          [
            137.689131,
            34.688039
          ],
          [
            137.689132,
            34.688033
          ],
          [
            137.689096,
            34.688002
          ],
          [
            137.688653,
            34.687959
          ],
          [
            137.688309,
            34.687947
          ],
          [
            137.687157,
            34.687911
          ],
          [
            137.684546,
            34.687857
          ],
          [
            137.68452,
            34.687878
          ],
          [
            137.684443,
            34.687877
          ],
          [
            137.684417,
            34.687855
          ],
          [
            137.682361,
            34.68782
          ],
          [
            137.679348,
            34.687866
          ],
          [
            137.679332,
            34.68788
          ],
          [
            137.679332,
            34.687897
          ],
          [
            137.679272,
            34.687898
          ],
          [
            137.679272,
            34.687881
          ],
          [
            137.679256,
            34.687867
          ],
          [
            137.678062,
            34.687882
          ],
          [
            137.678001,
            34.687936
          ],
          [
            137.678004,
            34.687958
          ],
          [
            137.677761,
            34.687968
          ],
          [
            137.67772,
            34.687938
          ],
          [
            137.677715,
            34.687901
          ],
          [
            137.677378,
            34.687911
          ],
          [
            137.677382,
            34.687939
          ],
          [
            137.677333,
            34.68794
          ],
          [
            137.677283,
            34.687942
          ],
          [
            137.677279,
            34.687914
          ],
          [
            137.675389,
            34.687969
          ],
          [
            137.6747,
            34.687921
          ],
          [
            137.67402,
            34.687897
          ],
          [
            137.67403,
            34.687819
          ],
          [
            137.673889,
            34.6878
          ],
          [
            137.673564,
            34.687757
          ],
          [
            137.673361,
            34.687719
          ],
          [
            137.672734,
            34.687584
          ],
          [
            137.672692,
            34.687557
          ],
          [
            137.672536,
            34.687511
          ],
          [
            137.672438,
            34.687514
          ],
          [
            137.672177,
            34.687468
          ],
          [
            137.670132,
            34.687025
          ],
          [
            137.670121,
            34.68706
          ],
          [
            137.670043,
            34.687043
          ],
          [
            137.668857,
            34.686801
          ],
          [
            137.666862,
            34.686345
          ],
          [
            137.665685,
            34.68612
          ],
          [
            137.664861,
            34.685969
          ],
          [
            137.663709,
            34.685713
          ],
          [
            137.662986,
            34.685567
          ],
          [
            137.6619,
            34.685354
          ],
          [
            137.660484,
            34.685117
          ],
          [
            137.659793,
            34.685025
          ],
          [
            137.659003,
            34.684891
          ],
          [
            137.658245,
            34.68478
          ],
          [
            137.657661,
            34.684681
          ],
          [
            137.657399,
            34.684643
          ],
          [
            137.657406,
            34.684602
          ],
          [
            137.657154,
            34.684576
          ],
          [
            137.656225,
            34.684445
          ],
          [
            137.655403,
            34.68431
          ],
          [
            137.655371,
            34.684305
          ],
          [
            137.655117,
            34.684283
          ],
          [
            137.654197,
            34.684163
          ],
          [
            137.654154,
            34.684158
          ],
          [
            137.653499,
            34.684076
          ],
          [
            137.653271,
            34.684062
          ],
          [
            137.653217,
            34.684058
          ],
          [
            137.652691,
            34.684001
          ],
          [
            137.651733,
            34.683854
          ],
          [
            137.65169,
            34.683846
          ],
          [
            137.651162,
            34.683747
          ],
          [
            137.651108,
            34.683736
          ],
          [
            137.650673,
            34.683661
          ],
          [
            137.650221,
            34.683606
          ],
          [
            137.650189,
            34.683602
          ],
          [
            137.649904,
            34.68357
          ],
          [
            137.649807,
            34.683559
          ],
          [
            137.649533,
            34.683529
          ],
          [
            137.649457,
            34.683519
          ],
          [
            137.648724,
            34.68343
          ],
          [
            137.648681,
            34.683423
          ],
          [
            137.647976,
            34.683308
          ],
          [
            137.647928,
            34.683269
          ],
          [
            137.647684,
            34.683239
          ],
          [
            137.647683,
            34.68326
          ],
          [
            137.647642,
            34.683291
          ],
          [
            137.64764,
            34.683319
          ],
          [
            137.646933,
            34.683221
          ],
          [
            137.64556,
            34.683051
          ],
          [
            137.644992,
            34.682974
          ],
          [
            137.64307,
            34.682714
          ],
          [
            137.642693,
            34.682675
          ],
          [
            137.642433,
            34.682662
          ],
          [
            137.642433,
            34.682655
          ],
          [
            137.642437,
            34.682655
          ],
          [
            137.642433,
            34.682655
          ],
          [
            137.642433,
            34.682662
          ],
          [
            137.642214,
            34.682658
          ],
          [
            137.641997,
            34.682664
          ],
          [
            137.641568,
            34.682714
          ],
          [
            137.639693,
            34.682876
          ],
          [
            137.639441,
            34.682899
          ],
          [
            137.63844,
            34.683013
          ],
          [
            137.637045,
            34.683148
          ],
          [
            137.6368,
            34.683164
          ],
          [
            137.63584,
            34.683203
          ],
          [
            137.634678,
            34.683251
          ],
          [
            137.634154,
            34.683308
          ],
          [
            137.633745,
            34.683357
          ],
          [
            137.632769,
            34.683488
          ],
          [
            137.632237,
            34.683553
          ],
          [
            137.631334,
            34.683601
          ],
          [
            137.630503,
            34.683655
          ],
          [
            137.630255,
            34.68366
          ],
          [
            137.630031,
            34.683664
          ],
          [
            137.629485,
            34.683675
          ],
          [
            137.628596,
            34.683692
          ],
          [
            137.628188,
            34.683699
          ],
          [
            137.627437,
            34.683707
          ],
          [
            137.627021,
            34.683711
          ],
          [
            137.626605,
            34.683715
          ],
          [
            137.626038,
            34.683721
          ],
          [
            137.625679,
            34.683725
          ],
          [
            137.625239,
            34.68373
          ],
          [
            137.624495,
            34.683737
          ],
          [
            137.623353,
            34.683749
          ],
          [
            137.623252,
            34.68375
          ],
          [
            137.622196,
            34.683761
          ],
          [
            137.621617,
            34.683768
          ],
          [
            137.620862,
            34.683777
          ],
          [
            137.620561,
            34.683781
          ],
          [
            137.619982,
            34.683794
          ],
          [
            137.61906,
            34.683849
          ],
          [
            137.618705,
            34.68389
          ],
          [
            137.618289,
            34.683877
          ],
          [
            137.617951,
            34.683886
          ],
          [
            137.61749,
            34.683909
          ],
          [
            137.616922,
            34.683961
          ],
          [
            137.616336,
            34.684015
          ],
          [
            137.614873,
            34.684192
          ],
          [
            137.614614,
            34.684214
          ],
          [
            137.613275,
            34.684257
          ],
          [
            137.612544,
            34.684295
          ],
          [
            137.60986,
            34.684566
          ]
        ]
      },
      "properties": {
        "schemaVersion": 2,
        "id": "edit-restored-section-hamamatsu-maisaka-traced",
        "featureRole": "variant",
        "order": 99,
        "title": "Hamamatsu-juku to Maisaka-juku, retraced",
        "kind": "walking",
        "lengthKm": 12.115,
        "startAnchorId": "a-053",
        "endAnchorId": "a-054",
        "active": true,
        "rationale": "Road-snapped in gpx.studio at walking density. Rebuilt from the traced file after device storage was cleared on 2026-09-13.",
        "navigational": false,
        "demonstration": false,
        "source": "imported: section-hamamatsu-maisaka-traced.gpx",
        "confidence": "medium",
        "verification": "manually-traced",
        "lastChecked": null,
        "classification": "public"
      }
    },
    {
      "type": "Feature",
      "id": "edit-restored-section-yoshida-goyu-traced-2026-08-24",
      "geometry": {
        "type": "LineString",
        "coordinates": [
          [
            137.390233,
            34.766448
          ],
          [
            137.389143,
            34.766788
          ],
          [
            137.388005,
            34.767127
          ],
          [
            137.387258,
            34.767291
          ],
          [
            137.386094,
            34.76755
          ],
          [
            137.385969,
            34.767578
          ],
          [
            137.386258,
            34.768715
          ],
          [
            137.386403,
            34.76927
          ],
          [
            137.386438,
            34.769501
          ],
          [
            137.386453,
            34.770107
          ],
          [
            137.38645,
            34.77076
          ],
          [
            137.386455,
            34.770844
          ],
          [
            137.385352,
            34.771018
          ],
          [
            137.384076,
            34.771226
          ],
          [
            137.38339,
            34.771346
          ],
          [
            137.38339,
            34.771344
          ],
          [
            137.38339,
            34.771346
          ],
          [
            137.383403,
            34.771345
          ],
          [
            137.383517,
            34.771715
          ],
          [
            137.383554,
            34.771946
          ],
          [
            137.383687,
            34.772351
          ],
          [
            137.383818,
            34.772716
          ],
          [
            137.383882,
            34.772821
          ],
          [
            137.383967,
            34.772937
          ],
          [
            137.384186,
            34.773221
          ],
          [
            137.384415,
            34.773485
          ],
          [
            137.384848,
            34.773941
          ],
          [
            137.385197,
            34.774271
          ],
          [
            137.385325,
            34.77439
          ],
          [
            137.385297,
            34.774412
          ],
          [
            137.384677,
            34.774911
          ],
          [
            137.383379,
            34.77597
          ],
          [
            137.383377,
            34.775972
          ],
          [
            137.382648,
            34.776669
          ],
          [
            137.382192,
            34.777162
          ],
          [
            137.381655,
            34.777743
          ],
          [
            137.381013,
            34.778394
          ],
          [
            137.380909,
            34.778471
          ],
          [
            137.380922,
            34.778483
          ],
          [
            137.380909,
            34.778471
          ],
          [
            137.380829,
            34.778529
          ],
          [
            137.38053,
            34.778672
          ],
          [
            137.380212,
            34.7788
          ],
          [
            137.380118,
            34.778831
          ],
          [
            137.379854,
            34.778919
          ],
          [
            137.379611,
            34.779013
          ],
          [
            137.379425,
            34.779112
          ],
          [
            137.37942,
            34.779108
          ],
          [
            137.379425,
            34.779112
          ],
          [
            137.379138,
            34.779317
          ],
          [
            137.378825,
            34.779592
          ],
          [
            137.378657,
            34.779761
          ],
          [
            137.378576,
            34.779859
          ],
          [
            137.377999,
            34.78056
          ],
          [
            137.377412,
            34.781211
          ],
          [
            137.377217,
            34.781437
          ],
          [
            137.377216,
            34.781438
          ],
          [
            137.376626,
            34.782166
          ],
          [
            137.376208,
            34.782727
          ],
          [
            137.375983,
            34.783097
          ],
          [
            137.374898,
            34.784592
          ],
          [
            137.374606,
            34.78497
          ],
          [
            137.374457,
            34.785138
          ],
          [
            137.374044,
            34.785571
          ],
          [
            137.37333,
            34.786468
          ],
          [
            137.37304,
            34.78681
          ],
          [
            137.373043,
            34.786812
          ],
          [
            137.37304,
            34.78681
          ],
          [
            137.372799,
            34.787095
          ],
          [
            137.372247,
            34.787779
          ],
          [
            137.371878,
            34.7882
          ],
          [
            137.371506,
            34.788692
          ],
          [
            137.371352,
            34.788847
          ],
          [
            137.371362,
            34.788854
          ],
          [
            137.371352,
            34.788847
          ],
          [
            137.370964,
            34.789238
          ],
          [
            137.370725,
            34.789503
          ],
          [
            137.370132,
            34.790134
          ],
          [
            137.369512,
            34.79085
          ],
          [
            137.36801,
            34.792577
          ],
          [
            137.3672,
            34.793517
          ],
          [
            137.366027,
            34.79485
          ],
          [
            137.365759,
            34.79515
          ],
          [
            137.365692,
            34.795203
          ],
          [
            137.365339,
            34.795549
          ],
          [
            137.365208,
            34.795714
          ],
          [
            137.365142,
            34.795795
          ],
          [
            137.365143,
            34.795795
          ],
          [
            137.365116,
            34.795828
          ],
          [
            137.364834,
            34.796328
          ],
          [
            137.364723,
            34.796614
          ],
          [
            137.364598,
            34.797091
          ],
          [
            137.364551,
            34.797361
          ],
          [
            137.364525,
            34.797509
          ],
          [
            137.364439,
            34.797947
          ],
          [
            137.364274,
            34.798659
          ],
          [
            137.364237,
            34.798762
          ],
          [
            137.364198,
            34.798916
          ],
          [
            137.364018,
            34.799613
          ],
          [
            137.363967,
            34.799731
          ],
          [
            137.363901,
            34.799811
          ],
          [
            137.363827,
            34.799885
          ],
          [
            137.363476,
            34.80023
          ],
          [
            137.36297,
            34.800779
          ],
          [
            137.362748,
            34.801007
          ],
          [
            137.362387,
            34.801426
          ],
          [
            137.362386,
            34.801426
          ],
          [
            137.361791,
            34.802116
          ],
          [
            137.36172,
            34.802185
          ],
          [
            137.360774,
            34.80331
          ],
          [
            137.360694,
            34.803419
          ],
          [
            137.360142,
            34.804048
          ],
          [
            137.359735,
            34.804511
          ],
          [
            137.358825,
            34.805472
          ],
          [
            137.358336,
            34.80599
          ],
          [
            137.358039,
            34.806291
          ],
          [
            137.357226,
            34.807072
          ],
          [
            137.35716,
            34.807142
          ],
          [
            137.356495,
            34.80789
          ],
          [
            137.356421,
            34.807959
          ],
          [
            137.355923,
            34.80854
          ],
          [
            137.355554,
            34.808945
          ],
          [
            137.355358,
            34.809159
          ],
          [
            137.354687,
            34.809923
          ],
          [
            137.354483,
            34.810157
          ],
          [
            137.354072,
            34.810589
          ],
          [
            137.353697,
            34.811032
          ],
          [
            137.353556,
            34.811174
          ],
          [
            137.352905,
            34.811906
          ],
          [
            137.352388,
            34.81248
          ],
          [
            137.351231,
            34.813733
          ],
          [
            137.349912,
            34.815254
          ],
          [
            137.349758,
            34.815437
          ],
          [
            137.34909,
            34.816229
          ],
          [
            137.348612,
            34.816767
          ],
          [
            137.348252,
            34.817208
          ],
          [
            137.347656,
            34.817874
          ],
          [
            137.347641,
            34.817864
          ],
          [
            137.347656,
            34.817874
          ],
          [
            137.347256,
            34.81828
          ],
          [
            137.347102,
            34.818396
          ],
          [
            137.346884,
            34.818506
          ],
          [
            137.346639,
            34.818647
          ],
          [
            137.346439,
            34.818777
          ],
          [
            137.346049,
            34.819079
          ],
          [
            137.345771,
            34.819363
          ],
          [
            137.345719,
            34.819416
          ],
          [
            137.345201,
            34.820185
          ],
          [
            137.345043,
            34.820352
          ],
          [
            137.3448,
            34.820525
          ],
          [
            137.344572,
            34.820709
          ],
          [
            137.344433,
            34.820801
          ],
          [
            137.344136,
            34.820933
          ],
          [
            137.34394,
            34.821003
          ],
          [
            137.343691,
            34.821104
          ],
          [
            137.343524,
            34.821226
          ],
          [
            137.342462,
            34.82222
          ],
          [
            137.342322,
            34.822351
          ],
          [
            137.340845,
            34.824052
          ],
          [
            137.340767,
            34.824128
          ],
          [
            137.340063,
            34.824818
          ],
          [
            137.339656,
            34.825268
          ],
          [
            137.339421,
            34.825529
          ],
          [
            137.338875,
            34.825208
          ],
          [
            137.338056,
            34.824727
          ],
          [
            137.337786,
            34.82506
          ],
          [
            137.337599,
            34.825311
          ],
          [
            137.338766,
            34.825932
          ],
          [
            137.3388,
            34.825974
          ],
          [
            137.338835,
            34.826133
          ],
          [
            137.338864,
            34.826104
          ],
          [
            137.338434,
            34.826551
          ],
          [
            137.337731,
            34.827274
          ],
          [
            137.337519,
            34.827526
          ],
          [
            137.337392,
            34.827676
          ],
          [
            137.337366,
            34.82777
          ],
          [
            137.337418,
            34.827843
          ],
          [
            137.337342,
            34.827875
          ],
          [
            137.336271,
            34.828331
          ],
          [
            137.335086,
            34.828862
          ],
          [
            137.334732,
            34.829003
          ],
          [
            137.334374,
            34.829156
          ],
          [
            137.332696,
            34.829941
          ],
          [
            137.33223,
            34.830161
          ],
          [
            137.331958,
            34.8303
          ],
          [
            137.331648,
            34.830483
          ],
          [
            137.331634,
            34.830467
          ],
          [
            137.331648,
            34.830483
          ],
          [
            137.331126,
            34.830833
          ],
          [
            137.33095,
            34.831
          ],
          [
            137.330827,
            34.831116
          ],
          [
            137.330412,
            34.831596
          ],
          [
            137.33019,
            34.831887
          ],
          [
            137.329954,
            34.83224
          ],
          [
            137.329802,
            34.832468
          ],
          [
            137.329718,
            34.832459
          ],
          [
            137.329255,
            34.832716
          ],
          [
            137.329021,
            34.832813
          ],
          [
            137.328002,
            34.833237
          ],
          [
            137.326908,
            34.833681
          ],
          [
            137.326667,
            34.833795
          ],
          [
            137.325933,
            34.834219
          ],
          [
            137.325838,
            34.83429
          ],
          [
            137.325811,
            34.834328
          ],
          [
            137.325786,
            34.834316
          ],
          [
            137.325811,
            34.834328
          ],
          [
            137.325696,
            34.834493
          ],
          [
            137.325516,
            34.834938
          ],
          [
            137.325379,
            34.835425
          ],
          [
            137.325287,
            34.835841
          ],
          [
            137.325231,
            34.835961
          ],
          [
            137.325186,
            34.836018
          ],
          [
            137.325106,
            34.836088
          ],
          [
            137.325156,
            34.836103
          ],
          [
            137.325106,
            34.836088
          ],
          [
            137.324587,
            34.836547
          ],
          [
            137.324468,
            34.836674
          ],
          [
            137.324351,
            34.836835
          ],
          [
            137.324258,
            34.836988
          ],
          [
            137.324117,
            34.837302
          ],
          [
            137.324018,
            34.837567
          ],
          [
            137.323914,
            34.837765
          ],
          [
            137.32384,
            34.837882
          ],
          [
            137.323754,
            34.837996
          ],
          [
            137.323628,
            34.838141
          ],
          [
            137.323325,
            34.838473
          ],
          [
            137.322993,
            34.838916
          ],
          [
            137.322862,
            34.839133
          ],
          [
            137.322671,
            34.839388
          ],
          [
            137.322458,
            34.839609
          ],
          [
            137.322443,
            34.839644
          ],
          [
            137.322403,
            34.839684
          ],
          [
            137.322407,
            34.839687
          ],
          [
            137.322403,
            34.839684
          ],
          [
            137.321656,
            34.840435
          ],
          [
            137.320283,
            34.841576
          ],
          [
            137.319562,
            34.84201
          ],
          [
            137.319421,
            34.842095
          ],
          [
            137.31881,
            34.84232
          ],
          [
            137.318693,
            34.842386
          ],
          [
            137.318289,
            34.842544
          ],
          [
            137.317541,
            34.842897
          ],
          [
            137.317431,
            34.842967
          ],
          [
            137.317366,
            34.843036
          ],
          [
            137.317375,
            34.843042
          ],
          [
            137.317366,
            34.843036
          ],
          [
            137.317339,
            34.843065
          ],
          [
            137.317021,
            34.843569
          ],
          [
            137.317078,
            34.843601
          ],
          [
            137.318022,
            34.844137
          ],
          [
            137.318011,
            34.844152
          ],
          [
            137.318007,
            34.844149
          ],
          [
            137.318029,
            34.844161
          ],
          [
            137.317509,
            34.844825
          ]
        ]
      },
      "properties": {
        "schemaVersion": 2,
        "id": "edit-restored-section-yoshida-goyu-traced-2026-08-24",
        "featureRole": "variant",
        "order": 99,
        "title": "Yoshida-juku to Goyu-juku, retraced",
        "kind": "walking",
        "lengthKm": 12.116,
        "startAnchorId": "a-060",
        "endAnchorId": "a-061",
        "active": true,
        "rationale": "Road-snapped in gpx.studio at walking density. Rebuilt from the traced file after device storage was cleared on 2026-09-13.",
        "navigational": false,
        "demonstration": false,
        "source": "imported: section-yoshida-goyu-traced-2026-08-24.gpx",
        "confidence": "medium",
        "verification": "manually-traced",
        "lastChecked": null,
        "classification": "public"
      }
    },
    {
      "type": "Feature",
      "id": "edit-restored-section-banyubashi-hiratsuka-traced-2026-09-13",
      "geometry": {
        "type": "LineString",
        "coordinates": [
          [
            139.365735,
            35.331705
          ],
          [
            139.362162,
            35.331591
          ],
          [
            139.361454,
            35.331547
          ],
          [
            139.360918,
            35.331696
          ],
          [
            139.360899,
            35.33172
          ],
          [
            139.360818,
            35.331676
          ],
          [
            139.360759,
            35.331546
          ],
          [
            139.360722,
            35.331505
          ],
          [
            139.360663,
            35.331477
          ],
          [
            139.360673,
            35.331474
          ],
          [
            139.360663,
            35.331477
          ],
          [
            139.360057,
            35.331432
          ],
          [
            139.35918,
            35.331341
          ],
          [
            139.358656,
            35.331279
          ],
          [
            139.35816,
            35.331224
          ],
          [
            139.35745,
            35.331145
          ],
          [
            139.357219,
            35.331118
          ],
          [
            139.356125,
            35.330921
          ],
          [
            139.355256,
            35.330765
          ],
          [
            139.35466,
            35.33066
          ],
          [
            139.353434,
            35.330441
          ],
          [
            139.353244,
            35.330407
          ],
          [
            139.352095,
            35.330255
          ],
          [
            139.350764,
            35.330089
          ],
          [
            139.350344,
            35.330032
          ],
          [
            139.350221,
            35.330014
          ],
          [
            139.350206,
            35.330011
          ],
          [
            139.349525,
            35.329923
          ],
          [
            139.348772,
            35.329808
          ],
          [
            139.348131,
            35.329712
          ],
          [
            139.347473,
            35.329613
          ],
          [
            139.346848,
            35.329472
          ],
          [
            139.345898,
            35.329255
          ],
          [
            139.345555,
            35.329168
          ],
          [
            139.344751,
            35.328991
          ],
          [
            139.343532,
            35.328735
          ],
          [
            139.342907,
            35.328604
          ],
          [
            139.342907,
            35.328603
          ],
          [
            139.341641,
            35.328337
          ],
          [
            139.340986,
            35.3282
          ],
          [
            139.340895,
            35.32818
          ],
          [
            139.340454,
            35.328077
          ],
          [
            139.339395,
            35.327828
          ],
          [
            139.33877,
            35.327679
          ],
          [
            139.338744,
            35.327757
          ],
          [
            139.33769,
            35.327489
          ],
          [
            139.337709,
            35.327424
          ]
        ]
      },
      "properties": {
        "schemaVersion": 2,
        "id": "edit-restored-section-banyubashi-hiratsuka-traced-2026-09-13",
        "featureRole": "variant",
        "order": 99,
        "title": "Banyubashi to Hiratsuka-juku, retraced",
        "kind": "walking",
        "lengthKm": 2.632,
        "startAnchorId": "a-011",
        "endAnchorId": "a-012",
        "active": true,
        "rationale": "Road-snapped in gpx.studio at walking density. Rebuilt from the traced file after device storage was cleared on 2026-09-13.",
        "navigational": false,
        "demonstration": false,
        "source": "imported: section-banyubashi-hiratsuka-traced-2026-09-13.gpx",
        "confidence": "medium",
        "verification": "manually-traced",
        "lastChecked": null,
        "classification": "public"
      }
    },
    {
      "type": "Feature",
      "id": "edit-restored-section-tennocho-hodogaya-traced-2026-09-13",
      "geometry": {
        "type": "LineString",
        "coordinates": [
          [
            139.603198,
            35.45391
          ],
          [
            139.603148,
            35.453927
          ],
          [
            139.603036,
            35.453717
          ],
          [
            139.602971,
            35.453594
          ],
          [
            139.602927,
            35.453465
          ],
          [
            139.602908,
            35.453375
          ],
          [
            139.602948,
            35.453315
          ],
          [
            139.60292,
            35.453288
          ],
          [
            139.602156,
            35.452352
          ],
          [
            139.602155,
            35.452351
          ],
          [
            139.602133,
            35.452333
          ],
          [
            139.601835,
            35.451966
          ],
          [
            139.601796,
            35.451918
          ],
          [
            139.601588,
            35.451671
          ],
          [
            139.601587,
            35.451671
          ],
          [
            139.601434,
            35.451488
          ],
          [
            139.601399,
            35.451473
          ],
          [
            139.60134,
            35.451401
          ],
          [
            139.601329,
            35.451365
          ],
          [
            139.600697,
            35.450588
          ],
          [
            139.599648,
            35.449298
          ],
          [
            139.599432,
            35.449033
          ],
          [
            139.599365,
            35.448966
          ],
          [
            139.599352,
            35.448923
          ],
          [
            139.599317,
            35.448882
          ],
          [
            139.598725,
            35.448191
          ],
          [
            139.598603,
            35.448049
          ],
          [
            139.598562,
            35.447987
          ],
          [
            139.598495,
            35.447837
          ],
          [
            139.598457,
            35.447786
          ],
          [
            139.59843,
            35.447648
          ],
          [
            139.598456,
            35.447636
          ],
          [
            139.598347,
            35.447503
          ],
          [
            139.598059,
            35.447154
          ],
          [
            139.597289,
            35.446224
          ],
          [
            139.59663,
            35.445443
          ],
          [
            139.59606,
            35.444773
          ],
          [
            139.595784,
            35.444429
          ],
          [
            139.595488,
            35.444066
          ],
          [
            139.59546,
            35.444071
          ]
        ]
      },
      "properties": {
        "schemaVersion": 2,
        "id": "edit-restored-section-tennocho-hodogaya-traced-2026-09-13",
        "featureRole": "variant",
        "order": 99,
        "title": "Tennocho Station to Hodogaya-juku, retraced",
        "kind": "walking",
        "lengthKm": 1.317,
        "startAnchorId": "a-006",
        "endAnchorId": "a-007",
        "active": true,
        "rationale": "Road-snapped in gpx.studio at walking density. Rebuilt from the traced file after device storage was cleared on 2026-09-13.",
        "navigational": false,
        "demonstration": false,
        "source": "imported: section-tennocho-hodogaya-traced-2026-09-13.gpx",
        "confidence": "medium",
        "verification": "manually-traced",
        "lastChecked": null,
        "classification": "public"
      }
    },
    {
      "type": "Feature",
      "id": "edit-restored-section-maisaka-arai-traced-2026-09-13",
      "geometry": {
        "type": "LineString",
        "coordinates": [
          [
            137.60986,
            34.684566
          ],
          [
            137.6084,
            34.684672
          ],
          [
            137.608339,
            34.684659
          ],
          [
            137.608325,
            34.684697
          ],
          [
            137.608286,
            34.68479
          ],
          [
            137.608255,
            34.684781
          ],
          [
            137.607933,
            34.685541
          ],
          [
            137.607727,
            34.685964
          ],
          [
            137.607544,
            34.686314
          ],
          [
            137.607574,
            34.686324
          ],
          [
            137.607499,
            34.686492
          ],
          [
            137.607487,
            34.686525
          ],
          [
            137.607521,
            34.686547
          ],
          [
            137.607185,
            34.68687
          ],
          [
            137.607119,
            34.686941
          ],
          [
            137.606001,
            34.688044
          ],
          [
            137.605956,
            34.688075
          ],
          [
            137.605788,
            34.688236
          ],
          [
            137.605709,
            34.6883
          ],
          [
            137.605578,
            34.688407
          ],
          [
            137.604824,
            34.688923
          ],
          [
            137.604671,
            34.689027
          ],
          [
            137.604699,
            34.689072
          ],
          [
            137.604716,
            34.689065
          ],
          [
            137.604762,
            34.689141
          ],
          [
            137.604421,
            34.689284
          ],
          [
            137.603989,
            34.689465
          ],
          [
            137.603886,
            34.689566
          ],
          [
            137.603814,
            34.689649
          ],
          [
            137.6037,
            34.689722
          ],
          [
            137.603687,
            34.689717
          ],
          [
            137.60366,
            34.689763
          ],
          [
            137.603534,
            34.689821
          ],
          [
            137.603488,
            34.689813
          ],
          [
            137.603458,
            34.68981
          ],
          [
            137.603161,
            34.689939
          ],
          [
            137.603136,
            34.689899
          ],
          [
            137.602699,
            34.690087
          ],
          [
            137.60271,
            34.690106
          ],
          [
            137.602665,
            34.690125
          ],
          [
            137.602644,
            34.690134
          ],
          [
            137.602532,
            34.690223
          ],
          [
            137.601408,
            34.690708
          ],
          [
            137.601349,
            34.690716
          ],
          [
            137.601155,
            34.690688
          ],
          [
            137.601059,
            34.690694
          ],
          [
            137.6006,
            34.690758
          ],
          [
            137.600193,
            34.69082
          ],
          [
            137.600101,
            34.690886
          ],
          [
            137.59994,
            34.690945
          ],
          [
            137.599861,
            34.690947
          ],
          [
            137.599809,
            34.690935
          ],
          [
            137.59977,
            34.690951
          ],
          [
            137.597981,
            34.691698
          ],
          [
            137.597874,
            34.691729
          ],
          [
            137.59785,
            34.69175
          ],
          [
            137.597856,
            34.691804
          ],
          [
            137.597851,
            34.691796
          ],
          [
            137.597822,
            34.691808
          ],
          [
            137.59775,
            34.691838
          ],
          [
            137.597569,
            34.691911
          ],
          [
            137.597497,
            34.691941
          ],
          [
            137.597487,
            34.691946
          ],
          [
            137.597499,
            34.691966
          ],
          [
            137.596407,
            34.69243
          ],
          [
            137.596191,
            34.692512
          ],
          [
            137.595804,
            34.692658
          ],
          [
            137.595059,
            34.692918
          ],
          [
            137.594401,
            34.693123
          ],
          [
            137.593961,
            34.693244
          ],
          [
            137.593364,
            34.693398
          ],
          [
            137.592854,
            34.693514
          ],
          [
            137.592262,
            34.693639
          ],
          [
            137.591087,
            34.693871
          ],
          [
            137.590849,
            34.693912
          ],
          [
            137.590676,
            34.693955
          ],
          [
            137.590509,
            34.693987
          ],
          [
            137.590374,
            34.694013
          ],
          [
            137.590273,
            34.693993
          ],
          [
            137.589662,
            34.693997
          ],
          [
            137.584363,
            34.694016
          ],
          [
            137.583701,
            34.694052
          ],
          [
            137.582718,
            34.694119
          ],
          [
            137.578867,
            34.694118
          ],
          [
            137.574442,
            34.694119
          ],
          [
            137.573123,
            34.694097
          ],
          [
            137.571779,
            34.694057
          ],
          [
            137.571226,
            34.694051
          ],
          [
            137.571228,
            34.693984
          ],
          [
            137.570187,
            34.693949
          ],
          [
            137.569776,
            34.693935
          ],
          [
            137.569172,
            34.693923
          ],
          [
            137.568834,
            34.693917
          ],
          [
            137.568248,
            34.693922
          ],
          [
            137.567217,
            34.693892
          ],
          [
            137.56645,
            34.693893
          ],
          [
            137.565536,
            34.693917
          ],
          [
            137.564726,
            34.693983
          ],
          [
            137.564731,
            34.694027
          ],
          [
            137.56345,
            34.694148
          ],
          [
            137.56209,
            34.694275
          ],
          [
            137.561985,
            34.69429
          ],
          [
            137.56173,
            34.694353
          ],
          [
            137.561722,
            34.694307
          ],
          [
            137.561573,
            34.694349
          ]
        ]
      },
      "properties": {
        "schemaVersion": 2,
        "id": "edit-restored-section-maisaka-arai-traced-2026-09-13",
        "featureRole": "variant",
        "order": 99,
        "title": "Maisaka-juku to Arai Sekisho, retraced",
        "kind": "walking",
        "lengthKm": 4.883,
        "startAnchorId": "a-054",
        "endAnchorId": "a-055",
        "active": true,
        "rationale": "Road-snapped in gpx.studio at walking density. Rebuilt from the traced file after device storage was cleared on 2026-09-13.",
        "navigational": false,
        "demonstration": false,
        "source": "imported: section-maisaka-arai-traced-2026-09-13.gpx",
        "confidence": "medium",
        "verification": "manually-traced",
        "lastChecked": null,
        "classification": "public"
      }
    },
    {
      "type": "Feature",
      "id": "edit-restored-section-iwaya-yoshida-traced-2026-09-13",
      "geometry": {
        "type": "LineString",
        "coordinates": [
          [
            137.433746,
            34.73073
          ],
          [
            137.433672,
            34.731268
          ],
          [
            137.433607,
            34.731739
          ],
          [
            137.433562,
            34.732199
          ],
          [
            137.433541,
            34.732417
          ],
          [
            137.433516,
            34.732982
          ],
          [
            137.433502,
            34.73371
          ],
          [
            137.43353,
            34.734229
          ],
          [
            137.433532,
            34.73425
          ],
          [
            137.43352,
            34.734251
          ],
          [
            137.431675,
            34.734401
          ],
          [
            137.431688,
            34.734413
          ],
          [
            137.431288,
            34.734712
          ],
          [
            137.430598,
            34.735226
          ],
          [
            137.428873,
            34.73606
          ],
          [
            137.427908,
            34.736569
          ],
          [
            137.426732,
            34.737264
          ],
          [
            137.426473,
            34.737431
          ],
          [
            137.426479,
            34.737436
          ],
          [
            137.426473,
            34.737431
          ],
          [
            137.42562,
            34.737979
          ],
          [
            137.424377,
            34.738727
          ],
          [
            137.423977,
            34.738953
          ],
          [
            137.423836,
            34.739033
          ],
          [
            137.423276,
            34.739663
          ],
          [
            137.423078,
            34.739851
          ],
          [
            137.422931,
            34.739961
          ],
          [
            137.422747,
            34.740146
          ],
          [
            137.422481,
            34.74049
          ],
          [
            137.42209,
            34.74081
          ],
          [
            137.421451,
            34.741223
          ],
          [
            137.420859,
            34.741652
          ],
          [
            137.420392,
            34.741991
          ],
          [
            137.419837,
            34.742399
          ],
          [
            137.418259,
            34.743437
          ],
          [
            137.417541,
            34.743882
          ],
          [
            137.416151,
            34.744772
          ],
          [
            137.415436,
            34.745188
          ],
          [
            137.415206,
            34.745361
          ],
          [
            137.415205,
            34.745361
          ],
          [
            137.415002,
            34.745572
          ],
          [
            137.414928,
            34.745675
          ],
          [
            137.414825,
            34.746092
          ],
          [
            137.414783,
            34.746214
          ],
          [
            137.414622,
            34.74653
          ],
          [
            137.414578,
            34.746617
          ],
          [
            137.414468,
            34.746792
          ],
          [
            137.414408,
            34.746846
          ],
          [
            137.414348,
            34.746935
          ],
          [
            137.41423,
            34.747107
          ],
          [
            137.414118,
            34.747272
          ],
          [
            137.414058,
            34.747359
          ],
          [
            137.413884,
            34.747499
          ],
          [
            137.413691,
            34.748101
          ],
          [
            137.413515,
            34.748665
          ],
          [
            137.413104,
            34.750018
          ],
          [
            137.412629,
            34.751585
          ],
          [
            137.412589,
            34.751695
          ],
          [
            137.412447,
            34.751966
          ],
          [
            137.412138,
            34.752454
          ],
          [
            137.4119,
            34.752922
          ],
          [
            137.411831,
            34.753095
          ],
          [
            137.411503,
            34.753922
          ],
          [
            137.411387,
            34.754196
          ],
          [
            137.41135,
            34.754271
          ],
          [
            137.411215,
            34.754514
          ],
          [
            137.411028,
            34.754799
          ],
          [
            137.410799,
            34.755075
          ],
          [
            137.410396,
            34.755605
          ],
          [
            137.410215,
            34.755844
          ],
          [
            137.409993,
            34.756162
          ],
          [
            137.40971,
            34.756586
          ],
          [
            137.409365,
            34.757111
          ],
          [
            137.408882,
            34.757839
          ],
          [
            137.408927,
            34.757857
          ],
          [
            137.408904,
            34.757902
          ],
          [
            137.408909,
            34.75793
          ],
          [
            137.408852,
            34.758011
          ],
          [
            137.408807,
            34.75802
          ],
          [
            137.408781,
            34.758052
          ],
          [
            137.408739,
            34.758032
          ],
          [
            137.408701,
            34.758077
          ],
          [
            137.408631,
            34.758163
          ],
          [
            137.407955,
            34.758867
          ],
          [
            137.407368,
            34.759478
          ],
          [
            137.406963,
            34.759955
          ],
          [
            137.406734,
            34.760218
          ],
          [
            137.405528,
            34.761519
          ],
          [
            137.405251,
            34.761813
          ],
          [
            137.4049,
            34.762161
          ],
          [
            137.404803,
            34.762269
          ],
          [
            137.404377,
            34.762742
          ],
          [
            137.403761,
            34.763406
          ],
          [
            137.403458,
            34.763682
          ],
          [
            137.402925,
            34.764077
          ],
          [
            137.402448,
            34.764381
          ],
          [
            137.401972,
            34.764672
          ],
          [
            137.400928,
            34.765308
          ],
          [
            137.400557,
            34.765535
          ],
          [
            137.400092,
            34.765822
          ],
          [
            137.399874,
            34.765827
          ],
          [
            137.399897,
            34.765938
          ],
          [
            137.399803,
            34.765965
          ],
          [
            137.399783,
            34.765915
          ],
          [
            137.399628,
            34.765444
          ],
          [
            137.399488,
            34.765298
          ],
          [
            137.39849,
            34.765505
          ],
          [
            137.398319,
            34.764866
          ],
          [
            137.39503,
            34.765598
          ],
          [
            137.393437,
            34.765959
          ],
          [
            137.393239,
            34.765514
          ],
          [
            137.391345,
            34.766105
          ],
          [
            137.390235,
            34.766453
          ]
        ]
      },
      "properties": {
        "schemaVersion": 2,
        "id": "edit-restored-section-iwaya-yoshida-traced-2026-09-13",
        "featureRole": "variant",
        "order": 99,
        "title": "Iwaya Ryokuchi to Yoshida-juku, retraced",
        "kind": "walking",
        "lengthKm": 6.347,
        "startAnchorId": "a-059",
        "endAnchorId": "a-060",
        "active": true,
        "rationale": "Road-snapped in gpx.studio at walking density. Rebuilt from the traced file after device storage was cleared on 2026-09-13.",
        "navigational": false,
        "demonstration": false,
        "source": "imported: section-iwaya-yoshida-traced-2026-09-13.gpx",
        "confidence": "medium",
        "verification": "manually-traced",
        "lastChecked": null,
        "classification": "public"
      }
    },
    {
      "type": "Feature",
      "id": "edit-restored-section-arai-futagawa-traced-2026-09-13",
      "geometry": {
        "type": "LineString",
        "coordinates": [
          [
            137.560496,
            34.694662
          ],
          [
            137.560177,
            34.694746
          ],
          [
            137.559136,
            34.695044
          ],
          [
            137.559126,
            34.695047
          ],
          [
            137.559089,
            34.694788
          ],
          [
            137.55907,
            34.694573
          ],
          [
            137.559047,
            34.694519
          ],
          [
            137.558952,
            34.693701
          ],
          [
            137.558827,
            34.692928
          ],
          [
            137.558817,
            34.692718
          ],
          [
            137.558778,
            34.692571
          ],
          [
            137.558771,
            34.692573
          ],
          [
            137.558778,
            34.692571
          ],
          [
            137.558438,
            34.691746
          ],
          [
            137.558258,
            34.691276
          ],
          [
            137.558169,
            34.691079
          ],
          [
            137.5581,
            34.690896
          ],
          [
            137.55808,
            34.690844
          ],
          [
            137.558115,
            34.688937
          ],
          [
            137.558101,
            34.68893
          ],
          [
            137.557846,
            34.688809
          ],
          [
            137.557316,
            34.688585
          ],
          [
            137.557279,
            34.688544
          ],
          [
            137.557272,
            34.688548
          ],
          [
            137.557279,
            34.688544
          ],
          [
            137.557274,
            34.688537
          ],
          [
            137.557284,
            34.688469
          ],
          [
            137.557414,
            34.688025
          ],
          [
            137.557472,
            34.687869
          ],
          [
            137.557496,
            34.68776
          ],
          [
            137.55757,
            34.687412
          ],
          [
            137.557649,
            34.687156
          ],
          [
            137.557636,
            34.687152
          ],
          [
            137.557631,
            34.687163
          ],
          [
            137.557636,
            34.687152
          ],
          [
            137.556772,
            34.686879
          ],
          [
            137.555737,
            34.686567
          ],
          [
            137.55564,
            34.686573
          ],
          [
            137.555417,
            34.686585
          ],
          [
            137.554421,
            34.686581
          ],
          [
            137.553435,
            34.686601
          ],
          [
            137.553435,
            34.6866
          ],
          [
            137.553224,
            34.686614
          ],
          [
            137.55309,
            34.686648
          ],
          [
            137.552761,
            34.686754
          ],
          [
            137.552173,
            34.686964
          ],
          [
            137.552008,
            34.686997
          ],
          [
            137.551875,
            34.687005
          ],
          [
            137.55175,
            34.687004
          ],
          [
            137.551634,
            34.686972
          ],
          [
            137.551161,
            34.686844
          ],
          [
            137.550845,
            34.686772
          ],
          [
            137.550077,
            34.686618
          ],
          [
            137.549471,
            34.686569
          ],
          [
            137.549182,
            34.6865
          ],
          [
            137.548836,
            34.686403
          ],
          [
            137.548448,
            34.68629
          ],
          [
            137.547817,
            34.686059
          ],
          [
            137.54695,
            34.685777
          ],
          [
            137.546485,
            34.685636
          ],
          [
            137.546301,
            34.68558
          ],
          [
            137.545361,
            34.685401
          ],
          [
            137.545096,
            34.6853
          ],
          [
            137.545034,
            34.685276
          ],
          [
            137.544583,
            34.684997
          ],
          [
            137.54444,
            34.684898
          ],
          [
            137.543784,
            34.684615
          ],
          [
            137.543128,
            34.684343
          ],
          [
            137.543034,
            34.684314
          ],
          [
            137.542937,
            34.684284
          ],
          [
            137.542733,
            34.68425
          ],
          [
            137.542538,
            34.684227
          ],
          [
            137.541682,
            34.684155
          ],
          [
            137.541315,
            34.684124
          ],
          [
            137.540982,
            34.684102
          ],
          [
            137.540714,
            34.684084
          ],
          [
            137.539923,
            34.684014
          ],
          [
            137.539491,
            34.683971
          ],
          [
            137.538764,
            34.683883
          ],
          [
            137.538302,
            34.683783
          ],
          [
            137.53797,
            34.683728
          ],
          [
            137.536913,
            34.683626
          ],
          [
            137.536584,
            34.683611
          ],
          [
            137.53617,
            34.683557
          ],
          [
            137.535835,
            34.683529
          ],
          [
            137.535668,
            34.683504
          ],
          [
            137.535574,
            34.683491
          ],
          [
            137.534919,
            34.683343
          ],
          [
            137.534608,
            34.683283
          ],
          [
            137.534305,
            34.683209
          ],
          [
            137.533693,
            34.68309
          ],
          [
            137.533112,
            34.682991
          ],
          [
            137.533019,
            34.682977
          ],
          [
            137.53217,
            34.682911
          ],
          [
            137.531702,
            34.682819
          ],
          [
            137.531406,
            34.682756
          ],
          [
            137.530806,
            34.682675
          ],
          [
            137.530705,
            34.68265
          ],
          [
            137.530589,
            34.682607
          ],
          [
            137.530256,
            34.682483
          ],
          [
            137.529504,
            34.68225
          ],
          [
            137.528174,
            34.681867
          ],
          [
            137.528049,
            34.681826
          ],
          [
            137.527491,
            34.681688
          ],
          [
            137.527177,
            34.681599
          ],
          [
            137.52655,
            34.681386
          ],
          [
            137.52638,
            34.681336
          ],
          [
            137.525976,
            34.681252
          ],
          [
            137.525472,
            34.681184
          ],
          [
            137.524928,
            34.681144
          ],
          [
            137.524133,
            34.681126
          ],
          [
            137.52318,
            34.68113
          ],
          [
            137.52303,
            34.68112
          ],
          [
            137.521669,
            34.680913
          ],
          [
            137.521344,
            34.680839
          ],
          [
            137.520576,
            34.680595
          ],
          [
            137.520162,
            34.680534
          ],
          [
            137.518462,
            34.68027
          ],
          [
            137.514669,
            34.6797
          ],
          [
            137.514334,
            34.679658
          ],
          [
            137.513225,
            34.679613
          ],
          [
            137.513209,
            34.679612
          ],
          [
            137.512983,
            34.680048
          ],
          [
            137.51286,
            34.680326
          ],
          [
            137.512674,
            34.680686
          ],
          [
            137.512498,
            34.681005
          ],
          [
            137.512303,
            34.681318
          ],
          [
            137.51228,
            34.681342
          ],
          [
            137.51227,
            34.681336
          ],
          [
            137.51228,
            34.681342
          ],
          [
            137.512112,
            34.681519
          ],
          [
            137.511932,
            34.68164
          ],
          [
            137.511882,
            34.681663
          ],
          [
            137.511852,
            34.681677
          ],
          [
            137.511674,
            34.681724
          ],
          [
            137.511485,
            34.681708
          ],
          [
            137.511365,
            34.681674
          ],
          [
            137.511216,
            34.681523
          ],
          [
            137.511143,
            34.681479
          ],
          [
            137.511001,
            34.681458
          ],
          [
            137.510858,
            34.681465
          ],
          [
            137.510721,
            34.68148
          ],
          [
            137.51063,
            34.681537
          ],
          [
            137.510606,
            34.681552
          ],
          [
            137.510483,
            34.681788
          ],
          [
            137.510479,
            34.681885
          ],
          [
            137.510486,
            34.681987
          ],
          [
            137.51051,
            34.682062
          ],
          [
            137.510503,
            34.682166
          ],
          [
            137.510424,
            34.682325
          ],
          [
            137.510317,
            34.682459
          ],
          [
            137.510237,
            34.682532
          ],
          [
            137.50988,
            34.682813
          ],
          [
            137.509524,
            34.68315
          ],
          [
            137.508945,
            34.683756
          ],
          [
            137.508827,
            34.683824
          ],
          [
            137.50876,
            34.683863
          ],
          [
            137.508662,
            34.683884
          ],
          [
            137.508539,
            34.683889
          ],
          [
            137.508425,
            34.683873
          ],
          [
            137.508326,
            34.683837
          ],
          [
            137.508203,
            34.683768
          ],
          [
            137.508039,
            34.683691
          ],
          [
            137.50797,
            34.683667
          ],
          [
            137.507917,
            34.683659
          ],
          [
            137.507851,
            34.683675
          ],
          [
            137.507652,
            34.683805
          ],
          [
            137.507387,
            34.683941
          ],
          [
            137.507285,
            34.684007
          ],
          [
            137.50726,
            34.684034
          ],
          [
            137.506937,
            34.684387
          ],
          [
            137.506671,
            34.684717
          ],
          [
            137.506665,
            34.684723
          ],
          [
            137.506061,
            34.685375
          ],
          [
            137.505903,
            34.685515
          ],
          [
            137.505704,
            34.685633
          ],
          [
            137.504713,
            34.686226
          ],
          [
            137.504417,
            34.686389
          ],
          [
            137.503318,
            34.687031
          ],
          [
            137.50299,
            34.687224
          ],
          [
            137.502954,
            34.687234
          ],
          [
            137.502823,
            34.687214
          ],
          [
            137.502768,
            34.68722
          ],
          [
            137.502617,
            34.687296
          ],
          [
            137.502269,
            34.687527
          ],
          [
            137.501151,
            34.688338
          ],
          [
            137.500815,
            34.688582
          ],
          [
            137.500367,
            34.68895
          ],
          [
            137.500282,
            34.689046
          ],
          [
            137.500035,
            34.689379
          ],
          [
            137.499962,
            34.689495
          ],
          [
            137.499804,
            34.689797
          ],
          [
            137.499659,
            34.690114
          ],
          [
            137.499514,
            34.690457
          ],
          [
            137.499337,
            34.690908
          ],
          [
            137.499121,
            34.691212
          ],
          [
            137.498817,
            34.691689
          ],
          [
            137.498331,
            34.692388
          ],
          [
            137.498157,
            34.69264
          ],
          [
            137.497768,
            34.693121
          ],
          [
            137.497542,
            34.693386
          ],
          [
            137.497481,
            34.693476
          ],
          [
            137.49738,
            34.693596
          ],
          [
            137.497099,
            34.693932
          ],
          [
            137.496879,
            34.694166
          ],
          [
            137.496804,
            34.694231
          ],
          [
            137.496777,
            34.694244
          ],
          [
            137.496661,
            34.6943
          ],
          [
            137.496054,
            34.694425
          ],
          [
            137.49572,
            34.694496
          ],
          [
            137.495433,
            34.694541
          ],
          [
            137.495276,
            34.69455
          ],
          [
            137.495124,
            34.694616
          ],
          [
            137.494908,
            34.694685
          ],
          [
            137.494769,
            34.694709
          ],
          [
            137.494673,
            34.694807
          ],
          [
            137.494506,
            34.694882
          ],
          [
            137.494085,
            34.695003
          ],
          [
            137.493995,
            34.69501
          ],
          [
            137.493648,
            34.695037
          ],
          [
            137.492896,
            34.69506
          ],
          [
            137.492579,
            34.695016
          ],
          [
            137.491839,
            34.695085
          ],
          [
            137.491273,
            34.695156
          ],
          [
            137.4907,
            34.695212
          ],
          [
            137.490541,
            34.695233
          ],
          [
            137.490389,
            34.695255
          ],
          [
            137.490112,
            34.695312
          ],
          [
            137.489835,
            34.695383
          ],
          [
            137.48964,
            34.695444
          ],
          [
            137.489319,
            34.695562
          ],
          [
            137.488905,
            34.695763
          ],
          [
            137.488732,
            34.695824
          ],
          [
            137.488634,
            34.695842
          ],
          [
            137.488535,
            34.69585
          ],
          [
            137.488438,
            34.695843
          ],
          [
            137.488311,
            34.695814
          ],
          [
            137.488075,
            34.69625
          ],
          [
            137.487909,
            34.696516
          ],
          [
            137.487022,
            34.697845
          ],
          [
            137.486405,
            34.698747
          ],
          [
            137.48595,
            34.699286
          ],
          [
            137.485361,
            34.699855
          ],
          [
            137.485034,
            34.700124
          ],
          [
            137.484388,
            34.70056
          ],
          [
            137.483898,
            34.70087
          ],
          [
            137.482864,
            34.701523
          ],
          [
            137.482722,
            34.701641
          ],
          [
            137.482532,
            34.701797
          ],
          [
            137.482169,
            34.70219
          ],
          [
            137.481918,
            34.702563
          ],
          [
            137.481635,
            34.703142
          ],
          [
            137.481411,
            34.703465
          ],
          [
            137.481064,
            34.703829
          ],
          [
            137.480445,
            34.704396
          ],
          [
            137.478763,
            34.705943
          ],
          [
            137.478679,
            34.70603
          ],
          [
            137.478678,
            34.70603
          ],
          [
            137.47827,
            34.706447
          ],
          [
            137.478201,
            34.706555
          ],
          [
            137.478099,
            34.706716
          ],
          [
            137.477833,
            34.707351
          ],
          [
            137.477662,
            34.707709
          ],
          [
            137.47745,
            34.708056
          ],
          [
            137.476932,
            34.708712
          ],
          [
            137.476866,
            34.708795
          ],
          [
            137.476518,
            34.709123
          ],
          [
            137.476165,
            34.709428
          ],
          [
            137.475411,
            34.70992
          ],
          [
            137.472999,
            34.711496
          ],
          [
            137.472936,
            34.71155
          ],
          [
            137.472686,
            34.711769
          ],
          [
            137.472146,
            34.712315
          ],
          [
            137.471045,
            34.713428
          ],
          [
            137.470578,
            34.71382
          ],
          [
            137.469555,
            34.714551
          ],
          [
            137.468837,
            34.7151
          ],
          [
            137.468753,
            34.715164
          ],
          [
            137.468137,
            34.715764
          ],
          [
            137.467237,
            34.71668
          ],
          [
            137.466827,
            34.717007
          ],
          [
            137.466371,
            34.71728
          ],
          [
            137.466224,
            34.717351
          ],
          [
            137.46577,
            34.717569
          ],
          [
            137.463386,
            34.718844
          ],
          [
            137.461594,
            34.719785
          ],
          [
            137.461043,
            34.720044
          ],
          [
            137.460429,
            34.720287
          ],
          [
            137.460197,
            34.720352
          ],
          [
            137.459326,
            34.720548
          ],
          [
            137.458817,
            34.720619
          ],
          [
            137.458826,
            34.72065
          ],
          [
            137.458885,
            34.720861
          ],
          [
            137.458953,
            34.721102
          ],
          [
            137.458967,
            34.721267
          ],
          [
            137.458906,
            34.721321
          ],
          [
            137.458583,
            34.721603
          ],
          [
            137.458332,
            34.721834
          ],
          [
            137.458167,
            34.72187
          ],
          [
            137.457567,
            34.72194
          ],
          [
            137.457169,
            34.722016
          ],
          [
            137.457009,
            34.722097
          ],
          [
            137.456973,
            34.722137
          ],
          [
            137.456929,
            34.722168
          ],
          [
            137.456894,
            34.722213
          ],
          [
            137.456844,
            34.722211
          ],
          [
            137.456263,
            34.722183
          ],
          [
            137.456213,
            34.722201
          ],
          [
            137.455487,
            34.722461
          ],
          [
            137.454469,
            34.722677
          ],
          [
            137.453377,
            34.722978
          ],
          [
            137.453241,
            34.723007
          ],
          [
            137.452608,
            34.723142
          ],
          [
            137.452448,
            34.723137
          ],
          [
            137.451676,
            34.723353
          ],
          [
            137.451652,
            34.72336
          ],
          [
            137.450905,
            34.723594
          ],
          [
            137.450039,
            34.723854
          ]
        ]
      },
      "properties": {
        "schemaVersion": 2,
        "id": "edit-restored-section-arai-futagawa-traced-2026-09-13",
        "featureRole": "variant",
        "order": 99,
        "title": "Arai-juku to Futagawa-juku, retraced",
        "kind": "walking",
        "lengthKm": 13.402,
        "startAnchorId": "a-056",
        "endAnchorId": "a-058",
        "active": true,
        "rationale": "Road-snapped in gpx.studio at walking density. Rebuilt from the traced file after device storage was cleared on 2026-09-13.",
        "navigational": false,
        "demonstration": false,
        "source": "imported: section-arai-futagawa-traced-2026-09-13.gpx",
        "confidence": "medium",
        "verification": "manually-traced",
        "lastChecked": null,
        "classification": "public"
      }
    },
    {
      "type": "Feature",
      "id": "edit-restored-section-tenryugawa-hamamatsu-traced-2026-09-13",
      "geometry": {
        "type": "LineString",
        "coordinates": [
          [
            137.811056,
            34.728307
          ],
          [
            137.811057,
            34.728311
          ],
          [
            137.810951,
            34.728337
          ],
          [
            137.809467,
            34.728703
          ],
          [
            137.802018,
            34.730575
          ],
          [
            137.801364,
            34.730695
          ],
          [
            137.801458,
            34.730678
          ],
          [
            137.801364,
            34.730695
          ],
          [
            137.801215,
            34.730723
          ],
          [
            137.801219,
            34.730737
          ],
          [
            137.801147,
            34.730568
          ],
          [
            137.801148,
            34.730567
          ],
          [
            137.801131,
            34.730524
          ],
          [
            137.801052,
            34.730509
          ],
          [
            137.801037,
            34.7305
          ],
          [
            137.801025,
            34.730493
          ],
          [
            137.801002,
            34.730433
          ],
          [
            137.801112,
            34.730404
          ],
          [
            137.800831,
            34.729555
          ],
          [
            137.800792,
            34.729481
          ],
          [
            137.800727,
            34.729452
          ],
          [
            137.800703,
            34.72928
          ],
          [
            137.800667,
            34.729148
          ],
          [
            137.800635,
            34.729079
          ],
          [
            137.800607,
            34.729088
          ],
          [
            137.800301,
            34.72911
          ],
          [
            137.800303,
            34.72911
          ],
          [
            137.80024,
            34.728914
          ],
          [
            137.800217,
            34.728817
          ],
          [
            137.800217,
            34.728811
          ],
          [
            137.800217,
            34.728817
          ],
          [
            137.798711,
            34.728783
          ],
          [
            137.798391,
            34.728788
          ],
          [
            137.79758,
            34.728767
          ],
          [
            137.797152,
            34.728766
          ],
          [
            137.796842,
            34.72875
          ],
          [
            137.796036,
            34.728707
          ],
          [
            137.795687,
            34.728703
          ],
          [
            137.794202,
            34.728714
          ],
          [
            137.794202,
            34.728718
          ],
          [
            137.794202,
            34.728714
          ],
          [
            137.793615,
            34.728705
          ],
          [
            137.792976,
            34.728639
          ],
          [
            137.792146,
            34.728528
          ],
          [
            137.791764,
            34.72846
          ],
          [
            137.791479,
            34.728395
          ],
          [
            137.790935,
            34.728246
          ],
          [
            137.790726,
            34.728176
          ],
          [
            137.790331,
            34.728043
          ],
          [
            137.789933,
            34.727884
          ],
          [
            137.789632,
            34.727732
          ],
          [
            137.789389,
            34.727593
          ],
          [
            137.788855,
            34.727334
          ],
          [
            137.788611,
            34.727217
          ],
          [
            137.788553,
            34.727178
          ],
          [
            137.788532,
            34.727159
          ],
          [
            137.788339,
            34.726984
          ],
          [
            137.788002,
            34.726662
          ],
          [
            137.787605,
            34.726282
          ],
          [
            137.787187,
            34.725999
          ],
          [
            137.786605,
            34.725587
          ],
          [
            137.786091,
            34.725251
          ],
          [
            137.785975,
            34.725187
          ],
          [
            137.785701,
            34.725011
          ],
          [
            137.785112,
            34.724651
          ],
          [
            137.784819,
            34.724483
          ],
          [
            137.783445,
            34.723588
          ],
          [
            137.783204,
            34.723425
          ],
          [
            137.782785,
            34.723141
          ],
          [
            137.781805,
            34.722333
          ],
          [
            137.781436,
            34.722031
          ],
          [
            137.781195,
            34.721847
          ],
          [
            137.781126,
            34.721802
          ],
          [
            137.780952,
            34.721658
          ],
          [
            137.780634,
            34.721348
          ],
          [
            137.780439,
            34.721193
          ],
          [
            137.780318,
            34.721137
          ],
          [
            137.780184,
            34.721074
          ],
          [
            137.779853,
            34.720976
          ],
          [
            137.778754,
            34.720672
          ],
          [
            137.777944,
            34.720438
          ],
          [
            137.776484,
            34.71994
          ],
          [
            137.776424,
            34.719851
          ],
          [
            137.775744,
            34.71961
          ],
          [
            137.774097,
            34.719074
          ],
          [
            137.773999,
            34.719042
          ],
          [
            137.771935,
            34.718356
          ],
          [
            137.771425,
            34.71817
          ],
          [
            137.771427,
            34.718168
          ],
          [
            137.770297,
            34.717758
          ],
          [
            137.769149,
            34.717323
          ],
          [
            137.76911,
            34.717284
          ],
          [
            137.768952,
            34.717231
          ],
          [
            137.768858,
            34.717227
          ],
          [
            137.767497,
            34.716722
          ],
          [
            137.767052,
            34.716528
          ],
          [
            137.766911,
            34.716454
          ],
          [
            137.76504,
            34.715438
          ],
          [
            137.764642,
            34.715257
          ],
          [
            137.764424,
            34.715169
          ],
          [
            137.763509,
            34.71481
          ],
          [
            137.762647,
            34.714409
          ],
          [
            137.760146,
            34.713273
          ],
          [
            137.760146,
            34.713274
          ],
          [
            137.760054,
            34.713231
          ],
          [
            137.760018,
            34.713284
          ],
          [
            137.759604,
            34.713103
          ],
          [
            137.759144,
            34.712929
          ],
          [
            137.757651,
            34.712362
          ],
          [
            137.756688,
            34.71198
          ],
          [
            137.755963,
            34.711672
          ],
          [
            137.755689,
            34.71154
          ],
          [
            137.755103,
            34.711256
          ],
          [
            137.753979,
            34.710671
          ],
          [
            137.753776,
            34.710599
          ],
          [
            137.753331,
            34.710424
          ],
          [
            137.752725,
            34.710162
          ],
          [
            137.75214,
            34.709923
          ],
          [
            137.751835,
            34.70984
          ],
          [
            137.750395,
            34.709453
          ],
          [
            137.749901,
            34.709321
          ],
          [
            137.749066,
            34.709122
          ],
          [
            137.748138,
            34.708886
          ],
          [
            137.747567,
            34.708748
          ],
          [
            137.746356,
            34.708455
          ],
          [
            137.746245,
            34.708433
          ],
          [
            137.745866,
            34.708343
          ],
          [
            137.745459,
            34.708247
          ],
          [
            137.745188,
            34.708195
          ],
          [
            137.744582,
            34.70808
          ],
          [
            137.744301,
            34.70802
          ],
          [
            137.7442,
            34.708022
          ],
          [
            137.7442,
            34.708016
          ],
          [
            137.7442,
            34.708022
          ],
          [
            137.743934,
            34.708027
          ],
          [
            137.743215,
            34.70808
          ],
          [
            137.742175,
            34.708133
          ],
          [
            137.741669,
            34.708158
          ],
          [
            137.741559,
            34.708163
          ],
          [
            137.741467,
            34.708168
          ],
          [
            137.741468,
            34.708158
          ],
          [
            137.741467,
            34.708168
          ],
          [
            137.741323,
            34.70817
          ],
          [
            137.7405,
            34.708185
          ],
          [
            137.739635,
            34.708189
          ],
          [
            137.738237,
            34.708189
          ],
          [
            137.737116,
            34.708185
          ],
          [
            137.737002,
            34.708185
          ],
          [
            137.736543,
            34.708143
          ],
          [
            137.735918,
            34.708146
          ],
          [
            137.735762,
            34.708194
          ],
          [
            137.735332,
            34.708192
          ],
          [
            137.734424,
            34.70819
          ],
          [
            137.734423,
            34.708091
          ],
          [
            137.734371,
            34.708046
          ],
          [
            137.734025,
            34.708049
          ],
          [
            137.733943,
            34.708107
          ],
          [
            137.733247,
            34.708107
          ],
          [
            137.733165,
            34.708099
          ],
          [
            137.731929,
            34.708105
          ],
          [
            137.731007,
            34.708095
          ],
          [
            137.730962,
            34.708057
          ],
          [
            137.73079,
            34.708057
          ],
          [
            137.730707,
            34.708087
          ],
          [
            137.729786,
            34.708052
          ],
          [
            137.729665,
            34.708048
          ],
          [
            137.729582,
            34.708061
          ],
          [
            137.728724,
            34.708021
          ],
          [
            137.727844,
            34.707945
          ],
          [
            137.727824,
            34.707912
          ],
          [
            137.727826,
            34.707906
          ],
          [
            137.728132,
            34.706791
          ],
          [
            137.728163,
            34.70678
          ],
          [
            137.728185,
            34.706699
          ],
          [
            137.728171,
            34.706695
          ],
          [
            137.72817,
            34.706644
          ],
          [
            137.728508,
            34.705492
          ],
          [
            137.728615,
            34.705428
          ],
          [
            137.728574,
            34.705372
          ],
          [
            137.728513,
            34.705288
          ],
          [
            137.728578,
            34.705099
          ],
          [
            137.728648,
            34.705067
          ],
          [
            137.72867,
            34.705085
          ]
        ]
      },
      "properties": {
        "schemaVersion": 2,
        "id": "edit-restored-section-tenryugawa-hamamatsu-traced-2026-09-13",
        "featureRole": "variant",
        "order": 99,
        "title": "Tenryugawa Bridge to Hamamatsu-juku, retraced",
        "kind": "walking",
        "lengthKm": 8.849,
        "startAnchorId": "a-052",
        "endAnchorId": "a-053",
        "active": true,
        "rationale": "Road-snapped in gpx.studio at walking density. Rebuilt from the traced file after device storage was cleared on 2026-09-13.",
        "navigational": false,
        "demonstration": false,
        "source": "imported: section-tenryugawa-hamamatsu-traced-2026-09-13.gpx",
        "confidence": "medium",
        "verification": "manually-traced",
        "lastChecked": null,
        "classification": "public"
      }
    },
    {
      "type": "Feature",
      "id": "edit-restored-section-ejiri-kusanagi-traced-2026-09-13",
      "geometry": {
        "type": "LineString",
        "coordinates": [
          [
            138.481535,
            35.019686
          ],
          [
            138.481563,
            35.019678
          ],
          [
            138.481475,
            35.019481
          ],
          [
            138.481378,
            35.019262
          ],
          [
            138.481197,
            35.018893
          ],
          [
            138.481191,
            35.018896
          ],
          [
            138.481197,
            35.018893
          ],
          [
            138.480804,
            35.01818
          ],
          [
            138.480453,
            35.017412
          ],
          [
            138.480408,
            35.017397
          ],
          [
            138.479229,
            35.017011
          ],
          [
            138.47874,
            35.01686
          ],
          [
            138.478194,
            35.016657
          ],
          [
            138.477136,
            35.016306
          ],
          [
            138.476478,
            35.016079
          ],
          [
            138.475885,
            35.01586
          ],
          [
            138.474378,
            35.015326
          ],
          [
            138.473674,
            35.015057
          ],
          [
            138.472676,
            35.014691
          ],
          [
            138.47217,
            35.014505
          ],
          [
            138.471146,
            35.014153
          ],
          [
            138.47013,
            35.013803
          ],
          [
            138.469643,
            35.013643
          ],
          [
            138.468971,
            35.013395
          ],
          [
            138.468786,
            35.013322
          ],
          [
            138.467462,
            35.012849
          ],
          [
            138.467465,
            35.012845
          ],
          [
            138.467462,
            35.012849
          ],
          [
            138.466365,
            35.012528
          ],
          [
            138.466358,
            35.012526
          ],
          [
            138.465844,
            35.012356
          ],
          [
            138.465069,
            35.012114
          ],
          [
            138.46496,
            35.0121
          ],
          [
            138.46491,
            35.012084
          ],
          [
            138.46486,
            35.012069
          ],
          [
            138.464768,
            35.012006
          ],
          [
            138.464644,
            35.011887
          ],
          [
            138.464566,
            35.011834
          ],
          [
            138.46374,
            35.01139
          ],
          [
            138.463678,
            35.011361
          ],
          [
            138.463411,
            35.011233
          ],
          [
            138.462621,
            35.010909
          ],
          [
            138.462479,
            35.010867
          ],
          [
            138.46234,
            35.010838
          ],
          [
            138.461597,
            35.010729
          ],
          [
            138.461448,
            35.010687
          ],
          [
            138.460925,
            35.010539
          ],
          [
            138.460571,
            35.010448
          ],
          [
            138.460413,
            35.010417
          ],
          [
            138.460292,
            35.010412
          ],
          [
            138.460118,
            35.010423
          ],
          [
            138.459922,
            35.010452
          ],
          [
            138.459744,
            35.010513
          ],
          [
            138.4593,
            35.010739
          ],
          [
            138.459015,
            35.010892
          ],
          [
            138.458733,
            35.011027
          ],
          [
            138.458522,
            35.011096
          ],
          [
            138.458133,
            35.011159
          ],
          [
            138.458012,
            35.011156
          ],
          [
            138.457839,
            35.011127
          ],
          [
            138.45774,
            35.011095
          ],
          [
            138.457669,
            35.011054
          ],
          [
            138.457545,
            35.010984
          ],
          [
            138.457427,
            35.0109
          ],
          [
            138.457274,
            35.010761
          ],
          [
            138.457157,
            35.010668
          ],
          [
            138.456928,
            35.010456
          ],
          [
            138.456917,
            35.010464
          ],
          [
            138.456928,
            35.010456
          ],
          [
            138.456731,
            35.010266
          ],
          [
            138.456356,
            35.009865
          ],
          [
            138.456195,
            35.009677
          ],
          [
            138.455978,
            35.009386
          ],
          [
            138.455066,
            35.008309
          ],
          [
            138.454907,
            35.008105
          ],
          [
            138.454652,
            35.007823
          ],
          [
            138.454133,
            35.007191
          ],
          [
            138.45398,
            35.006992
          ],
          [
            138.453764,
            35.006697
          ],
          [
            138.453501,
            35.006235
          ],
          [
            138.453387,
            35.006066
          ],
          [
            138.453367,
            35.006052
          ],
          [
            138.45299,
            35.005784
          ],
          [
            138.451875,
            35.00497
          ],
          [
            138.451509,
            35.004711
          ],
          [
            138.45145,
            35.004671
          ],
          [
            138.450902,
            35.004296
          ],
          [
            138.450572,
            35.004087
          ],
          [
            138.450386,
            35.003994
          ],
          [
            138.450383,
            35.003997
          ],
          [
            138.450386,
            35.003994
          ],
          [
            138.450271,
            35.003936
          ],
          [
            138.449872,
            35.003774
          ],
          [
            138.44949,
            35.003639
          ],
          [
            138.449311,
            35.003597
          ],
          [
            138.448781,
            35.00347
          ],
          [
            138.447925,
            35.003301
          ],
          [
            138.447291,
            35.003172
          ],
          [
            138.446833,
            35.003052
          ],
          [
            138.446778,
            35.003035
          ],
          [
            138.446847,
            35.002939
          ],
          [
            138.447028,
            35.002666
          ],
          [
            138.447029,
            35.002665
          ],
          [
            138.446032,
            35.002137
          ],
          [
            138.445406,
            35.001819
          ],
          [
            138.444949,
            35.001587
          ],
          [
            138.444373,
            35.001157
          ],
          [
            138.443993,
            35.000884
          ],
          [
            138.443807,
            35.001023
          ]
        ]
      },
      "properties": {
        "schemaVersion": 2,
        "id": "edit-restored-section-ejiri-kusanagi-traced-2026-09-13",
        "featureRole": "variant",
        "order": 99,
        "title": "Ejiri-juku to Outside Kusanagi Station, retraced",
        "kind": "walking",
        "lengthKm": 4.342,
        "startAnchorId": "a-035",
        "endAnchorId": "a-036",
        "active": true,
        "rationale": "Road-snapped in gpx.studio at walking density. Rebuilt from the traced file after device storage was cleared on 2026-09-13.",
        "navigational": false,
        "demonstration": false,
        "source": "imported: section-ejiri-kusanagi-traced-2026-09-13.gpx",
        "confidence": "medium",
        "verification": "manually-traced",
        "lastChecked": null,
        "classification": "public"
      }
    },
    {
      "type": "Feature",
      "id": "edit-restored-section-hatchonawate-kanagawa-traced-2026-09-13",
      "geometry": {
        "type": "LineString",
        "coordinates": [
          [
            139.691713,
            35.523462
          ],
          [
            139.690408,
            35.522618
          ],
          [
            139.688766,
            35.52155
          ],
          [
            139.688587,
            35.52139
          ],
          [
            139.688593,
            35.521386
          ],
          [
            139.688587,
            35.52139
          ],
          [
            139.687664,
            35.52061
          ],
          [
            139.687458,
            35.520426
          ],
          [
            139.687143,
            35.520169
          ],
          [
            139.686475,
            35.519576
          ],
          [
            139.685789,
            35.518987
          ],
          [
            139.684238,
            35.517627
          ],
          [
            139.683741,
            35.517178
          ],
          [
            139.683425,
            35.51687
          ],
          [
            139.682873,
            35.516352
          ],
          [
            139.682856,
            35.516336
          ],
          [
            139.682246,
            35.515811
          ],
          [
            139.682002,
            35.515589
          ],
          [
            139.681657,
            35.515218
          ],
          [
            139.681567,
            35.5151
          ],
          [
            139.680772,
            35.513994
          ],
          [
            139.680739,
            35.513948
          ],
          [
            139.680738,
            35.513948
          ],
          [
            139.680286,
            35.513326
          ],
          [
            139.679372,
            35.512072
          ],
          [
            139.678876,
            35.511418
          ],
          [
            139.67838,
            35.510752
          ],
          [
            139.678126,
            35.51044
          ],
          [
            139.677897,
            35.510138
          ],
          [
            139.677807,
            35.509969
          ],
          [
            139.677802,
            35.509972
          ],
          [
            139.677807,
            35.509969
          ],
          [
            139.677809,
            35.509825
          ],
          [
            139.677875,
            35.509504
          ],
          [
            139.677916,
            35.509367
          ],
          [
            139.677965,
            35.509207
          ],
          [
            139.678156,
            35.508683
          ],
          [
            139.678232,
            35.508345
          ],
          [
            139.678238,
            35.508277
          ],
          [
            139.678261,
            35.507974
          ],
          [
            139.678248,
            35.507876
          ],
          [
            139.678272,
            35.507876
          ],
          [
            139.678777,
            35.507872
          ],
          [
            139.678712,
            35.507795
          ],
          [
            139.678696,
            35.507776
          ],
          [
            139.678375,
            35.507452
          ],
          [
            139.678373,
            35.507453
          ],
          [
            139.678375,
            35.507452
          ],
          [
            139.678134,
            35.506694
          ],
          [
            139.677687,
            35.505809
          ],
          [
            139.677566,
            35.5056
          ],
          [
            139.677549,
            35.505555
          ],
          [
            139.677526,
            35.50549
          ],
          [
            139.677392,
            35.505211
          ],
          [
            139.67731,
            35.505041
          ],
          [
            139.676892,
            35.504002
          ],
          [
            139.676793,
            35.503782
          ],
          [
            139.676805,
            35.503778
          ],
          [
            139.676793,
            35.503782
          ],
          [
            139.676479,
            35.50312
          ],
          [
            139.676285,
            35.502659
          ],
          [
            139.676275,
            35.502612
          ],
          [
            139.676263,
            35.502551
          ],
          [
            139.676282,
            35.502323
          ],
          [
            139.676323,
            35.501946
          ],
          [
            139.676338,
            35.501709
          ],
          [
            139.676278,
            35.501487
          ],
          [
            139.676133,
            35.501073
          ],
          [
            139.675914,
            35.500573
          ],
          [
            139.675729,
            35.500058
          ],
          [
            139.675548,
            35.499522
          ],
          [
            139.675363,
            35.49903
          ],
          [
            139.675231,
            35.498624
          ],
          [
            139.675143,
            35.498316
          ],
          [
            139.675061,
            35.498086
          ],
          [
            139.674903,
            35.497689
          ],
          [
            139.674901,
            35.49769
          ],
          [
            139.674567,
            35.496844
          ],
          [
            139.674435,
            35.496496
          ],
          [
            139.674354,
            35.496329
          ],
          [
            139.674233,
            35.496082
          ],
          [
            139.674115,
            35.495871
          ],
          [
            139.674021,
            35.495725
          ],
          [
            139.673903,
            35.495602
          ],
          [
            139.673711,
            35.495462
          ],
          [
            139.673715,
            35.495455
          ],
          [
            139.673711,
            35.495462
          ],
          [
            139.673069,
            35.495133
          ],
          [
            139.672728,
            35.494959
          ],
          [
            139.672373,
            35.494765
          ],
          [
            139.671819,
            35.494457
          ],
          [
            139.671505,
            35.494297
          ],
          [
            139.671507,
            35.494296
          ],
          [
            139.671152,
            35.494127
          ],
          [
            139.670571,
            35.493865
          ],
          [
            139.669608,
            35.493465
          ],
          [
            139.669562,
            35.493448
          ],
          [
            139.669205,
            35.493322
          ],
          [
            139.668718,
            35.493181
          ],
          [
            139.667813,
            35.492892
          ],
          [
            139.665743,
            35.49215
          ],
          [
            139.66408,
            35.4916
          ],
          [
            139.663926,
            35.491712
          ],
          [
            139.663816,
            35.491647
          ],
          [
            139.66316,
            35.491259
          ],
          [
            139.662895,
            35.491086
          ],
          [
            139.662696,
            35.490952
          ],
          [
            139.6617,
            35.490163
          ],
          [
            139.661332,
            35.489913
          ],
          [
            139.661013,
            35.489649
          ],
          [
            139.660597,
            35.489342
          ],
          [
            139.660286,
            35.489134
          ],
          [
            139.659776,
            35.488835
          ],
          [
            139.65901,
            35.488438
          ],
          [
            139.65906,
            35.488386
          ],
          [
            139.659157,
            35.488439
          ],
          [
            139.65906,
            35.488386
          ],
          [
            139.65901,
            35.488438
          ],
          [
            139.658343,
            35.488048
          ],
          [
            139.658061,
            35.487873
          ],
          [
            139.657723,
            35.487599
          ],
          [
            139.657324,
            35.487195
          ],
          [
            139.657045,
            35.486955
          ],
          [
            139.656694,
            35.486733
          ],
          [
            139.656503,
            35.486612
          ],
          [
            139.656031,
            35.486396
          ],
          [
            139.655691,
            35.486295
          ],
          [
            139.655681,
            35.486313
          ],
          [
            139.655682,
            35.486314
          ],
          [
            139.655681,
            35.486313
          ],
          [
            139.655691,
            35.486295
          ],
          [
            139.654886,
            35.486061
          ],
          [
            139.653571,
            35.485663
          ],
          [
            139.652782,
            35.485422
          ],
          [
            139.652324,
            35.485336
          ],
          [
            139.650807,
            35.485129
          ],
          [
            139.649954,
            35.484994
          ],
          [
            139.649955,
            35.484993
          ],
          [
            139.648645,
            35.484787
          ],
          [
            139.647902,
            35.484681
          ],
          [
            139.647667,
            35.48465
          ],
          [
            139.64695,
            35.484531
          ],
          [
            139.646762,
            35.484485
          ],
          [
            139.646278,
            35.484327
          ],
          [
            139.645852,
            35.484161
          ],
          [
            139.645568,
            35.484015
          ],
          [
            139.644898,
            35.483649
          ],
          [
            139.644549,
            35.483456
          ],
          [
            139.644129,
            35.48318
          ],
          [
            139.643178,
            35.482515
          ],
          [
            139.642853,
            35.482306
          ],
          [
            139.642452,
            35.482066
          ],
          [
            139.641903,
            35.481711
          ],
          [
            139.641201,
            35.481231
          ],
          [
            139.641051,
            35.481111
          ],
          [
            139.640822,
            35.480927
          ],
          [
            139.640681,
            35.480787
          ],
          [
            139.640062,
            35.480272
          ],
          [
            139.639965,
            35.480178
          ],
          [
            139.639544,
            35.479768
          ],
          [
            139.638995,
            35.479217
          ],
          [
            139.638484,
            35.478662
          ],
          [
            139.63819,
            35.478353
          ],
          [
            139.638275,
            35.478298
          ],
          [
            139.638044,
            35.478071
          ],
          [
            139.637608,
            35.477641
          ],
          [
            139.637527,
            35.477696
          ],
          [
            139.637011,
            35.477203
          ],
          [
            139.637028,
            35.477192
          ],
          [
            139.637011,
            35.477203
          ],
          [
            139.636381,
            35.476541
          ],
          [
            139.63569,
            35.475777
          ],
          [
            139.635242,
            35.475194
          ],
          [
            139.635106,
            35.475017
          ],
          [
            139.634623,
            35.474462
          ],
          [
            139.633516,
            35.473238
          ],
          [
            139.632468,
            35.472113
          ],
          [
            139.63215,
            35.47179
          ],
          [
            139.631666,
            35.471313
          ],
          [
            139.631621,
            35.471353
          ]
        ]
      },
      "properties": {
        "schemaVersion": 2,
        "id": "edit-restored-section-hatchonawate-kanagawa-traced-2026-09-13",
        "featureRole": "variant",
        "order": 99,
        "title": "Hatchonawate Station to Kanagawa-juku, retraced",
        "kind": "walking",
        "lengthKm": 8.629,
        "startAnchorId": "a-004",
        "endAnchorId": "a-005",
        "active": true,
        "rationale": "Road-snapped in gpx.studio at walking density. Rebuilt from the traced file after device storage was cleared on 2026-09-13.",
        "navigational": false,
        "demonstration": false,
        "source": "imported: section-hatchonawate-kanagawa-traced-2026-09-13.gpx",
        "confidence": "medium",
        "verification": "manually-traced",
        "lastChecked": null,
        "classification": "public"
      }
    },
    {
      "type": "Feature",
      "id": "edit-restored-section-mitsuke-tenryugawa-traced-2026-09-13",
      "geometry": {
        "type": "LineString",
        "coordinates": [
          [
            137.857561,
            34.726915
          ],
          [
            137.856958,
            34.726819
          ],
          [
            137.856952,
            34.726844
          ],
          [
            137.855014,
            34.726532
          ],
          [
            137.854025,
            34.72636
          ],
          [
            137.853807,
            34.726305
          ],
          [
            137.853365,
            34.726138
          ],
          [
            137.853131,
            34.726023
          ],
          [
            137.853154,
            34.725992
          ],
          [
            137.853203,
            34.725928
          ],
          [
            137.853258,
            34.725829
          ],
          [
            137.853327,
            34.725641
          ],
          [
            137.853345,
            34.725462
          ],
          [
            137.853335,
            34.725196
          ],
          [
            137.853105,
            34.723878
          ],
          [
            137.853105,
            34.723877
          ],
          [
            137.853033,
            34.723511
          ],
          [
            137.852914,
            34.722987
          ],
          [
            137.852926,
            34.723046
          ],
          [
            137.85299,
            34.722822
          ],
          [
            137.853195,
            34.72237
          ],
          [
            137.853262,
            34.722105
          ],
          [
            137.85331,
            34.721744
          ],
          [
            137.853306,
            34.721721
          ],
          [
            137.853296,
            34.72166
          ],
          [
            137.853248,
            34.72153
          ],
          [
            137.853159,
            34.721408
          ],
          [
            137.853028,
            34.721325
          ],
          [
            137.852614,
            34.721121
          ],
          [
            137.852614,
            34.721052
          ],
          [
            137.852613,
            34.720436
          ],
          [
            137.852626,
            34.718767
          ],
          [
            137.852616,
            34.718534
          ],
          [
            137.852558,
            34.717163
          ],
          [
            137.852516,
            34.716412
          ],
          [
            137.852486,
            34.715945
          ],
          [
            137.852484,
            34.715945
          ],
          [
            137.852374,
            34.714218
          ],
          [
            137.852303,
            34.713368
          ],
          [
            137.852195,
            34.71173
          ],
          [
            137.852201,
            34.711729
          ],
          [
            137.852195,
            34.71173
          ],
          [
            137.851619,
            34.711764
          ],
          [
            137.851394,
            34.711785
          ],
          [
            137.850239,
            34.711844
          ],
          [
            137.848921,
            34.711938
          ],
          [
            137.848893,
            34.71194
          ],
          [
            137.848812,
            34.711952
          ],
          [
            137.848678,
            34.711984
          ],
          [
            137.84834,
            34.71211
          ],
          [
            137.847731,
            34.712352
          ],
          [
            137.847034,
            34.712662
          ],
          [
            137.846905,
            34.712708
          ],
          [
            137.846869,
            34.712729
          ],
          [
            137.84617,
            34.71298
          ],
          [
            137.845415,
            34.713289
          ],
          [
            137.844849,
            34.713521
          ],
          [
            137.843835,
            34.713905
          ],
          [
            137.843287,
            34.714122
          ],
          [
            137.843158,
            34.714161
          ],
          [
            137.842501,
            34.714329
          ],
          [
            137.841593,
            34.714562
          ],
          [
            137.841405,
            34.714627
          ],
          [
            137.840486,
            34.715023
          ],
          [
            137.840357,
            34.715097
          ],
          [
            137.840344,
            34.71515
          ],
          [
            137.84032,
            34.715245
          ],
          [
            137.840101,
            34.715265
          ],
          [
            137.839913,
            34.715314
          ],
          [
            137.839526,
            34.71548
          ],
          [
            137.838548,
            34.7159
          ],
          [
            137.838293,
            34.716001
          ],
          [
            137.837515,
            34.716331
          ],
          [
            137.837206,
            34.716449
          ],
          [
            137.836203,
            34.716831
          ],
          [
            137.833962,
            34.71776
          ],
          [
            137.832774,
            34.718269
          ],
          [
            137.832161,
            34.718516
          ],
          [
            137.831863,
            34.718631
          ],
          [
            137.831416,
            34.718788
          ],
          [
            137.83112,
            34.718882
          ],
          [
            137.83112,
            34.718881
          ],
          [
            137.829864,
            34.719279
          ],
          [
            137.828903,
            34.7196
          ],
          [
            137.828203,
            34.719886
          ],
          [
            137.82734,
            34.720272
          ],
          [
            137.827079,
            34.720369
          ],
          [
            137.826563,
            34.720612
          ],
          [
            137.826069,
            34.720826
          ],
          [
            137.825733,
            34.72096
          ],
          [
            137.825341,
            34.721093
          ],
          [
            137.824311,
            34.721489
          ],
          [
            137.82373,
            34.721704
          ],
          [
            137.823136,
            34.721943
          ],
          [
            137.82253,
            34.722145
          ],
          [
            137.822233,
            34.722243
          ],
          [
            137.822027,
            34.722365
          ],
          [
            137.821957,
            34.722387
          ],
          [
            137.821127,
            34.722647
          ],
          [
            137.820426,
            34.722911
          ],
          [
            137.820428,
            34.722914
          ],
          [
            137.820426,
            34.722911
          ],
          [
            137.819942,
            34.723054
          ],
          [
            137.81932,
            34.72316
          ],
          [
            137.818886,
            34.723201
          ],
          [
            137.817539,
            34.723221
          ],
          [
            137.816876,
            34.723256
          ],
          [
            137.816273,
            34.723257
          ],
          [
            137.816269,
            34.723257
          ],
          [
            137.815409,
            34.723254
          ],
          [
            137.813605,
            34.723149
          ],
          [
            137.813202,
            34.723147
          ],
          [
            137.813179,
            34.723146
          ],
          [
            137.81324,
            34.723364
          ],
          [
            137.813251,
            34.723477
          ],
          [
            137.81324,
            34.723714
          ],
          [
            137.813237,
            34.723765
          ],
          [
            137.813376,
            34.72463
          ],
          [
            137.813416,
            34.724763
          ],
          [
            137.813462,
            34.724863
          ],
          [
            137.813508,
            34.724963
          ],
          [
            137.813609,
            34.725119
          ],
          [
            137.814054,
            34.725729
          ],
          [
            137.814083,
            34.725781
          ],
          [
            137.814178,
            34.725953
          ],
          [
            137.814294,
            34.726214
          ],
          [
            137.814327,
            34.72635
          ],
          [
            137.814342,
            34.726531
          ],
          [
            137.814345,
            34.726531
          ],
          [
            137.814342,
            34.726531
          ],
          [
            137.814334,
            34.726908
          ],
          [
            137.814307,
            34.727395
          ],
          [
            137.814292,
            34.727676
          ],
          [
            137.814285,
            34.728021
          ],
          [
            137.814324,
            34.728599
          ],
          [
            137.81432,
            34.728977
          ],
          [
            137.814307,
            34.729147
          ],
          [
            137.814263,
            34.729453
          ],
          [
            137.81424,
            34.729555
          ],
          [
            137.81408,
            34.730086
          ],
          [
            137.814018,
            34.730397
          ],
          [
            137.813881,
            34.730407
          ],
          [
            137.813693,
            34.730799
          ],
          [
            137.813685,
            34.730817
          ],
          [
            137.813744,
            34.73087
          ],
          [
            137.813672,
            34.730919
          ],
          [
            137.813411,
            34.7315
          ],
          [
            137.813366,
            34.731582
          ],
          [
            137.81336,
            34.731626
          ],
          [
            137.81335,
            34.73169
          ],
          [
            137.813334,
            34.732356
          ],
          [
            137.813364,
            34.732669
          ],
          [
            137.813476,
            34.733244
          ],
          [
            137.813479,
            34.733296
          ],
          [
            137.81348,
            34.733296
          ],
          [
            137.813487,
            34.733421
          ],
          [
            137.813463,
            34.733597
          ],
          [
            137.813356,
            34.733876
          ],
          [
            137.81328,
            34.734138
          ],
          [
            137.813296,
            34.734139
          ],
          [
            137.81328,
            34.734138
          ],
          [
            137.813219,
            34.734654
          ],
          [
            137.813116,
            34.735182
          ],
          [
            137.813068,
            34.735539
          ],
          [
            137.813073,
            34.735676
          ],
          [
            137.813107,
            34.736734
          ],
          [
            137.813057,
            34.73691
          ],
          [
            137.813051,
            34.737034
          ],
          [
            137.812859,
            34.737119
          ],
          [
            137.812794,
            34.737139
          ],
          [
            137.812741,
            34.737135
          ],
          [
            137.812698,
            34.737104
          ],
          [
            137.81258,
            34.736856
          ],
          [
            137.812523,
            34.736736
          ],
          [
            137.81243,
            34.736687
          ],
          [
            137.812598,
            34.737219
          ],
          [
            137.81243,
            34.736687
          ],
          [
            137.812369,
            34.73647
          ],
          [
            137.812059,
            34.735217
          ],
          [
            137.811975,
            34.734751
          ],
          [
            137.811875,
            34.734205
          ],
          [
            137.811745,
            34.733277
          ],
          [
            137.811697,
            34.732927
          ],
          [
            137.8115,
            34.731497
          ],
          [
            137.811395,
            34.73057
          ],
          [
            137.811374,
            34.730318
          ],
          [
            137.811356,
            34.730101
          ],
          [
            137.811348,
            34.729523
          ],
          [
            137.81139,
            34.728722
          ],
          [
            137.811404,
            34.728352
          ],
          [
            137.811192,
            34.727533
          ],
          [
            137.811122,
            34.727304
          ],
          [
            137.810709,
            34.726491
          ],
          [
            137.810705,
            34.726512
          ],
          [
            137.810676,
            34.72669
          ],
          [
            137.810804,
            34.727259
          ],
          [
            137.810924,
            34.727792
          ],
          [
            137.81099,
            34.728051
          ],
          [
            137.811056,
            34.728307
          ]
        ]
      },
      "properties": {
        "schemaVersion": 2,
        "id": "edit-restored-section-mitsuke-tenryugawa-traced-2026-09-13",
        "featureRole": "variant",
        "order": 99,
        "title": "Mitsuke-juku to Tenryugawa Bridge, retraced",
        "kind": "walking",
        "lengthKm": 9.099,
        "startAnchorId": "a-051",
        "endAnchorId": "a-052",
        "active": true,
        "rationale": "Road-snapped in gpx.studio at walking density. Rebuilt from the traced file after device storage was cleared on 2026-09-13.",
        "navigational": false,
        "demonstration": false,
        "source": "imported: section-mitsuke-tenryugawa-traced-2026-09-13.gpx",
        "confidence": "medium",
        "verification": "manually-traced",
        "lastChecked": null,
        "classification": "public"
      }
    },
    {
      "type": "Feature",
      "id": "edit-restored-section-mishima-numazu-traced-2026-09-13",
      "geometry": {
        "type": "LineString",
        "coordinates": [
          [
            138.914593,
            35.119386
          ],
          [
            138.911621,
            35.118812
          ],
          [
            138.910645,
            35.118509
          ],
          [
            138.909985,
            35.118189
          ],
          [
            138.908826,
            35.117565
          ],
          [
            138.906021,
            35.116223
          ],
          [
            138.905371,
            35.115938
          ],
          [
            138.903912,
            35.115042
          ],
          [
            138.900758,
            35.113265
          ],
          [
            138.900753,
            35.11327
          ],
          [
            138.90064,
            35.113194
          ],
          [
            138.900508,
            35.11307
          ],
          [
            138.898963,
            35.11142
          ],
          [
            138.89825,
            35.110706
          ],
          [
            138.897651,
            35.110058
          ],
          [
            138.897518,
            35.109943
          ],
          [
            138.896695,
            35.109046
          ],
          [
            138.896173,
            35.108516
          ],
          [
            138.89574,
            35.108032
          ],
          [
            138.895404,
            35.107619
          ],
          [
            138.895366,
            35.107582
          ],
          [
            138.895313,
            35.107561
          ],
          [
            138.895261,
            35.107541
          ],
          [
            138.894179,
            35.107229
          ],
          [
            138.89311,
            35.106954
          ],
          [
            138.893109,
            35.106954
          ],
          [
            138.892674,
            35.106844
          ],
          [
            138.892396,
            35.106736
          ],
          [
            138.891529,
            35.106365
          ],
          [
            138.890327,
            35.105936
          ],
          [
            138.889759,
            35.105675
          ],
          [
            138.889478,
            35.105522
          ],
          [
            138.889336,
            35.10545
          ],
          [
            138.889236,
            35.10541
          ],
          [
            138.889198,
            35.105395
          ],
          [
            138.88904,
            35.105366
          ],
          [
            138.888828,
            35.105359
          ],
          [
            138.88768,
            35.105366
          ],
          [
            138.887855,
            35.105365
          ],
          [
            138.887254,
            35.105368
          ],
          [
            138.886848,
            35.105357
          ],
          [
            138.886433,
            35.105325
          ],
          [
            138.885879,
            35.105235
          ],
          [
            138.884737,
            35.105023
          ],
          [
            138.883997,
            35.104876
          ],
          [
            138.883682,
            35.104821
          ],
          [
            138.882666,
            35.104657
          ],
          [
            138.881457,
            35.104411
          ],
          [
            138.881456,
            35.104416
          ],
          [
            138.881457,
            35.104411
          ],
          [
            138.881362,
            35.104398
          ],
          [
            138.881296,
            35.104399
          ],
          [
            138.881186,
            35.104436
          ],
          [
            138.881094,
            35.104491
          ],
          [
            138.881081,
            35.104499
          ],
          [
            138.880058,
            35.104015
          ],
          [
            138.879563,
            35.103781
          ],
          [
            138.879277,
            35.103628
          ],
          [
            138.879049,
            35.103501
          ],
          [
            138.878626,
            35.103221
          ],
          [
            138.876163,
            35.10153
          ],
          [
            138.875598,
            35.10115
          ],
          [
            138.875307,
            35.100981
          ],
          [
            138.875075,
            35.100846
          ],
          [
            138.874592,
            35.100649
          ],
          [
            138.874307,
            35.10056
          ],
          [
            138.874348,
            35.100487
          ],
          [
            138.874303,
            35.100417
          ],
          [
            138.873245,
            35.099926
          ],
          [
            138.872642,
            35.099667
          ],
          [
            138.872033,
            35.099493
          ],
          [
            138.871747,
            35.099441
          ],
          [
            138.871349,
            35.099369
          ],
          [
            138.870763,
            35.099286
          ],
          [
            138.870199,
            35.09924
          ],
          [
            138.869673,
            35.099183
          ],
          [
            138.86952,
            35.099191
          ],
          [
            138.869142,
            35.099223
          ],
          [
            138.868969,
            35.099253
          ],
          [
            138.868962,
            35.099256
          ],
          [
            138.868222,
            35.099538
          ],
          [
            138.867948,
            35.099613
          ],
          [
            138.867807,
            35.099636
          ],
          [
            138.867058,
            35.099682
          ],
          [
            138.866831,
            35.099793
          ],
          [
            138.866798,
            35.099792
          ],
          [
            138.865354,
            35.099711
          ],
          [
            138.863696,
            35.099635
          ],
          [
            138.862835,
            35.099571
          ],
          [
            138.862334,
            35.099499
          ],
          [
            138.861499,
            35.099365
          ],
          [
            138.861136,
            35.099291
          ],
          [
            138.861136,
            35.099292
          ],
          [
            138.861136,
            35.099291
          ],
          [
            138.861092,
            35.099282
          ],
          [
            138.86106,
            35.099192
          ],
          [
            138.860967,
            35.099049
          ],
          [
            138.860621,
            35.098615
          ],
          [
            138.860504,
            35.098524
          ],
          [
            138.860479,
            35.098505
          ],
          [
            138.85987,
            35.09826
          ],
          [
            138.859481,
            35.098077
          ],
          [
            138.859285,
            35.098019
          ],
          [
            138.859211,
            35.098012
          ],
          [
            138.858891,
            35.098053
          ],
          [
            138.85856,
            35.098124
          ],
          [
            138.858552,
            35.098104
          ],
          [
            138.85854,
            35.098107
          ],
          [
            138.858552,
            35.098104
          ],
          [
            138.858179,
            35.097203
          ],
          [
            138.857853,
            35.096296
          ],
          [
            138.857839,
            35.096248
          ],
          [
            138.857259,
            35.096348
          ],
          [
            138.857017,
            35.096381
          ],
          [
            138.856828,
            35.096455
          ],
          [
            138.856804,
            35.096459
          ]
        ]
      },
      "properties": {
        "schemaVersion": 2,
        "id": "edit-restored-section-mishima-numazu-traced-2026-09-13",
        "featureRole": "variant",
        "order": 99,
        "title": "Mishima-juku to Numazu-juku, retraced",
        "kind": "walking",
        "lengthKm": 6.283,
        "startAnchorId": "a-023",
        "endAnchorId": "a-024",
        "active": true,
        "rationale": "Road-snapped in gpx.studio at walking density. Rebuilt from the traced file after device storage was cleared on 2026-09-13.",
        "navigational": false,
        "demonstration": false,
        "source": "imported: section-mishima-numazu-traced-2026-09-13.gpx",
        "confidence": "medium",
        "verification": "manually-traced",
        "lastChecked": null,
        "classification": "public"
      }
    },
    {
      "type": "Feature",
      "id": "edit-restored-section-fuchu-abekawa-traced-2026-09-13",
      "geometry": {
        "type": "LineString",
        "coordinates": [
          [
            138.389657,
            34.975319
          ],
          [
            138.38823,
            34.97484
          ],
          [
            138.387832,
            34.974718
          ],
          [
            138.387709,
            34.974688
          ],
          [
            138.387455,
            34.974649
          ],
          [
            138.38736,
            34.974647
          ],
          [
            138.387238,
            34.974645
          ],
          [
            138.386937,
            34.974663
          ],
          [
            138.385926,
            34.974817
          ],
          [
            138.385692,
            34.974868
          ],
          [
            138.385516,
            34.974828
          ],
          [
            138.385554,
            34.974873
          ],
          [
            138.385549,
            34.974876
          ],
          [
            138.384723,
            34.973663
          ],
          [
            138.382781,
            34.974489
          ],
          [
            138.38174,
            34.97492
          ],
          [
            138.380173,
            34.972459
          ],
          [
            138.379669,
            34.971645
          ],
          [
            138.377647,
            34.972472
          ],
          [
            138.377646,
            34.97247
          ],
          [
            138.377664,
            34.972463
          ],
          [
            138.377462,
            34.972123
          ],
          [
            138.377284,
            34.971849
          ],
          [
            138.376564,
            34.970736
          ],
          [
            138.376008,
            34.969897
          ],
          [
            138.375059,
            34.96842
          ],
          [
            138.374081,
            34.966922
          ],
          [
            138.373228,
            34.965727
          ],
          [
            138.372124,
            34.964252
          ],
          [
            138.372116,
            34.964256
          ],
          [
            138.372124,
            34.964252
          ],
          [
            138.371674,
            34.963776
          ],
          [
            138.371255,
            34.963408
          ],
          [
            138.37109,
            34.963336
          ],
          [
            138.370838,
            34.963125
          ],
          [
            138.370661,
            34.96294
          ],
          [
            138.370127,
            34.962424
          ],
          [
            138.369788,
            34.962157
          ],
          [
            138.369701,
            34.962012
          ],
          [
            138.369506,
            34.961747
          ],
          [
            138.369468,
            34.961706
          ],
          [
            138.369365,
            34.961634
          ],
          [
            138.36641,
            34.958667
          ],
          [
            138.365757,
            34.958029
          ]
        ]
      },
      "properties": {
        "schemaVersion": 2,
        "id": "edit-restored-section-fuchu-abekawa-traced-2026-09-13",
        "featureRole": "variant",
        "order": 99,
        "title": "Fuchu-juku to Abekawa Bridge, retraced",
        "kind": "walking",
        "lengthKm": 3.43,
        "startAnchorId": "a-037",
        "endAnchorId": "a-038",
        "active": true,
        "rationale": "Road-snapped in gpx.studio at walking density. Rebuilt from the traced file after device storage was cleared on 2026-09-13.",
        "navigational": false,
        "demonstration": false,
        "source": "imported: section-fuchu-abekawa-traced-2026-09-13.gpx",
        "confidence": "medium",
        "verification": "manually-traced",
        "lastChecked": null,
        "classification": "public"
      }
    },
    {
      "type": "Feature",
      "id": "edit-restored-section-kanbara-yui-traced-2026-09-13",
      "geometry": {
        "type": "LineString",
        "coordinates": [
          [
            138.605661,
            35.120132
          ],
          [
            138.604288,
            35.119931
          ],
          [
            138.603489,
            35.119768
          ],
          [
            138.603488,
            35.11977
          ],
          [
            138.603013,
            35.119622
          ],
          [
            138.602206,
            35.119341
          ],
          [
            138.601556,
            35.11915
          ],
          [
            138.601551,
            35.119148
          ],
          [
            138.60157,
            35.118612
          ],
          [
            138.60156,
            35.118411
          ],
          [
            138.60156,
            35.117703
          ],
          [
            138.601552,
            35.117702
          ],
          [
            138.60004,
            35.117485
          ],
          [
            138.599562,
            35.117425
          ],
          [
            138.598723,
            35.117348
          ],
          [
            138.598311,
            35.117304
          ],
          [
            138.598099,
            35.117273
          ],
          [
            138.598098,
            35.117276
          ],
          [
            138.598099,
            35.117273
          ],
          [
            138.597392,
            35.117147
          ],
          [
            138.59647,
            35.116958
          ],
          [
            138.595998,
            35.116846
          ],
          [
            138.595097,
            35.116625
          ],
          [
            138.594988,
            35.116605
          ],
          [
            138.593527,
            35.116356
          ],
          [
            138.592616,
            35.116224
          ],
          [
            138.592177,
            35.11615
          ],
          [
            138.591426,
            35.116006
          ],
          [
            138.590191,
            35.115733
          ],
          [
            138.589749,
            35.115654
          ],
          [
            138.58935,
            35.115609
          ],
          [
            138.588567,
            35.115504
          ],
          [
            138.587654,
            35.115367
          ],
          [
            138.587081,
            35.115271
          ],
          [
            138.586702,
            35.115219
          ],
          [
            138.585505,
            35.11509
          ],
          [
            138.584338,
            35.114907
          ],
          [
            138.583896,
            35.114863
          ],
          [
            138.583677,
            35.114851
          ],
          [
            138.583292,
            35.114815
          ],
          [
            138.58286,
            35.114755
          ],
          [
            138.582213,
            35.114646
          ],
          [
            138.581241,
            35.114482
          ],
          [
            138.580633,
            35.114353
          ],
          [
            138.580396,
            35.114295
          ],
          [
            138.579626,
            35.11409
          ],
          [
            138.578168,
            35.11357
          ],
          [
            138.578168,
            35.113569
          ],
          [
            138.576847,
            35.113122
          ],
          [
            138.576366,
            35.112931
          ],
          [
            138.576131,
            35.112822
          ],
          [
            138.575758,
            35.112633
          ],
          [
            138.575423,
            35.112448
          ],
          [
            138.575178,
            35.112313
          ],
          [
            138.574469,
            35.111881
          ],
          [
            138.574227,
            35.111763
          ],
          [
            138.573967,
            35.111656
          ],
          [
            138.573963,
            35.111654
          ],
          [
            138.573892,
            35.111535
          ],
          [
            138.573109,
            35.111057
          ],
          [
            138.571751,
            35.110118
          ],
          [
            138.571561,
            35.109986
          ],
          [
            138.571167,
            35.109698
          ],
          [
            138.570976,
            35.109598
          ],
          [
            138.570598,
            35.109474
          ],
          [
            138.570432,
            35.109391
          ],
          [
            138.570238,
            35.109265
          ],
          [
            138.569804,
            35.108952
          ],
          [
            138.56958,
            35.108764
          ],
          [
            138.569486,
            35.108645
          ],
          [
            138.56919,
            35.108464
          ],
          [
            138.567707,
            35.107654
          ],
          [
            138.566987,
            35.107275
          ]
        ]
      },
      "properties": {
        "schemaVersion": 2,
        "id": "edit-restored-section-kanbara-yui-traced-2026-09-13",
        "featureRole": "variant",
        "order": 99,
        "title": "Kanbara-juku to Yui-shuku, retraced",
        "kind": "walking",
        "lengthKm": 3.981,
        "startAnchorId": "a-029",
        "endAnchorId": "a-030",
        "active": true,
        "rationale": "Road-snapped in gpx.studio at walking density. Rebuilt from the traced file after device storage was cleared on 2026-09-13.",
        "navigational": false,
        "demonstration": false,
        "source": "imported: section-kanbara-yui-traced-2026-09-13.gpx",
        "confidence": "medium",
        "verification": "manually-traced",
        "lastChecked": null,
        "classification": "public"
      }
    },
    {
      "type": "Feature",
      "id": "edit-restored-section-yui-yuistation-traced-2026-09-13",
      "geometry": {
        "type": "LineString",
        "coordinates": [
          [
            138.566987,
            35.107275
          ],
          [
            138.566704,
            35.107125
          ],
          [
            138.56627,
            35.106888
          ],
          [
            138.565388,
            35.106431
          ],
          [
            138.564505,
            35.106
          ],
          [
            138.563965,
            35.105736
          ],
          [
            138.563417,
            35.105468
          ],
          [
            138.562275,
            35.104966
          ],
          [
            138.561425,
            35.104616
          ],
          [
            138.560645,
            35.104307
          ],
          [
            138.560119,
            35.104119
          ],
          [
            138.559788,
            35.103963
          ],
          [
            138.559518,
            35.10386
          ],
          [
            138.558852,
            35.103655
          ],
          [
            138.558688,
            35.103587
          ],
          [
            138.558254,
            35.103371
          ],
          [
            138.55791,
            35.103219
          ],
          [
            138.55762,
            35.103115
          ],
          [
            138.557426,
            35.103037
          ],
          [
            138.556897,
            35.102769
          ],
          [
            138.556653,
            35.10264
          ],
          [
            138.556189,
            35.102258
          ],
          [
            138.555318,
            35.101452
          ],
          [
            138.55508,
            35.101102
          ],
          [
            138.554749,
            35.100419
          ],
          [
            138.554473,
            35.099715
          ],
          [
            138.554392,
            35.099559
          ],
          [
            138.554304,
            35.099424
          ],
          [
            138.553494,
            35.098365
          ],
          [
            138.552916,
            35.097834
          ],
          [
            138.552807,
            35.097693
          ],
          [
            138.552377,
            35.097084
          ],
          [
            138.551841,
            35.096318
          ]
        ]
      },
      "properties": {
        "schemaVersion": 2,
        "id": "edit-restored-section-yui-yuistation-traced-2026-09-13",
        "featureRole": "variant",
        "order": 99,
        "title": "Yui-shuku to Yui Station, retraced",
        "kind": "walking",
        "lengthKm": 1.911,
        "startAnchorId": "a-030",
        "endAnchorId": "a-031",
        "active": true,
        "rationale": "Road-snapped in gpx.studio at walking density. Rebuilt from the traced file after device storage was cleared on 2026-09-13.",
        "navigational": false,
        "demonstration": false,
        "source": "imported: section-yui-yuistation-traced-2026-09-13.gpx",
        "confidence": "medium",
        "verification": "manually-traced",
        "lastChecked": null,
        "classification": "public"
      }
    },
    {
      "type": "Feature",
      "id": "edit-section-abekawa-mariko-traced-2026-09-14",
      "geometry": {
        "type": "LineString",
        "coordinates": [
          [
            138.365757,
            34.958029
          ],
          [
            138.36541,
            34.957651
          ],
          [
            138.364631,
            34.956879
          ],
          [
            138.364584,
            34.95682
          ],
          [
            138.364542,
            34.95675
          ],
          [
            138.363885,
            34.955046
          ],
          [
            138.363387,
            34.953818
          ],
          [
            138.363304,
            34.953666
          ],
          [
            138.36321,
            34.953488
          ],
          [
            138.362751,
            34.95294
          ],
          [
            138.361523,
            34.951359
          ],
          [
            138.360685,
            34.950318
          ],
          [
            138.360361,
            34.949901
          ],
          [
            138.36012,
            34.949614
          ],
          [
            138.359976,
            34.949472
          ],
          [
            138.359961,
            34.949447
          ],
          [
            138.35996,
            34.949448
          ],
          [
            138.359961,
            34.949447
          ],
          [
            138.359976,
            34.949472
          ],
          [
            138.359108,
            34.948994
          ],
          [
            138.358862,
            34.94885
          ],
          [
            138.35805,
            34.948393
          ],
          [
            138.3579,
            34.948251
          ],
          [
            138.357851,
            34.948204
          ],
          [
            138.357692,
            34.947941
          ],
          [
            138.357427,
            34.947561
          ],
          [
            138.357228,
            34.947157
          ],
          [
            138.357014,
            34.946765
          ],
          [
            138.356979,
            34.946719
          ],
          [
            138.356853,
            34.946552
          ],
          [
            138.356749,
            34.946439
          ],
          [
            138.356461,
            34.946164
          ],
          [
            138.356261,
            34.945985
          ],
          [
            138.356042,
            34.945798
          ],
          [
            138.355902,
            34.945698
          ],
          [
            138.355587,
            34.945455
          ],
          [
            138.355251,
            34.945232
          ],
          [
            138.35523,
            34.945187
          ],
          [
            138.355229,
            34.94511
          ],
          [
            138.355242,
            34.945029
          ],
          [
            138.35524,
            34.945029
          ],
          [
            138.355073,
            34.94501
          ],
          [
            138.354897,
            34.945001
          ],
          [
            138.354624,
            34.945011
          ],
          [
            138.354516,
            34.945025
          ],
          [
            138.354336,
            34.945068
          ],
          [
            138.354204,
            34.945113
          ],
          [
            138.353424,
            34.945456
          ],
          [
            138.353129,
            34.945567
          ],
          [
            138.352897,
            34.945633
          ],
          [
            138.352748,
            34.945663
          ],
          [
            138.352459,
            34.945707
          ],
          [
            138.352292,
            34.945746
          ],
          [
            138.352206,
            34.945775
          ],
          [
            138.352117,
            34.945805
          ],
          [
            138.351887,
            34.945901
          ],
          [
            138.351542,
            34.946084
          ],
          [
            138.349983,
            34.946812
          ],
          [
            138.349895,
            34.946872
          ],
          [
            138.349822,
            34.946938
          ],
          [
            138.349749,
            34.947037
          ],
          [
            138.349726,
            34.947097
          ],
          [
            138.34961,
            34.94708
          ],
          [
            138.349522,
            34.947087
          ],
          [
            138.349447,
            34.947107
          ],
          [
            138.349355,
            34.947166
          ],
          [
            138.348658,
            34.947746
          ],
          [
            138.34841,
            34.94794
          ],
          [
            138.34812,
            34.948128
          ],
          [
            138.348121,
            34.948129
          ],
          [
            138.34812,
            34.948128
          ],
          [
            138.347834,
            34.948274
          ],
          [
            138.347593,
            34.948368
          ],
          [
            138.347463,
            34.948405
          ],
          [
            138.347386,
            34.948416
          ],
          [
            138.347329,
            34.948424
          ],
          [
            138.346857,
            34.948447
          ],
          [
            138.346571,
            34.948478
          ],
          [
            138.346448,
            34.948499
          ],
          [
            138.346448,
            34.948498
          ],
          [
            138.346187,
            34.948556
          ],
          [
            138.345993,
            34.948623
          ],
          [
            138.345582,
            34.948803
          ],
          [
            138.345312,
            34.948896
          ],
          [
            138.345128,
            34.948938
          ],
          [
            138.344679,
            34.949007
          ],
          [
            138.344276,
            34.949031
          ],
          [
            138.34384,
            34.949034
          ],
          [
            138.343218,
            34.949095
          ],
          [
            138.342676,
            34.949159
          ],
          [
            138.342401,
            34.949187
          ],
          [
            138.342128,
            34.949223
          ],
          [
            138.341421,
            34.949364
          ],
          [
            138.340613,
            34.949542
          ]
        ]
      },
      "properties": {
        "schemaVersion": 2,
        "id": "edit-section-abekawa-mariko-traced-2026-09-14",
        "featureRole": "variant",
        "order": 99,
        "title": "Abekawa Bridge to Mariko-juku, retraced",
        "kind": "walking",
        "lengthKm": 3.251,
        "startAnchorId": "a-038",
        "endAnchorId": "a-039",
        "active": true,
        "rationale": "Road-snapped in gpx.studio at walking density.",
        "navigational": false,
        "demonstration": false,
        "source": "imported: section-abekawa-mariko-traced-2026-09-14.gpx",
        "confidence": "medium",
        "verification": "manually-traced",
        "lastChecked": null,
        "classification": "public"
      }
    },
    {
      "type": "Feature",
      "id": "edit-section-kozu-odawara-traced-2026-09-14",
      "geometry": {
        "type": "LineString",
        "coordinates": [
          [
            139.212647,
            35.28015
          ],
          [
            139.20976,
            35.279694
          ],
          [
            139.208613,
            35.279512
          ],
          [
            139.208203,
            35.279462
          ],
          [
            139.207876,
            35.279409
          ],
          [
            139.207545,
            35.279325
          ],
          [
            139.207262,
            35.279241
          ],
          [
            139.205935,
            35.278815
          ],
          [
            139.205634,
            35.278707
          ],
          [
            139.205304,
            35.278589
          ],
          [
            139.20506,
            35.278486
          ],
          [
            139.204741,
            35.278302
          ],
          [
            139.204415,
            35.278089
          ],
          [
            139.204343,
            35.278023
          ],
          [
            139.20433,
            35.278032
          ],
          [
            139.204343,
            35.278023
          ],
          [
            139.20414,
            35.277837
          ],
          [
            139.203443,
            35.276853
          ],
          [
            139.203015,
            35.276075
          ],
          [
            139.202798,
            35.275713
          ],
          [
            139.202325,
            35.275105
          ],
          [
            139.201816,
            35.274408
          ],
          [
            139.201625,
            35.274202
          ],
          [
            139.201479,
            35.274043
          ],
          [
            139.200664,
            35.273325
          ],
          [
            139.200089,
            35.272853
          ],
          [
            139.199897,
            35.272709
          ],
          [
            139.199737,
            35.272604
          ],
          [
            139.19937,
            35.272327
          ],
          [
            139.19916,
            35.272176
          ],
          [
            139.199059,
            35.272104
          ],
          [
            139.198072,
            35.271406
          ],
          [
            139.198076,
            35.271402
          ],
          [
            139.198072,
            35.271406
          ],
          [
            139.19687,
            35.270558
          ],
          [
            139.195909,
            35.26995
          ],
          [
            139.194371,
            35.269001
          ],
          [
            139.194089,
            35.268846
          ],
          [
            139.193616,
            35.268569
          ],
          [
            139.193024,
            35.268259
          ],
          [
            139.192664,
            35.268078
          ],
          [
            139.191584,
            35.267591
          ],
          [
            139.19081,
            35.267285
          ],
          [
            139.189688,
            35.266873
          ],
          [
            139.188929,
            35.266603
          ],
          [
            139.187678,
            35.266168
          ],
          [
            139.186579,
            35.265845
          ],
          [
            139.185645,
            35.26556
          ],
          [
            139.183688,
            35.264987
          ],
          [
            139.183368,
            35.264872
          ],
          [
            139.183093,
            35.264765
          ],
          [
            139.182726,
            35.264563
          ],
          [
            139.182651,
            35.264514
          ],
          [
            139.182482,
            35.264379
          ],
          [
            139.180519,
            35.262603
          ],
          [
            139.179985,
            35.262006
          ],
          [
            139.179807,
            35.261819
          ],
          [
            139.17963,
            35.261632
          ],
          [
            139.179096,
            35.261138
          ],
          [
            139.178786,
            35.260867
          ],
          [
            139.178195,
            35.260327
          ],
          [
            139.178175,
            35.260309
          ],
          [
            139.178346,
            35.25978
          ],
          [
            139.178392,
            35.259736
          ],
          [
            139.17834,
            35.259705
          ],
          [
            139.178345,
            35.259699
          ],
          [
            139.17834,
            35.259705
          ],
          [
            139.178262,
            35.259659
          ],
          [
            139.177919,
            35.259548
          ],
          [
            139.176989,
            35.259226
          ],
          [
            139.176837,
            35.259113
          ],
          [
            139.176162,
            35.258651
          ],
          [
            139.174911,
            35.257816
          ],
          [
            139.174732,
            35.257699
          ],
          [
            139.172678,
            35.25667
          ],
          [
            139.17267,
            35.256681
          ],
          [
            139.172678,
            35.25667
          ],
          [
            139.172328,
            35.256521
          ],
          [
            139.172008,
            35.256401
          ],
          [
            139.170435,
            35.25597
          ],
          [
            139.170376,
            35.255958
          ],
          [
            139.170088,
            35.255835
          ],
          [
            139.169549,
            35.255521
          ],
          [
            139.168116,
            35.254732
          ],
          [
            139.167721,
            35.2545
          ],
          [
            139.16734,
            35.254246
          ],
          [
            139.167332,
            35.254254
          ],
          [
            139.166485,
            35.253671
          ],
          [
            139.16532,
            35.2529
          ],
          [
            139.165058,
            35.252629
          ],
          [
            139.165064,
            35.252626
          ],
          [
            139.165074,
            35.252638
          ],
          [
            139.165941,
            35.251943
          ],
          [
            139.165918,
            35.251961
          ],
          [
            139.164887,
            35.251148
          ],
          [
            139.162637,
            35.249428
          ],
          [
            139.162453,
            35.249326
          ],
          [
            139.161797,
            35.249054
          ],
          [
            139.160015,
            35.248439
          ]
        ]
      },
      "properties": {
        "schemaVersion": 2,
        "id": "edit-section-kozu-odawara-traced-2026-09-14",
        "featureRole": "variant",
        "order": 99,
        "title": "Outside Kozu Station to Odawara-juku, retraced",
        "kind": "walking",
        "lengthKm": 6.295,
        "startAnchorId": "a-015",
        "endAnchorId": "a-016",
        "active": true,
        "rationale": "Road-snapped in gpx.studio at walking density.",
        "navigational": false,
        "demonstration": false,
        "source": "imported: section-kozu-odawara-traced-2026-09-14.gpx",
        "confidence": "medium",
        "verification": "manually-traced",
        "lastChecked": null,
        "classification": "public"
      }
    },
    {
      "type": "Feature",
      "id": "edit-section-rokugobashi-hatchonawate-traced-2026-09-13",
      "geometry": {
        "type": "LineString",
        "coordinates": [
          [
            139.70836,
            35.536005
          ],
          [
            139.708594,
            35.536003
          ],
          [
            139.708586,
            35.535946
          ],
          [
            139.708512,
            35.535944
          ],
          [
            139.708508,
            35.535895
          ],
          [
            139.708448,
            35.53586
          ],
          [
            139.708423,
            35.53583
          ],
          [
            139.708398,
            35.535748
          ],
          [
            139.708303,
            35.535378
          ],
          [
            139.708188,
            35.53542
          ],
          [
            139.70799,
            35.535462
          ],
          [
            139.70786,
            35.535465
          ],
          [
            139.707745,
            35.535431
          ],
          [
            139.707751,
            35.535421
          ],
          [
            139.707745,
            35.535431
          ],
          [
            139.707342,
            35.535254
          ],
          [
            139.707038,
            35.535093
          ],
          [
            139.70628,
            35.53467
          ],
          [
            139.706177,
            35.534603
          ],
          [
            139.705477,
            35.534205
          ],
          [
            139.704841,
            35.533827
          ],
          [
            139.703993,
            35.533339
          ],
          [
            139.703197,
            35.532854
          ],
          [
            139.702467,
            35.532389
          ],
          [
            139.70186,
            35.531931
          ],
          [
            139.701694,
            35.531768
          ],
          [
            139.701642,
            35.531702
          ],
          [
            139.701602,
            35.531651
          ],
          [
            139.701477,
            35.53143
          ],
          [
            139.701189,
            35.530837
          ],
          [
            139.701189,
            35.530816
          ],
          [
            139.701127,
            35.53065
          ],
          [
            139.700915,
            35.529978
          ],
          [
            139.700876,
            35.529877
          ],
          [
            139.700712,
            35.529265
          ],
          [
            139.700578,
            35.528851
          ],
          [
            139.700438,
            35.528322
          ],
          [
            139.700395,
            35.528216
          ],
          [
            139.700359,
            35.528186
          ],
          [
            139.700368,
            35.528179
          ],
          [
            139.700359,
            35.528186
          ],
          [
            139.700321,
            35.528154
          ],
          [
            139.700213,
            35.528095
          ],
          [
            139.700106,
            35.528048
          ],
          [
            139.699477,
            35.527717
          ],
          [
            139.699056,
            35.527491
          ],
          [
            139.698765,
            35.527324
          ],
          [
            139.696221,
            35.525963
          ],
          [
            139.6958,
            35.525736
          ],
          [
            139.69486,
            35.525231
          ],
          [
            139.693346,
            35.524395
          ],
          [
            139.692461,
            35.523915
          ],
          [
            139.692398,
            35.523866
          ],
          [
            139.69234,
            35.523797
          ],
          [
            139.692296,
            35.523714
          ],
          [
            139.692241,
            35.523413
          ],
          [
            139.692255,
            35.523406
          ],
          [
            139.692241,
            35.523413
          ],
          [
            139.69207,
            35.523414
          ],
          [
            139.691786,
            35.523477
          ],
          [
            139.691752,
            35.523499
          ],
          [
            139.691713,
            35.523462
          ]
        ]
      },
      "properties": {
        "schemaVersion": 2,
        "id": "edit-section-rokugobashi-hatchonawate-traced-2026-09-13",
        "featureRole": "variant",
        "order": 99,
        "title": "Rokugobashi to Hatchonawate Station, retraced",
        "kind": "walking",
        "lengthKm": 2.236,
        "startAnchorId": "a-003",
        "endAnchorId": "a-004",
        "active": true,
        "rationale": "Road-snapped in gpx.studio at walking density.",
        "navigational": false,
        "demonstration": false,
        "source": "imported: section-rokugobashi-hatchonawate-traced-2026-09-13.gpx",
        "confidence": "medium",
        "verification": "manually-traced",
        "lastChecked": null,
        "classification": "public"
      }
    },
    {
      "type": "Feature",
      "id": "edit-section-futagawa-iwaya-traced-2026-09-13",
      "geometry": {
        "type": "LineString",
        "coordinates": [
          [
            137.450039,
            34.723854
          ],
          [
            137.449054,
            34.724154
          ],
          [
            137.448881,
            34.724253
          ],
          [
            137.447873,
            34.724524
          ],
          [
            137.447291,
            34.724692
          ],
          [
            137.445736,
            34.725118
          ],
          [
            137.445478,
            34.725181
          ],
          [
            137.445085,
            34.725306
          ],
          [
            137.444823,
            34.725363
          ],
          [
            137.444772,
            34.725374
          ],
          [
            137.442216,
            34.72567
          ],
          [
            137.440115,
            34.726029
          ],
          [
            137.439219,
            34.726175
          ],
          [
            137.437961,
            34.726361
          ],
          [
            137.436997,
            34.726569
          ],
          [
            137.436379,
            34.726716
          ],
          [
            137.43619,
            34.726795
          ],
          [
            137.436131,
            34.726829
          ],
          [
            137.435549,
            34.727224
          ],
          [
            137.435449,
            34.727282
          ],
          [
            137.435,
            34.727398
          ],
          [
            137.434871,
            34.727455
          ],
          [
            137.434851,
            34.727482
          ],
          [
            137.434781,
            34.727575
          ],
          [
            137.434752,
            34.727675
          ],
          [
            137.434739,
            34.727898
          ],
          [
            137.434672,
            34.72819
          ],
          [
            137.433969,
            34.729402
          ],
          [
            137.433902,
            34.729806
          ],
          [
            137.433746,
            34.73073
          ]
        ]
      },
      "properties": {
        "schemaVersion": 2,
        "id": "edit-section-futagawa-iwaya-traced-2026-09-13",
        "featureRole": "variant",
        "order": 99,
        "title": "Futagawa-juku to Iwaya Ryokuchi entrance, retraced",
        "kind": "walking",
        "lengthKm": 1.839,
        "startAnchorId": "a-058",
        "endAnchorId": "a-059",
        "active": true,
        "rationale": "Road-snapped in gpx.studio at walking density.",
        "navigational": false,
        "demonstration": false,
        "source": "imported: section-futagawa-iwaya-traced-2026-09-13.gpx",
        "confidence": "medium",
        "verification": "manually-traced",
        "lastChecked": null,
        "classification": "public"
      }
    },
    {
      "type": "Feature",
      "id": "edit-section-mishimataisha-mishima-traced-2026-09-13",
      "geometry": {
        "type": "LineString",
        "coordinates": [
          [
            138.919231,
            35.12014
          ],
          [
            138.918554,
            35.120046
          ],
          [
            138.917901,
            35.11994
          ],
          [
            138.916901,
            35.119776
          ],
          [
            138.915919,
            35.119608
          ],
          [
            138.914806,
            35.119439
          ],
          [
            138.91459,
            35.119397
          ]
        ]
      },
      "properties": {
        "schemaVersion": 2,
        "id": "edit-section-mishimataisha-mishima-traced-2026-09-13",
        "featureRole": "variant",
        "order": 99,
        "title": "Mishima Taisha to Mishima-juku, retraced",
        "kind": "walking",
        "lengthKm": 0.43,
        "startAnchorId": "a-022",
        "endAnchorId": "a-023",
        "active": true,
        "rationale": "Road-snapped in gpx.studio at walking density.",
        "navigational": false,
        "demonstration": false,
        "source": "imported: section-mishimataisha-mishima-traced-2026-09-13.gpx",
        "confidence": "medium",
        "verification": "manually-traced",
        "lastChecked": null,
        "classification": "public"
      }
    },
    {
      "type": "Feature",
      "id": "edit-section-okazaki-chiryu-traced-2026-09-15",
      "geometry": {
        "type": "LineString",
        "coordinates": [
          [
            137.170531,
            34.957523
          ],
          [
            137.170535,
            34.95753
          ],
          [
            137.169071,
            34.957968
          ],
          [
            137.169068,
            34.957962
          ],
          [
            137.168821,
            34.95749
          ],
          [
            137.168818,
            34.95749
          ],
          [
            137.168339,
            34.957648
          ],
          [
            137.168342,
            34.957653
          ],
          [
            137.167777,
            34.957827
          ],
          [
            137.167653,
            34.95788
          ],
          [
            137.167183,
            34.957987
          ],
          [
            137.167175,
            34.957988
          ],
          [
            137.167153,
            34.958036
          ],
          [
            137.167173,
            34.958441
          ],
          [
            137.167205,
            34.958431
          ],
          [
            137.167273,
            34.958595
          ],
          [
            137.16719,
            34.958621
          ],
          [
            137.16725,
            34.959538
          ],
          [
            137.167197,
            34.959653
          ],
          [
            137.167041,
            34.959651
          ],
          [
            137.166352,
            34.959642
          ],
          [
            137.163896,
            34.959574
          ],
          [
            137.163088,
            34.959556
          ],
          [
            137.163089,
            34.959552
          ],
          [
            137.163088,
            34.959556
          ],
          [
            137.163141,
            34.959929
          ],
          [
            137.16318,
            34.960299
          ],
          [
            137.163188,
            34.960299
          ],
          [
            137.162127,
            34.960277
          ],
          [
            137.162127,
            34.960294
          ],
          [
            137.162144,
            34.960923
          ],
          [
            137.162163,
            34.961636
          ],
          [
            137.162156,
            34.961636
          ],
          [
            137.160273,
            34.961715
          ],
          [
            137.158433,
            34.961917
          ],
          [
            137.158425,
            34.961917
          ],
          [
            137.158413,
            34.961487
          ],
          [
            137.158374,
            34.960829
          ],
          [
            137.158403,
            34.960182
          ],
          [
            137.158415,
            34.960183
          ],
          [
            137.158482,
            34.960184
          ],
          [
            137.15848,
            34.960138
          ],
          [
            137.158455,
            34.96012
          ],
          [
            137.157981,
            34.960123
          ],
          [
            137.157959,
            34.9601
          ],
          [
            137.157906,
            34.9601
          ],
          [
            137.157478,
            34.960142
          ],
          [
            137.157345,
            34.960154
          ],
          [
            137.157338,
            34.960131
          ],
          [
            137.156973,
            34.958986
          ],
          [
            137.156931,
            34.95867
          ],
          [
            137.156885,
            34.958675
          ],
          [
            137.15609,
            34.958751
          ],
          [
            137.156054,
            34.95876
          ],
          [
            137.156007,
            34.958759
          ],
          [
            137.155801,
            34.958788
          ],
          [
            137.155783,
            34.958824
          ],
          [
            137.155571,
            34.958847
          ],
          [
            137.155578,
            34.95877
          ],
          [
            137.155727,
            34.958754
          ],
          [
            137.15573,
            34.958727
          ],
          [
            137.155568,
            34.958745
          ],
          [
            137.155566,
            34.958705
          ],
          [
            137.155552,
            34.958677
          ],
          [
            137.155518,
            34.958651
          ],
          [
            137.15554,
            34.958597
          ],
          [
            137.155537,
            34.958528
          ],
          [
            137.155703,
            34.958514
          ],
          [
            137.155695,
            34.958486
          ],
          [
            137.15555,
            34.958497
          ],
          [
            137.155517,
            34.958492
          ],
          [
            137.155509,
            34.958491
          ],
          [
            137.155547,
            34.958416
          ],
          [
            137.155576,
            34.958446
          ],
          [
            137.155775,
            34.958433
          ],
          [
            137.155826,
            34.958448
          ],
          [
            137.156034,
            34.958424
          ],
          [
            137.156034,
            34.958413
          ],
          [
            137.15603,
            34.958225
          ],
          [
            137.156043,
            34.957498
          ],
          [
            137.156083,
            34.957468
          ],
          [
            137.156143,
            34.956228
          ],
          [
            137.156139,
            34.956228
          ],
          [
            137.155157,
            34.95638
          ],
          [
            137.155015,
            34.956395
          ],
          [
            137.15493,
            34.95642
          ],
          [
            137.154917,
            34.956371
          ],
          [
            137.154885,
            34.956396
          ],
          [
            137.154435,
            34.956527
          ],
          [
            137.153843,
            34.956673
          ],
          [
            137.153208,
            34.95679
          ],
          [
            137.153157,
            34.956791
          ],
          [
            137.153168,
            34.956816
          ],
          [
            137.15299,
            34.956866
          ],
          [
            137.152928,
            34.956872
          ],
          [
            137.152849,
            34.95685
          ],
          [
            137.151685,
            34.957119
          ],
          [
            137.15136,
            34.957174
          ],
          [
            137.150749,
            34.95731
          ],
          [
            137.150774,
            34.957363
          ],
          [
            137.150762,
            34.957367
          ],
          [
            137.150774,
            34.957363
          ],
          [
            137.151309,
            34.958494
          ],
          [
            137.151411,
            34.958701
          ],
          [
            137.151415,
            34.958709
          ],
          [
            137.151667,
            34.958693
          ],
          [
            137.151668,
            34.958703
          ],
          [
            137.151519,
            34.958771
          ],
          [
            137.151524,
            34.958797
          ],
          [
            137.151141,
            34.958838
          ],
          [
            137.150987,
            34.958862
          ],
          [
            137.150167,
            34.958971
          ],
          [
            137.149251,
            34.959167
          ],
          [
            137.148599,
            34.959348
          ],
          [
            137.147889,
            34.959591
          ],
          [
            137.14777,
            34.959625
          ],
          [
            137.147605,
            34.959685
          ],
          [
            137.147602,
            34.959679
          ],
          [
            137.147918,
            34.960176
          ],
          [
            137.147665,
            34.960294
          ],
          [
            137.146913,
            34.960632
          ],
          [
            137.146382,
            34.960885
          ],
          [
            137.14629,
            34.960934
          ],
          [
            137.14522,
            34.961422
          ],
          [
            137.144394,
            34.961815
          ],
          [
            137.144297,
            34.961854
          ],
          [
            137.143722,
            34.962139
          ],
          [
            137.142986,
            34.962641
          ],
          [
            137.142052,
            34.963078
          ],
          [
            137.141868,
            34.963176
          ],
          [
            137.140801,
            34.963894
          ],
          [
            137.140438,
            34.964126
          ],
          [
            137.140002,
            34.96437
          ],
          [
            137.140011,
            34.964383
          ],
          [
            137.140002,
            34.96437
          ],
          [
            137.139469,
            34.964627
          ],
          [
            137.139203,
            34.964732
          ],
          [
            137.138747,
            34.964885
          ],
          [
            137.138389,
            34.964969
          ],
          [
            137.138097,
            34.96502
          ],
          [
            137.137762,
            34.965067
          ],
          [
            137.137543,
            34.965063
          ],
          [
            137.137322,
            34.965108
          ],
          [
            137.137026,
            34.965129
          ],
          [
            137.136173,
            34.965163
          ],
          [
            137.135275,
            34.965502
          ],
          [
            137.134853,
            34.965714
          ],
          [
            137.134851,
            34.965711
          ],
          [
            137.134853,
            34.965714
          ],
          [
            137.134483,
            34.9659
          ],
          [
            137.134347,
            34.965992
          ],
          [
            137.133599,
            34.966459
          ],
          [
            137.132871,
            34.96703
          ],
          [
            137.132667,
            34.967186
          ],
          [
            137.132252,
            34.967482
          ],
          [
            137.131342,
            34.968138
          ],
          [
            137.131141,
            34.968261
          ],
          [
            137.130995,
            34.968351
          ],
          [
            137.130674,
            34.968482
          ],
          [
            137.129237,
            34.968846
          ],
          [
            137.129184,
            34.968911
          ],
          [
            137.12883,
            34.96906
          ],
          [
            137.128504,
            34.969152
          ],
          [
            137.128261,
            34.969231
          ],
          [
            137.127824,
            34.96929
          ],
          [
            137.127726,
            34.969283
          ],
          [
            137.127279,
            34.969489
          ],
          [
            137.127078,
            34.969582
          ],
          [
            137.126714,
            34.969789
          ],
          [
            137.126117,
            34.970225
          ],
          [
            137.125622,
            34.970568
          ],
          [
            137.125067,
            34.970928
          ],
          [
            137.124827,
            34.97108
          ],
          [
            137.124628,
            34.971181
          ],
          [
            137.124455,
            34.971259
          ],
          [
            137.124309,
            34.971319
          ],
          [
            137.124011,
            34.971412
          ],
          [
            137.123726,
            34.971509
          ],
          [
            137.123244,
            34.971674
          ],
          [
            137.122233,
            34.972052
          ],
          [
            137.121264,
            34.97241
          ],
          [
            137.121061,
            34.972485
          ],
          [
            137.120653,
            34.972705
          ],
          [
            137.120417,
            34.972877
          ],
          [
            137.120347,
            34.972942
          ],
          [
            137.11988,
            34.973393
          ],
          [
            137.118956,
            34.97441
          ],
          [
            137.118694,
            34.974678
          ],
          [
            137.118493,
            34.974856
          ],
          [
            137.118229,
            34.975058
          ],
          [
            137.117893,
            34.975285
          ],
          [
            137.117943,
            34.975359
          ],
          [
            137.117959,
            34.975422
          ],
          [
            137.117094,
            34.976391
          ],
          [
            137.116524,
            34.976966
          ],
          [
            137.115941,
            34.977388
          ],
          [
            137.115457,
            34.977777
          ],
          [
            137.115146,
            34.978075
          ],
          [
            137.114857,
            34.978412
          ],
          [
            137.114517,
            34.978833
          ],
          [
            137.11372,
            34.979604
          ],
          [
            137.113032,
            34.980188
          ],
          [
            137.112695,
            34.980422
          ],
          [
            137.111815,
            34.981055
          ],
          [
            137.111193,
            34.981551
          ],
          [
            137.110073,
            34.982393
          ],
          [
            137.109555,
            34.982816
          ],
          [
            137.107311,
            34.98444
          ],
          [
            137.105082,
            34.985874
          ],
          [
            137.104313,
            34.986286
          ],
          [
            137.103528,
            34.986638
          ],
          [
            137.103307,
            34.986729
          ],
          [
            137.102782,
            34.986946
          ],
          [
            137.101872,
            34.987235
          ],
          [
            137.101677,
            34.987268
          ],
          [
            137.101081,
            34.987483
          ],
          [
            137.098774,
            34.988286
          ],
          [
            137.098249,
            34.988449
          ],
          [
            137.098067,
            34.988536
          ],
          [
            137.096322,
            34.989288
          ],
          [
            137.095686,
            34.98955
          ],
          [
            137.095337,
            34.989675
          ],
          [
            137.095061,
            34.989773
          ],
          [
            137.093887,
            34.990119
          ],
          [
            137.09275,
            34.990352
          ],
          [
            137.092174,
            34.990444
          ],
          [
            137.090932,
            34.990598
          ],
          [
            137.089846,
            34.990834
          ],
          [
            137.088593,
            34.991135
          ],
          [
            137.087299,
            34.991504
          ],
          [
            137.086432,
            34.991783
          ],
          [
            137.08547,
            34.992131
          ],
          [
            137.085008,
            34.99228
          ],
          [
            137.084552,
            34.99253
          ],
          [
            137.084549,
            34.992527
          ],
          [
            137.084552,
            34.99253
          ],
          [
            137.084487,
            34.992565
          ],
          [
            137.083953,
            34.992904
          ],
          [
            137.083515,
            34.993154
          ],
          [
            137.083042,
            34.993469
          ],
          [
            137.082105,
            34.994224
          ],
          [
            137.080759,
            34.995156
          ],
          [
            137.079289,
            34.996033
          ],
          [
            137.07902,
            34.996181
          ],
          [
            137.078281,
            34.996649
          ],
          [
            137.0778,
            34.997006
          ],
          [
            137.077162,
            34.997563
          ],
          [
            137.076766,
            34.997926
          ],
          [
            137.076182,
            34.998534
          ],
          [
            137.075637,
            34.999158
          ],
          [
            137.075433,
            34.999417
          ],
          [
            137.074961,
            34.999929
          ],
          [
            137.074727,
            35.000091
          ],
          [
            137.074324,
            35.000325
          ],
          [
            137.073604,
            35.000675
          ],
          [
            137.073211,
            35.00083
          ],
          [
            137.072733,
            35.001
          ],
          [
            137.072254,
            35.001132
          ],
          [
            137.071404,
            35.001314
          ],
          [
            137.071065,
            35.001409
          ],
          [
            137.069975,
            35.001663
          ],
          [
            137.06825,
            35.002078
          ],
          [
            137.067474,
            35.002284
          ],
          [
            137.067157,
            35.002332
          ],
          [
            137.066971,
            35.002356
          ],
          [
            137.066662,
            35.002368
          ],
          [
            137.066367,
            35.002368
          ],
          [
            137.065805,
            35.002331
          ],
          [
            137.063217,
            35.001926
          ],
          [
            137.062889,
            35.001904
          ],
          [
            137.062448,
            35.001907
          ],
          [
            137.062257,
            35.001908
          ],
          [
            137.061944,
            35.001933
          ],
          [
            137.061718,
            35.001962
          ],
          [
            137.061388,
            35.002031
          ],
          [
            137.061182,
            35.002089
          ],
          [
            137.060185,
            35.002299
          ],
          [
            137.059221,
            35.0025
          ],
          [
            137.059236,
            35.002552
          ],
          [
            137.058031,
            35.00278
          ],
          [
            137.056684,
            35.003007
          ],
          [
            137.05485,
            35.003476
          ],
          [
            137.054495,
            35.003653
          ],
          [
            137.054438,
            35.003659
          ],
          [
            137.054377,
            35.003691
          ],
          [
            137.05423,
            35.003818
          ],
          [
            137.054215,
            35.003832
          ],
          [
            137.054185,
            35.003835
          ],
          [
            137.054068,
            35.003934
          ],
          [
            137.053916,
            35.003806
          ],
          [
            137.053819,
            35.003712
          ],
          [
            137.053689,
            35.00379
          ],
          [
            137.053636,
            35.003792
          ],
          [
            137.053523,
            35.003865
          ],
          [
            137.053445,
            35.003882
          ],
          [
            137.053367,
            35.003898
          ],
          [
            137.052957,
            35.004062
          ],
          [
            137.05213,
            35.004368
          ],
          [
            137.050983,
            35.004847
          ],
          [
            137.050231,
            35.005174
          ],
          [
            137.050224,
            35.005177
          ],
          [
            137.04996,
            35.005272
          ],
          [
            137.049386,
            35.005454
          ],
          [
            137.048688,
            35.005648
          ],
          [
            137.048519,
            35.005694
          ],
          [
            137.046865,
            35.006145
          ],
          [
            137.046542,
            35.006224
          ],
          [
            137.046232,
            35.006299
          ],
          [
            137.045658,
            35.00642
          ],
          [
            137.045469,
            35.006474
          ],
          [
            137.044745,
            35.006753
          ],
          [
            137.044154,
            35.006963
          ],
          [
            137.04352,
            35.007234
          ],
          [
            137.043291,
            35.007246
          ],
          [
            137.043212,
            35.007295
          ],
          [
            137.043014,
            35.007398
          ],
          [
            137.042831,
            35.007544
          ],
          [
            137.041859,
            35.008383
          ],
          [
            137.041445,
            35.008712
          ],
          [
            137.041459,
            35.008726
          ]
        ]
      },
      "properties": {
        "schemaVersion": 2,
        "id": "edit-section-okazaki-chiryu-traced-2026-09-15",
        "featureRole": "variant",
        "order": 99,
        "title": "Okazaki-juku to Chiryu-juku, retraced",
        "kind": "walking",
        "lengthKm": 15.296,
        "startAnchorId": "a-064",
        "endAnchorId": "a-065",
        "active": true,
        "rationale": "Road-snapped in gpx.studio at walking density.",
        "navigational": false,
        "demonstration": false,
        "source": "imported: section-okazaki-chiryu-traced-2026-09-15.gpx",
        "confidence": "medium",
        "verification": "manually-traced",
        "lastChecked": null,
        "classification": "public"
      }
    },
    {
      "type": "Feature",
      "id": "edit-section-fujisawa-banyubashi-traced-2026-09-16",
      "geometry": {
        "type": "LineString",
        "coordinates": [
          [
            139.482362,
            35.347714
          ],
          [
            139.482177,
            35.347762
          ],
          [
            139.481297,
            35.347876
          ],
          [
            139.481081,
            35.347881
          ],
          [
            139.480029,
            35.347762
          ],
          [
            139.479365,
            35.347701
          ],
          [
            139.478416,
            35.347647
          ],
          [
            139.478389,
            35.347644
          ],
          [
            139.477982,
            35.347598
          ],
          [
            139.477149,
            35.347396
          ],
          [
            139.476584,
            35.347255
          ],
          [
            139.476451,
            35.347217
          ],
          [
            139.475267,
            35.346871
          ],
          [
            139.474996,
            35.346804
          ],
          [
            139.474789,
            35.346754
          ],
          [
            139.474371,
            35.346716
          ],
          [
            139.473008,
            35.346614
          ],
          [
            139.472576,
            35.346593
          ],
          [
            139.47258,
            35.346608
          ],
          [
            139.472576,
            35.346593
          ],
          [
            139.472364,
            35.346596
          ],
          [
            139.470921,
            35.346818
          ],
          [
            139.470679,
            35.346877
          ],
          [
            139.470379,
            35.346962
          ],
          [
            139.469267,
            35.347301
          ],
          [
            139.468832,
            35.347424
          ],
          [
            139.468607,
            35.347465
          ],
          [
            139.468464,
            35.347476
          ],
          [
            139.468367,
            35.347589
          ],
          [
            139.468208,
            35.347657
          ],
          [
            139.468094,
            35.347697
          ],
          [
            139.467766,
            35.347785
          ],
          [
            139.467585,
            35.347823
          ],
          [
            139.467252,
            35.347863
          ],
          [
            139.467235,
            35.347858
          ],
          [
            139.467209,
            35.347852
          ],
          [
            139.467133,
            35.347778
          ],
          [
            139.466808,
            35.347402
          ],
          [
            139.466776,
            35.3474
          ],
          [
            139.466777,
            35.347383
          ],
          [
            139.46679,
            35.347384
          ],
          [
            139.466777,
            35.347383
          ],
          [
            139.466776,
            35.3474
          ],
          [
            139.466719,
            35.347398
          ],
          [
            139.466398,
            35.347384
          ],
          [
            139.466272,
            35.347371
          ],
          [
            139.46574,
            35.347341
          ],
          [
            139.465301,
            35.347286
          ],
          [
            139.465291,
            35.3473
          ],
          [
            139.465301,
            35.347286
          ],
          [
            139.465035,
            35.347199
          ],
          [
            139.464768,
            35.34706
          ],
          [
            139.464594,
            35.346936
          ],
          [
            139.464312,
            35.346711
          ],
          [
            139.464181,
            35.346636
          ],
          [
            139.464055,
            35.346584
          ],
          [
            139.463916,
            35.346542
          ],
          [
            139.463791,
            35.346515
          ],
          [
            139.463617,
            35.346506
          ],
          [
            139.463437,
            35.346511
          ],
          [
            139.463437,
            35.346509
          ],
          [
            139.463437,
            35.346511
          ],
          [
            139.463331,
            35.346524
          ],
          [
            139.463149,
            35.34658
          ],
          [
            139.461767,
            35.347085
          ],
          [
            139.461491,
            35.347198
          ],
          [
            139.461149,
            35.347295
          ],
          [
            139.460844,
            35.347366
          ],
          [
            139.460411,
            35.347425
          ],
          [
            139.460024,
            35.347484
          ],
          [
            139.459401,
            35.347573
          ],
          [
            139.459079,
            35.347615
          ],
          [
            139.458828,
            35.347629
          ],
          [
            139.458632,
            35.347633
          ],
          [
            139.458237,
            35.3476
          ],
          [
            139.458015,
            35.347556
          ],
          [
            139.457828,
            35.347506
          ],
          [
            139.457456,
            35.347373
          ],
          [
            139.456824,
            35.347129
          ],
          [
            139.456348,
            35.347021
          ],
          [
            139.455651,
            35.346887
          ],
          [
            139.454166,
            35.346547
          ],
          [
            139.453999,
            35.346494
          ],
          [
            139.453283,
            35.346212
          ],
          [
            139.453036,
            35.346124
          ],
          [
            139.452847,
            35.346077
          ],
          [
            139.452631,
            35.346033
          ],
          [
            139.452384,
            35.346003
          ],
          [
            139.452092,
            35.345994
          ],
          [
            139.451695,
            35.346016
          ],
          [
            139.451478,
            35.346053
          ],
          [
            139.450853,
            35.346206
          ],
          [
            139.450512,
            35.346281
          ],
          [
            139.450278,
            35.346308
          ],
          [
            139.449971,
            35.346316
          ],
          [
            139.449896,
            35.346334
          ],
          [
            139.449845,
            35.346369
          ],
          [
            139.449821,
            35.346386
          ],
          [
            139.449699,
            35.346526
          ],
          [
            139.448574,
            35.345801
          ],
          [
            139.448043,
            35.345476
          ],
          [
            139.447687,
            35.34523
          ],
          [
            139.447243,
            35.344994
          ],
          [
            139.446843,
            35.344806
          ],
          [
            139.446517,
            35.344669
          ],
          [
            139.446004,
            35.344494
          ],
          [
            139.445879,
            35.344458
          ],
          [
            139.445885,
            35.344443
          ],
          [
            139.445879,
            35.344458
          ],
          [
            139.445514,
            35.344355
          ],
          [
            139.444776,
            35.344204
          ],
          [
            139.444311,
            35.344144
          ],
          [
            139.443289,
            35.344083
          ],
          [
            139.443024,
            35.344056
          ],
          [
            139.442751,
            35.344011
          ],
          [
            139.442524,
            35.34396
          ],
          [
            139.4411,
            35.343515
          ],
          [
            139.440569,
            35.343305
          ],
          [
            139.440343,
            35.343195
          ],
          [
            139.440097,
            35.343076
          ],
          [
            139.43965,
            35.342813
          ],
          [
            139.439282,
            35.342544
          ],
          [
            139.438528,
            35.341913
          ],
          [
            139.437869,
            35.34144
          ],
          [
            139.436884,
            35.340755
          ],
          [
            139.436289,
            35.3403
          ],
          [
            139.435901,
            35.339993
          ],
          [
            139.434239,
            35.338779
          ],
          [
            139.432912,
            35.337921
          ],
          [
            139.432349,
            35.337568
          ],
          [
            139.432264,
            35.33753
          ],
          [
            139.432265,
            35.337529
          ],
          [
            139.432264,
            35.33753
          ],
          [
            139.432075,
            35.337444
          ],
          [
            139.431799,
            35.337355
          ],
          [
            139.43165,
            35.33732
          ],
          [
            139.431271,
            35.337256
          ],
          [
            139.430011,
            35.337068
          ],
          [
            139.429617,
            35.337026
          ],
          [
            139.429423,
            35.33702
          ],
          [
            139.428997,
            35.33704
          ],
          [
            139.428994,
            35.337018
          ],
          [
            139.428997,
            35.33704
          ],
          [
            139.428004,
            35.337131
          ],
          [
            139.427687,
            35.337169
          ],
          [
            139.427215,
            35.337251
          ],
          [
            139.425945,
            35.337469
          ],
          [
            139.425262,
            35.337663
          ],
          [
            139.425003,
            35.337719
          ],
          [
            139.424751,
            35.337752
          ],
          [
            139.424515,
            35.337769
          ],
          [
            139.42421,
            35.337767
          ],
          [
            139.423651,
            35.337744
          ],
          [
            139.42247,
            35.337655
          ],
          [
            139.421445,
            35.337613
          ],
          [
            139.420985,
            35.337563
          ],
          [
            139.420731,
            35.337528
          ],
          [
            139.420378,
            35.337466
          ],
          [
            139.42002,
            35.33737
          ],
          [
            139.419412,
            35.337182
          ],
          [
            139.417961,
            35.336822
          ],
          [
            139.417226,
            35.336669
          ],
          [
            139.416166,
            35.336488
          ],
          [
            139.415804,
            35.336441
          ],
          [
            139.414617,
            35.336369
          ],
          [
            139.414345,
            35.33633
          ],
          [
            139.414347,
            35.336322
          ],
          [
            139.414345,
            35.33633
          ],
          [
            139.414108,
            35.336288
          ],
          [
            139.413589,
            35.336129
          ],
          [
            139.413328,
            35.336022
          ],
          [
            139.412495,
            35.335576
          ],
          [
            139.412306,
            35.335487
          ],
          [
            139.411674,
            35.335265
          ],
          [
            139.411164,
            35.335064
          ],
          [
            139.410756,
            35.334841
          ],
          [
            139.410555,
            35.334703
          ],
          [
            139.410333,
            35.334541
          ],
          [
            139.410177,
            35.33445
          ],
          [
            139.40984,
            35.33427
          ],
          [
            139.409506,
            35.334141
          ],
          [
            139.409007,
            35.334026
          ],
          [
            139.408385,
            35.333938
          ],
          [
            139.408117,
            35.33389
          ],
          [
            139.407869,
            35.333806
          ],
          [
            139.407008,
            35.333465
          ],
          [
            139.406625,
            35.333405
          ],
          [
            139.406085,
            35.333306
          ],
          [
            139.405634,
            35.333177
          ],
          [
            139.40446,
            35.332802
          ],
          [
            139.403498,
            35.332513
          ],
          [
            139.402749,
            35.332272
          ],
          [
            139.402172,
            35.332021
          ],
          [
            139.401634,
            35.331695
          ],
          [
            139.401087,
            35.331326
          ],
          [
            139.400855,
            35.3312
          ],
          [
            139.400454,
            35.331012
          ],
          [
            139.399501,
            35.330592
          ],
          [
            139.398741,
            35.330267
          ],
          [
            139.398385,
            35.330128
          ],
          [
            139.395608,
            35.329391
          ],
          [
            139.394973,
            35.329211
          ],
          [
            139.394525,
            35.329085
          ],
          [
            139.393265,
            35.328681
          ],
          [
            139.392885,
            35.328569
          ],
          [
            139.392694,
            35.328529
          ],
          [
            139.392591,
            35.328528
          ],
          [
            139.392357,
            35.328543
          ],
          [
            139.392024,
            35.328589
          ],
          [
            139.391712,
            35.328666
          ],
          [
            139.391433,
            35.328772
          ],
          [
            139.390926,
            35.328973
          ],
          [
            139.390725,
            35.329063
          ],
          [
            139.39059,
            35.329143
          ],
          [
            139.390369,
            35.329301
          ],
          [
            139.390208,
            35.329454
          ],
          [
            139.389837,
            35.329865
          ],
          [
            139.389647,
            35.330079
          ],
          [
            139.389563,
            35.330185
          ],
          [
            139.389342,
            35.330429
          ],
          [
            139.388901,
            35.330917
          ],
          [
            139.388463,
            35.331427
          ],
          [
            139.388174,
            35.331725
          ],
          [
            139.387668,
            35.3322
          ],
          [
            139.387526,
            35.332305
          ],
          [
            139.387351,
            35.332417
          ],
          [
            139.387051,
            35.332558
          ],
          [
            139.386653,
            35.33268
          ],
          [
            139.386491,
            35.332705
          ],
          [
            139.386374,
            35.332724
          ],
          [
            139.386088,
            35.332744
          ],
          [
            139.384907,
            35.332727
          ],
          [
            139.383914,
            35.332799
          ],
          [
            139.383794,
            35.332802
          ],
          [
            139.383514,
            35.332868
          ],
          [
            139.382681,
            35.333015
          ],
          [
            139.381819,
            35.333154
          ],
          [
            139.381536,
            35.333179
          ],
          [
            139.381311,
            35.333181
          ],
          [
            139.381013,
            35.333167
          ],
          [
            139.380698,
            35.333129
          ],
          [
            139.380349,
            35.333083
          ],
          [
            139.380273,
            35.333071
          ],
          [
            139.380023,
            35.333029
          ],
          [
            139.379885,
            35.333006
          ],
          [
            139.379885,
            35.333005
          ],
          [
            139.379538,
            35.332947
          ],
          [
            139.37912,
            35.332877
          ],
          [
            139.378854,
            35.332852
          ],
          [
            139.378574,
            35.332841
          ],
          [
            139.37826,
            35.332845
          ],
          [
            139.377543,
            35.332871
          ],
          [
            139.377464,
            35.332874
          ],
          [
            139.377467,
            35.332879
          ],
          [
            139.377464,
            35.332874
          ],
          [
            139.377244,
            35.332881
          ],
          [
            139.376849,
            35.3329
          ],
          [
            139.376599,
            35.332913
          ],
          [
            139.37629,
            35.33291
          ],
          [
            139.375796,
            35.332887
          ],
          [
            139.375653,
            35.332876
          ],
          [
            139.375614,
            35.332872
          ],
          [
            139.375133,
            35.332808
          ],
          [
            139.37451,
            35.332696
          ],
          [
            139.373159,
            35.332484
          ],
          [
            139.37275,
            35.332405
          ],
          [
            139.372329,
            35.332313
          ],
          [
            139.371701,
            35.332137
          ],
          [
            139.371041,
            35.331999
          ],
          [
            139.370789,
            35.331971
          ],
          [
            139.370502,
            35.33195
          ],
          [
            139.365982,
            35.331701
          ],
          [
            139.365207,
            35.331688
          ],
          [
            139.365207,
            35.331691
          ]
        ]
      },
      "properties": {
        "schemaVersion": 2,
        "id": "edit-section-fujisawa-banyubashi-traced-2026-09-16",
        "featureRole": "variant",
        "order": 99,
        "title": "Fujisawa-juku to Banyubashi, retraced",
        "kind": "walking",
        "lengthKm": 11.607,
        "startAnchorId": "a-010",
        "endAnchorId": "a-011",
        "active": true,
        "rationale": "Road-snapped in gpx.studio at walking density.",
        "navigational": false,
        "demonstration": false,
        "source": "imported: section-fujisawa-banyubashi-traced-2026-09-16.gpx",
        "confidence": "medium",
        "verification": "manually-traced",
        "lastChecked": null,
        "classification": "public"
      }
    },
    {
      "type": "Feature",
      "id": "edit-section-urayasu-okitsu-traced-2026-09-16",
      "geometry": {
        "type": "LineString",
        "coordinates": [
          [
            138.53278,
            35.058553
          ],
          [
            138.532679,
            35.058557
          ],
          [
            138.532672,
            35.058559
          ],
          [
            138.532671,
            35.058559
          ],
          [
            138.532638,
            35.058564
          ],
          [
            138.532568,
            35.058557
          ],
          [
            138.532561,
            35.058562
          ],
          [
            138.532569,
            35.058567
          ],
          [
            138.532716,
            35.058673
          ],
          [
            138.532736,
            35.058711
          ],
          [
            138.532707,
            35.058751
          ],
          [
            138.532602,
            35.058899
          ],
          [
            138.532565,
            35.058906
          ],
          [
            138.532508,
            35.058932
          ],
          [
            138.532494,
            35.05893
          ],
          [
            138.532464,
            35.058927
          ],
          [
            138.531704,
            35.058516
          ],
          [
            138.531468,
            35.058375
          ],
          [
            138.531413,
            35.058321
          ],
          [
            138.53136,
            35.058219
          ],
          [
            138.531248,
            35.057816
          ],
          [
            138.530981,
            35.05752
          ],
          [
            138.530595,
            35.057221
          ],
          [
            138.530356,
            35.056939
          ],
          [
            138.530231,
            35.056747
          ],
          [
            138.530177,
            35.056615
          ],
          [
            138.530167,
            35.056504
          ],
          [
            138.530199,
            35.056338
          ],
          [
            138.530347,
            35.055849
          ],
          [
            138.530437,
            35.055551
          ],
          [
            138.530409,
            35.055545
          ],
          [
            138.529846,
            35.055132
          ],
          [
            138.528543,
            35.054214
          ],
          [
            138.528536,
            35.054221
          ],
          [
            138.528408,
            35.054127
          ],
          [
            138.527846,
            35.053763
          ],
          [
            138.526941,
            35.053268
          ],
          [
            138.526497,
            35.053052
          ],
          [
            138.525614,
            35.052672
          ],
          [
            138.524362,
            35.05217
          ],
          [
            138.523369,
            35.051761
          ],
          [
            138.522601,
            35.051436
          ],
          [
            138.522409,
            35.051354
          ],
          [
            138.521655,
            35.050955
          ],
          [
            138.520694,
            35.05042
          ],
          [
            138.518921,
            35.049466
          ]
        ]
      },
      "properties": {
        "schemaVersion": 2,
        "id": "edit-section-urayasu-okitsu-traced-2026-09-16",
        "featureRole": "variant",
        "order": 99,
        "title": "Urayasu Bridge to Okitsu-juku, retraced",
        "kind": "walking",
        "lengthKm": 1.799,
        "startAnchorId": "a-033",
        "endAnchorId": "a-034",
        "active": true,
        "rationale": "Road-snapped in gpx.studio at walking density.",
        "navigational": false,
        "demonstration": false,
        "source": "imported: section-urayasu-okitsu-traced-2026-09-16.gpx",
        "confidence": "medium",
        "verification": "manually-traced",
        "lastChecked": null,
        "classification": "public"
      }
    },
    {
      "type": "Feature",
      "id": "edit-section-arimatsu-narumi-traced-2026-09-16",
      "geometry": {
        "type": "LineString",
        "coordinates": [
          [
            136.969897,
            35.067537
          ],
          [
            136.969091,
            35.067833
          ],
          [
            136.968555,
            35.067965
          ],
          [
            136.967957,
            35.068127
          ],
          [
            136.967842,
            35.068185
          ],
          [
            136.967413,
            35.068496
          ],
          [
            136.967263,
            35.068569
          ],
          [
            136.9669,
            35.068711
          ],
          [
            136.966559,
            35.068889
          ],
          [
            136.966508,
            35.068916
          ],
          [
            136.966359,
            35.069052
          ],
          [
            136.966194,
            35.069267
          ],
          [
            136.966084,
            35.069389
          ],
          [
            136.966012,
            35.069496
          ],
          [
            136.965883,
            35.06956
          ],
          [
            136.964814,
            35.070281
          ],
          [
            136.964545,
            35.070432
          ],
          [
            136.963835,
            35.070715
          ],
          [
            136.962762,
            35.071247
          ],
          [
            136.961871,
            35.071731
          ],
          [
            136.961743,
            35.071776
          ],
          [
            136.961423,
            35.07184
          ],
          [
            136.961211,
            35.071893
          ],
          [
            136.960751,
            35.072095
          ],
          [
            136.95998,
            35.07259
          ],
          [
            136.959976,
            35.072585
          ],
          [
            136.95998,
            35.07259
          ],
          [
            136.959835,
            35.072669
          ],
          [
            136.959671,
            35.072715
          ],
          [
            136.958597,
            35.072963
          ],
          [
            136.958224,
            35.072971
          ],
          [
            136.95774,
            35.072937
          ],
          [
            136.957573,
            35.072945
          ],
          [
            136.95727,
            35.072989
          ],
          [
            136.957072,
            35.073078
          ],
          [
            136.956805,
            35.073256
          ],
          [
            136.956622,
            35.073413
          ],
          [
            136.956309,
            35.073646
          ],
          [
            136.95617,
            35.073821
          ],
          [
            136.955924,
            35.07418
          ],
          [
            136.954871,
            35.075925
          ],
          [
            136.95472,
            35.076166
          ],
          [
            136.954401,
            35.076632
          ],
          [
            136.95434,
            35.076763
          ],
          [
            136.954338,
            35.076902
          ],
          [
            136.954362,
            35.077039
          ],
          [
            136.954365,
            35.077136
          ],
          [
            136.954355,
            35.077258
          ],
          [
            136.954334,
            35.077355
          ],
          [
            136.954248,
            35.077556
          ],
          [
            136.954188,
            35.077612
          ],
          [
            136.953539,
            35.078217
          ],
          [
            136.953182,
            35.078561
          ],
          [
            136.952729,
            35.078978
          ],
          [
            136.952322,
            35.079335
          ],
          [
            136.952212,
            35.079419
          ],
          [
            136.952259,
            35.079493
          ],
          [
            136.952273,
            35.079546
          ],
          [
            136.95226,
            35.079612
          ],
          [
            136.952077,
            35.079692
          ],
          [
            136.95208,
            35.079697
          ],
          [
            136.950154,
            35.080448
          ],
          [
            136.948845,
            35.080747
          ]
        ]
      },
      "properties": {
        "schemaVersion": 2,
        "id": "edit-section-arimatsu-narumi-traced-2026-09-16",
        "featureRole": "variant",
        "order": 99,
        "title": "Arimatsu preservation district to Narumi-juku, retraced",
        "kind": "walking",
        "lengthKm": 2.568,
        "startAnchorId": "a-067",
        "endAnchorId": "a-068",
        "active": true,
        "rationale": "Road-snapped in gpx.studio at walking density.",
        "navigational": false,
        "demonstration": false,
        "source": "imported: section-arimatsu-narumi-traced-2026-09-16.gpx",
        "confidence": "medium",
        "verification": "manually-traced",
        "lastChecked": null,
        "classification": "public"
      }
    },
    {
      "type": "Feature",
      "id": "edit-section-shimada-oigawa-traced-2026-09-16",
      "geometry": {
        "type": "LineString",
        "coordinates": [
          [
            138.176144,
            34.83277
          ],
          [
            138.174101,
            34.832956
          ],
          [
            138.173921,
            34.832957
          ],
          [
            138.173714,
            34.832928
          ],
          [
            138.173548,
            34.832885
          ],
          [
            138.172883,
            34.832627
          ],
          [
            138.172363,
            34.832538
          ],
          [
            138.172042,
            34.8325
          ],
          [
            138.171619,
            34.832491
          ],
          [
            138.170973,
            34.83251
          ],
          [
            138.169889,
            34.832576
          ],
          [
            138.169683,
            34.83259
          ],
          [
            138.168512,
            34.832729
          ],
          [
            138.167669,
            34.83281
          ],
          [
            138.16582,
            34.832931
          ],
          [
            138.164522,
            34.833067
          ],
          [
            138.163782,
            34.833094
          ],
          [
            138.163575,
            34.833112
          ],
          [
            138.163165,
            34.833169
          ],
          [
            138.161513,
            34.833447
          ],
          [
            138.161508,
            34.833444
          ],
          [
            138.161509,
            34.833444
          ],
          [
            138.161508,
            34.833444
          ],
          [
            138.161392,
            34.833363
          ],
          [
            138.161321,
            34.833329
          ],
          [
            138.160717,
            34.833291
          ],
          [
            138.160568,
            34.833269
          ],
          [
            138.159998,
            34.833145
          ],
          [
            138.159364,
            34.833059
          ],
          [
            138.158907,
            34.832975
          ],
          [
            138.158663,
            34.832905
          ],
          [
            138.157668,
            34.83252
          ],
          [
            138.15741,
            34.832426
          ],
          [
            138.156912,
            34.832176
          ],
          [
            138.156579,
            34.831964
          ],
          [
            138.156239,
            34.831713
          ],
          [
            138.155903,
            34.831435
          ],
          [
            138.155726,
            34.831268
          ],
          [
            138.15551,
            34.83116
          ],
          [
            138.155307,
            34.8311
          ],
          [
            138.154946,
            34.830926
          ],
          [
            138.154485,
            34.830728
          ],
          [
            138.154268,
            34.830617
          ],
          [
            138.154047,
            34.830491
          ],
          [
            138.154044,
            34.830493
          ],
          [
            138.152153,
            34.83228
          ],
          [
            138.151462,
            34.832905
          ],
          [
            138.151179,
            34.833142
          ],
          [
            138.15078,
            34.833481
          ],
          [
            138.150405,
            34.833851
          ],
          [
            138.150335,
            34.833946
          ],
          [
            138.150032,
            34.834283
          ],
          [
            138.150013,
            34.834272
          ],
          [
            138.147368,
            34.832783
          ],
          [
            138.143903,
            34.830815
          ]
        ]
      },
      "properties": {
        "schemaVersion": 2,
        "id": "edit-section-shimada-oigawa-traced-2026-09-16",
        "featureRole": "variant",
        "order": 99,
        "title": "Shimada-juku to Oigawa Bridge, retraced",
        "kind": "walking",
        "lengthKm": 3.366,
        "startAnchorId": "a-044",
        "endAnchorId": "a-045",
        "active": true,
        "rationale": "Road-snapped in gpx.studio at walking density.",
        "navigational": false,
        "demonstration": false,
        "source": "imported: section-shimada-oigawa-traced-2026-09-16.gpx",
        "confidence": "medium",
        "verification": "manually-traced",
        "lastChecked": null,
        "classification": "public"
      }
    },
    {
      "type": "Feature",
      "id": "edit-section-fujieda-shimada-traced-2026-09-16",
      "geometry": {
        "type": "LineString",
        "coordinates": [
          [
            138.252404,
            34.869839
          ],
          [
            138.251993,
            34.8693
          ],
          [
            138.251919,
            34.869147
          ],
          [
            138.251613,
            34.868369
          ],
          [
            138.251089,
            34.867234
          ],
          [
            138.250871,
            34.866707
          ],
          [
            138.250459,
            34.865382
          ],
          [
            138.250277,
            34.864844
          ],
          [
            138.250124,
            34.864537
          ],
          [
            138.249391,
            34.863298
          ],
          [
            138.249297,
            34.863109
          ],
          [
            138.249225,
            34.862928
          ],
          [
            138.249228,
            34.862927
          ],
          [
            138.249225,
            34.862928
          ],
          [
            138.249153,
            34.8627
          ],
          [
            138.249124,
            34.86253
          ],
          [
            138.249012,
            34.861293
          ],
          [
            138.248818,
            34.859448
          ],
          [
            138.24878,
            34.858926
          ],
          [
            138.248735,
            34.85768
          ],
          [
            138.248726,
            34.856734
          ],
          [
            138.248681,
            34.856242
          ],
          [
            138.248639,
            34.855955
          ],
          [
            138.248595,
            34.855749
          ],
          [
            138.248505,
            34.855437
          ],
          [
            138.248392,
            34.855141
          ],
          [
            138.248328,
            34.855002
          ],
          [
            138.248183,
            34.854781
          ],
          [
            138.248187,
            34.854779
          ],
          [
            138.248183,
            34.854781
          ],
          [
            138.248092,
            34.854656
          ],
          [
            138.247987,
            34.854542
          ],
          [
            138.247852,
            34.854424
          ],
          [
            138.247604,
            34.854266
          ],
          [
            138.247078,
            34.85398
          ],
          [
            138.246741,
            34.853707
          ],
          [
            138.246657,
            34.853659
          ],
          [
            138.246574,
            34.85363
          ],
          [
            138.24654,
            34.853618
          ],
          [
            138.246451,
            34.853613
          ],
          [
            138.246019,
            34.853649
          ],
          [
            138.245707,
            34.853663
          ],
          [
            138.245608,
            34.853659
          ],
          [
            138.245491,
            34.853636
          ],
          [
            138.245381,
            34.853601
          ],
          [
            138.245197,
            34.853494
          ],
          [
            138.245168,
            34.853467
          ],
          [
            138.245099,
            34.853404
          ],
          [
            138.244915,
            34.85316
          ],
          [
            138.244512,
            34.85266
          ],
          [
            138.244178,
            34.85214
          ],
          [
            138.243654,
            34.85125
          ],
          [
            138.243509,
            34.851018
          ],
          [
            138.243283,
            34.850709
          ],
          [
            138.242993,
            34.85034
          ],
          [
            138.242664,
            34.849863
          ],
          [
            138.242311,
            34.849581
          ],
          [
            138.241895,
            34.849266
          ],
          [
            138.241532,
            34.84903
          ],
          [
            138.241449,
            34.848966
          ],
          [
            138.24137,
            34.848873
          ],
          [
            138.241325,
            34.848837
          ],
          [
            138.241262,
            34.848754
          ],
          [
            138.241032,
            34.848257
          ],
          [
            138.24094,
            34.848125
          ],
          [
            138.240815,
            34.848001
          ],
          [
            138.240698,
            34.847916
          ],
          [
            138.240356,
            34.847667
          ],
          [
            138.240098,
            34.847539
          ],
          [
            138.239702,
            34.847363
          ],
          [
            138.238943,
            34.846951
          ],
          [
            138.238237,
            34.846579
          ],
          [
            138.237851,
            34.846397
          ],
          [
            138.237775,
            34.846373
          ],
          [
            138.23778,
            34.846362
          ],
          [
            138.237775,
            34.846373
          ],
          [
            138.237152,
            34.846173
          ],
          [
            138.236796,
            34.846085
          ],
          [
            138.236269,
            34.845993
          ],
          [
            138.23616,
            34.845956
          ],
          [
            138.235983,
            34.845851
          ],
          [
            138.235874,
            34.845785
          ],
          [
            138.235674,
            34.845616
          ],
          [
            138.235461,
            34.845391
          ],
          [
            138.23511,
            34.844999
          ],
          [
            138.235018,
            34.844934
          ],
          [
            138.234972,
            34.844911
          ],
          [
            138.234923,
            34.844896
          ],
          [
            138.234521,
            34.84484
          ],
          [
            138.234343,
            34.844797
          ],
          [
            138.234111,
            34.844719
          ],
          [
            138.233551,
            34.844518
          ],
          [
            138.233351,
            34.844472
          ],
          [
            138.232481,
            34.844368
          ],
          [
            138.231845,
            34.844319
          ],
          [
            138.230695,
            34.844328
          ],
          [
            138.229962,
            34.844313
          ],
          [
            138.229589,
            34.844262
          ],
          [
            138.229286,
            34.844204
          ],
          [
            138.229283,
            34.844214
          ],
          [
            138.229286,
            34.844204
          ],
          [
            138.229113,
            34.844172
          ],
          [
            138.227768,
            34.843851
          ],
          [
            138.227613,
            34.843807
          ],
          [
            138.226932,
            34.843606
          ],
          [
            138.226634,
            34.843503
          ],
          [
            138.22578,
            34.843126
          ],
          [
            138.225473,
            34.84302
          ],
          [
            138.225432,
            34.843012
          ],
          [
            138.225431,
            34.843016
          ],
          [
            138.225432,
            34.843012
          ],
          [
            138.224911,
            34.842954
          ],
          [
            138.224245,
            34.842905
          ],
          [
            138.223427,
            34.842881
          ],
          [
            138.223039,
            34.842844
          ],
          [
            138.222528,
            34.842739
          ],
          [
            138.21991,
            34.8421
          ],
          [
            138.219676,
            34.842057
          ],
          [
            138.219334,
            34.841995
          ],
          [
            138.218928,
            34.841901
          ],
          [
            138.218649,
            34.841816
          ],
          [
            138.218037,
            34.841611
          ],
          [
            138.217657,
            34.841497
          ],
          [
            138.217369,
            34.841424
          ],
          [
            138.217014,
            34.841358
          ],
          [
            138.216344,
            34.841252
          ],
          [
            138.216255,
            34.841253
          ],
          [
            138.216147,
            34.841288
          ],
          [
            138.216088,
            34.841346
          ],
          [
            138.215935,
            34.841284
          ],
          [
            138.215926,
            34.841299
          ],
          [
            138.215935,
            34.841284
          ],
          [
            138.211983,
            34.839778
          ],
          [
            138.21152,
            34.839589
          ],
          [
            138.210904,
            34.839311
          ],
          [
            138.210055,
            34.838911
          ],
          [
            138.209625,
            34.838764
          ],
          [
            138.209217,
            34.838655
          ],
          [
            138.206493,
            34.838085
          ],
          [
            138.20526,
            34.837847
          ],
          [
            138.205022,
            34.837789
          ],
          [
            138.20458,
            34.837678
          ],
          [
            138.204484,
            34.837781
          ],
          [
            138.204353,
            34.837787
          ],
          [
            138.203294,
            34.837725
          ],
          [
            138.202539,
            34.837659
          ],
          [
            138.202438,
            34.837641
          ],
          [
            138.201926,
            34.837549
          ],
          [
            138.201117,
            34.837376
          ],
          [
            138.200837,
            34.83729
          ],
          [
            138.200521,
            34.837174
          ],
          [
            138.200175,
            34.837011
          ],
          [
            138.199963,
            34.836911
          ],
          [
            138.200047,
            34.83653
          ],
          [
            138.198667,
            34.836245
          ],
          [
            138.198563,
            34.836184
          ],
          [
            138.198374,
            34.836106
          ],
          [
            138.198238,
            34.836062
          ],
          [
            138.198058,
            34.836025
          ],
          [
            138.197699,
            34.835983
          ],
          [
            138.19744,
            34.835965
          ],
          [
            138.197349,
            34.835967
          ],
          [
            138.196104,
            34.835706
          ],
          [
            138.195595,
            34.835604
          ],
          [
            138.195727,
            34.83563
          ],
          [
            138.193399,
            34.835159
          ],
          [
            138.193027,
            34.835101
          ],
          [
            138.192651,
            34.835058
          ],
          [
            138.192324,
            34.834954
          ],
          [
            138.192186,
            34.834926
          ],
          [
            138.191651,
            34.834843
          ],
          [
            138.191045,
            34.834812
          ],
          [
            138.189603,
            34.834617
          ],
          [
            138.188247,
            34.83437
          ],
          [
            138.188175,
            34.834349
          ],
          [
            138.188176,
            34.834347
          ],
          [
            138.188175,
            34.834349
          ],
          [
            138.188004,
            34.8343
          ],
          [
            138.186395,
            34.833681
          ],
          [
            138.185921,
            34.833522
          ],
          [
            138.184422,
            34.833207
          ],
          [
            138.184094,
            34.833111
          ],
          [
            138.182908,
            34.832686
          ],
          [
            138.182101,
            34.832416
          ],
          [
            138.181615,
            34.832243
          ],
          [
            138.181485,
            34.832216
          ],
          [
            138.181275,
            34.832223
          ],
          [
            138.179752,
            34.832393
          ],
          [
            138.179247,
            34.832443
          ],
          [
            138.178054,
            34.832594
          ],
          [
            138.177903,
            34.832613
          ],
          [
            138.176144,
            34.83277
          ]
        ]
      },
      "properties": {
        "schemaVersion": 2,
        "id": "edit-section-fujieda-shimada-traced-2026-09-16",
        "featureRole": "variant",
        "order": 99,
        "title": "Fujieda-juku to Shimada-juku, retraced",
        "kind": "walking",
        "lengthKm": 9.163,
        "startAnchorId": "a-043",
        "endAnchorId": "a-044",
        "active": true,
        "rationale": "Road-snapped in gpx.studio at walking density.",
        "navigational": false,
        "demonstration": false,
        "source": "imported: section-fujieda-shimada-traced-2026-09-16.gpx",
        "confidence": "medium",
        "verification": "manually-traced",
        "lastChecked": null,
        "classification": "public"
      }
    },
    {
      "type": "Feature",
      "id": "edit-section-matsuya-kozu-traced-2026-09-20",
      "geometry": {
        "type": "LineString",
        "coordinates": [
          [
            139.23966,
            35.291076
          ],
          [
            139.23925,
            35.290977
          ],
          [
            139.238759,
            35.290891
          ],
          [
            139.238577,
            35.29085
          ],
          [
            139.238546,
            35.290836
          ],
          [
            139.238504,
            35.290817
          ],
          [
            139.238263,
            35.290652
          ],
          [
            139.238177,
            35.290579
          ],
          [
            139.238009,
            35.290511
          ],
          [
            139.237752,
            35.290184
          ],
          [
            139.237495,
            35.289902
          ],
          [
            139.237328,
            35.289769
          ],
          [
            139.237166,
            35.289661
          ],
          [
            139.237044,
            35.289613
          ],
          [
            139.236406,
            35.289426
          ],
          [
            139.236128,
            35.289337
          ],
          [
            139.23601,
            35.289286
          ],
          [
            139.235879,
            35.289222
          ],
          [
            139.235281,
            35.288948
          ],
          [
            139.233977,
            35.288316
          ],
          [
            139.233282,
            35.287987
          ],
          [
            139.232946,
            35.28782
          ],
          [
            139.232556,
            35.2876
          ],
          [
            139.232404,
            35.287515
          ],
          [
            139.231807,
            35.287084
          ],
          [
            139.23095,
            35.286485
          ],
          [
            139.230643,
            35.286305
          ],
          [
            139.230455,
            35.286219
          ],
          [
            139.229908,
            35.286026
          ],
          [
            139.229043,
            35.285744
          ],
          [
            139.228898,
            35.285686
          ],
          [
            139.228706,
            35.285603
          ],
          [
            139.228558,
            35.285521
          ],
          [
            139.228074,
            35.285287
          ],
          [
            139.227085,
            35.284833
          ],
          [
            139.226644,
            35.284621
          ],
          [
            139.226129,
            35.284401
          ],
          [
            139.225959,
            35.284342
          ],
          [
            139.225754,
            35.284271
          ],
          [
            139.225464,
            35.2842
          ],
          [
            139.224783,
            35.284049
          ],
          [
            139.223601,
            35.283802
          ],
          [
            139.222945,
            35.283626
          ],
          [
            139.222659,
            35.283526
          ],
          [
            139.221463,
            35.282832
          ],
          [
            139.220372,
            35.282198
          ],
          [
            139.219879,
            35.281919
          ],
          [
            139.219648,
            35.281805
          ],
          [
            139.219492,
            35.281747
          ],
          [
            139.218918,
            35.281564
          ],
          [
            139.218485,
            35.281362
          ],
          [
            139.218319,
            35.281284
          ],
          [
            139.218054,
            35.281184
          ],
          [
            139.217814,
            35.281115
          ],
          [
            139.217688,
            35.281078
          ],
          [
            139.21686,
            35.280969
          ],
          [
            139.216542,
            35.280927
          ],
          [
            139.215907,
            35.280843
          ],
          [
            139.215624,
            35.280784
          ],
          [
            139.215064,
            35.280621
          ],
          [
            139.214133,
            35.280381
          ],
          [
            139.213001,
            35.280201
          ],
          [
            139.212647,
            35.28015
          ]
        ]
      },
      "properties": {
        "schemaVersion": 2,
        "id": "edit-section-matsuya-kozu-traced-2026-09-20",
        "featureRole": "variant",
        "order": 99,
        "title": "Matsuya Honjin to Outside Kozu Station, retraced",
        "kind": "walking",
        "lengthKm": 2.785,
        "startAnchorId": "a-014",
        "endAnchorId": "a-015",
        "active": true,
        "rationale": "Road-snapped in gpx.studio at walking density.",
        "navigational": false,
        "demonstration": false,
        "source": "imported: section-matsuya-kozu-traced-2026-09-20.gpx",
        "confidence": "medium",
        "verification": "manually-traced",
        "lastChecked": null,
        "classification": "public"
      }
    },
    {
      "type": "Feature",
      "id": "edit-section-shinagawa-rokugobashi-traced-2026-09-20",
      "geometry": {
        "type": "LineString",
        "coordinates": [
          [
            139.743852,
            35.618294
          ],
          [
            139.743953,
            35.618141
          ],
          [
            139.744204,
            35.617721
          ],
          [
            139.744491,
            35.617211
          ],
          [
            139.744523,
            35.617105
          ],
          [
            139.744527,
            35.617055
          ],
          [
            139.744502,
            35.616757
          ],
          [
            139.744368,
            35.616127
          ],
          [
            139.744198,
            35.615314
          ],
          [
            139.744095,
            35.614692
          ],
          [
            139.744059,
            35.613275
          ],
          [
            139.744062,
            35.613011
          ],
          [
            139.744086,
            35.612916
          ],
          [
            139.744156,
            35.612689
          ],
          [
            139.744158,
            35.612305
          ],
          [
            139.744146,
            35.611929
          ],
          [
            139.744151,
            35.611194
          ],
          [
            139.74414,
            35.610756
          ],
          [
            139.744147,
            35.610649
          ],
          [
            139.744127,
            35.61064
          ],
          [
            139.74413,
            35.610636
          ],
          [
            139.744127,
            35.61064
          ],
          [
            139.744147,
            35.610649
          ],
          [
            139.744196,
            35.61008
          ],
          [
            139.74427,
            35.609538
          ],
          [
            139.744268,
            35.609137
          ],
          [
            139.744236,
            35.608665
          ],
          [
            139.744027,
            35.606824
          ],
          [
            139.744028,
            35.606824
          ],
          [
            139.744027,
            35.606824
          ],
          [
            139.744026,
            35.60682
          ],
          [
            139.743974,
            35.606483
          ],
          [
            139.743861,
            35.606094
          ],
          [
            139.743492,
            35.605573
          ],
          [
            139.743297,
            35.605204
          ],
          [
            139.742624,
            35.603769
          ],
          [
            139.742217,
            35.602967
          ],
          [
            139.741394,
            35.601439
          ],
          [
            139.741256,
            35.601112
          ],
          [
            139.741244,
            35.60097
          ],
          [
            139.741259,
            35.60069
          ],
          [
            139.741243,
            35.600562
          ],
          [
            139.741152,
            35.600337
          ],
          [
            139.741007,
            35.599931
          ],
          [
            139.740754,
            35.599166
          ],
          [
            139.740462,
            35.598523
          ],
          [
            139.740461,
            35.598521
          ],
          [
            139.74034,
            35.598272
          ],
          [
            139.739989,
            35.597757
          ],
          [
            139.739669,
            35.597306
          ],
          [
            139.739553,
            35.597104
          ],
          [
            139.739424,
            35.59656
          ],
          [
            139.739355,
            35.596372
          ],
          [
            139.739026,
            35.595523
          ],
          [
            139.738862,
            35.595261
          ],
          [
            139.738863,
            35.595261
          ],
          [
            139.738862,
            35.595262
          ],
          [
            139.738231,
            35.594256
          ],
          [
            139.738125,
            35.594075
          ],
          [
            139.738044,
            35.593935
          ],
          [
            139.737825,
            35.593613
          ],
          [
            139.737493,
            35.593226
          ],
          [
            139.737091,
            35.592594
          ],
          [
            139.736667,
            35.591897
          ],
          [
            139.7365,
            35.591511
          ],
          [
            139.736492,
            35.591492
          ],
          [
            139.73653,
            35.591476
          ],
          [
            139.736563,
            35.591451
          ],
          [
            139.736559,
            35.591303
          ],
          [
            139.736431,
            35.591252
          ],
          [
            139.736329,
            35.590869
          ],
          [
            139.73629,
            35.590724
          ],
          [
            139.736246,
            35.590591
          ],
          [
            139.736227,
            35.590458
          ],
          [
            139.736224,
            35.590296
          ],
          [
            139.736199,
            35.590252
          ],
          [
            139.73618,
            35.5901
          ],
          [
            139.736176,
            35.590029
          ],
          [
            139.736155,
            35.589951
          ],
          [
            139.736142,
            35.589688
          ],
          [
            139.736142,
            35.589635
          ],
          [
            139.736125,
            35.589618
          ],
          [
            139.736131,
            35.589386
          ],
          [
            139.736077,
            35.587805
          ],
          [
            139.736071,
            35.587255
          ],
          [
            139.736059,
            35.587172
          ],
          [
            139.736092,
            35.586898
          ],
          [
            139.736112,
            35.586867
          ],
          [
            139.736279,
            35.585891
          ],
          [
            139.736523,
            35.5847
          ],
          [
            139.736544,
            35.584679
          ],
          [
            139.73657,
            35.58456
          ],
          [
            139.736563,
            35.584546
          ],
          [
            139.736738,
            35.583383
          ],
          [
            139.736744,
            35.583223
          ],
          [
            139.736751,
            35.583179
          ],
          [
            139.736803,
            35.583143
          ],
          [
            139.736847,
            35.582862
          ],
          [
            139.736823,
            35.582805
          ],
          [
            139.736837,
            35.582578
          ],
          [
            139.736833,
            35.582523
          ],
          [
            139.736787,
            35.582148
          ],
          [
            139.736798,
            35.582019
          ],
          [
            139.736779,
            35.581988
          ],
          [
            139.736816,
            35.58192
          ],
          [
            139.736802,
            35.581916
          ],
          [
            139.736767,
            35.581862
          ],
          [
            139.736775,
            35.581845
          ],
          [
            139.736786,
            35.581818
          ],
          [
            139.736815,
            35.58128
          ],
          [
            139.736802,
            35.581124
          ],
          [
            139.736769,
            35.579796
          ],
          [
            139.736776,
            35.579796
          ],
          [
            139.736769,
            35.579796
          ],
          [
            139.736739,
            35.579503
          ],
          [
            139.736674,
            35.579124
          ],
          [
            139.736548,
            35.578627
          ],
          [
            139.736488,
            35.578421
          ],
          [
            139.736236,
            35.577718
          ],
          [
            139.736206,
            35.577634
          ],
          [
            139.736156,
            35.577541
          ],
          [
            139.736074,
            35.577313
          ],
          [
            139.736075,
            35.577313
          ],
          [
            139.735854,
            35.576694
          ],
          [
            139.735704,
            35.5763
          ],
          [
            139.735695,
            35.576276
          ],
          [
            139.735278,
            35.575367
          ],
          [
            139.73516,
            35.575136
          ],
          [
            139.735112,
            35.575044
          ],
          [
            139.73473,
            35.57446
          ],
          [
            139.734622,
            35.574314
          ],
          [
            139.73424,
            35.573814
          ],
          [
            139.734161,
            35.573738
          ],
          [
            139.733971,
            35.573606
          ],
          [
            139.733911,
            35.573564
          ],
          [
            139.733732,
            35.573166
          ],
          [
            139.733624,
            35.572998
          ],
          [
            139.7325,
            35.571568
          ],
          [
            139.731994,
            35.570907
          ],
          [
            139.731992,
            35.570908
          ],
          [
            139.730309,
            35.568708
          ],
          [
            139.7299,
            35.568186
          ],
          [
            139.728954,
            35.566951
          ],
          [
            139.728344,
            35.566097
          ],
          [
            139.727546,
            35.564979
          ],
          [
            139.726784,
            35.563946
          ],
          [
            139.725807,
            35.562669
          ],
          [
            139.725247,
            35.561912
          ],
          [
            139.724744,
            35.561231
          ],
          [
            139.723953,
            35.560221
          ],
          [
            139.723866,
            35.56002
          ],
          [
            139.723795,
            35.559922
          ],
          [
            139.72351,
            35.559622
          ],
          [
            139.723476,
            35.559582
          ],
          [
            139.723391,
            35.559482
          ],
          [
            139.723199,
            35.559137
          ],
          [
            139.723115,
            35.559025
          ],
          [
            139.723006,
            35.558905
          ],
          [
            139.722748,
            35.558557
          ],
          [
            139.722603,
            35.558364
          ],
          [
            139.722421,
            35.558126
          ],
          [
            139.722175,
            35.557776
          ],
          [
            139.721873,
            35.557375
          ],
          [
            139.721687,
            35.557151
          ],
          [
            139.721347,
            35.556698
          ],
          [
            139.721201,
            35.55652
          ],
          [
            139.720913,
            35.556194
          ],
          [
            139.720585,
            35.555778
          ],
          [
            139.720468,
            35.555709
          ],
          [
            139.719431,
            35.554363
          ],
          [
            139.718883,
            35.553634
          ],
          [
            139.718413,
            35.552941
          ],
          [
            139.718145,
            35.552602
          ],
          [
            139.718058,
            35.552633
          ],
          [
            139.718251,
            35.552877
          ],
          [
            139.718678,
            35.553498
          ],
          [
            139.718714,
            35.553483
          ],
          [
            139.717169,
            35.551345
          ],
          [
            139.715195,
            35.5487
          ],
          [
            139.713113,
            35.545976
          ],
          [
            139.712051,
            35.544545
          ],
          [
            139.712019,
            35.544431
          ],
          [
            139.711289,
            35.543375
          ],
          [
            139.710538,
            35.542371
          ],
          [
            139.70939,
            35.540669
          ],
          [
            139.70923,
            35.540206
          ],
          [
            139.709004,
            35.539813
          ],
          [
            139.70836,
            35.535981
          ]
        ]
      },
      "properties": {
        "schemaVersion": 2,
        "id": "edit-section-shinagawa-rokugobashi-traced-2026-09-20",
        "featureRole": "variant",
        "order": 99,
        "title": "Shinagawa-juku to Rokugobashi, retraced",
        "kind": "walking",
        "lengthKm": 10.276,
        "startAnchorId": "a-002",
        "endAnchorId": "a-003",
        "active": true,
        "rationale": "Road-snapped in gpx.studio at walking density.",
        "navigational": false,
        "demonstration": false,
        "source": "imported: section-shinagawa-rokugobashi-traced-2026-09-20.gpx",
        "confidence": "medium",
        "verification": "manually-traced",
        "lastChecked": null,
        "classification": "public"
      }
    },
    {
      "type": "Feature",
      "id": "edit-section-yunoki-fujikawa-traced-2026-09-21",
      "geometry": {
        "type": "LineString",
        "coordinates": [
          [
            138.638502,
            35.157833
          ],
          [
            138.637408,
            35.157771
          ],
          [
            138.636518,
            35.157574
          ],
          [
            138.635885,
            35.157381
          ],
          [
            138.635346,
            35.157517
          ],
          [
            138.634765,
            35.157645
          ],
          [
            138.634763,
            35.157641
          ],
          [
            138.634735,
            35.157576
          ],
          [
            138.634686,
            35.157523
          ],
          [
            138.634585,
            35.157444
          ],
          [
            138.634262,
            35.157347
          ],
          [
            138.633636,
            35.157227
          ],
          [
            138.633059,
            35.157012
          ],
          [
            138.632765,
            35.156866
          ],
          [
            138.632534,
            35.156736
          ],
          [
            138.632407,
            35.156601
          ],
          [
            138.632374,
            35.15651
          ],
          [
            138.632245,
            35.156064
          ],
          [
            138.632178,
            35.155876
          ],
          [
            138.632178,
            35.155887
          ],
          [
            138.631951,
            35.15584
          ],
          [
            138.630312,
            35.155588
          ],
          [
            138.629948,
            35.155556
          ],
          [
            138.627955,
            35.155459
          ],
          [
            138.627034,
            35.155315
          ],
          [
            138.626828,
            35.155288
          ],
          [
            138.626827,
            35.15529
          ],
          [
            138.626317,
            35.155222
          ],
          [
            138.626246,
            35.155213
          ],
          [
            138.625705,
            35.155142
          ],
          [
            138.624757,
            35.155017
          ],
          [
            138.624215,
            35.154945
          ],
          [
            138.623807,
            35.154891
          ],
          [
            138.623266,
            35.154812
          ],
          [
            138.622796,
            35.154744
          ]
        ]
      },
      "properties": {
        "schemaVersion": 2,
        "id": "edit-section-yunoki-fujikawa-traced-2026-09-21",
        "featureRole": "variant",
        "order": 99,
        "title": "Yunoki Station to Fujikawa Bridge, retraced",
        "kind": "walking",
        "lengthKm": 1.55,
        "startAnchorId": "a-027",
        "endAnchorId": "a-028",
        "active": true,
        "rationale": "Road-snapped in gpx.studio at walking density.",
        "navigational": false,
        "demonstration": false,
        "source": "imported: Section — Yunoki Station to Fujikawa Bridge (1).gpx",
        "confidence": "medium",
        "verification": "manually-traced",
        "lastChecked": null,
        "classification": "public"
      }
    },
    {
      "type": "Feature",
      "id": "edit-section-totsuka-fujisawa-traced-2026-09-21",
      "geometry": {
        "type": "LineString",
        "coordinates": [
          [
            139.531383,
            35.399963
          ],
          [
            139.531186,
            35.399423
          ],
          [
            139.5307,
            35.397781
          ],
          [
            139.530633,
            35.39751
          ],
          [
            139.530605,
            35.397139
          ],
          [
            139.530594,
            35.396856
          ],
          [
            139.530565,
            35.396724
          ],
          [
            139.530478,
            35.396484
          ],
          [
            139.530243,
            35.395924
          ],
          [
            139.530207,
            35.395788
          ],
          [
            139.530069,
            35.395089
          ],
          [
            139.530026,
            35.394983
          ],
          [
            139.529971,
            35.394844
          ],
          [
            139.529172,
            35.393452
          ],
          [
            139.529121,
            35.393387
          ],
          [
            139.529119,
            35.393388
          ],
          [
            139.529121,
            35.393387
          ],
          [
            139.529076,
            35.393331
          ],
          [
            139.528952,
            35.393293
          ],
          [
            139.527911,
            35.393055
          ],
          [
            139.527547,
            35.392965
          ],
          [
            139.52734,
            35.392931
          ],
          [
            139.527057,
            35.392919
          ],
          [
            139.526623,
            35.392916
          ],
          [
            139.526247,
            35.392893
          ],
          [
            139.526113,
            35.392862
          ],
          [
            139.52521,
            35.392546
          ],
          [
            139.524691,
            35.392332
          ],
          [
            139.52433,
            35.392129
          ],
          [
            139.524206,
            35.392042
          ],
          [
            139.524103,
            35.391951
          ],
          [
            139.524034,
            35.391871
          ],
          [
            139.523755,
            35.391495
          ],
          [
            139.523609,
            35.39133
          ],
          [
            139.523431,
            35.391174
          ],
          [
            139.523165,
            35.390973
          ],
          [
            139.52296,
            35.39079
          ],
          [
            139.522454,
            35.390239
          ],
          [
            139.521707,
            35.389406
          ],
          [
            139.521447,
            35.3891
          ],
          [
            139.521036,
            35.388713
          ],
          [
            139.520819,
            35.388576
          ],
          [
            139.520591,
            35.388488
          ],
          [
            139.52035,
            35.388418
          ],
          [
            139.520123,
            35.38838
          ],
          [
            139.519815,
            35.388301
          ],
          [
            139.519677,
            35.388249
          ],
          [
            139.519454,
            35.388143
          ],
          [
            139.519296,
            35.388042
          ],
          [
            139.519178,
            35.387981
          ],
          [
            139.519029,
            35.38789
          ],
          [
            139.518879,
            35.387771
          ],
          [
            139.518574,
            35.387497
          ],
          [
            139.518285,
            35.387201
          ],
          [
            139.517828,
            35.386677
          ],
          [
            139.517581,
            35.386336
          ],
          [
            139.517252,
            35.385816
          ],
          [
            139.51699,
            35.385472
          ],
          [
            139.516776,
            35.385253
          ],
          [
            139.516611,
            35.385109
          ],
          [
            139.516418,
            35.384991
          ],
          [
            139.515661,
            35.384704
          ],
          [
            139.515498,
            35.384613
          ],
          [
            139.51538,
            35.384529
          ],
          [
            139.515298,
            35.38447
          ],
          [
            139.515169,
            35.384341
          ],
          [
            139.515047,
            35.384142
          ],
          [
            139.514925,
            35.38387
          ],
          [
            139.514766,
            35.38349
          ],
          [
            139.514641,
            35.383228
          ],
          [
            139.514424,
            35.382713
          ],
          [
            139.514325,
            35.38255
          ],
          [
            139.514114,
            35.382286
          ],
          [
            139.514039,
            35.382221
          ],
          [
            139.513857,
            35.382063
          ],
          [
            139.513264,
            35.38169
          ],
          [
            139.512876,
            35.381398
          ],
          [
            139.512729,
            35.381254
          ],
          [
            139.512495,
            35.381026
          ],
          [
            139.511956,
            35.380508
          ],
          [
            139.511659,
            35.380277
          ],
          [
            139.511561,
            35.380209
          ],
          [
            139.511343,
            35.38006
          ],
          [
            139.511035,
            35.379892
          ],
          [
            139.510207,
            35.379509
          ],
          [
            139.509185,
            35.37903
          ],
          [
            139.508797,
            35.378811
          ],
          [
            139.507517,
            35.378161
          ],
          [
            139.506523,
            35.37769
          ],
          [
            139.506032,
            35.377441
          ],
          [
            139.505884,
            35.377356
          ],
          [
            139.505644,
            35.377198
          ],
          [
            139.505424,
            35.377027
          ],
          [
            139.505288,
            35.376903
          ],
          [
            139.505131,
            35.376742
          ],
          [
            139.505036,
            35.376632
          ],
          [
            139.504842,
            35.376371
          ],
          [
            139.504413,
            35.375711
          ],
          [
            139.504069,
            35.375211
          ],
          [
            139.503553,
            35.374449
          ],
          [
            139.503228,
            35.373917
          ],
          [
            139.502787,
            35.37326
          ],
          [
            139.501553,
            35.371402
          ],
          [
            139.501239,
            35.370894
          ],
          [
            139.501041,
            35.370562
          ],
          [
            139.500668,
            35.369897
          ],
          [
            139.500118,
            35.36883
          ],
          [
            139.500112,
            35.368819
          ],
          [
            139.499284,
            35.367305
          ],
          [
            139.498887,
            35.36663
          ],
          [
            139.498821,
            35.366528
          ],
          [
            139.497891,
            35.365086
          ],
          [
            139.49737,
            35.364149
          ],
          [
            139.497377,
            35.364072
          ],
          [
            139.497364,
            35.363991
          ],
          [
            139.497318,
            35.363901
          ],
          [
            139.497087,
            35.363559
          ],
          [
            139.496897,
            35.363328
          ],
          [
            139.495603,
            35.361838
          ],
          [
            139.495417,
            35.361643
          ],
          [
            139.495304,
            35.361536
          ],
          [
            139.49499,
            35.36124
          ],
          [
            139.494948,
            35.36113
          ],
          [
            139.494886,
            35.361098
          ],
          [
            139.494768,
            35.360955
          ],
          [
            139.494736,
            35.360944
          ],
          [
            139.494702,
            35.360946
          ],
          [
            139.494669,
            35.360958
          ],
          [
            139.494537,
            35.360671
          ],
          [
            139.493977,
            35.359479
          ],
          [
            139.493687,
            35.358888
          ],
          [
            139.49343,
            35.358341
          ],
          [
            139.49333,
            35.358107
          ],
          [
            139.492393,
            35.355599
          ],
          [
            139.492301,
            35.355409
          ],
          [
            139.492195,
            35.355219
          ],
          [
            139.491719,
            35.354475
          ],
          [
            139.491538,
            35.354164
          ],
          [
            139.491358,
            35.353785
          ],
          [
            139.49121,
            35.353425
          ],
          [
            139.491025,
            35.353022
          ],
          [
            139.490898,
            35.352675
          ],
          [
            139.490838,
            35.352485
          ],
          [
            139.490814,
            35.35236
          ],
          [
            139.490771,
            35.351244
          ],
          [
            139.490745,
            35.350829
          ],
          [
            139.490703,
            35.350597
          ],
          [
            139.49065,
            35.35041
          ],
          [
            139.49049,
            35.34998
          ],
          [
            139.4904,
            35.349762
          ],
          [
            139.490297,
            35.349569
          ],
          [
            139.490242,
            35.349482
          ],
          [
            139.490153,
            35.349344
          ],
          [
            139.489996,
            35.349127
          ],
          [
            139.489364,
            35.348256
          ],
          [
            139.489185,
            35.347988
          ],
          [
            139.488861,
            35.347606
          ],
          [
            139.488332,
            35.346958
          ],
          [
            139.487967,
            35.346518
          ],
          [
            139.48768,
            35.346182
          ],
          [
            139.487671,
            35.346187
          ],
          [
            139.487086,
            35.346539
          ],
          [
            139.48708,
            35.346533
          ]
        ]
      },
      "properties": {
        "schemaVersion": 2,
        "id": "edit-section-totsuka-fujisawa-traced-2026-09-21",
        "featureRole": "variant",
        "order": 99,
        "title": "Totsuka-juku to Fujisawa-juku Koryukan, retraced",
        "kind": "walking",
        "lengthKm": 7.597,
        "startAnchorId": "a-008",
        "endAnchorId": "a-009",
        "active": true,
        "rationale": "Road-snapped in gpx.studio at walking density.",
        "navigational": false,
        "demonstration": false,
        "source": "imported: Section — Totsuka-juku to Fujisawa-juku Koryukan.gpx",
        "confidence": "medium",
        "verification": "manually-traced",
        "lastChecked": null,
        "classification": "public"
      }
    },
    {
      "type": "Feature",
      "id": "edit-section-nissaka-kakegawa-traced-2026-09-21",
      "geometry": {
        "type": "LineString",
        "coordinates": [
          [
            138.075132,
            34.804187
          ],
          [
            138.075014,
            34.803994
          ],
          [
            138.075001,
            34.803937
          ],
          [
            138.075009,
            34.803853
          ],
          [
            138.075077,
            34.803571
          ],
          [
            138.075115,
            34.803482
          ],
          [
            138.075146,
            34.803409
          ],
          [
            138.075235,
            34.803301
          ],
          [
            138.075693,
            34.802907
          ],
          [
            138.076004,
            34.802658
          ],
          [
            138.07618,
            34.802503
          ],
          [
            138.076227,
            34.80243
          ],
          [
            138.076239,
            34.802378
          ],
          [
            138.076237,
            34.802352
          ],
          [
            138.076205,
            34.802079
          ],
          [
            138.076169,
            34.801862
          ],
          [
            138.076088,
            34.801605
          ],
          [
            138.076097,
            34.801603
          ],
          [
            138.076088,
            34.801605
          ],
          [
            138.075885,
            34.801157
          ],
          [
            138.075716,
            34.800757
          ],
          [
            138.075641,
            34.800601
          ],
          [
            138.075537,
            34.800433
          ],
          [
            138.075087,
            34.799999
          ],
          [
            138.074854,
            34.799752
          ],
          [
            138.07474,
            34.799617
          ],
          [
            138.07461,
            34.799418
          ],
          [
            138.074596,
            34.799381
          ],
          [
            138.074564,
            34.799294
          ],
          [
            138.074582,
            34.799144
          ],
          [
            138.074671,
            34.798928
          ],
          [
            138.074788,
            34.798815
          ],
          [
            138.074764,
            34.798769
          ],
          [
            138.074761,
            34.79877
          ],
          [
            138.074764,
            34.798769
          ],
          [
            138.074622,
            34.798497
          ],
          [
            138.074521,
            34.798234
          ],
          [
            138.074063,
            34.797123
          ],
          [
            138.073916,
            34.79682
          ],
          [
            138.073375,
            34.795511
          ],
          [
            138.072898,
            34.794282
          ],
          [
            138.072299,
            34.792684
          ],
          [
            138.071613,
            34.791178
          ],
          [
            138.071481,
            34.790816
          ],
          [
            138.071336,
            34.790383
          ],
          [
            138.071228,
            34.79003
          ],
          [
            138.071049,
            34.789565
          ],
          [
            138.070906,
            34.789236
          ],
          [
            138.070684,
            34.788854
          ],
          [
            138.070714,
            34.788609
          ],
          [
            138.070681,
            34.788477
          ],
          [
            138.070641,
            34.788388
          ],
          [
            138.07059,
            34.788276
          ],
          [
            138.070418,
            34.787975
          ],
          [
            138.070327,
            34.787844
          ],
          [
            138.070219,
            34.787708
          ],
          [
            138.070037,
            34.787517
          ],
          [
            138.069886,
            34.787364
          ],
          [
            138.069754,
            34.787258
          ],
          [
            138.06874,
            34.786611
          ],
          [
            138.068191,
            34.786266
          ],
          [
            138.067985,
            34.786146
          ],
          [
            138.067918,
            34.786112
          ],
          [
            138.067705,
            34.786041
          ],
          [
            138.067394,
            34.786042
          ],
          [
            138.066904,
            34.786087
          ],
          [
            138.065938,
            34.786201
          ],
          [
            138.06518,
            34.786291
          ],
          [
            138.065128,
            34.786275
          ],
          [
            138.065121,
            34.78629
          ],
          [
            138.065128,
            34.786275
          ],
          [
            138.064332,
            34.786018
          ],
          [
            138.063988,
            34.785847
          ],
          [
            138.063562,
            34.7856
          ],
          [
            138.06361,
            34.785625
          ],
          [
            138.063601,
            34.785465
          ],
          [
            138.063191,
            34.784919
          ],
          [
            138.062909,
            34.784562
          ],
          [
            138.062773,
            34.784402
          ],
          [
            138.062657,
            34.784312
          ],
          [
            138.062626,
            34.784288
          ],
          [
            138.062429,
            34.784178
          ],
          [
            138.062147,
            34.784059
          ],
          [
            138.061948,
            34.783994
          ],
          [
            138.061518,
            34.783892
          ],
          [
            138.061265,
            34.783875
          ],
          [
            138.061215,
            34.78388
          ],
          [
            138.061216,
            34.783884
          ],
          [
            138.061215,
            34.78388
          ],
          [
            138.061092,
            34.783893
          ],
          [
            138.061026,
            34.783908
          ],
          [
            138.06027,
            34.784102
          ],
          [
            138.060118,
            34.78417
          ],
          [
            138.060052,
            34.784171
          ],
          [
            138.059238,
            34.784187
          ],
          [
            138.05818,
            34.784227
          ],
          [
            138.057744,
            34.784242
          ],
          [
            138.05725,
            34.784253
          ],
          [
            138.055619,
            34.784207
          ],
          [
            138.055321,
            34.784229
          ],
          [
            138.055205,
            34.784238
          ],
          [
            138.05389,
            34.784493
          ],
          [
            138.053657,
            34.784525
          ],
          [
            138.053423,
            34.784536
          ],
          [
            138.053208,
            34.784539
          ],
          [
            138.05305,
            34.784532
          ],
          [
            138.052758,
            34.784495
          ],
          [
            138.052506,
            34.78445
          ],
          [
            138.052036,
            34.784344
          ],
          [
            138.051682,
            34.78428
          ],
          [
            138.051286,
            34.784246
          ],
          [
            138.050856,
            34.784258
          ],
          [
            138.049633,
            34.784361
          ],
          [
            138.048527,
            34.784475
          ],
          [
            138.048279,
            34.784489
          ],
          [
            138.048168,
            34.78449
          ],
          [
            138.047774,
            34.78445
          ],
          [
            138.047519,
            34.7844
          ],
          [
            138.04718,
            34.784314
          ],
          [
            138.046693,
            34.784191
          ],
          [
            138.045305,
            34.783792
          ],
          [
            138.045044,
            34.783693
          ],
          [
            138.044832,
            34.783601
          ],
          [
            138.044728,
            34.783556
          ],
          [
            138.044478,
            34.783422
          ],
          [
            138.043246,
            34.782574
          ],
          [
            138.042938,
            34.782392
          ],
          [
            138.042673,
            34.782269
          ],
          [
            138.042531,
            34.782203
          ],
          [
            138.041997,
            34.782045
          ],
          [
            138.041403,
            34.781906
          ],
          [
            138.040654,
            34.781765
          ],
          [
            138.040221,
            34.781645
          ],
          [
            138.040096,
            34.781618
          ],
          [
            138.040093,
            34.781621
          ],
          [
            138.040096,
            34.781618
          ],
          [
            138.040061,
            34.781445
          ],
          [
            138.039984,
            34.781325
          ],
          [
            138.039971,
            34.781305
          ],
          [
            138.039273,
            34.780855
          ],
          [
            138.038819,
            34.780608
          ],
          [
            138.037319,
            34.77973
          ],
          [
            138.036351,
            34.779187
          ],
          [
            138.035411,
            34.778752
          ],
          [
            138.035097,
            34.778589
          ],
          [
            138.034732,
            34.778353
          ],
          [
            138.034502,
            34.778179
          ],
          [
            138.034195,
            34.777973
          ],
          [
            138.033981,
            34.777845
          ],
          [
            138.033815,
            34.777768
          ],
          [
            138.033814,
            34.777769
          ],
          [
            138.033815,
            34.777768
          ],
          [
            138.03352,
            34.777658
          ],
          [
            138.032919,
            34.777481
          ],
          [
            138.031224,
            34.777013
          ],
          [
            138.030971,
            34.776954
          ],
          [
            138.0298,
            34.776632
          ],
          [
            138.029233,
            34.776491
          ],
          [
            138.027962,
            34.776143
          ],
          [
            138.02791,
            34.776128
          ],
          [
            138.027783,
            34.776074
          ],
          [
            138.027599,
            34.775957
          ],
          [
            138.027537,
            34.775924
          ],
          [
            138.027074,
            34.77558
          ],
          [
            138.026978,
            34.775511
          ],
          [
            138.026642,
            34.775268
          ],
          [
            138.025156,
            34.774161
          ],
          [
            138.024577,
            34.773771
          ],
          [
            138.024186,
            34.773497
          ],
          [
            138.023967,
            34.773387
          ],
          [
            138.023721,
            34.773299
          ],
          [
            138.023727,
            34.773288
          ],
          [
            138.023781,
            34.773197
          ],
          [
            138.023803,
            34.773137
          ],
          [
            138.023911,
            34.772375
          ],
          [
            138.023908,
            34.772389
          ],
          [
            138.022686,
            34.772209
          ],
          [
            138.022687,
            34.772205
          ],
          [
            138.022737,
            34.771708
          ],
          [
            138.022687,
            34.771706
          ],
          [
            138.022114,
            34.77168
          ],
          [
            138.02095,
            34.771648
          ],
          [
            138.02094,
            34.772022
          ],
          [
            138.020762,
            34.772167
          ],
          [
            138.020758,
            34.772332
          ],
          [
            138.020725,
            34.772332
          ],
          [
            138.020725,
            34.772336
          ],
          [
            138.019626,
            34.772314
          ],
          [
            138.019626,
            34.77232
          ],
          [
            138.019639,
            34.772321
          ],
          [
            138.019588,
            34.773092
          ],
          [
            138.019586,
            34.773091
          ],
          [
            138.018634,
            34.773044
          ],
          [
            138.016466,
            34.772935
          ]
        ]
      },
      "properties": {
        "schemaVersion": 2,
        "id": "edit-section-nissaka-kakegawa-traced-2026-09-21",
        "featureRole": "variant",
        "order": 99,
        "title": "Nissaka-juku to Kakegawa-juku, retraced",
        "kind": "walking",
        "lengthKm": 7.832,
        "startAnchorId": "a-048",
        "endAnchorId": "a-049",
        "active": true,
        "rationale": "Road-snapped in gpx.studio at walking density.",
        "navigational": false,
        "demonstration": false,
        "source": "imported: Section — Nissaka-juku to Kakegawa-juku.gpx",
        "confidence": "medium",
        "verification": "manually-traced",
        "lastChecked": null,
        "classification": "public"
      }
    },
    {
      "type": "Feature",
      "id": "edit-section-oiso-matsuya-traced-2026-09-21",
      "geometry": {
        "type": "LineString",
        "coordinates": [
          [
            139.314929,
            35.308452
          ],
          [
            139.314573,
            35.307955
          ],
          [
            139.314376,
            35.307752
          ],
          [
            139.314256,
            35.307667
          ],
          [
            139.314307,
            35.307624
          ],
          [
            139.314101,
            35.307287
          ],
          [
            139.314053,
            35.307246
          ],
          [
            139.313998,
            35.307215
          ],
          [
            139.3139,
            35.307203
          ],
          [
            139.313467,
            35.307279
          ],
          [
            139.313433,
            35.307327
          ],
          [
            139.313417,
            35.307371
          ],
          [
            139.313178,
            35.307364
          ],
          [
            139.313038,
            35.307372
          ],
          [
            139.312786,
            35.307416
          ],
          [
            139.312264,
            35.307533
          ],
          [
            139.311642,
            35.307657
          ],
          [
            139.310935,
            35.307755
          ],
          [
            139.310213,
            35.307827
          ],
          [
            139.310213,
            35.307824
          ],
          [
            139.310213,
            35.307827
          ],
          [
            139.309287,
            35.307921
          ],
          [
            139.308826,
            35.307958
          ],
          [
            139.308667,
            35.307968
          ],
          [
            139.308195,
            35.307976
          ],
          [
            139.308083,
            35.307956
          ],
          [
            139.307542,
            35.307897
          ],
          [
            139.307336,
            35.307867
          ],
          [
            139.306911,
            35.307807
          ],
          [
            139.305864,
            35.307619
          ],
          [
            139.303931,
            35.307258
          ],
          [
            139.30374,
            35.307209
          ],
          [
            139.303417,
            35.307125
          ],
          [
            139.303041,
            35.307057
          ],
          [
            139.299187,
            35.306115
          ],
          [
            139.296964,
            35.305575
          ],
          [
            139.296537,
            35.305477
          ],
          [
            139.294194,
            35.304909
          ],
          [
            139.293842,
            35.30481
          ],
          [
            139.293684,
            35.304758
          ],
          [
            139.293562,
            35.304718
          ],
          [
            139.293275,
            35.304599
          ],
          [
            139.292626,
            35.304315
          ],
          [
            139.292469,
            35.304253
          ],
          [
            139.291992,
            35.304039
          ],
          [
            139.291863,
            35.303986
          ],
          [
            139.291622,
            35.303922
          ],
          [
            139.291541,
            35.303904
          ],
          [
            139.291194,
            35.303854
          ],
          [
            139.291022,
            35.303837
          ],
          [
            139.290842,
            35.303828
          ],
          [
            139.290719,
            35.303887
          ],
          [
            139.290439,
            35.304028
          ],
          [
            139.28934,
            35.304657
          ],
          [
            139.288561,
            35.305111
          ],
          [
            139.287992,
            35.305445
          ],
          [
            139.287638,
            35.305598
          ],
          [
            139.28746,
            35.305659
          ],
          [
            139.287267,
            35.305707
          ],
          [
            139.287219,
            35.305708
          ],
          [
            139.287107,
            35.305711
          ],
          [
            139.286882,
            35.305681
          ],
          [
            139.286629,
            35.305632
          ],
          [
            139.286265,
            35.305582
          ],
          [
            139.285649,
            35.305427
          ],
          [
            139.285513,
            35.305383
          ],
          [
            139.285304,
            35.305261
          ],
          [
            139.284978,
            35.305142
          ],
          [
            139.284635,
            35.305059
          ],
          [
            139.283482,
            35.304873
          ],
          [
            139.282813,
            35.304756
          ],
          [
            139.282397,
            35.304714
          ],
          [
            139.282298,
            35.304704
          ],
          [
            139.281107,
            35.304674
          ],
          [
            139.279949,
            35.304607
          ],
          [
            139.279399,
            35.304578
          ],
          [
            139.278849,
            35.304549
          ],
          [
            139.278633,
            35.304538
          ],
          [
            139.278084,
            35.304502
          ],
          [
            139.277678,
            35.304476
          ],
          [
            139.277627,
            35.304468
          ],
          [
            139.277634,
            35.304404
          ],
          [
            139.277637,
            35.304381
          ],
          [
            139.27705,
            35.304332
          ],
          [
            139.274179,
            35.304005
          ],
          [
            139.273425,
            35.303925
          ],
          [
            139.272983,
            35.303846
          ],
          [
            139.272659,
            35.303769
          ],
          [
            139.272258,
            35.303631
          ],
          [
            139.272122,
            35.303573
          ],
          [
            139.271339,
            35.303232
          ],
          [
            139.270284,
            35.302785
          ],
          [
            139.268799,
            35.302119
          ],
          [
            139.268673,
            35.302057
          ],
          [
            139.26717,
            35.301324
          ],
          [
            139.266295,
            35.300905
          ],
          [
            139.265828,
            35.300693
          ],
          [
            139.265656,
            35.300637
          ],
          [
            139.265417,
            35.300545
          ],
          [
            139.265017,
            35.300422
          ],
          [
            139.264475,
            35.300245
          ],
          [
            139.264216,
            35.300174
          ],
          [
            139.263776,
            35.30002
          ],
          [
            139.263418,
            35.299879
          ],
          [
            139.263167,
            35.299735
          ],
          [
            139.262703,
            35.299386
          ],
          [
            139.262431,
            35.299213
          ],
          [
            139.262076,
            35.299047
          ],
          [
            139.259944,
            35.298399
          ],
          [
            139.258707,
            35.298076
          ],
          [
            139.257566,
            35.297692
          ],
          [
            139.256779,
            35.297452
          ],
          [
            139.256286,
            35.297319
          ],
          [
            139.255694,
            35.297176
          ],
          [
            139.255243,
            35.29705
          ],
          [
            139.255045,
            35.296982
          ],
          [
            139.254482,
            35.296763
          ],
          [
            139.253896,
            35.296548
          ],
          [
            139.253289,
            35.29636
          ],
          [
            139.252737,
            35.296205
          ],
          [
            139.252252,
            35.296081
          ],
          [
            139.251737,
            35.295903
          ],
          [
            139.25045,
            35.295404
          ],
          [
            139.250218,
            35.295321
          ],
          [
            139.250236,
            35.295328
          ],
          [
            139.250136,
            35.295376
          ],
          [
            139.249405,
            35.295294
          ],
          [
            139.249292,
            35.295307
          ],
          [
            139.249174,
            35.295342
          ],
          [
            139.248863,
            35.295495
          ],
          [
            139.248766,
            35.295506
          ],
          [
            139.24875,
            35.295508
          ],
          [
            139.248584,
            35.295451
          ],
          [
            139.248412,
            35.295355
          ],
          [
            139.24815,
            35.295237
          ],
          [
            139.247702,
            35.295078
          ],
          [
            139.247085,
            35.294819
          ],
          [
            139.246838,
            35.294644
          ],
          [
            139.246672,
            35.294482
          ],
          [
            139.246403,
            35.294241
          ],
          [
            139.246044,
            35.293978
          ],
          [
            139.246022,
            35.29387
          ],
          [
            139.245729,
            35.293726
          ],
          [
            139.244861,
            35.29331
          ],
          [
            139.244355,
            35.293058
          ],
          [
            139.243653,
            35.292743
          ],
          [
            139.242484,
            35.292327
          ],
          [
            139.242132,
            35.292209
          ],
          [
            139.241628,
            35.292062
          ],
          [
            139.24163,
            35.292017
          ],
          [
            139.241613,
            35.291978
          ],
          [
            139.24124,
            35.291802
          ],
          [
            139.240568,
            35.291407
          ],
          [
            139.240254,
            35.291243
          ],
          [
            139.240068,
            35.291181
          ],
          [
            139.23966,
            35.291076
          ]
        ]
      },
      "properties": {
        "schemaVersion": 2,
        "id": "edit-section-oiso-matsuya-traced-2026-09-21",
        "featureRole": "variant",
        "order": 99,
        "title": "Oiso-juku to Matsuya Honjin, retraced",
        "kind": "walking",
        "lengthKm": 7.479,
        "startAnchorId": "a-013",
        "endAnchorId": "a-014",
        "active": true,
        "rationale": "Road-snapped in gpx.studio at walking density.",
        "navigational": false,
        "demonstration": false,
        "source": "imported: Section — Oiso-juku to Matsuya Honjin.gpx",
        "confidence": "medium",
        "verification": "manually-traced",
        "lastChecked": null,
        "classification": "public"
      }
    },
    {
      "type": "Feature",
      "id": "edit-section-kusanagi-fuchu-traced-2026-09-21",
      "geometry": {
        "type": "LineString",
        "coordinates": [
          [
            138.443807,
            35.001023
          ],
          [
            138.443973,
            35.000868
          ],
          [
            138.442959,
            35.000042
          ],
          [
            138.442953,
            35.000033
          ],
          [
            138.442945,
            35.000037
          ],
          [
            138.442535,
            34.999356
          ],
          [
            138.442211,
            34.998937
          ],
          [
            138.44181,
            34.998447
          ],
          [
            138.441526,
            34.998121
          ],
          [
            138.441344,
            34.997924
          ],
          [
            138.44117,
            34.997767
          ],
          [
            138.44113,
            34.997731
          ],
          [
            138.440908,
            34.99758
          ],
          [
            138.440425,
            34.997322
          ],
          [
            138.439703,
            34.99691
          ],
          [
            138.43923,
            34.996557
          ],
          [
            138.438596,
            34.996054
          ],
          [
            138.438152,
            34.995721
          ],
          [
            138.438045,
            34.995625
          ],
          [
            138.437693,
            34.995275
          ],
          [
            138.437505,
            34.995115
          ],
          [
            138.437174,
            34.994914
          ],
          [
            138.436777,
            34.994697
          ],
          [
            138.436299,
            34.994435
          ],
          [
            138.436134,
            34.994363
          ],
          [
            138.435687,
            34.994211
          ],
          [
            138.435209,
            34.994049
          ],
          [
            138.434429,
            34.993832
          ],
          [
            138.433767,
            34.993593
          ],
          [
            138.4334,
            34.993408
          ],
          [
            138.43261,
            34.992861
          ],
          [
            138.432578,
            34.992849
          ],
          [
            138.432196,
            34.992703
          ],
          [
            138.431804,
            34.992638
          ],
          [
            138.431522,
            34.992565
          ],
          [
            138.430729,
            34.992228
          ],
          [
            138.43072,
            34.992224
          ],
          [
            138.430387,
            34.992612
          ],
          [
            138.430096,
            34.992937
          ],
          [
            138.429886,
            34.993149
          ],
          [
            138.429872,
            34.993146
          ],
          [
            138.429875,
            34.993138
          ],
          [
            138.429872,
            34.993146
          ],
          [
            138.428747,
            34.992857
          ],
          [
            138.428665,
            34.992842
          ],
          [
            138.427422,
            34.992834
          ],
          [
            138.427331,
            34.992822
          ],
          [
            138.427331,
            34.99284
          ],
          [
            138.42733,
            34.992901
          ],
          [
            138.427353,
            34.992955
          ],
          [
            138.427417,
            34.993013
          ],
          [
            138.427427,
            34.99304
          ],
          [
            138.427025,
            34.993777
          ],
          [
            138.427028,
            34.993797
          ],
          [
            138.427386,
            34.994023
          ],
          [
            138.427362,
            34.994058
          ],
          [
            138.427165,
            34.993945
          ],
          [
            138.426802,
            34.993695
          ],
          [
            138.426534,
            34.993505
          ],
          [
            138.426297,
            34.993337
          ],
          [
            138.426071,
            34.993226
          ],
          [
            138.425513,
            34.992902
          ],
          [
            138.425223,
            34.992715
          ],
          [
            138.425179,
            34.992717
          ],
          [
            138.424937,
            34.992729
          ],
          [
            138.424308,
            34.992705
          ],
          [
            138.423977,
            34.992668
          ],
          [
            138.423737,
            34.992624
          ],
          [
            138.423262,
            34.992491
          ],
          [
            138.42252,
            34.992315
          ],
          [
            138.421988,
            34.992092
          ],
          [
            138.421427,
            34.991907
          ],
          [
            138.421065,
            34.991802
          ],
          [
            138.420952,
            34.991785
          ],
          [
            138.420471,
            34.991765
          ],
          [
            138.420216,
            34.991734
          ],
          [
            138.419875,
            34.991672
          ],
          [
            138.419803,
            34.991761
          ],
          [
            138.419592,
            34.991624
          ],
          [
            138.418161,
            34.990698
          ],
          [
            138.418087,
            34.99075
          ],
          [
            138.418089,
            34.990752
          ],
          [
            138.418087,
            34.99075
          ],
          [
            138.417938,
            34.990859
          ],
          [
            138.417887,
            34.990906
          ],
          [
            138.417757,
            34.990844
          ],
          [
            138.417618,
            34.990816
          ],
          [
            138.41706,
            34.990744
          ],
          [
            138.416691,
            34.990685
          ],
          [
            138.416546,
            34.99065
          ],
          [
            138.416565,
            34.990678
          ],
          [
            138.416546,
            34.99065
          ],
          [
            138.416037,
            34.990437
          ],
          [
            138.415157,
            34.989961
          ],
          [
            138.414836,
            34.989756
          ],
          [
            138.414561,
            34.989601
          ],
          [
            138.412583,
            34.988607
          ],
          [
            138.412457,
            34.988549
          ],
          [
            138.411952,
            34.988272
          ],
          [
            138.411606,
            34.988069
          ],
          [
            138.411382,
            34.987909
          ],
          [
            138.41104,
            34.987612
          ],
          [
            138.40996,
            34.986633
          ],
          [
            138.409532,
            34.986243
          ],
          [
            138.40946,
            34.986167
          ],
          [
            138.409452,
            34.986172
          ],
          [
            138.40946,
            34.986167
          ],
          [
            138.409186,
            34.985854
          ],
          [
            138.409057,
            34.985682
          ],
          [
            138.408976,
            34.985532
          ],
          [
            138.408819,
            34.985071
          ],
          [
            138.408744,
            34.984908
          ],
          [
            138.408755,
            34.984859
          ],
          [
            138.408852,
            34.984783
          ],
          [
            138.408684,
            34.984656
          ],
          [
            138.408214,
            34.984243
          ],
          [
            138.407827,
            34.983846
          ],
          [
            138.407571,
            34.983568
          ],
          [
            138.407345,
            34.983292
          ],
          [
            138.406601,
            34.982282
          ],
          [
            138.406585,
            34.982118
          ],
          [
            138.406581,
            34.982074
          ],
          [
            138.406688,
            34.981843
          ],
          [
            138.406785,
            34.981373
          ],
          [
            138.406846,
            34.981194
          ],
          [
            138.406854,
            34.981173
          ],
          [
            138.407045,
            34.980925
          ],
          [
            138.407722,
            34.980063
          ],
          [
            138.407704,
            34.980054
          ],
          [
            138.407698,
            34.979998
          ],
          [
            138.407282,
            34.979705
          ],
          [
            138.407129,
            34.979598
          ],
          [
            138.407,
            34.979493
          ],
          [
            138.406261,
            34.978988
          ],
          [
            138.404977,
            34.978179
          ],
          [
            138.404548,
            34.977932
          ],
          [
            138.404445,
            34.977887
          ],
          [
            138.402874,
            34.977487
          ],
          [
            138.402834,
            34.977477
          ],
          [
            138.402763,
            34.977506
          ],
          [
            138.402675,
            34.977521
          ],
          [
            138.402123,
            34.977589
          ],
          [
            138.40188,
            34.977595
          ],
          [
            138.401583,
            34.977572
          ],
          [
            138.400827,
            34.977587
          ],
          [
            138.400656,
            34.977591
          ],
          [
            138.400179,
            34.977618
          ],
          [
            138.399562,
            34.977702
          ],
          [
            138.398575,
            34.977743
          ],
          [
            138.397829,
            34.977758
          ],
          [
            138.397006,
            34.977737
          ],
          [
            138.396915,
            34.977708
          ],
          [
            138.396915,
            34.977709
          ],
          [
            138.395337,
            34.977235
          ],
          [
            138.395117,
            34.977159
          ],
          [
            138.392447,
            34.97623
          ],
          [
            138.390633,
            34.975626
          ],
          [
            138.389657,
            34.975319
          ]
        ]
      },
      "properties": {
        "schemaVersion": 2,
        "id": "edit-section-kusanagi-fuchu-traced-2026-09-21",
        "featureRole": "variant",
        "order": 99,
        "title": "Outside Kusanagi Station to Fuchu-juku, retraced",
        "kind": "walking",
        "lengthKm": 6.677,
        "startAnchorId": "a-036",
        "endAnchorId": "a-037",
        "active": true,
        "rationale": "Road-snapped in gpx.studio at walking density.",
        "navigational": false,
        "demonstration": false,
        "source": "imported: Section — Outside Kusanagi Station to Fuchu-juku.gpx",
        "confidence": "medium",
        "verification": "manually-traced",
        "lastChecked": null,
        "classification": "public"
      }
    },
    {
      "type": "Feature",
      "id": "edit-section-seta-otsu-traced-2026-09-26",
      "geometry": {
        "type": "LineString",
        "coordinates": [
          [
            135.904815,
            34.973408
          ],
          [
            135.904817,
            34.973417
          ],
          [
            135.904282,
            34.973548
          ],
          [
            135.903706,
            34.973697
          ],
          [
            135.903199,
            34.97384
          ],
          [
            135.903012,
            34.973895
          ],
          [
            135.901994,
            34.974233
          ],
          [
            135.901996,
            34.974228
          ],
          [
            135.901994,
            34.974233
          ],
          [
            135.90197,
            34.974309
          ],
          [
            135.901963,
            34.97436
          ],
          [
            135.90194,
            34.975309
          ],
          [
            135.90196,
            34.976024
          ],
          [
            135.901962,
            34.976557
          ],
          [
            135.902052,
            34.977173
          ],
          [
            135.902045,
            34.977891
          ],
          [
            135.902051,
            34.978346
          ],
          [
            135.902098,
            34.979113
          ],
          [
            135.902083,
            34.979246
          ],
          [
            135.90201,
            34.980074
          ],
          [
            135.901991,
            34.980375
          ],
          [
            135.901932,
            34.980655
          ],
          [
            135.901936,
            34.980656
          ],
          [
            135.901932,
            34.980655
          ],
          [
            135.901827,
            34.980967
          ],
          [
            135.901573,
            34.981621
          ],
          [
            135.901512,
            34.981706
          ],
          [
            135.901324,
            34.982223
          ],
          [
            135.901181,
            34.982568
          ],
          [
            135.901168,
            34.982637
          ],
          [
            135.901165,
            34.983135
          ],
          [
            135.901118,
            34.983303
          ],
          [
            135.90079,
            34.9841
          ],
          [
            135.900748,
            34.984155
          ],
          [
            135.9007,
            34.984199
          ],
          [
            135.900593,
            34.984254
          ],
          [
            135.900294,
            34.984366
          ],
          [
            135.899573,
            34.984524
          ],
          [
            135.899412,
            34.98459
          ],
          [
            135.899334,
            34.984636
          ],
          [
            135.899206,
            34.984737
          ],
          [
            135.898944,
            34.984961
          ],
          [
            135.898878,
            34.984994
          ],
          [
            135.898362,
            34.985171
          ],
          [
            135.898278,
            34.985213
          ],
          [
            135.898221,
            34.98525
          ],
          [
            135.898124,
            34.985346
          ],
          [
            135.898025,
            34.985504
          ],
          [
            135.897963,
            34.985607
          ],
          [
            135.897869,
            34.985803
          ],
          [
            135.897812,
            34.986008
          ],
          [
            135.897749,
            34.986565
          ],
          [
            135.897703,
            34.986677
          ],
          [
            135.897558,
            34.986973
          ],
          [
            135.897464,
            34.987127
          ],
          [
            135.897379,
            34.987246
          ],
          [
            135.897357,
            34.987253
          ],
          [
            135.897233,
            34.98728
          ],
          [
            135.896558,
            34.987337
          ],
          [
            135.896503,
            34.987348
          ],
          [
            135.896305,
            34.987555
          ],
          [
            135.896227,
            34.987546
          ],
          [
            135.895269,
            34.987434
          ],
          [
            135.8943,
            34.987302
          ],
          [
            135.894245,
            34.987308
          ],
          [
            135.894209,
            34.987325
          ],
          [
            135.894182,
            34.987355
          ],
          [
            135.894167,
            34.987388
          ],
          [
            135.894111,
            34.988175
          ],
          [
            135.894091,
            34.988574
          ],
          [
            135.894047,
            34.988894
          ],
          [
            135.893964,
            34.989647
          ],
          [
            135.893956,
            34.989788
          ],
          [
            135.893912,
            34.990456
          ],
          [
            135.893913,
            34.991138
          ],
          [
            135.893913,
            34.991164
          ],
          [
            135.893883,
            34.991221
          ],
          [
            135.893835,
            34.991251
          ],
          [
            135.891983,
            34.991294
          ],
          [
            135.891974,
            34.991294
          ],
          [
            135.891982,
            34.991585
          ],
          [
            135.891959,
            34.993175
          ],
          [
            135.891937,
            34.993813
          ],
          [
            135.891934,
            34.994023
          ],
          [
            135.891923,
            34.994958
          ],
          [
            135.891918,
            34.994957
          ],
          [
            135.891923,
            34.994958
          ],
          [
            135.891925,
            34.996483
          ],
          [
            135.891927,
            34.997692
          ],
          [
            135.891935,
            34.998255
          ],
          [
            135.891952,
            34.998511
          ],
          [
            135.891956,
            34.998515
          ],
          [
            135.891952,
            34.998511
          ],
          [
            135.890016,
            34.999644
          ],
          [
            135.889957,
            34.999696
          ],
          [
            135.889959,
            34.999702
          ],
          [
            135.88996,
            34.999702
          ],
          [
            135.890299,
            35.000457
          ],
          [
            135.890275,
            35.000475
          ],
          [
            135.890033,
            35.00066
          ],
          [
            135.889901,
            35.000738
          ],
          [
            135.88985,
            35.000747
          ],
          [
            135.88973,
            35.000769
          ],
          [
            135.889564,
            35.000779
          ],
          [
            135.889441,
            35.000779
          ],
          [
            135.88933,
            35.000768
          ],
          [
            135.88925,
            35.000744
          ],
          [
            135.889233,
            35.000732
          ],
          [
            135.888975,
            35.000541
          ],
          [
            135.888952,
            35.000494
          ],
          [
            135.888894,
            35.000378
          ],
          [
            135.888849,
            35.000373
          ],
          [
            135.887952,
            35.000646
          ],
          [
            135.886991,
            35.0009
          ],
          [
            135.88668,
            35.001013
          ],
          [
            135.886185,
            35.00123
          ],
          [
            135.885796,
            35.001381
          ],
          [
            135.885329,
            35.001523
          ],
          [
            135.884891,
            35.001636
          ],
          [
            135.884838,
            35.001658
          ],
          [
            135.884803,
            35.001673
          ],
          [
            135.884776,
            35.001925
          ],
          [
            135.884745,
            35.001935
          ],
          [
            135.884639,
            35.001971
          ],
          [
            135.883721,
            35.002234
          ],
          [
            135.88243,
            35.002648
          ],
          [
            135.882145,
            35.002726
          ],
          [
            135.881988,
            35.002756
          ],
          [
            135.881245,
            35.002922
          ],
          [
            135.880906,
            35.003023
          ],
          [
            135.880493,
            35.003134
          ],
          [
            135.879782,
            35.003306
          ],
          [
            135.879015,
            35.003445
          ],
          [
            135.878579,
            35.003557
          ],
          [
            135.877636,
            35.003873
          ],
          [
            135.877103,
            35.004043
          ],
          [
            135.876627,
            35.004186
          ],
          [
            135.876401,
            35.004242
          ],
          [
            135.87626,
            35.00426
          ],
          [
            135.876159,
            35.004263
          ],
          [
            135.875793,
            35.004213
          ],
          [
            135.875582,
            35.004163
          ],
          [
            135.875271,
            35.004108
          ],
          [
            135.875209,
            35.004105
          ],
          [
            135.875146,
            35.004103
          ],
          [
            135.87468,
            35.004126
          ],
          [
            135.874537,
            35.004122
          ],
          [
            135.874014,
            35.004104
          ],
          [
            135.873753,
            35.004106
          ],
          [
            135.873613,
            35.004127
          ],
          [
            135.873546,
            35.004137
          ],
          [
            135.87344,
            35.004172
          ],
          [
            135.872971,
            35.004332
          ],
          [
            135.871795,
            35.004746
          ],
          [
            135.87105,
            35.004993
          ],
          [
            135.870479,
            35.005181
          ],
          [
            135.86908,
            35.005643
          ],
          [
            135.867348,
            35.006217
          ],
          [
            135.865746,
            35.006733
          ],
          [
            135.862691,
            35.007738
          ],
          [
            135.862046,
            35.007941
          ],
          [
            135.862041,
            35.007929
          ],
          [
            135.861563,
            35.006431
          ],
          [
            135.861408,
            35.005917
          ]
        ]
      },
      "properties": {
        "schemaVersion": 2,
        "id": "edit-section-seta-otsu-traced-2026-09-26",
        "featureRole": "variant",
        "order": 99,
        "title": "Seta-no-Karahashi to Otsu-juku, retraced",
        "kind": "walking",
        "lengthKm": 6.958,
        "startAnchorId": "a-096",
        "endAnchorId": "a-097",
        "active": true,
        "rationale": "Road-snapped in gpx.studio at walking density.",
        "navigational": false,
        "demonstration": false,
        "source": "imported: Section — Seta-no-Karahashi to Otsu-juku.gpx",
        "confidence": "medium",
        "verification": "manually-traced",
        "lastChecked": null,
        "classification": "public"
      }
    },
    {
      "type": "Feature",
      "id": "edit-section-okitsu-ejiri-traced-2026-09-26",
      "geometry": {
        "type": "LineString",
        "coordinates": [
          [
            138.518921,
            35.049466
          ],
          [
            138.517009,
            35.048424
          ],
          [
            138.516508,
            35.048115
          ],
          [
            138.516276,
            35.047952
          ],
          [
            138.515559,
            35.04738
          ],
          [
            138.515167,
            35.047146
          ],
          [
            138.515116,
            35.047118
          ],
          [
            138.5149,
            35.047035
          ],
          [
            138.514678,
            35.046961
          ],
          [
            138.514432,
            35.046903
          ],
          [
            138.514278,
            35.046874
          ],
          [
            138.514089,
            35.046854
          ],
          [
            138.513854,
            35.046844
          ],
          [
            138.513573,
            35.046851
          ],
          [
            138.513026,
            35.046889
          ],
          [
            138.512692,
            35.046911
          ],
          [
            138.51238,
            35.046916
          ],
          [
            138.512113,
            35.046909
          ],
          [
            138.511556,
            35.046864
          ],
          [
            138.511019,
            35.046771
          ],
          [
            138.509896,
            35.046529
          ],
          [
            138.509491,
            35.046451
          ],
          [
            138.509304,
            35.046425
          ],
          [
            138.50845,
            35.046353
          ],
          [
            138.508031,
            35.046278
          ],
          [
            138.507428,
            35.046141
          ],
          [
            138.507276,
            35.04612
          ],
          [
            138.507014,
            35.046104
          ],
          [
            138.506312,
            35.046109
          ],
          [
            138.506279,
            35.046103
          ],
          [
            138.506094,
            35.04607
          ],
          [
            138.506056,
            35.045674
          ],
          [
            138.506156,
            35.045161
          ],
          [
            138.506164,
            35.045164
          ],
          [
            138.505474,
            35.044908
          ],
          [
            138.505187,
            35.044816
          ],
          [
            138.504986,
            35.04476
          ],
          [
            138.504832,
            35.044735
          ],
          [
            138.504752,
            35.04473
          ],
          [
            138.504438,
            35.044712
          ],
          [
            138.504256,
            35.044736
          ],
          [
            138.503516,
            35.044876
          ],
          [
            138.503222,
            35.044909
          ],
          [
            138.502938,
            35.044915
          ],
          [
            138.502938,
            35.044917
          ],
          [
            138.502938,
            35.044915
          ],
          [
            138.502916,
            35.044916
          ],
          [
            138.502821,
            35.044887
          ],
          [
            138.50223,
            35.044662
          ],
          [
            138.500942,
            35.044137
          ],
          [
            138.50004,
            35.043757
          ],
          [
            138.499107,
            35.04328
          ],
          [
            138.498853,
            35.043129
          ],
          [
            138.49871,
            35.043013
          ],
          [
            138.498534,
            35.042871
          ],
          [
            138.498296,
            35.042637
          ],
          [
            138.498115,
            35.042414
          ],
          [
            138.49802,
            35.042274
          ],
          [
            138.497932,
            35.042087
          ],
          [
            138.497659,
            35.041433
          ],
          [
            138.497302,
            35.040729
          ],
          [
            138.497136,
            35.040369
          ],
          [
            138.496866,
            35.039827
          ],
          [
            138.49668,
            35.039559
          ],
          [
            138.495752,
            35.038505
          ],
          [
            138.495328,
            35.03806
          ],
          [
            138.494697,
            35.037424
          ],
          [
            138.494151,
            35.036786
          ],
          [
            138.493538,
            35.036104
          ],
          [
            138.493341,
            35.035913
          ],
          [
            138.493064,
            35.035669
          ],
          [
            138.492904,
            35.03552
          ],
          [
            138.491444,
            35.034168
          ],
          [
            138.491072,
            35.033813
          ],
          [
            138.490711,
            35.033412
          ],
          [
            138.490074,
            35.032618
          ],
          [
            138.489401,
            35.031828
          ],
          [
            138.489285,
            35.031552
          ],
          [
            138.489253,
            35.031547
          ],
          [
            138.48923,
            35.031527
          ],
          [
            138.489146,
            35.031331
          ],
          [
            138.48907,
            35.031252
          ],
          [
            138.489034,
            35.031225
          ],
          [
            138.488992,
            35.031208
          ],
          [
            138.488907,
            35.031189
          ],
          [
            138.488869,
            35.031168
          ],
          [
            138.488821,
            35.031109
          ],
          [
            138.488575,
            35.030715
          ],
          [
            138.488278,
            35.030112
          ],
          [
            138.487474,
            35.028386
          ],
          [
            138.486587,
            35.026737
          ],
          [
            138.486514,
            35.026581
          ],
          [
            138.486309,
            35.026069
          ],
          [
            138.486192,
            35.02576
          ],
          [
            138.486144,
            35.025524
          ],
          [
            138.486063,
            35.025047
          ],
          [
            138.485998,
            35.02454
          ],
          [
            138.485851,
            35.023633
          ],
          [
            138.485753,
            35.022215
          ],
          [
            138.485738,
            35.021014
          ],
          [
            138.485703,
            35.020269
          ],
          [
            138.485595,
            35.018593
          ],
          [
            138.485595,
            35.018589
          ],
          [
            138.483742,
            35.019088
          ],
          [
            138.482525,
            35.019407
          ],
          [
            138.481535,
            35.019686
          ]
        ]
      },
      "properties": {
        "schemaVersion": 2,
        "id": "edit-section-okitsu-ejiri-traced-2026-09-26",
        "featureRole": "variant",
        "order": 99,
        "title": "Okitsu-juku to Ejiri-juku, retraced",
        "kind": "walking",
        "lengthKm": 5.571,
        "startAnchorId": "a-034",
        "endAnchorId": "a-035",
        "active": true,
        "rationale": "Road-snapped in gpx.studio at walking density.",
        "navigational": false,
        "demonstration": false,
        "source": "imported: Section — Okitsu-juku to Ejiri-juku.gpx",
        "confidence": "medium",
        "verification": "manually-traced",
        "lastChecked": null,
        "classification": "public"
      }
    }
  ]
}
